cell,group,env_id,condition,family,option_seed,budget,max_steps,reward_delay,gamma,discount,tag,n_options,primitive_step,point,low,high,method,n_seeds,limit
0830-211803__NetHackChallenge-v0__exp3/NetHackChallenge-v0__option__grammar__n64__os0__max_episode_steps5000__discountprimitive__ent_coef0.01__exp3,0830-211803__NetHackChallenge-v0__exp3,NetHackChallenge-v0,option,grammar,0,10000000,5000,0,0.999,primitive,exp3,64,4954.0,26.35431293881645,4.514715090795241,32.683095546908774,median-range,5,10002198
0830-211803__NetHackChallenge-v0__exp3/NetHackChallenge-v0__option__grammar__n64__os0__max_episode_steps5000__discountprimitive__ent_coef0.01__exp3,0830-211803__NetHackChallenge-v0__exp3,NetHackChallenge-v0,option,grammar,0,10000000,5000,0,0.999,primitive,exp3,64,5147.125329312005,26.628730407748588,4.817040277570452,36.52389327641688,median-range,5,10002198
0830-211803__NetHackChallenge-v0__exp3/NetHackChallenge-v0__option__grammar__n64__os0__max_episode_steps5000__discountprimitive__ent_coef0.01__exp3,0830-211803__NetHackChallenge-v0__exp3,NetHackChallenge-v0,option,grammar,0,10000000,5000,0,0.999,primitive,exp3,64,5347.779401623988,26.913845689368756,5.131151223581696,40.51441957401791,median-range,5,10002198
0830-211803__NetHackChallenge-v0__exp3/NetHackChallenge-v0__option__grammar__n64__os0__max_episode_steps5000__discountprimitive__ent_coef0.01__exp3,0830-211803__NetHackChallenge-v0__exp3,NetHackChallenge-v0,option,grammar,0,10000000,5000,0,0.999,primitive,exp3,64,5556.2557153152675,27.210075824169138,5.457507381520456,42.318806443629725,median-range,5,10002198
0830-211803__NetHackChallenge-v0__exp3/NetHackChallenge-v0__option__grammar__n64__os0__max_episode_steps5000__discountprimitive__ent_coef0.01__exp3,0830-211803__NetHackChallenge-v0__exp3,NetHackChallenge-v0,option,grammar,0,10000000,5000,0,0.999,primitive,exp3,64,5772.859210422653,27.517854110430047,5.7965861152514915,41.567250885109246,median-range,5,10002198
0830-211803__NetHackChallenge-v0__exp3/NetHackChallenge-v0__option__grammar__n64__os0__max_episode_steps5000__discountprimitive__ent_coef0.01__exp3,0830-211803__NetHackChallenge-v0__exp3,NetHackChallenge-v0,option,grammar,0,10000000,5000,0,0.999,primitive,exp3,64,5997.906714678756,27.83763073800893,6.148883398056912,40.786396898099554,median-range,5,10002198
0830-211803__NetHackChallenge-v0__exp3/NetHackChallenge-v0__option__grammar__n64__os0__max_episode_steps5000__discountprimitive__ent_coef0.01__exp3,0830-211803__NetHackChallenge-v0__exp3,NetHackChallenge-v0,option,grammar,0,10000000,5000,0,0.999,primitive,exp3,64,6231.727406938553,28.0,6.514914538100427,39.97510232098372,median-range,5,10002198
0830-211803__NetHackChallenge-v0__exp3/NetHackChallenge-v0__option__grammar__n64__os0__max_episode_steps5000__discountprimitive__ent_coef0.01__exp3,0830-211803__NetHackChallenge-v0__exp3,NetHackChallenge-v0,option,grammar,0,10000000,5000,0,0.999,primitive,exp3,64,6474.663298672035,28.0,6.895214932172879,39.13218046644065,median-range,5,10002198
0830-211803__NetHackChallenge-v0__exp3/NetHackChallenge-v0__option__grammar__n64__os0__max_episode_steps5000__discountprimitive__ent_coef0.01__exp3,0830-211803__NetHackChallenge-v0__exp3,NetHackChallenge-v0,option,grammar,0,10000000,5000,0,0.999,primitive,exp3,64,6727.069734227224,28.0,7.290340848821578,38.25639838566768,median-range,5,10002198
0830-211803__NetHackChallenge-v0__exp3/NetHackChallenge-v0__option__grammar__n64__os0__max_episode_steps5000__discountprimitive__ent_coef0.01__exp3,0830-211803__NetHackChallenge-v0__exp3,NetHackChallenge-v0,option,grammar,0,10000000,5000,0,0.999,primitive,exp3,64,6989.3159105953055,28.0,7.700870242008931,37.34647506493612,median-range,5,10002198
0830-211803__NetHackChallenge-v0__exp3/NetHackChallenge-v0__option__grammar__n64__os0__max_episode_steps5000__discountprimitive__ent_coef0.01__exp3,0830-211803__NetHackChallenge-v0__exp3,NetHackChallenge-v0,option,grammar,0,10000000,5000,0,0.999,primitive,exp3,64,7261.785417438134,28.0,8.127403596490504,36.401079551841846,median-range,5,10002198
0830-211803__NetHackChallenge-v0__exp3/NetHackChallenge-v0__option__grammar__n64__os0__max_episode_steps5000__discountprimitive__ent_coef0.01__exp3,0830-211803__NetHackChallenge-v0__exp3,NetHackChallenge-v0,option,grammar,0,10000000,5000,0,0.999,primitive,exp3,64,7544.876798168024,28.0,8.570564806149067,35.41882900851009,median-range,5,10002198
0830-211803__NetHackChallenge-v0__exp3/NetHackChallenge-v0__option__grammar__n64__os0__max_episode_steps5000__discountprimitive__ent_coef0.01__exp3,0830-211803__NetHackChallenge-v0__exp3,NetHackChallenge-v0,option,grammar,0,10000000,5000,0,0.999,primitive,exp3,64,7839.0041329005,28.0,9.031002086569348,34.39828668890709,median-range,5,10002198
0830-211803__NetHackChallenge-v0__exp3/NetHackChallenge-v0__option__grammar__n64__os0__max_episode_steps5000__discountprimitive__ent_coef0.01__exp3,0830-211803__NetHackChallenge-v0__exp3,NetHackChallenge-v0,option,grammar,0,10000000,5000,0,0.999,primitive,exp3,64,8144.597644132756,28.0,9.509388923188409,33.33795983729961,median-range,5,10002198
0830-211803__NetHackChallenge-v0__exp3/NetHackChallenge-v0__option__grammar__n64__os0__max_episode_steps5000__discountprimitive__ent_coef0.01__exp3,0830-211803__NetHackChallenge-v0__exp3,NetHackChallenge-v0,option,grammar,0,10000000,5000,0,0.999,primitive,exp3,64,8462.104326033632,28.0,10.077684404422055,33.75898043459873,median-range,5,10002198
0830-211803__NetHackChallenge-v0__exp3/NetHackChallenge-v0__option__grammar__n64__os0__max_episode_steps5000__discountprimitive__ent_coef0.01__exp3,0830-211803__NetHackChallenge-v0__exp3,NetHackChallenge-v0,option,grammar,0,10000000,5000,0,0.999,primitive,exp3,64,8791.988598265729,28.0,16.01440932846966,34.74414984186066,median-range,5,10002198
0830-211803__NetHackChallenge-v0__exp3/NetHackChallenge-v0__option__grammar__n64__os0__max_episode_steps5000__discountprimitive__ent_coef0.01__exp3,0830-211803__NetHackChallenge-v0__exp3,NetHackChallenge-v0,option,grammar,0,10000000,5000,0,0.999,primitive,exp3,64,9134.732985295905,28.0,16.30511703587439,35.563349611952034,median-range,5,10002198
0830-211803__NetHackChallenge-v0__exp3/NetHackChallenge-v0__option__grammar__n64__os0__max_episode_steps5000__discountprimitive__ent_coef0.01__exp3,0830-211803__NetHackChallenge-v0__exp3,NetHackChallenge-v0,option,grammar,0,10000000,5000,0,0.999,primitive,exp3,64,9490.838822187816,28.0,16.607157609998147,36.41448483326892,median-range,5,10002198
0830-211803__NetHackChallenge-v0__exp3/NetHackChallenge-v0__option__grammar__n64__os0__max_episode_steps5000__discountprimitive__ent_coef0.01__exp3,0830-211803__NetHackChallenge-v0__exp3,NetHackChallenge-v0,option,grammar,0,10000000,5000,0,0.999,primitive,exp3,64,9860.826987908891,28.176820916968467,16.920972848099144,37.298800468373834,median-range,5,10002198
0830-211803__NetHackChallenge-v0__exp3/NetHackChallenge-v0__option__grammar__n64__os0__max_episode_steps5000__discountprimitive__ent_coef0.01__exp3,0830-211803__NetHackChallenge-v0__exp3,NetHackChallenge-v0,option,grammar,0,10000000,5000,0,0.999,primitive,exp3,64,10245.238667224321,29.801896712003046,17.328053567586846,38.217590013096306,median-range,5,10002198
0830-211803__NetHackChallenge-v0__exp3/NetHackChallenge-v0__option__grammar__n64__os0__max_episode_steps5000__discountprimitive__ent_coef0.01__exp3,0830-211803__NetHackChallenge-v0__exp3,NetHackChallenge-v0,option,grammar,0,10000000,5000,0,0.999,primitive,exp3,64,10644.636142292511,31.490324000391084,17.51426288638976,39.172197388540006,median-range,5,10002198
0830-211803__NetHackChallenge-v0__exp3/NetHackChallenge-v0__option__grammar__n64__os0__max_episode_steps5000__discountprimitive__ent_coef0.01__exp3,0830-211803__NetHackChallenge-v0__exp3,NetHackChallenge-v0,option,grammar,0,10000000,5000,0,0.999,primitive,exp3,64,11059.603615119871,33.244572458760814,17.39288951277595,40.1640189068473,median-range,5,10002198
0830-211803__NetHackChallenge-v0__exp3/NetHackChallenge-v0__option__grammar__n64__os0__max_episode_steps5000__discountprimitive__ent_coef0.01__exp3,0830-211803__NetHackChallenge-v0__exp3,NetHackChallenge-v0,option,grammar,0,10000000,5000,0,0.999,primitive,exp3,64,11490.748062077944,34.244052377589675,17.266784554029147,41.19450531359663,median-range,5,10002198
0830-211803__NetHackChallenge-v0__exp3/NetHackChallenge-v0__option__grammar__n64__os0__max_episode_steps5000__discountprimitive__ent_coef0.01__exp3,0830-211803__NetHackChallenge-v0__exp3,NetHackChallenge-v0,option,grammar,0,10000000,5000,0,0.999,primitive,exp3,64,11938.700121732792,32.246006854760175,17.135763555378055,42.26516390982012,median-range,5,10002198
0830-211803__NetHackChallenge-v0__exp3/NetHackChallenge-v0__option__grammar__n64__os0__max_episode_steps5000__discountprimitive__ent_coef0.01__exp3,0830-211803__NetHackChallenge-v0__exp3,NetHackChallenge-v0,option,grammar,0,10000000,5000,0,0.999,primitive,exp3,64,12404.115017285265,30.670990576764453,16.99963487131895,43.37756075674534,median-range,5,10002198
0830-211803__NetHackChallenge-v0__exp3/NetHackChallenge-v0__option__grammar__n64__os0__max_episode_steps5000__discountprimitive__ent_coef0.01__exp3,0830-211803__NetHackChallenge-v0__exp3,NetHackChallenge-v0,option,grammar,0,10000000,5000,0,0.999,primitive,exp3,64,12887.673514971424,29.514577686786513,16.858199385294217,44.391518997561384,median-range,5,10002198
0830-211803__NetHackChallenge-v0__exp3/NetHackChallenge-v0__option__grammar__n64__os0__max_episode_steps5000__discountprimitive__ent_coef0.01__exp3,0830-211803__NetHackChallenge-v0__exp3,NetHackChallenge-v0,option,grammar,0,10000000,5000,0,0.999,primitive,exp3,64,13390.082919824976,28.313083525069043,16.711250218442892,44.74088910524488,median-range,5,10002198
0830-211803__NetHackChallenge-v0__exp3/NetHackChallenge-v0__option__grammar__n64__os0__max_episode_steps5000__discountprimitive__ent_coef0.01__exp3,0830-211803__NetHackChallenge-v0__exp3,NetHackChallenge-v0,option,grammar,0,10000000,5000,0,0.999,primitive,exp3,64,13912.07811025822,27.241151276006224,16.558572426997245,45.103878958002696,median-range,5,10002198
0830-211803__NetHackChallenge-v0__exp3/NetHackChallenge-v0__option__grammar__n64__os0__max_episode_steps5000__discountprimitive__ent_coef0.01__exp3,0830-211803__NetHackChallenge-v0__exp3,NetHackChallenge-v0,option,grammar,0,10000000,5000,0,0.999,primitive,exp3,64,14454.422612974811,26.188784950568625,16.399942687882728,45.28501684014632,median-range,5,10002198
0830-211803__NetHackChallenge-v0__exp3/NetHackChallenge-v0__option__grammar__n64__os0__max_episode_steps5000__discountprimitive__ent_coef0.01__exp3,0830-211803__NetHackChallenge-v0__exp3,NetHackChallenge-v0,option,grammar,0,10000000,5000,0,0.999,primitive,exp3,64,15017.909719786618,25.095393475119522,16.235128972061474,44.21251144009818,median-range,5,10002198
0830-211803__NetHackChallenge-v0__exp3/NetHackChallenge-v0__option__grammar__n64__os0__max_episode_steps5000__discountprimitive__ent_coef0.01__exp3,0830-211803__NetHackChallenge-v0__exp3,NetHackChallenge-v0,option,grammar,0,10000000,5000,0,0.999,primitive,exp3,64,15603.363647968246,23.95937753685995,16.063890205141494,43.09819579407242,median-range,5,10002198
0830-211803__NetHackChallenge-v0__exp3/NetHackChallenge-v0__option__grammar__n64__os0__max_episode_steps5000__discountprimitive__ent_coef0.01__exp3,0830-211803__NetHackChallenge-v0__exp3,NetHackChallenge-v0,option,grammar,0,10000000,5000,0,0.999,primitive,exp3,64,16211.640745846502,22.968130553255612,15.885975914755138,42.026085788841065,median-range,5,10002198
0830-211803__NetHackChallenge-v0__exp3/NetHackChallenge-v0__option__grammar__n64__os0__max_episode_steps5000__discountprimitive__ent_coef0.01__exp3,0830-211803__NetHackChallenge-v0__exp3,NetHackChallenge-v0,option,grammar,0,10000000,5000,0,0.999,primitive,exp3,64,16843.6307453882,22.160106809549333,15.701125864191113,41.155999135762926,median-range,5,10002198
0830-211803__NetHackChallenge-v0__exp3/NetHackChallenge-v0__option__grammar__n64__os0__max_episode_steps5000__discountprimitive__ent_coef0.01__exp3,0830-211803__NetHackChallenge-v0__exp3,NetHackChallenge-v0,option,grammar,0,10000000,5000,0,0.999,primitive,exp3,64,17500.25806361851,21.3205832976567,15.50906967174406,40.25199327166224,median-range,5,10002198
0830-211803__NetHackChallenge-v0__exp3/NetHackChallenge-v0__option__grammar__n64__os0__max_episode_steps5000__discountprimitive__ent_coef0.01__exp3,0830-211803__NetHackChallenge-v0__exp3,NetHackChallenge-v0,option,grammar,0,10000000,5000,0,0.999,primitive,exp3,64,18182.48315477342,20.44204764468954,15.309526415224996,39.312745899647865,median-range,5,10002198
0830-211803__NetHackChallenge-v0__exp3/NetHackChallenge-v0__option__grammar__n64__os0__max_episode_steps5000__discountprimitive__ent_coef0.01__exp3,0830-211803__NetHackChallenge-v0__exp3,NetHackChallenge-v0,option,grammar,0,10000000,5000,0,0.999,primitive,exp3,64,18891.303915164146,19.525469075218776,12.877436845021728,38.33688317478211,median-range,5,10002198
0830-211803__NetHackChallenge-v0__exp3/NetHackChallenge-v0__option__grammar__n64__os0__max_episode_steps5000__discountprimitive__ent_coef0.01__exp3,0830-211803__NetHackChallenge-v0__exp3,NetHackChallenge-v0,option,grammar,0,10000000,5000,0,0.999,primitive,exp3,64,19627.757142808332,18.57315886705819,14.13519658601997,37.32952716777425,median-range,5,10002198
0830-211803__NetHackChallenge-v0__exp3/NetHackChallenge-v0__option__grammar__n64__os0__max_episode_steps5000__discountprimitive__ent_coef0.01__exp3,0830-211803__NetHackChallenge-v0__exp3,NetHackChallenge-v0,option,grammar,0,10000000,5000,0,0.999,primitive,exp3,64,20392.920053963153,23.90141726619147,13.51067576398698,36.28628671532998,median-range,5,10002198
0830-211803__NetHackChallenge-v0__exp3/NetHackChallenge-v0__option__grammar__n64__os0__max_episode_steps5000__discountprimitive__ent_coef0.01__exp3,0830-211803__NetHackChallenge-v0__exp3,NetHackChallenge-v0,option,grammar,0,10000000,5000,0,0.999,primitive,exp3,64,21187.91185877847,24.10715437079435,13.90960888798034,35.20237687331568,median-range,5,10002198
0830-211803__NetHackChallenge-v0__exp3/NetHackChallenge-v0__option__grammar__n64__os0__max_episode_steps5000__discountprimitive__ent_coef0.01__exp3,0830-211803__NetHackChallenge-v0__exp3,NetHackChallenge-v0,option,grammar,0,10000000,5000,0,0.999,primitive,exp3,64,22013.895398374832,23.898710528560095,13.948822974930662,34.910719162875104,median-range,5,10002198
0830-211803__NetHackChallenge-v0__exp3/NetHackChallenge-v0__option__grammar__n64__os0__max_episode_steps5000__discountprimitive__ent_coef0.01__exp3,0830-211803__NetHackChallenge-v0__exp3,NetHackChallenge-v0,option,grammar,0,10000000,5000,0,0.999,primitive,exp3,64,22872.078845740845,22.64108778583081,13.694734368859107,34.607968080607094,median-range,5,10002198
0830-211803__NetHackChallenge-v0__exp3/NetHackChallenge-v0__option__grammar__n64__os0__max_episode_steps5000__discountprimitive__ent_coef0.01__exp3,0830-211803__NetHackChallenge-v0__exp3,NetHackChallenge-v0,option,grammar,0,10000000,5000,0,0.999,primitive,exp3,64,23763.71747293784,18.82212747615757,13.430740444716903,34.22628866188501,median-range,5,10002198
0830-211803__NetHackChallenge-v0__exp3/NetHackChallenge-v0__option__grammar__n64__os0__max_episode_steps5000__discountprimitive__ent_coef0.01__exp3,0830-211803__NetHackChallenge-v0__exp3,NetHackChallenge-v0,option,grammar,0,10000000,5000,0,0.999,primitive,exp3,64,24690.115487196745,18.478593199320983,13.156455056396997,32.640664496044515,median-range,5,10002198
0830-211803__NetHackChallenge-v0__exp3/NetHackChallenge-v0__option__grammar__n64__os0__max_episode_steps5000__discountprimitive__ent_coef0.01__exp3,0830-211803__NetHackChallenge-v0__exp3,NetHackChallenge-v0,option,grammar,0,10000000,5000,0,0.999,primitive,exp3,64,25652.627938592865,17.927984045738867,14.416040486497213,31.983391852427143,median-range,5,10002198
0830-211803__NetHackChallenge-v0__exp3/NetHackChallenge-v0__option__grammar__n64__os0__max_episode_steps5000__discountprimitive__ent_coef0.01__exp3,0830-211803__NetHackChallenge-v0__exp3,NetHackChallenge-v0,option,grammar,0,10000000,5000,0,0.999,primitive,exp3,64,26652.66270208886,18.268774462623565,16.803549306592103,31.75071592451208,median-range,5,10002198
0830-211803__NetHackChallenge-v0__exp3/NetHackChallenge-v0__option__grammar__n64__os0__max_episode_steps5000__discountprimitive__ent_coef0.01__exp3,0830-211803__NetHackChallenge-v0__exp3,NetHackChallenge-v0,option,grammar,0,10000000,5000,0,0.999,primitive,exp3,64,27691.682536845172,25.41158880234018,17.456698924669862,38.287805497071155,median-range,5,10002198
0830-211803__NetHackChallenge-v0__exp3/NetHackChallenge-v0__option__grammar__n64__os0__max_episode_steps5000__discountprimitive__ent_coef0.01__exp3,0830-211803__NetHackChallenge-v0__exp3,NetHackChallenge-v0,option,grammar,0,10000000,5000,0,0.999,primitive,exp3,64,28771.20722581001,25.506114267928364,17.656590944256344,37.235882985726946,median-range,5,10002198
0830-211803__NetHackChallenge-v0__exp3/NetHackChallenge-v0__option__grammar__n64__os0__max_episode_steps5000__discountprimitive__ent_coef0.01__exp3,0830-211803__NetHackChallenge-v0__exp3,NetHackChallenge-v0,option,grammar,0,10000000,5000,0,0.999,primitive,exp3,64,29892.81579871848,25.180652005735414,17.28719193632227,35.34424144916047,median-range,5,10002198
0830-211803__NetHackChallenge-v0__exp3/NetHackChallenge-v0__option__grammar__n64__os0__max_episode_steps5000__discountprimitive__ent_coef0.01__exp3,0830-211803__NetHackChallenge-v0__exp3,NetHackChallenge-v0,option,grammar,0,10000000,5000,0,0.999,primitive,exp3,64,31058.148841752532,25.25940059726619,16.913483839150064,33.60269814901254,median-range,5,10002198
0830-211803__NetHackChallenge-v0__exp3/NetHackChallenge-v0__option__grammar__n64__os0__max_episode_steps5000__discountprimitive__ent_coef0.01__exp3,0830-211803__NetHackChallenge-v0__exp3,NetHackChallenge-v0,option,grammar,0,10000000,5000,0,0.999,primitive,exp3,64,32268.910897239977,25.771615884485612,19.678535503654352,37.44944609146801,median-range,5,10002198
0830-211803__NetHackChallenge-v0__exp3/NetHackChallenge-v0__option__grammar__n64__os0__max_episode_steps5000__discountprimitive__ent_coef0.01__exp3,0830-211803__NetHackChallenge-v0__exp3,NetHackChallenge-v0,option,grammar,0,10000000,5000,0,0.999,primitive,exp3,64,33526.872956902735,30.16002254883469,20.888145391036055,37.29580482430022,median-range,5,10002198
0830-211803__NetHackChallenge-v0__exp3/NetHackChallenge-v0__option__grammar__n64__os0__max_episode_steps5000__discountprimitive__ent_coef0.01__exp3,0830-211803__NetHackChallenge-v0__exp3,NetHackChallenge-v0,option,grammar,0,10000000,5000,0,0.999,primitive,exp3,64,34833.87505230114,29.870311085488805,21.790161107411805,36.76444747228163,median-range,5,10002198
0830-211803__NetHackChallenge-v0__exp3/NetHackChallenge-v0__option__grammar__n64__os0__max_episode_steps5000__discountprimitive__ent_coef0.01__exp3,0830-211803__NetHackChallenge-v0__exp3,NetHackChallenge-v0,option,grammar,0,10000000,5000,0,0.999,primitive,exp3,64,36191.82894626339,29.569305592719395,21.588535322066125,36.4134749920647,median-range,5,10002198
0830-211803__NetHackChallenge-v0__exp3/NetHackChallenge-v0__option__grammar__n64__os0__max_episode_steps5000__discountprimitive__ent_coef0.01__exp3,0830-211803__NetHackChallenge-v0__exp3,NetHackChallenge-v0,option,grammar,0,10000000,5000,0,0.999,primitive,exp3,64,37602.72092923694,28.975885101388485,21.541090961561768,36.33692920305789,median-range,5,10002198
0830-211803__NetHackChallenge-v0__exp3/NetHackChallenge-v0__option__grammar__n64__os0__max_episode_steps5000__discountprimitive__ent_coef0.01__exp3,0830-211803__NetHackChallenge-v0__exp3,NetHackChallenge-v0,option,grammar,0,10000000,5000,0,0.999,primitive,exp3,64,39068.61472465204,28.418771424090572,21.327444872491075,36.25739937474761,median-range,5,10002198
0830-211803__NetHackChallenge-v0__exp3/NetHackChallenge-v0__option__grammar__n64__os0__max_episode_steps5000__discountprimitive__ent_coef0.01__exp3,0830-211803__NetHackChallenge-v0__exp3,NetHackChallenge-v0,option,grammar,0,10000000,5000,0,0.999,primitive,exp3,64,40591.654507547064,27.727762347895187,21.105470064948854,36.174769178192975,median-range,5,10002198
0830-211803__NetHackChallenge-v0__exp3/NetHackChallenge-v0__option__grammar__n64__os0__max_episode_steps5000__discountprimitive__ent_coef0.01__exp3,0830-211803__NetHackChallenge-v0__exp3,NetHackChallenge-v0,option,grammar,0,10000000,5000,0,0.999,primitive,exp3,64,42174.068040871505,27.413270262876466,21.1443329913575,36.08891774951869,median-range,5,10002198
0830-211803__NetHackChallenge-v0__exp3/NetHackChallenge-v0__option__grammar__n64__os0__max_episode_steps5000__discountprimitive__ent_coef0.01__exp3,0830-211803__NetHackChallenge-v0__exp3,NetHackChallenge-v0,option,grammar,0,10000000,5000,0,0.999,primitive,exp3,64,43818.169934052836,27.08651810771539,21.28817311278265,36.000431655176826,median-range,5,10002198
0830-211803__NetHackChallenge-v0__exp3/NetHackChallenge-v0__option__grammar__n64__os0__max_episode_steps5000__discountprimitive__ent_coef0.01__exp3,0830-211803__NetHackChallenge-v0__exp3,NetHackChallenge-v0,option,grammar,0,10000000,5000,0,0.999,primitive,exp3,64,45526.365028595326,26.53282874495655,21.98505427080423,35.816767925138144,median-range,5,10002198
0830-211803__NetHackChallenge-v0__exp3/NetHackChallenge-v0__option__grammar__n64__os0__max_episode_steps5000__discountprimitive__ent_coef0.01__exp3,0830-211803__NetHackChallenge-v0__exp3,NetHackChallenge-v0,option,grammar,0,10000000,5000,0,0.999,primitive,exp3,64,47301.15191566156,26.447038921370435,21.68827978557002,35.53655838709084,median-range,5,10002198
0830-211803__NetHackChallenge-v0__exp3/NetHackChallenge-v0__option__grammar__n64__os0__max_episode_steps5000__discountprimitive__ent_coef0.01__exp3,0830-211803__NetHackChallenge-v0__exp3,NetHackChallenge-v0,option,grammar,0,10000000,5000,0,0.999,primitive,exp3,64,49145.12659078256,25.920082335452424,21.985873917048544,33.89784107179598,median-range,5,10002198
0830-211803__NetHackChallenge-v0__exp3/NetHackChallenge-v0__option__grammar__n64__os0__max_episode_steps5000__discountprimitive__ent_coef0.01__exp3,0830-211803__NetHackChallenge-v0__exp3,NetHackChallenge-v0,option,grammar,0,10000000,5000,0,0.999,primitive,exp3,64,51060.986251041984,28.35230974320116,25.58027330114706,32.80268113778775,median-range,5,10002198
0830-211803__NetHackChallenge-v0__exp3/NetHackChallenge-v0__option__grammar__n64__os0__max_episode_steps5000__discountprimitive__ent_coef0.01__exp3,0830-211803__NetHackChallenge-v0__exp3,NetHackChallenge-v0,option,grammar,0,10000000,5000,0,0.999,primitive,exp3,64,53051.53324028873,26.29192376476641,25.328360236551646,31.776444944491328,median-range,5,10002198
0830-211803__NetHackChallenge-v0__exp3/NetHackChallenge-v0__option__grammar__n64__os0__max_episode_steps5000__discountprimitive__ent_coef0.01__exp3,0830-211803__NetHackChallenge-v0__exp3,NetHackChallenge-v0,option,grammar,0,10000000,5000,0,0.999,primitive,exp3,64,55119.67914814858,25.511257059168333,25.093299355333457,31.730400107993287,median-range,5,10002198
0830-211803__NetHackChallenge-v0__exp3/NetHackChallenge-v0__option__grammar__n64__os0__max_episode_steps5000__discountprimitive__ent_coef0.01__exp3,0830-211803__NetHackChallenge-v0__exp3,NetHackChallenge-v0,option,grammar,0,10000000,5000,0,0.999,primitive,exp3,64,57268.44906883053,26.878499894294187,25.301684960826112,30.923938241477444,median-range,5,10002198
0830-211803__NetHackChallenge-v0__exp3/NetHackChallenge-v0__option__grammar__n64__os0__max_episode_steps5000__discountprimitive__ent_coef0.01__exp3,0830-211803__NetHackChallenge-v0__exp3,NetHackChallenge-v0,option,grammar,0,10000000,5000,0,0.999,primitive,exp3,64,59500.98602595727,26.95938759421105,25.46889990388455,30.683340166092993,median-range,5,10002198
0830-211803__NetHackChallenge-v0__exp3/NetHackChallenge-v0__option__grammar__n64__os0__max_episode_steps5000__discountprimitive__ent_coef0.01__exp3,0830-211803__NetHackChallenge-v0__exp3,NetHackChallenge-v0,option,grammar,0,10000000,5000,0,0.999,primitive,exp3,64,61820.5555698919,26.937290535135848,24.792249521397622,30.739093406320144,median-range,5,10002198
0830-211803__NetHackChallenge-v0__exp3/NetHackChallenge-v0__option__grammar__n64__os0__max_episode_steps5000__discountprimitive__ent_coef0.01__exp3,0830-211803__NetHackChallenge-v0__exp3,NetHackChallenge-v0,option,grammar,0,10000000,5000,0,0.999,primitive,exp3,64,64230.55055428565,27.2646039825466,24.43053751392293,30.345066683805122,median-range,5,10002198
0830-211803__NetHackChallenge-v0__exp3/NetHackChallenge-v0__option__grammar__n64__os0__max_episode_steps5000__discountprimitive__ent_coef0.01__exp3,0830-211803__NetHackChallenge-v0__exp3,NetHackChallenge-v0,option,grammar,0,10000000,5000,0,0.999,primitive,exp3,64,66734.49609883307,26.454421042410157,24.000094581962134,30.64645610676296,median-range,5,10002198
0830-211803__NetHackChallenge-v0__exp3/NetHackChallenge-v0__option__grammar__n64__os0__max_episode_steps5000__discountprimitive__ent_coef0.01__exp3,0830-211803__NetHackChallenge-v0__exp3,NetHackChallenge-v0,option,grammar,0,10000000,5000,0,0.999,primitive,exp3,64,69336.05474549397,28.097525195586307,24.81329839054963,30.065421483970464,median-range,5,10002198
0830-211803__NetHackChallenge-v0__exp3/NetHackChallenge-v0__option__grammar__n64__os0__max_episode_steps5000__discountprimitive__ent_coef0.01__exp3,0830-211803__NetHackChallenge-v0__exp3,NetHackChallenge-v0,option,grammar,0,10000000,5000,0,0.999,primitive,exp3,64,72039.03181572387,29.788055045124953,25.495720273437744,31.794377766484907,median-range,5,10002198
0830-211803__NetHackChallenge-v0__exp3/NetHackChallenge-v0__option__grammar__n64__os0__max_episode_steps5000__discountprimitive__ent_coef0.01__exp3,0830-211803__NetHackChallenge-v0__exp3,NetHackChallenge-v0,option,grammar,0,10000000,5000,0,0.999,primitive,exp3,64,74847.38097654944,30.042923194427622,24.959535530900638,31.504330286366244,median-range,5,10002198
0830-211803__NetHackChallenge-v0__exp3/NetHackChallenge-v0__option__grammar__n64__os0__max_episode_steps5000__discountprimitive__ent_coef0.01__exp3,0830-211803__NetHackChallenge-v0__exp3,NetHackChallenge-v0,option,grammar,0,10000000,5000,0,0.999,primitive,exp3,64,77765.21002363006,30.111091283916537,24.58454385887002,31.531210978627843,median-range,5,10002198
0830-211803__NetHackChallenge-v0__exp3/NetHackChallenge-v0__option__grammar__n64__os0__max_episode_steps5000__discountprimitive__ent_coef0.01__exp3,0830-211803__NetHackChallenge-v0__exp3,NetHackChallenge-v0,option,grammar,0,10000000,5000,0,0.999,primitive,exp3,64,80796.7868897647,30.00539912076351,24.922318536199622,31.153093531392777,median-range,5,10002198
0830-211803__NetHackChallenge-v0__exp3/NetHackChallenge-v0__option__grammar__n64__os0__max_episode_steps5000__discountprimitive__ent_coef0.01__exp3,0830-211803__NetHackChallenge-v0__exp3,NetHackChallenge-v0,option,grammar,0,10000000,5000,0,0.999,primitive,exp3,64,83946.54588763266,29.54145551899349,24.72681923887818,30.730829192163146,median-range,5,10002198
0830-211803__NetHackChallenge-v0__exp3/NetHackChallenge-v0__option__grammar__n64__os0__max_episode_steps5000__discountprimitive__ent_coef0.01__exp3,0830-211803__NetHackChallenge-v0__exp3,NetHackChallenge-v0,option,grammar,0,10000000,5000,0,0.999,primitive,exp3,64,87219.09419589964,29.375458021184595,25.369945504852605,30.320789655661947,median-range,5,10002198
0830-211803__NetHackChallenge-v0__exp3/NetHackChallenge-v0__option__grammar__n64__os0__max_episode_steps5000__discountprimitive__ent_coef0.01__exp3,0830-211803__NetHackChallenge-v0__exp3,NetHackChallenge-v0,option,grammar,0,10000000,5000,0,0.999,primitive,exp3,64,90619.21859817622,28.946698722366264,25.058295798472045,30.824490779630718,median-range,5,10002198
0830-211803__NetHackChallenge-v0__exp3/NetHackChallenge-v0__option__grammar__n64__os0__max_episode_steps5000__discountprimitive__ent_coef0.01__exp3,0830-211803__NetHackChallenge-v0__exp3,NetHackChallenge-v0,option,grammar,0,10000000,5000,0,0.999,primitive,exp3,64,94151.89248468602,29.0315215124718,25.740963370027707,30.478221660413173,median-range,5,10002198
0830-211803__NetHackChallenge-v0__exp3/NetHackChallenge-v0__option__grammar__n64__os0__max_episode_steps5000__discountprimitive__ent_coef0.01__exp3,0830-211803__NetHackChallenge-v0__exp3,NetHackChallenge-v0,option,grammar,0,10000000,5000,0,0.999,primitive,exp3,64,97822.283126885,29.06807360306975,26.036660060572125,29.918596112162962,median-range,5,10002198
0830-211803__NetHackChallenge-v0__exp3/NetHackChallenge-v0__option__grammar__n64__os0__max_episode_steps5000__discountprimitive__ent_coef0.01__exp3,0830-211803__NetHackChallenge-v0__exp3,NetHackChallenge-v0,option,grammar,0,10000000,5000,0,0.999,primitive,exp3,64,101635.75923567226,28.33028509198,26.09283135882123,30.13379159975358,median-range,5,10002198
0830-211803__NetHackChallenge-v0__exp3/NetHackChallenge-v0__option__grammar__n64__os0__max_episode_steps5000__discountprimitive__ent_coef0.01__exp3,0830-211803__NetHackChallenge-v0__exp3,NetHackChallenge-v0,option,grammar,0,10000000,5000,0,0.999,primitive,exp3,64,105597.89881424818,27.41147273781206,25.806136898782004,31.150571517715218,median-range,5,10002198
0830-211803__NetHackChallenge-v0__exp3/NetHackChallenge-v0__option__grammar__n64__os0__max_episode_steps5000__discountprimitive__ent_coef0.01__exp3,0830-211803__NetHackChallenge-v0__exp3,NetHackChallenge-v0,option,grammar,0,10000000,5000,0,0.999,primitive,exp3,64,109714.49731710603,26.73836252717787,26.050620243717088,30.884174529123314,median-range,5,10002198
0830-211803__NetHackChallenge-v0__exp3/NetHackChallenge-v0__option__grammar__n64__os0__max_episode_steps5000__discountprimitive__ent_coef0.01__exp3,0830-211803__NetHackChallenge-v0__exp3,NetHackChallenge-v0,option,grammar,0,10000000,5000,0,0.999,primitive,exp3,64,113991.5761270914,27.48098831528279,25.957660863298297,31.094182949890005,median-range,5,10002198
0830-211803__NetHackChallenge-v0__exp3/NetHackChallenge-v0__option__grammar__n64__os0__max_episode_steps5000__discountprimitive__ent_coef0.01__exp3,0830-211803__NetHackChallenge-v0__exp3,NetHackChallenge-v0,option,grammar,0,10000000,5000,0,0.999,primitive,exp3,64,118435.39136292896,27.347989052914393,25.05143653126843,30.644747408432792,median-range,5,10002198
0830-211803__NetHackChallenge-v0__exp3/NetHackChallenge-v0__option__grammar__n64__os0__max_episode_steps5000__discountprimitive__ent_coef0.01__exp3,0830-211803__NetHackChallenge-v0__exp3,NetHackChallenge-v0,option,grammar,0,10000000,5000,0,0.999,primitive,exp3,64,123052.44303009936,26.461933193336755,25.620767983397865,30.268257644316503,median-range,5,10002198
0830-211803__NetHackChallenge-v0__exp3/NetHackChallenge-v0__option__grammar__n64__os0__max_episode_steps5000__discountprimitive__ent_coef0.01__exp3,0830-211803__NetHackChallenge-v0__exp3,NetHackChallenge-v0,option,grammar,0,10000000,5000,0,0.999,primitive,exp3,64,127849.4845284512,26.87879462982324,25.84872940913635,29.59135904777196,median-range,5,10002198
0830-211803__NetHackChallenge-v0__exp3/NetHackChallenge-v0__option__grammar__n64__os0__max_episode_steps5000__discountprimitive__ent_coef0.01__exp3,0830-211803__NetHackChallenge-v0__exp3,NetHackChallenge-v0,option,grammar,0,10000000,5000,0,0.999,primitive,exp3,64,132833.53253045515,26.50775376505879,25.89,28.76218935248491,median-range,5,10002198
0830-211803__NetHackChallenge-v0__exp3/NetHackChallenge-v0__option__grammar__n64__os0__max_episode_steps5000__discountprimitive__ent_coef0.01__exp3,0830-211803__NetHackChallenge-v0__exp3,NetHackChallenge-v0,option,grammar,0,10000000,5000,0,0.999,primitive,exp3,64,138011.8772445491,28.210002155884236,25.81365511765408,29.068432734786906,median-range,5,10002198
0830-211803__NetHackChallenge-v0__exp3/NetHackChallenge-v0__option__grammar__n64__os0__max_episode_steps5000__discountprimitive__ent_coef0.01__exp3,0830-211803__NetHackChallenge-v0__exp3,NetHackChallenge-v0,option,grammar,0,10000000,5000,0,0.999,primitive,exp3,64,143392.09307858662,28.019897389666248,26.648993981027722,29.838268680279498,median-range,5,10002198
0830-211803__NetHackChallenge-v0__exp3/NetHackChallenge-v0__option__grammar__n64__os0__max_episode_steps5000__discountprimitive__ent_coef0.01__exp3,0830-211803__NetHackChallenge-v0__exp3,NetHackChallenge-v0,option,grammar,0,10000000,5000,0,0.999,primitive,exp3,64,148982.04971898632,27.987688402880764,27.56364764968887,29.794116251818384,median-range,5,10002198
0830-211803__NetHackChallenge-v0__exp3/NetHackChallenge-v0__option__grammar__n64__os0__max_episode_steps5000__discountprimitive__ent_coef0.01__exp3,0830-211803__NetHackChallenge-v0__exp3,NetHackChallenge-v0,option,grammar,0,10000000,5000,0,0.999,primitive,exp3,64,154789.92364178752,27.651264862724755,26.494123653669625,30.115827326546455,median-range,5,10002198
0830-211803__NetHackChallenge-v0__exp3/NetHackChallenge-v0__option__grammar__n64__os0__max_episode_steps5000__discountprimitive__ent_coef0.01__exp3,0830-211803__NetHackChallenge-v0__exp3,NetHackChallenge-v0,option,grammar,0,10000000,5000,0,0.999,primitive,exp3,64,160824.21007244976,27.38792750308201,26.925602840949963,28.924550396625797,median-range,5,10002198
0830-211803__NetHackChallenge-v0__exp3/NetHackChallenge-v0__option__grammar__n64__os0__max_episode_steps5000__discountprimitive__ent_coef0.01__exp3,0830-211803__NetHackChallenge-v0__exp3,NetHackChallenge-v0,option,grammar,0,10000000,5000,0,0.999,primitive,exp3,64,167093.73541188968,27.132914019223907,26.58367779143222,29.232578882358624,median-range,5,10002198
0830-211803__NetHackChallenge-v0__exp3/NetHackChallenge-v0__option__grammar__n64__os0__max_episode_steps5000__discountprimitive__ent_coef0.01__exp3,0830-211803__NetHackChallenge-v0__exp3,NetHackChallenge-v0,option,grammar,0,10000000,5000,0,0.999,primitive,exp3,64,173607.670146931,27.996004775438937,27.424932340014227,29.257341986396813,median-range,5,10002198
0830-211803__NetHackChallenge-v0__exp3/NetHackChallenge-v0__option__grammar__n64__os0__max_episode_steps5000__discountprimitive__ent_coef0.01__exp3,0830-211803__NetHackChallenge-v0__exp3,NetHackChallenge-v0,option,grammar,0,10000000,5000,0,0.999,primitive,exp3,64,180375.5422640518,28.285252239551582,27.352040380182448,29.598078559568584,median-range,5,10002198
0830-211803__NetHackChallenge-v0__exp3/NetHackChallenge-v0__option__grammar__n64__os0__max_episode_steps5000__discountprimitive__ent_coef0.01__exp3,0830-211803__NetHackChallenge-v0__exp3,NetHackChallenge-v0,option,grammar,0,10000000,5000,0,0.999,primitive,exp3,64,187407.25118604957,28.309028298149546,26.403001699506667,29.458838526722438,median-range,5,10002198
0830-211803__NetHackChallenge-v0__exp3/NetHackChallenge-v0__option__grammar__n64__os0__max_episode_steps5000__discountprimitive__ent_coef0.01__exp3,0830-211803__NetHackChallenge-v0__exp3,NetHackChallenge-v0,option,grammar,0,10000000,5000,0,0.999,primitive,exp3,64,194713.08225200878,27.171274848168643,24.524751636801934,30.770655965145902,median-range,5,10002198
0830-211803__NetHackChallenge-v0__exp3/NetHackChallenge-v0__option__grammar__n64__os0__max_episode_steps5000__discountprimitive__ent_coef0.01__exp3,0830-211803__NetHackChallenge-v0__exp3,NetHackChallenge-v0,option,grammar,0,10000000,5000,0,0.999,primitive,exp3,64,202303.7217617535,28.85491495842771,24.180820451540907,31.609938333361264,median-range,5,10002198
0830-211803__NetHackChallenge-v0__exp3/NetHackChallenge-v0__option__grammar__n64__os0__max_episode_steps5000__discountprimitive__ent_coef0.01__exp3,0830-211803__NetHackChallenge-v0__exp3,NetHackChallenge-v0,option,grammar,0,10000000,5000,0,0.999,primitive,exp3,64,210190.27260678445,29.186523322081303,26.500832576299434,31.908862557914297,median-range,5,10002198
0830-211803__NetHackChallenge-v0__exp3/NetHackChallenge-v0__option__grammar__n64__os0__max_episode_steps5000__discountprimitive__ent_coef0.01__exp3,0830-211803__NetHackChallenge-v0__exp3,NetHackChallenge-v0,option,grammar,0,10000000,5000,0,0.999,primitive,exp3,64,218384.2705105725,28.679849768500823,26.116098727892442,32.42130282363621,median-range,5,10002198
0830-211803__NetHackChallenge-v0__exp3/NetHackChallenge-v0__option__grammar__n64__os0__max_episode_steps5000__discountprimitive__ent_coef0.01__exp3,0830-211803__NetHackChallenge-v0__exp3,NetHackChallenge-v0,option,grammar,0,10000000,5000,0,0.999,primitive,exp3,64,226897.7009019566,28.939435174763734,25.985135381035338,32.94233016489828,median-range,5,10002198
0830-211803__NetHackChallenge-v0__exp3/NetHackChallenge-v0__option__grammar__n64__os0__max_episode_steps5000__discountprimitive__ent_coef0.01__exp3,0830-211803__NetHackChallenge-v0__exp3,NetHackChallenge-v0,option,grammar,0,10000000,5000,0,0.999,primitive,exp3,64,235743.0164463304,29.505488742044978,26.08046802337644,31.8747720420393,median-range,5,10002198
0830-211803__NetHackChallenge-v0__exp3/NetHackChallenge-v0__option__grammar__n64__os0__max_episode_steps5000__discountprimitive__ent_coef0.01__exp3,0830-211803__NetHackChallenge-v0__exp3,NetHackChallenge-v0,option,grammar,0,10000000,5000,0,0.999,primitive,exp3,64,244933.15526025926,31.531572221999483,26.177225504348133,32.865266057224574,median-range,5,10002198
0830-211803__NetHackChallenge-v0__exp3/NetHackChallenge-v0__option__grammar__n64__os0__max_episode_steps5000__discountprimitive__ent_coef0.01__exp3,0830-211803__NetHackChallenge-v0__exp3,NetHackChallenge-v0,option,grammar,0,10000000,5000,0,0.999,primitive,exp3,64,254481.55983617099,31.215961477824138,25.393565922332343,34.02695685638251,median-range,5,10002198
0830-211803__NetHackChallenge-v0__exp3/NetHackChallenge-v0__option__grammar__n64__os0__max_episode_steps5000__discountprimitive__ent_coef0.01__exp3,0830-211803__NetHackChallenge-v0__exp3,NetHackChallenge-v0,option,grammar,0,10000000,5000,0,0.999,primitive,exp3,64,264402.1967048012,31.497826229902834,26.1,34.92435150516213,median-range,5,10002198
0830-211803__NetHackChallenge-v0__exp3/NetHackChallenge-v0__option__grammar__n64__os0__max_episode_steps5000__discountprimitive__ent_coef0.01__exp3,0830-211803__NetHackChallenge-v0__exp3,NetHackChallenge-v0,option,grammar,0,10000000,5000,0,0.999,primitive,exp3,64,274709.5768641538,31.54608819884307,27.89003610359639,33.930311117280965,median-range,5,10002198
0830-211803__NetHackChallenge-v0__exp3/NetHackChallenge-v0__option__grammar__n64__os0__max_episode_steps5000__discountprimitive__ent_coef0.01__exp3,0830-211803__NetHackChallenge-v0__exp3,NetHackChallenge-v0,option,grammar,0,10000000,5000,0,0.999,primitive,exp3,64,285418.7770048587,30.262696141173166,27.407399659023106,31.98997498139821,median-range,5,10002198
0830-211803__NetHackChallenge-v0__exp3/NetHackChallenge-v0__option__grammar__n64__os0__max_episode_steps5000__discountprimitive__ent_coef0.01__exp3,0830-211803__NetHackChallenge-v0__exp3,NetHackChallenge-v0,option,grammar,0,10000000,5000,0,0.999,primitive,exp3,64,296545.4615629721,29.53002510197471,28.570767418666602,32.85904225628542,median-range,5,10002198
0830-211803__NetHackChallenge-v0__exp3/NetHackChallenge-v0__option__grammar__n64__os0__max_episode_steps5000__discountprimitive__ent_coef0.01__exp3,0830-211803__NetHackChallenge-v0__exp3,NetHackChallenge-v0,option,grammar,0,10000000,5000,0,0.999,primitive,exp3,64,308105.9056324776,30.821349061406128,29.67947340976127,33.22113788679722,median-range,5,10002198
0830-211803__NetHackChallenge-v0__exp3/NetHackChallenge-v0__option__grammar__n64__os0__max_episode_steps5000__discountprimitive__ent_coef0.01__exp3,0830-211803__NetHackChallenge-v0__exp3,NetHackChallenge-v0,option,grammar,0,10000000,5000,0,0.999,primitive,exp3,64,320117.0187710013,31.553808851323282,29.28,35.40239511208402,median-range,5,10002198
0830-211803__NetHackChallenge-v0__exp3/NetHackChallenge-v0__option__grammar__n64__os0__max_episode_steps5000__discountprimitive__ent_coef0.01__exp3,0830-211803__NetHackChallenge-v0__exp3,NetHackChallenge-v0,option,grammar,0,10000000,5000,0,0.999,primitive,exp3,64,332596.36973356246,30.061713025011652,29.29963073296961,36.99054671360327,median-range,5,10002198
0830-211803__NetHackChallenge-v0__exp3/NetHackChallenge-v0__option__grammar__n64__os0__max_episode_steps5000__discountprimitive__ent_coef0.01__exp3,0830-211803__NetHackChallenge-v0__exp3,NetHackChallenge-v0,option,grammar,0,10000000,5000,0,0.999,primitive,exp3,64,345562.2121705371,29.736704285556222,27.90105900262995,38.79908335199997,median-range,5,10002198
0830-211803__NetHackChallenge-v0__exp3/NetHackChallenge-v0__option__grammar__n64__os0__max_episode_steps5000__discountprimitive__ent_coef0.01__exp3,0830-211803__NetHackChallenge-v0__exp3,NetHackChallenge-v0,option,grammar,0,10000000,5000,0,0.999,primitive,exp3,64,359033.51132742467,32.633108057832764,29.907108297526598,38.489336633334865,median-range,5,10002198
0830-211803__NetHackChallenge-v0__exp3/NetHackChallenge-v0__option__grammar__n64__os0__max_episode_steps5000__discountprimitive__ent_coef0.01__exp3,0830-211803__NetHackChallenge-v0__exp3,NetHackChallenge-v0,option,grammar,0,10000000,5000,0,0.999,primitive,exp3,64,373029.97178546974,33.68271931146479,29.097920906574597,39.73309491149235,median-range,5,10002198
0830-211803__NetHackChallenge-v0__exp3/NetHackChallenge-v0__option__grammar__n64__os0__max_episode_steps5000__discountprimitive__ent_coef0.01__exp3,0830-211803__NetHackChallenge-v0__exp3,NetHackChallenge-v0,option,grammar,0,10000000,5000,0,0.999,primitive,exp3,64,387572.06628371717,36.30852168762734,26.91306692977031,39.20296440556196,median-range,5,10002198
0830-211803__NetHackChallenge-v0__exp3/NetHackChallenge-v0__option__grammar__n64__os0__max_episode_steps5000__discountprimitive__ent_coef0.01__exp3,0830-211803__NetHackChallenge-v0__exp3,NetHackChallenge-v0,option,grammar,0,10000000,5000,0,0.999,primitive,exp3,64,402681.06566465745,34.176435299779754,26.558764546662083,40.198562834624305,median-range,5,10002198
0830-211803__NetHackChallenge-v0__exp3/NetHackChallenge-v0__option__grammar__n64__os0__max_episode_steps5000__discountprimitive__ent_coef0.01__exp3,0830-211803__NetHackChallenge-v0__exp3,NetHackChallenge-v0,option,grammar,0,10000000,5000,0,0.999,primitive,exp3,64,418379.06998726487,32.06484838707844,28.973505869009372,39.894214164591936,median-range,5,10002198
0830-211803__NetHackChallenge-v0__exp3/NetHackChallenge-v0__option__grammar__n64__os0__max_episode_steps5000__discountprimitive__ent_coef0.01__exp3,0830-211803__NetHackChallenge-v0__exp3,NetHackChallenge-v0,option,grammar,0,10000000,5000,0,0.999,primitive,exp3,64,434689.04085293744,32.7056767928216,31.242466002602512,39.15,median-range,5,10002198
0830-211803__NetHackChallenge-v0__exp3/NetHackChallenge-v0__option__grammar__n64__os0__max_episode_steps5000__discountprimitive__ent_coef0.01__exp3,0830-211803__NetHackChallenge-v0__exp3,NetHackChallenge-v0,option,grammar,0,10000000,5000,0,0.999,primitive,exp3,64,451634.8349916222,33.37691504879347,31.138427655975864,37.39901080669768,median-range,5,10002198
0830-211803__NetHackChallenge-v0__exp3/NetHackChallenge-v0__option__grammar__n64__os0__max_episode_steps5000__discountprimitive__ent_coef0.01__exp3,0830-211803__NetHackChallenge-v0__exp3,NetHackChallenge-v0,option,grammar,0,10000000,5000,0,0.999,primitive,exp3,64,469241.23915725225,34.537305226777136,31.563043002243536,37.04943976513943,median-range,5,10002198
0830-211803__NetHackChallenge-v0__exp3/NetHackChallenge-v0__option__grammar__n64__os0__max_episode_steps5000__discountprimitive__ent_coef0.01__exp3,0830-211803__NetHackChallenge-v0__exp3,NetHackChallenge-v0,option,grammar,0,10000000,5000,0,0.999,primitive,exp3,64,487534.0063835379,34.90956508218346,31.430653689657664,35.291903123089725,median-range,5,10002198
0830-211803__NetHackChallenge-v0__exp3/NetHackChallenge-v0__option__grammar__n64__os0__max_episode_steps5000__discountprimitive__ent_coef0.01__exp3,0830-211803__NetHackChallenge-v0__exp3,NetHackChallenge-v0,option,grammar,0,10000000,5000,0,0.999,primitive,exp3,64,506539.8936531429,37.218026632077056,32.17826150366063,41.70089297774892,median-range,5,10002198
0830-211803__NetHackChallenge-v0__exp3/NetHackChallenge-v0__option__grammar__n64__os0__max_episode_steps5000__discountprimitive__ent_coef0.01__exp3,0830-211803__NetHackChallenge-v0__exp3,NetHackChallenge-v0,option,grammar,0,10000000,5000,0,0.999,primitive,exp3,64,526286.7010353457,37.488082678731324,34.296702275684346,40.29567664215941,median-range,5,10002198
0830-211803__NetHackChallenge-v0__exp3/NetHackChallenge-v0__option__grammar__n64__os0__max_episode_steps5000__discountprimitive__ent_coef0.01__exp3,0830-211803__NetHackChallenge-v0__exp3,NetHackChallenge-v0,option,grammar,0,10000000,5000,0,0.999,primitive,exp3,64,546803.3123494316,37.3461233434413,34.69542804094015,40.572720542580825,median-range,5,10002198
0830-211803__NetHackChallenge-v0__exp3/NetHackChallenge-v0__option__grammar__n64__os0__max_episode_steps5000__discountprimitive__ent_coef0.01__exp3,0830-211803__NetHackChallenge-v0__exp3,NetHackChallenge-v0,option,grammar,0,10000000,5000,0,0.999,primitive,exp3,64,568119.7374132952,37.85384694776919,34.48268145074556,40.03993850873528,median-range,5,10002198
0830-211803__NetHackChallenge-v0__exp3/NetHackChallenge-v0__option__grammar__n64__os0__max_episode_steps5000__discountprimitive__ent_coef0.01__exp3,0830-211803__NetHackChallenge-v0__exp3,NetHackChallenge-v0,option,grammar,0,10000000,5000,0,0.999,primitive,exp3,64,590267.155939051,38.056134808764945,34.39104806459443,38.800131260193254,median-range,5,10002198
0830-211803__NetHackChallenge-v0__exp3/NetHackChallenge-v0__option__grammar__n64__os0__max_episode_steps5000__discountprimitive__ent_coef0.01__exp3,0830-211803__NetHackChallenge-v0__exp3,NetHackChallenge-v0,option,grammar,0,10000000,5000,0,0.999,primitive,exp3,64,613277.9631398566,40.11485537263892,32.61435304600172,43.1502456631989,median-range,5,10002198
0830-211803__NetHackChallenge-v0__exp3/NetHackChallenge-v0__option__grammar__n64__os0__max_episode_steps5000__discountprimitive__ent_coef0.01__exp3,0830-211803__NetHackChallenge-v0__exp3,NetHackChallenge-v0,option,grammar,0,10000000,5000,0,0.999,primitive,exp3,64,637185.8171146612,40.51486429517134,33.46498624580965,41.20585030922897,median-range,5,10002198
0830-211803__NetHackChallenge-v0__exp3/NetHackChallenge-v0__option__grammar__n64__os0__max_episode_steps5000__discountprimitive__ent_coef0.01__exp3,0830-211803__NetHackChallenge-v0__exp3,NetHackChallenge-v0,option,grammar,0,10000000,5000,0,0.999,primitive,exp3,64,662025.688080186,41.873119991537095,37.180236297325585,43.309790971416156,median-range,5,10002198
0830-211803__NetHackChallenge-v0__exp3/NetHackChallenge-v0__option__grammar__n64__os0__max_episode_steps5000__discountprimitive__ent_coef0.01__exp3,0830-211803__NetHackChallenge-v0__exp3,NetHackChallenge-v0,option,grammar,0,10000000,5000,0,0.999,primitive,exp3,64,687833.9095221509,41.05256203983121,36.746630292650316,44.84887114373193,median-range,5,10002198
0830-211803__NetHackChallenge-v0__exp3/NetHackChallenge-v0__option__grammar__n64__os0__max_episode_steps5000__discountprimitive__ent_coef0.01__exp3,0830-211803__NetHackChallenge-v0__exp3,NetHackChallenge-v0,option,grammar,0,10000000,5000,0,0.999,primitive,exp3,64,714648.2313405665,44.48451805391936,35.658412833150635,47.46431164275285,median-range,5,10002198
0830-211803__NetHackChallenge-v0__exp3/NetHackChallenge-v0__option__grammar__n64__os0__max_episode_steps5000__discountprimitive__ent_coef0.01__exp3,0830-211803__NetHackChallenge-v0__exp3,NetHackChallenge-v0,option,grammar,0,10000000,5000,0,0.999,primitive,exp3,64,742507.8750668264,44.07,33.529854523080765,46.040851597701156,median-range,5,10002198
0830-211803__NetHackChallenge-v0__exp3/NetHackChallenge-v0__option__grammar__n64__os0__max_episode_steps5000__discountprimitive__ent_coef0.01__exp3,0830-211803__NetHackChallenge-v0__exp3,NetHackChallenge-v0,option,grammar,0,10000000,5000,0,0.999,primitive,exp3,64,771453.5912333664,41.06390778453268,33.95124052954933,44.78187883581065,median-range,5,10002198
0830-211803__NetHackChallenge-v0__exp3/NetHackChallenge-v0__option__grammar__n64__os0__max_episode_steps5000__discountprimitive__ent_coef0.01__exp3,0830-211803__NetHackChallenge-v0__exp3,NetHackChallenge-v0,option,grammar,0,10000000,5000,0,0.999,primitive,exp3,64,801527.7189798087,45.93216583649744,34.14770984476879,48.2992908556443,median-range,5,10002198
0830-211803__NetHackChallenge-v0__exp3/NetHackChallenge-v0__option__grammar__n64__os0__max_episode_steps5000__discountprimitive__ent_coef0.01__exp3,0830-211803__NetHackChallenge-v0__exp3,NetHackChallenge-v0,option,grammar,0,10000000,5000,0,0.999,primitive,exp3,64,832774.2479827715,45.93166449679048,34.06881428400511,48.1902968299439,median-range,5,10002198
0830-211803__NetHackChallenge-v0__exp3/NetHackChallenge-v0__option__grammar__n64__os0__max_episode_steps5000__discountprimitive__ent_coef0.01__exp3,0830-211803__NetHackChallenge-v0__exp3,NetHackChallenge-v0,option,grammar,0,10000000,5000,0,0.999,primitive,exp3,64,865238.8827999359,47.47364647655057,39.47108025453962,50.96152548683335,median-range,5,10002198
0830-211803__NetHackChallenge-v0__exp3/NetHackChallenge-v0__option__grammar__n64__os0__max_episode_steps5000__discountprimitive__ent_coef0.01__exp3,0830-211803__NetHackChallenge-v0__exp3,NetHackChallenge-v0,option,grammar,0,10000000,5000,0,0.999,primitive,exp3,64,898969.1097224816,45.54935213697572,44.72826355322556,49.250357383237215,median-range,5,10002198
0830-211803__NetHackChallenge-v0__exp3/NetHackChallenge-v0__option__grammar__n64__os0__max_episode_steps5000__discountprimitive__ent_coef0.01__exp3,0830-211803__NetHackChallenge-v0__exp3,NetHackChallenge-v0,option,grammar,0,10000000,5000,0,0.999,primitive,exp3,64,934014.26623368,47.585589042270755,45.676087718521806,51.89303751813338,median-range,5,10002198
0830-211803__NetHackChallenge-v0__exp3/NetHackChallenge-v0__option__grammar__n64__os0__max_episode_steps5000__discountprimitive__ent_coef0.01__exp3,0830-211803__NetHackChallenge-v0__exp3,NetHackChallenge-v0,option,grammar,0,10000000,5000,0,0.999,primitive,exp3,64,970425.6131752408,47.34573642559403,44.11644423969165,48.39504064388898,median-range,5,10002198
0830-211803__NetHackChallenge-v0__exp3/NetHackChallenge-v0__option__grammar__n64__os0__max_episode_steps5000__discountprimitive__ent_coef0.01__exp3,0830-211803__NetHackChallenge-v0__exp3,NetHackChallenge-v0,option,grammar,0,10000000,5000,0,0.999,primitive,exp3,64,1008256.4097269718,45.43024009568438,42.49461950295136,49.63700755541479,median-range,5,10002198
0830-211803__NetHackChallenge-v0__exp3/NetHackChallenge-v0__option__grammar__n64__os0__max_episode_steps5000__discountprimitive__ent_coef0.01__exp3,0830-211803__NetHackChallenge-v0__exp3,NetHackChallenge-v0,option,grammar,0,10000000,5000,0,0.999,primitive,exp3,64,1047561.9913094231,46.99000195293863,42.27247337827209,53.989180501154465,median-range,5,10002198
0830-211803__NetHackChallenge-v0__exp3/NetHackChallenge-v0__option__grammar__n64__os0__max_episode_steps5000__discountprimitive__ent_coef0.01__exp3,0830-211803__NetHackChallenge-v0__exp3,NetHackChallenge-v0,option,grammar,0,10000000,5000,0,0.999,primitive,exp3,64,1088399.8505234674,48.09201746822551,44.80547251303745,56.58514017350032,median-range,5,10002198
0830-211803__NetHackChallenge-v0__exp3/NetHackChallenge-v0__option__grammar__n64__os0__max_episode_steps5000__discountprimitive__ent_coef0.01__exp3,0830-211803__NetHackChallenge-v0__exp3,NetHackChallenge-v0,option,grammar,0,10000000,5000,0,0.999,primitive,exp3,64,1130829.721245204,45.88113513490814,45.35397490742774,59.10134468402997,median-range,5,10002198
0830-211803__NetHackChallenge-v0__exp3/NetHackChallenge-v0__option__grammar__n64__os0__max_episode_steps5000__discountprimitive__ent_coef0.01__exp3,0830-211803__NetHackChallenge-v0__exp3,NetHackChallenge-v0,option,grammar,0,10000000,5000,0,0.999,primitive,exp3,64,1174913.665999198,44.00322035609875,41.944057793882635,52.5128328963042,median-range,5,10002198
0830-211803__NetHackChallenge-v0__exp3/NetHackChallenge-v0__option__grammar__n64__os0__max_episode_steps5000__discountprimitive__ent_coef0.01__exp3,0830-211803__NetHackChallenge-v0__exp3,NetHackChallenge-v0,option,grammar,0,10000000,5000,0,0.999,primitive,exp3,64,1220716.1667378484,51.50159413657353,44.33881697387487,52.581580347465895,median-range,5,10002198
0830-211803__NetHackChallenge-v0__exp3/NetHackChallenge-v0__option__grammar__n64__os0__max_episode_steps5000__discountprimitive__ent_coef0.01__exp3,0830-211803__NetHackChallenge-v0__exp3,NetHackChallenge-v0,option,grammar,0,10000000,5000,0,0.999,primitive,exp3,64,1268304.219159677,49.667693267658265,41.1604624905629,55.61505109100157,median-range,5,10002198
0830-211803__NetHackChallenge-v0__exp3/NetHackChallenge-v0__option__grammar__n64__os0__max_episode_steps5000__discountprimitive__ent_coef0.01__exp3,0830-211803__NetHackChallenge-v0__exp3,NetHackChallenge-v0,option,grammar,0,10000000,5000,0,0.999,primitive,exp3,64,1317747.4307044935,51.09841831973521,40.877721027473804,58.27370002354347,median-range,5,10002198
0830-211803__NetHackChallenge-v0__exp3/NetHackChallenge-v0__option__grammar__n64__os0__max_episode_steps5000__discountprimitive__ent_coef0.01__exp3,0830-211803__NetHackChallenge-v0__exp3,NetHackChallenge-v0,option,grammar,0,10000000,5000,0,0.999,primitive,exp3,64,1369118.1223687765,54.576717653656864,41.85286459317219,61.92298261052595,median-range,5,10002198
0830-211803__NetHackChallenge-v0__exp3/NetHackChallenge-v0__option__grammar__n64__os0__max_episode_steps5000__discountprimitive__ent_coef0.01__exp3,0830-211803__NetHackChallenge-v0__exp3,NetHackChallenge-v0,option,grammar,0,10000000,5000,0,0.999,primitive,exp3,64,1422491.434490195,50.966540945324795,46.90174129318721,58.51884760805403,median-range,5,10002198
0830-211803__NetHackChallenge-v0__exp3/NetHackChallenge-v0__option__grammar__n64__os0__max_episode_steps5000__discountprimitive__ent_coef0.01__exp3,0830-211803__NetHackChallenge-v0__exp3,NetHackChallenge-v0,option,grammar,0,10000000,5000,0,0.999,primitive,exp3,64,1477945.4366560061,53.437168135719,46.224742265477694,60.500680599974395,median-range,5,10002198
0830-211803__NetHackChallenge-v0__exp3/NetHackChallenge-v0__option__grammar__n64__os0__max_episode_steps5000__discountprimitive__ent_coef0.01__exp3,0830-211803__NetHackChallenge-v0__exp3,NetHackChallenge-v0,option,grammar,0,10000000,5000,0,0.999,primitive,exp3,64,1535561.241896089,57.356027820327014,47.820458647528596,58.6556715982749,median-range,5,10002198
0830-211803__NetHackChallenge-v0__exp3/NetHackChallenge-v0__option__grammar__n64__os0__max_episode_steps5000__discountprimitive__ent_coef0.01__exp3,0830-211803__NetHackChallenge-v0__exp3,NetHackChallenge-v0,option,grammar,0,10000000,5000,0,0.999,primitive,exp3,64,1595423.125327647,52.978752336835605,51.00264533521993,61.05571709664864,median-range,5,10002198
0830-211803__NetHackChallenge-v0__exp3/NetHackChallenge-v0__option__grammar__n64__os0__max_episode_steps5000__discountprimitive__ent_coef0.01__exp3,0830-211803__NetHackChallenge-v0__exp3,NetHackChallenge-v0,option,grammar,0,10000000,5000,0,0.999,primitive,exp3,64,1657618.6474251226,54.996015370530145,50.13078546331641,59.990265420736975,median-range,5,10002198
0830-211803__NetHackChallenge-v0__exp3/NetHackChallenge-v0__option__grammar__n64__os0__max_episode_steps5000__discountprimitive__ent_coef0.01__exp3,0830-211803__NetHackChallenge-v0__exp3,NetHackChallenge-v0,option,grammar,0,10000000,5000,0,0.999,primitive,exp3,64,1722238.7820956316,63.00746782481588,44.26343357519892,71.36535882161421,median-range,5,10002198
0830-211803__NetHackChallenge-v0__exp3/NetHackChallenge-v0__option__grammar__n64__os0__max_episode_steps5000__discountprimitive__ent_coef0.01__exp3,0830-211803__NetHackChallenge-v0__exp3,NetHackChallenge-v0,option,grammar,0,10000000,5000,0,0.999,primitive,exp3,64,1789378.0497472524,60.41396093047407,44.34864583691082,66.59620366344002,median-range,5,10002198
0830-211803__NetHackChallenge-v0__exp3/NetHackChallenge-v0__option__grammar__n64__os0__max_episode_steps5000__discountprimitive__ent_coef0.01__exp3,0830-211803__NetHackChallenge-v0__exp3,NetHackChallenge-v0,option,grammar,0,10000000,5000,0,0.999,primitive,exp3,64,1859134.6555448133,57.10288889469554,52.539820404486356,75.72383664120223,median-range,5,10002198
0830-211803__NetHackChallenge-v0__exp3/NetHackChallenge-v0__option__grammar__n64__os0__max_episode_steps5000__discountprimitive__ent_coef0.01__exp3,0830-211803__NetHackChallenge-v0__exp3,NetHackChallenge-v0,option,grammar,0,10000000,5000,0,0.999,primitive,exp3,64,1931610.6330554022,58.04074518818688,50.88267056395799,80.29932931561781,median-range,5,10002198
0830-211803__NetHackChallenge-v0__exp3/NetHackChallenge-v0__option__grammar__n64__os0__max_episode_steps5000__discountprimitive__ent_coef0.01__exp3,0830-211803__NetHackChallenge-v0__exp3,NetHackChallenge-v0,option,grammar,0,10000000,5000,0,0.999,primitive,exp3,64,2006911.9934937146,59.81250271095225,48.08843959546316,78.12614010172203,median-range,5,10002198
0830-211803__NetHackChallenge-v0__exp3/NetHackChallenge-v0__option__grammar__n64__os0__max_episode_steps5000__discountprimitive__ent_coef0.01__exp3,0830-211803__NetHackChallenge-v0__exp3,NetHackChallenge-v0,option,grammar,0,10000000,5000,0,0.999,primitive,exp3,64,2085148.8807855377,56.50271894340222,50.58601744218671,77.21004545484581,median-range,5,10002198
0830-211803__NetHackChallenge-v0__exp3/NetHackChallenge-v0__option__grammar__n64__os0__max_episode_steps5000__discountprimitive__ent_coef0.01__exp3,0830-211803__NetHackChallenge-v0__exp3,NetHackChallenge-v0,option,grammar,0,10000000,5000,0,0.999,primitive,exp3,64,2166435.732676186,62.00140430546106,55.160230030155866,77.27537974372352,median-range,5,10002198
0830-211803__NetHackChallenge-v0__exp3/NetHackChallenge-v0__option__grammar__n64__os0__max_episode_steps5000__discountprimitive__ent_coef0.01__exp3,0830-211803__NetHackChallenge-v0__exp3,NetHackChallenge-v0,option,grammar,0,10000000,5000,0,0.999,primitive,exp3,64,2250891.4481195426,59.006651278486125,53.407726387934076,86.91106170827676,median-range,5,10002198
0830-211803__NetHackChallenge-v0__exp3/NetHackChallenge-v0__option__grammar__n64__os0__max_episode_steps5000__discountprimitive__ent_coef0.01__exp3,0830-211803__NetHackChallenge-v0__exp3,NetHackChallenge-v0,option,grammar,0,10000000,5000,0,0.999,primitive,exp3,64,2338639.561192548,64.27944223965008,56.05717297595187,81.6217376658615,median-range,5,10002198
0830-211803__NetHackChallenge-v0__exp3/NetHackChallenge-v0__option__grammar__n64__os0__max_episode_steps5000__discountprimitive__ent_coef0.01__exp3,0830-211803__NetHackChallenge-v0__exp3,NetHackChallenge-v0,option,grammar,0,10000000,5000,0,0.999,primitive,exp3,64,2429808.42178952,65.75591197392099,49.657677456493765,93.07728645305124,median-range,5,10002198
0830-211803__NetHackChallenge-v0__exp3/NetHackChallenge-v0__option__grammar__n64__os0__max_episode_steps5000__discountprimitive__ent_coef0.01__exp3,0830-211803__NetHackChallenge-v0__exp3,NetHackChallenge-v0,option,grammar,0,10000000,5000,0,0.999,primitive,exp3,64,2524531.383360612,63.163235779482676,53.47071951933095,82.3390501082106,median-range,5,10002198
0830-211803__NetHackChallenge-v0__exp3/NetHackChallenge-v0__option__grammar__n64__os0__max_episode_steps5000__discountprimitive__ent_coef0.01__exp3,0830-211803__NetHackChallenge-v0__exp3,NetHackChallenge-v0,option,grammar,0,10000000,5000,0,0.999,primitive,exp3,64,2622946.997969013,64.62794224998345,52.78893856767086,85.62683330574575,median-range,5,10002198
0830-211803__NetHackChallenge-v0__exp3/NetHackChallenge-v0__option__grammar__n64__os0__max_episode_steps5000__discountprimitive__ent_coef0.01__exp3,0830-211803__NetHackChallenge-v0__exp3,NetHackChallenge-v0,option,grammar,0,10000000,5000,0,0.999,primitive,exp3,64,2725199.2189522,66.26128985215912,54.843608930846045,84.22057362456466,median-range,5,10002198
0830-211803__NetHackChallenge-v0__exp3/NetHackChallenge-v0__option__grammar__n64__os0__max_episode_steps5000__discountprimitive__ent_coef0.01__exp3,0830-211803__NetHackChallenge-v0__exp3,NetHackChallenge-v0,option,grammar,0,10000000,5000,0,0.999,primitive,exp3,64,2831437.6114836833,65.11439545820294,52.79646590467281,84.56353694188061,median-range,5,10002198
0830-211803__NetHackChallenge-v0__exp3/NetHackChallenge-v0__option__grammar__n64__os0__max_episode_steps5000__discountprimitive__ent_coef0.01__exp3,0830-211803__NetHackChallenge-v0__exp3,NetHackChallenge-v0,option,grammar,0,10000000,5000,0,0.999,primitive,exp3,64,2941817.571343223,66.41228367221643,55.94539290970221,89.11187518219401,median-range,5,10002198
0830-211803__NetHackChallenge-v0__exp3/NetHackChallenge-v0__option__grammar__n64__os0__max_episode_steps5000__discountprimitive__ent_coef0.01__exp3,0830-211803__NetHackChallenge-v0__exp3,NetHackChallenge-v0,option,grammar,0,10000000,5000,0,0.999,primitive,exp3,64,3056500.552215551,66.63692433897252,55.94547841170386,96.12167686874244,median-range,5,10002198
0830-211803__NetHackChallenge-v0__exp3/NetHackChallenge-v0__option__grammar__n64__os0__max_episode_steps5000__discountprimitive__ent_coef0.01__exp3,0830-211803__NetHackChallenge-v0__exp3,NetHackChallenge-v0,option,grammar,0,10000000,5000,0,0.999,primitive,exp3,64,3175654.30184998,69.77588353961832,58.93952034980912,89.36556090561876,median-range,5,10002198
0830-211803__NetHackChallenge-v0__exp3/NetHackChallenge-v0__option__grammar__n64__os0__max_episode_steps5000__discountprimitive__ent_coef0.01__exp3,0830-211803__NetHackChallenge-v0__exp3,NetHackChallenge-v0,option,grammar,0,10000000,5000,0,0.999,primitive,exp3,64,3299453.1074264576,62.856508587937526,56.75400968770942,84.58007702236911,median-range,5,10002198
0830-211803__NetHackChallenge-v0__exp3/NetHackChallenge-v0__option__grammar__n64__os0__max_episode_steps5000__discountprimitive__ent_coef0.01__exp3,0830-211803__NetHackChallenge-v0__exp3,NetHackChallenge-v0,option,grammar,0,10000000,5000,0,0.999,primitive,exp3,64,3428078.050486866,64.69946341886187,57.79330929196861,85.75271004314968,median-range,5,10002198
0830-211803__NetHackChallenge-v0__exp3/NetHackChallenge-v0__option__grammar__n64__os0__max_episode_steps5000__discountprimitive__ent_coef0.01__exp3,0830-211803__NetHackChallenge-v0__exp3,NetHackChallenge-v0,option,grammar,0,10000000,5000,0,0.999,primitive,exp3,64,3561717.271804496,75.1074665217532,66.66511589614029,94.62187654531049,median-range,5,10002198
0830-211803__NetHackChallenge-v0__exp3/NetHackChallenge-v0__option__grammar__n64__os0__max_episode_steps5000__discountprimitive__ent_coef0.01__exp3,0830-211803__NetHackChallenge-v0__exp3,NetHackChallenge-v0,option,grammar,0,10000000,5000,0,0.999,primitive,exp3,64,3700566.2465791246,75.00485855075782,66.9910191417373,88.05922158295422,median-range,5,10002198
0830-211803__NetHackChallenge-v0__exp3/NetHackChallenge-v0__option__grammar__n64__os0__max_episode_steps5000__discountprimitive__ent_coef0.01__exp3,0830-211803__NetHackChallenge-v0__exp3,NetHackChallenge-v0,option,grammar,0,10000000,5000,0,0.999,primitive,exp3,64,3844828.0703602093,77.39900438489565,73.41804544297047,91.4436147584299,median-range,5,10002198
0830-211803__NetHackChallenge-v0__exp3/NetHackChallenge-v0__option__grammar__n64__os0__max_episode_steps5000__discountprimitive__ent_coef0.01__exp3,0830-211803__NetHackChallenge-v0__exp3,NetHackChallenge-v0,option,grammar,0,10000000,5000,0,0.999,primitive,exp3,64,3994713.75611644,74.0693711945027,64.28826556400982,80.80504368416148,median-range,5,10002198
0830-211803__NetHackChallenge-v0__exp3/NetHackChallenge-v0__option__grammar__n64__os0__max_episode_steps5000__discountprimitive__ent_coef0.01__exp3,0830-211803__NetHackChallenge-v0__exp3,NetHackChallenge-v0,option,grammar,0,10000000,5000,0,0.999,primitive,exp3,64,4150442.5428861603,77.09201275769288,68.49493024816177,81.48216820531567,median-range,5,10002198
0830-211803__NetHackChallenge-v0__exp3/NetHackChallenge-v0__option__grammar__n64__os0__max_episode_steps5000__discountprimitive__ent_coef0.01__exp3,0830-211803__NetHackChallenge-v0__exp3,NetHackChallenge-v0,option,grammar,0,10000000,5000,0,0.999,primitive,exp3,64,4312242.216460132,82.13509896755656,66.95868751623895,95.9478776986906,median-range,5,10002198
0830-211803__NetHackChallenge-v0__exp3/NetHackChallenge-v0__option__grammar__n64__os0__max_episode_steps5000__discountprimitive__ent_coef0.01__exp3,0830-211803__NetHackChallenge-v0__exp3,NetHackChallenge-v0,option,grammar,0,10000000,5000,0,0.999,primitive,exp3,64,4480349.442565705,85.26869297317111,76.85779225415016,92.55071658775499,median-range,5,10002198
0830-211803__NetHackChallenge-v0__exp3/NetHackChallenge-v0__option__grammar__n64__os0__max_episode_steps5000__discountprimitive__ent_coef0.01__exp3,0830-211803__NetHackChallenge-v0__exp3,NetHackChallenge-v0,option,grammar,0,10000000,5000,0,0.999,primitive,exp3,64,4655010.113039739,90.05867253599203,72.98237807844187,93.72600073286058,median-range,5,10002198
0830-211803__NetHackChallenge-v0__exp3/NetHackChallenge-v0__option__grammar__n64__os0__max_episode_steps5000__discountprimitive__ent_coef0.01__exp3,0830-211803__NetHackChallenge-v0__exp3,NetHackChallenge-v0,option,grammar,0,10000000,5000,0,0.999,primitive,exp3,64,4836479.705496648,82.71753528121977,78.70685419638384,91.29107478622659,median-range,5,10002198
0830-211803__NetHackChallenge-v0__exp3/NetHackChallenge-v0__option__grammar__n64__os0__max_episode_steps5000__discountprimitive__ent_coef0.01__exp3,0830-211803__NetHackChallenge-v0__exp3,NetHackChallenge-v0,option,grammar,0,10000000,5000,0,0.999,primitive,exp3,64,5025023.6570176175,81.85132636882618,75.14115060486962,93.15791834723815,median-range,5,10002198
0830-211803__NetHackChallenge-v0__exp3/NetHackChallenge-v0__option__grammar__n64__os0__max_episode_steps5000__discountprimitive__ent_coef0.01__exp3,0830-211803__NetHackChallenge-v0__exp3,NetHackChallenge-v0,option,grammar,0,10000000,5000,0,0.999,primitive,exp3,64,5220917.752407637,88.43272198430114,81.85994379801525,102.69053953664776,median-range,5,10002198
0830-211803__NetHackChallenge-v0__exp3/NetHackChallenge-v0__option__grammar__n64__os0__max_episode_steps5000__discountprimitive__ent_coef0.01__exp3,0830-211803__NetHackChallenge-v0__exp3,NetHackChallenge-v0,option,grammar,0,10000000,5000,0,0.999,primitive,exp3,64,5424448.527588225,90.94544797818611,77.47882862053089,91.68149736106939,median-range,5,10002198
0830-211803__NetHackChallenge-v0__exp3/NetHackChallenge-v0__option__grammar__n64__os0__max_episode_steps5000__discountprimitive__ent_coef0.01__exp3,0830-211803__NetHackChallenge-v0__exp3,NetHackChallenge-v0,option,grammar,0,10000000,5000,0,0.999,primitive,exp3,64,5635913.688715902,81.87153307797134,80.35636218652888,90.57573827785643,median-range,5,10002198
0830-211803__NetHackChallenge-v0__exp3/NetHackChallenge-v0__option__grammar__n64__os0__max_episode_steps5000__discountprimitive__ent_coef0.01__exp3,0830-211803__NetHackChallenge-v0__exp3,NetHackChallenge-v0,option,grammar,0,10000000,5000,0,0.999,primitive,exp3,64,5855622.54763946,88.29314114982685,77.94382315897292,97.4219175542946,median-range,5,10002198
0830-211803__NetHackChallenge-v0__exp3/NetHackChallenge-v0__option__grammar__n64__os0__max_episode_steps5000__discountprimitive__ent_coef0.01__exp3,0830-211803__NetHackChallenge-v0__exp3,NetHackChallenge-v0,option,grammar,0,10000000,5000,0,0.999,primitive,exp3,64,6083896.474332979,92.16732941791811,89.04467009791634,101.1600135583371,median-range,5,10002198
0830-211803__NetHackChallenge-v0__exp3/NetHackChallenge-v0__option__grammar__n64__os0__max_episode_steps5000__discountprimitive__ent_coef0.01__exp3,0830-211803__NetHackChallenge-v0__exp3,NetHackChallenge-v0,option,grammar,0,10000000,5000,0,0.999,primitive,exp3,64,6321069.366966349,88.7442068457988,72.79026114666405,98.57100595310493,median-range,5,10002198
0830-211803__NetHackChallenge-v0__exp3/NetHackChallenge-v0__option__grammar__n64__os0__max_episode_steps5000__discountprimitive__ent_coef0.01__exp3,0830-211803__NetHackChallenge-v0__exp3,NetHackChallenge-v0,option,grammar,0,10000000,5000,0,0.999,primitive,exp3,64,6567488.140300912,81.44881687849929,76.21470237570902,100.47966735236852,median-range,5,10002198
0830-211803__NetHackChallenge-v0__exp3/NetHackChallenge-v0__option__grammar__n64__os0__max_episode_steps5000__discountprimitive__ent_coef0.01__exp3,0830-211803__NetHackChallenge-v0__exp3,NetHackChallenge-v0,option,grammar,0,10000000,5000,0,0.999,primitive,exp3,64,6823513.233124552,88.59385356304226,80.89350320720443,102.01217917369405,median-range,5,10002198
0830-211803__NetHackChallenge-v0__exp3/NetHackChallenge-v0__option__grammar__n64__os0__max_episode_steps5000__discountprimitive__ent_coef0.01__exp3,0830-211803__NetHackChallenge-v0__exp3,NetHackChallenge-v0,option,grammar,0,10000000,5000,0,0.999,primitive,exp3,64,7089519.135468521,86.36999423871256,76.95912739149877,92.5815779348981,median-range,5,10002198
0830-211803__NetHackChallenge-v0__exp3/NetHackChallenge-v0__option__grammar__n64__os0__max_episode_steps5000__discountprimitive__ent_coef0.01__exp3,0830-211803__NetHackChallenge-v0__exp3,NetHackChallenge-v0,option,grammar,0,10000000,5000,0,0.999,primitive,exp3,64,7365894.936377108,88.70756024851346,78.49555750208846,97.54702124550964,median-range,5,10002198
0830-211803__NetHackChallenge-v0__exp3/NetHackChallenge-v0__option__grammar__n64__os0__max_episode_steps5000__discountprimitive__ent_coef0.01__exp3,0830-211803__NetHackChallenge-v0__exp3,NetHackChallenge-v0,option,grammar,0,10000000,5000,0,0.999,primitive,exp3,64,7653044.893031408,97.39943257478015,89.26100720519004,102.3232709170135,median-range,5,10002198
0830-211803__NetHackChallenge-v0__exp3/NetHackChallenge-v0__option__grammar__n64__os0__max_episode_steps5000__discountprimitive__ent_coef0.01__exp3,0830-211803__NetHackChallenge-v0__exp3,NetHackChallenge-v0,option,grammar,0,10000000,5000,0,0.999,primitive,exp3,64,7951389.022059722,93.66601973310172,87.89459938275111,103.62793660886841,median-range,5,10002198
0830-211803__NetHackChallenge-v0__exp3/NetHackChallenge-v0__option__grammar__n64__os0__max_episode_steps5000__discountprimitive__ent_coef0.01__exp3,0830-211803__NetHackChallenge-v0__exp3,NetHackChallenge-v0,option,grammar,0,10000000,5000,0,0.999,primitive,exp3,64,8261363.71389928,91.06080873850578,82.97921601718002,94.54967890497271,median-range,5,10002198
0830-211803__NetHackChallenge-v0__exp3/NetHackChallenge-v0__option__grammar__n64__os0__max_episode_steps5000__discountprimitive__ent_coef0.01__exp3,0830-211803__NetHackChallenge-v0__exp3,NetHackChallenge-v0,option,grammar,0,10000000,5000,0,0.999,primitive,exp3,64,8583422.371108215,86.76041912497098,82.80669735261729,95.94210594864698,median-range,5,10002198
0830-211803__NetHackChallenge-v0__exp3/NetHackChallenge-v0__option__grammar__n64__os0__max_episode_steps5000__discountprimitive__ent_coef0.01__exp3,0830-211803__NetHackChallenge-v0__exp3,NetHackChallenge-v0,option,grammar,0,10000000,5000,0,0.999,primitive,exp3,64,8918036.071561249,94.74414044785561,90.6188263255657,98.77618644821169,median-range,5,10002198
0830-211803__NetHackChallenge-v0__exp3/NetHackChallenge-v0__option__grammar__n64__os0__max_episode_steps5000__discountprimitive__ent_coef0.01__exp3,0830-211803__NetHackChallenge-v0__exp3,NetHackChallenge-v0,option,grammar,0,10000000,5000,0,0.999,primitive,exp3,64,9265694.257499205,95.96653750070152,88.20326845136444,102.62635617539964,median-range,5,10002198
0830-211803__NetHackChallenge-v0__exp3/NetHackChallenge-v0__option__grammar__n64__os0__max_episode_steps5000__discountprimitive__ent_coef0.01__exp3,0830-211803__NetHackChallenge-v0__exp3,NetHackChallenge-v0,option,grammar,0,10000000,5000,0,0.999,primitive,exp3,64,9626905.451440245,96.17696868277054,87.78340330837577,101.22250989839876,median-range,5,10002198
0830-211803__NetHackChallenge-v0__exp3/NetHackChallenge-v0__option__grammar__n64__os0__max_episode_steps5000__discountprimitive__ent_coef0.01__exp3,0830-211803__NetHackChallenge-v0__exp3,NetHackChallenge-v0,option,grammar,0,10000000,5000,0,0.999,primitive,exp3,64,10002198.0,89.72543252595155,86.12796992481204,106.7450740242261,median-range,5,10002198
0830-211803__NetHackChallenge-v0__exp3/NetHackChallenge-v0__option__random__n64__os0__max_episode_steps5000__discountprimitive__ent_coef0.01__exp3,0830-211803__NetHackChallenge-v0__exp3,NetHackChallenge-v0,option,random,0,10000000,5000,0,0.999,primitive,exp3,64,4568.0,3.2481389578163773,0.0,9.888771982564256,median-range,5,10001172
0830-211803__NetHackChallenge-v0__exp3/NetHackChallenge-v0__option__random__n64__os0__max_episode_steps5000__discountprimitive__ent_coef0.01__exp3,0830-211803__NetHackChallenge-v0__exp3,NetHackChallenge-v0,option,random,0,10000000,5000,0,0.999,primitive,exp3,64,4748.010240860256,3.776861192752349,0.25735553774347264,10.3757980362971,median-range,5,10001172
0830-211803__NetHackChallenge-v0__exp3/NetHackChallenge-v0__option__random__n64__os0__max_episode_steps5000__discountprimitive__ent_coef0.01__exp3,0830-211803__NetHackChallenge-v0__exp3,NetHackChallenge-v0,option,random,0,10000000,5000,0,0.999,primitive,exp3,64,4935.114108431229,3.755150370337523,0.3047956664379385,10.882016226027677,median-range,5,10001172
0830-211803__NetHackChallenge-v0__exp3/NetHackChallenge-v0__option__random__n64__os0__max_episode_steps5000__discountprimitive__ent_coef0.01__exp3,0830-211803__NetHackChallenge-v0__exp3,NetHackChallenge-v0,option,random,0,10000000,5000,0,0.999,primitive,exp3,64,5129.591139808542,3.7325839939883334,0.3541052585721455,11.40818285233034,median-range,5,10001172
0830-211803__NetHackChallenge-v0__exp3/NetHackChallenge-v0__option__random__n64__os0__max_episode_steps5000__discountprimitive__ent_coef0.01__exp3,0830-211803__NetHackChallenge-v0__exp3,NetHackChallenge-v0,option,random,0,10000000,5000,0,0.999,primitive,exp3,64,5331.7318877489,3.7091283490660363,0.40535798370915305,11.95508401916131,median-range,5,10001172
0830-211803__NetHackChallenge-v0__exp3/NetHackChallenge-v0__option__random__n64__os0__max_episode_steps5000__discountprimitive__ent_coef0.01__exp3,0830-211803__NetHackChallenge-v0__exp3,NetHackChallenge-v0,option,random,0,10000000,5000,0,0.999,primitive,exp3,64,5541.838354762034,3.684748392346016,0.45863041449341635,12.523536808314537,median-range,5,10001172
0830-211803__NetHackChallenge-v0__exp3/NetHackChallenge-v0__option__random__n64__os0__max_episode_steps5000__discountprimitive__ent_coef0.01__exp3,0830-211803__NetHackChallenge-v0__exp3,NetHackChallenge-v0,option,random,0,10000000,5000,0,0.999,primitive,exp3,64,5760.224444308729,3.659407699662482,0.514002141051909,13.114390500158894,median-range,5,10001172
0830-211803__NetHackChallenge-v0__exp3/NetHackChallenge-v0__option__random__n64__os0__max_episode_steps5000__discountprimitive__ent_coef0.01__exp3,0830-211803__NetHackChallenge-v0__exp3,NetHackChallenge-v0,option,random,0,10000000,5000,0,0.999,primitive,exp3,64,5987.2164297792115,3.6735516793488436,0.5715558899034512,13.728527842480956,median-range,5,10001172
0830-211803__NetHackChallenge-v0__exp3/NetHackChallenge-v0__option__random__n64__os0__max_episode_steps5000__discountprimitive__ent_coef0.01__exp3,0830-211803__NetHackChallenge-v0__exp3,NetHackChallenge-v0,option,random,0,10000000,5000,0,0.999,primitive,exp3,64,6223.153441952378,3.705686930257747,0.6313776475538483,14.366866369328543,median-range,5,10001172
0830-211803__NetHackChallenge-v0__exp3/NetHackChallenge-v0__option__random__n64__os0__max_episode_steps5000__discountprimitive__ent_coef0.01__exp3,0830-211803__NetHackChallenge-v0__exp3,NetHackChallenge-v0,option,random,0,10000000,5000,0,0.999,primitive,exp3,64,6468.387975664328,3.7390885284206385,0.6935567889615436,15.030359771825928,median-range,5,10001172
0830-211803__NetHackChallenge-v0__exp3/NetHackChallenge-v0__option__random__n64__os0__max_episode_steps5000__discountprimitive__ent_coef0.01__exp3,0830-211803__NetHackChallenge-v0__exp3,NetHackChallenge-v0,option,random,0,10000000,5000,0,0.999,primitive,exp3,64,6723.286416442985,3.7738063765245142,0.7581862110656655,15.719999323008226,median-range,5,10001172
0830-211803__NetHackChallenge-v0__exp3/NetHackChallenge-v0__option__random__n64__os0__max_episode_steps5000__discountprimitive__ent_coef0.01__exp3,0830-211803__NetHackChallenge-v0__exp3,NetHackChallenge-v0,option,random,0,10000000,5000,0,0.999,primitive,exp3,64,6988.2295878957875,3.809892343761344,0.8253624715760111,16.436815358804175,median-range,5,10001172
0830-211803__NetHackChallenge-v0__exp3/NetHackChallenge-v0__option__random__n64__os0__max_episode_steps5000__discountprimitive__ent_coef0.01__exp3,0830-211803__NetHackChallenge-v0__exp3,NetHackChallenge-v0,option,random,0,10000000,5000,0,0.999,primitive,exp3,64,7263.613320668088,3.8474003433217225,0.8951859332322738,17.181878817379467,median-range,5,10001172
0830-211803__NetHackChallenge-v0__exp3/NetHackChallenge-v0__option__random__n64__os0__max_episode_steps5000__discountprimitive__ent_coef0.01__exp3,0830-211803__NetHackChallenge-v0__exp3,NetHackChallenge-v0,option,random,0,10000000,5000,0,0.999,primitive,exp3,64,7549.849043822475,3.886386412942315,0.9677609137480921,17.95630283914092,median-range,5,10001172
0830-211803__NetHackChallenge-v0__exp3/NetHackChallenge-v0__option__random__n64__os0__max_episode_steps5000__discountprimitive__ent_coef0.01__exp3,0830-211803__NetHackChallenge-v0__exp3,NetHackChallenge-v0,option,random,0,10000000,5000,0,0.999,primitive,exp3,64,7847.364399522353,7.141042308363883,3.417223903513303,18.095770584268475,median-range,5,10001172
0830-211803__NetHackChallenge-v0__exp3/NetHackChallenge-v0__option__random__n64__os0__max_episode_steps5000__discountprimitive__ent_coef0.01__exp3,0830-211803__NetHackChallenge-v0__exp3,NetHackChallenge-v0,option,random,0,10000000,5000,0,0.999,primitive,exp3,64,8156.60388193834,7.097897345456443,3.3813409280647084,18.201029266461873,median-range,5,10001172
0830-211803__NetHackChallenge-v0__exp3/NetHackChallenge-v0__option__random__n64__os0__max_episode_steps5000__discountprimitive__ent_coef0.01__exp3,0830-211803__NetHackChallenge-v0__exp3,NetHackChallenge-v0,option,random,0,10000000,5000,0,0.999,primitive,exp3,64,8478.029501331815,6.991206855168809,3.3440439195484086,18.310435855996396,median-range,5,10001172
0830-211803__NetHackChallenge-v0__exp3/NetHackChallenge-v0__option__random__n64__os0__max_episode_steps5000__discountprimitive__ent_coef0.01__exp3,0830-211803__NetHackChallenge-v0__exp3,NetHackChallenge-v0,option,random,0,10000000,5000,0,0.999,primitive,exp3,64,8812.12147430798,6.880312034571588,3.0710685490488325,18.424153808607503,median-range,5,10001172
0830-211803__NetHackChallenge-v0__exp3/NetHackChallenge-v0__option__random__n64__os0__max_episode_steps5000__discountprimitive__ent_coef0.01__exp3,0830-211803__NetHackChallenge-v0__exp3,NetHackChallenge-v0,option,random,0,10000000,5000,0,0.999,primitive,exp3,64,9159.37894126945,6.765047204480969,3.161759974215056,18.542353021297338,median-range,5,10001172
0830-211803__NetHackChallenge-v0__exp3/NetHackChallenge-v0__option__random__n64__os0__max_episode_steps5000__discountprimitive__ent_coef0.01__exp3,0830-211803__NetHackChallenge-v0__exp3,NetHackChallenge-v0,option,random,0,10000000,5000,0,0.999,primitive,exp3,64,9520.320712142542,6.645240156827446,3.223100404717737,18.66521008616445,median-range,5,10001172
0830-211803__NetHackChallenge-v0__exp3/NetHackChallenge-v0__option__random__n64__os0__max_episode_steps5000__discountprimitive__ent_coef0.01__exp3,0830-211803__NetHackChallenge-v0__exp3,NetHackChallenge-v0,option,random,0,10000000,5000,0,0.999,primitive,exp3,64,9895.486041490098,6.5207118973733875,3.1795676442921676,18.792908554236053,median-range,5,10001172
0830-211803__NetHackChallenge-v0__exp3/NetHackChallenge-v0__option__random__n64__os0__max_episode_steps5000__discountprimitive__ent_coef0.01__exp3,0830-211803__NetHackChallenge-v0__exp3,NetHackChallenge-v0,option,random,0,10000000,5000,0,0.999,primitive,exp3,64,10285.43543416916,6.391276378291866,3.1343193972883316,18.925639209697117,median-range,5,10001172
0830-211803__NetHackChallenge-v0__exp3/NetHackChallenge-v0__option__random__n64__os0__max_episode_steps5000__discountprimitive__ent_coef0.01__exp3,0830-211803__NetHackChallenge-v0__exp3,NetHackChallenge-v0,option,random,0,10000000,5000,0,0.999,primitive,exp3,64,10690.751482736887,6.3478334202225035,3.087288061877827,19.063600354925928,median-range,5,10001172
0830-211803__NetHackChallenge-v0__exp3/NetHackChallenge-v0__option__random__n64__os0__max_episode_steps5000__discountprimitive__ent_coef0.01__exp3,0830-211803__NetHackChallenge-v0__exp3,NetHackChallenge-v0,option,random,0,10000000,5000,0,0.999,primitive,exp3,64,11112.039737856103,6.374306560209133,3.0384033722608375,19.206998106762008,median-range,5,10001172
0830-211803__NetHackChallenge-v0__exp3/NetHackChallenge-v0__option__random__n64__os0__max_episode_steps5000__discountprimitive__ent_coef0.01__exp3,0830-211803__NetHackChallenge-v0__exp3,NetHackChallenge-v0,option,random,0,10000000,5000,0,0.999,primitive,exp3,64,11549.92961300065,6.401822921803758,3.031787498497303,19.35604670444898,median-range,5,10001172
0830-211803__NetHackChallenge-v0__exp3/NetHackChallenge-v0__option__random__n64__os0__max_episode_steps5000__discountprimitive__ent_coef0.01__exp3,0830-211803__NetHackChallenge-v0__exp3,NetHackChallenge-v0,option,random,0,10000000,5000,0,0.999,primitive,exp3,64,12005.075324812213,6.4304236150267196,3.167090930580014,19.51096882971245,median-range,5,10001172
0830-211803__NetHackChallenge-v0__exp3/NetHackChallenge-v0__option__random__n64__os0__max_episode_steps5000__discountprimitive__ent_coef0.01__exp3,0830-211803__NetHackChallenge-v0__exp3,NetHackChallenge-v0,option,random,0,10000000,5000,0,0.999,primitive,exp3,64,12478.156870513816,6.460151369912517,3.3077262373121172,19.671995939451246,median-range,5,10001172
0830-211803__NetHackChallenge-v0__exp3/NetHackChallenge-v0__option__random__n64__os0__max_episode_steps5000__discountprimitive__ent_coef0.01__exp3,0830-211803__NetHackChallenge-v0__exp3,NetHackChallenge-v0,option,random,0,10000000,5000,0,0.999,primitive,exp3,64,12969.881043839827,6.4910506003493715,3.453903530786406,19.839368611538795,median-range,5,10001172
0830-211803__NetHackChallenge-v0__exp3/NetHackChallenge-v0__option__random__n64__os0__max_episode_steps5000__discountprimitive__ent_coef0.01__exp3,0830-211803__NetHackChallenge-v0__exp3,NetHackChallenge-v0,option,random,0,10000000,5000,0,0.999,primitive,exp3,64,13480.982491000634,6.5231674704345055,3.6058412029399074,20.013336904251553,median-range,5,10001172
0830-211803__NetHackChallenge-v0__exp3/NetHackChallenge-v0__option__random__n64__os0__max_episode_steps5000__discountprimitive__ent_coef0.01__exp3,0830-211803__NetHackChallenge-v0__exp3,NetHackChallenge-v0,option,random,0,10000000,5000,0,0.999,primitive,exp3,64,14012.224808259365,8.954054929406531,3.7637662518359796,29.60753302252297,median-range,5,10001172
0830-211803__NetHackChallenge-v0__exp3/NetHackChallenge-v0__option__random__n64__os0__max_episode_steps5000__discountprimitive__ent_coef0.01__exp3,0830-211803__NetHackChallenge-v0__exp3,NetHackChallenge-v0,option,random,0,10000000,5000,0,0.999,primitive,exp3,64,14564.40168276085,8.855842533586072,3.9279146208042164,29.236855480212267,median-range,5,10001172
0830-211803__NetHackChallenge-v0__exp3/NetHackChallenge-v0__option__random__n64__os0__max_episode_steps5000__discountprimitive__ent_coef0.01__exp3,0830-211803__NetHackChallenge-v0__exp3,NetHackChallenge-v0,option,random,0,10000000,5000,0,0.999,primitive,exp3,64,15138.33807831673,8.7537599019891,4.098531550944693,28.851570723875113,median-range,5,10001172
0830-211803__NetHackChallenge-v0__exp3/NetHackChallenge-v0__option__random__n64__os0__max_episode_steps5000__discountprimitive__ent_coef0.01__exp3,0830-211803__NetHackChallenge-v0__exp3,NetHackChallenge-v0,option,random,0,10000000,5000,0,0.999,primitive,exp3,64,15734.89146791872,8.687153592722211,4.275871947523319,28.451103130018666,median-range,5,10001172
0830-211803__NetHackChallenge-v0__exp3/NetHackChallenge-v0__option__random__n64__os0__max_episode_steps5000__discountprimitive__ent_coef0.01__exp3,0830-211803__NetHackChallenge-v0__exp3,NetHackChallenge-v0,option,random,0,10000000,5000,0,0.999,primitive,exp3,64,16354.953114821083,8.805995230481624,4.4602007608056065,28.034854391673004,median-range,5,10001172
0830-211803__NetHackChallenge-v0__exp3/NetHackChallenge-v0__option__random__n64__os0__max_episode_steps5000__discountprimitive__ent_coef0.01__exp3,0830-211803__NetHackChallenge-v0__exp3,NetHackChallenge-v0,option,random,0,10000000,5000,0,0.999,primitive,exp3,64,16999.449404106785,8.929520036331514,4.651793381897971,27.602202624507868,median-range,5,10001172
0830-211803__NetHackChallenge-v0__exp3/NetHackChallenge-v0__option__random__n64__os0__max_episode_steps5000__discountprimitive__ent_coef0.01__exp3,0830-211803__NetHackChallenge-v0__exp3,NetHackChallenge-v0,option,random,0,10000000,5000,0,0.999,primitive,exp3,64,17669.343226726083,9.057912558918106,5.718900337504653,27.152501437724514,median-range,5,10001172
0830-211803__NetHackChallenge-v0__exp3/NetHackChallenge-v0__option__random__n64__os0__max_episode_steps5000__discountprimitive__ent_coef0.01__exp3,0830-211803__NetHackChallenge-v0__exp3,NetHackChallenge-v0,option,random,0,10000000,5000,0,0.999,primitive,exp3,64,18365.635418075824,9.191364619358355,6.299785885305683,25.533609556443828,median-range,5,10001172
0830-211803__NetHackChallenge-v0__exp3/NetHackChallenge-v0__option__random__n64__os0__max_episode_steps5000__discountprimitive__ent_coef0.01__exp3,0830-211803__NetHackChallenge-v0__exp3,NetHackChallenge-v0,option,random,0,10000000,5000,0,0.999,primitive,exp3,64,19089.366253268345,9.330075597824678,8.268916143722342,24.583281429063167,median-range,5,10001172
0830-211803__NetHackChallenge-v0__exp3/NetHackChallenge-v0__option__random__n64__os0__max_episode_steps5000__discountprimitive__ent_coef0.01__exp3,0830-211803__NetHackChallenge-v0__exp3,NetHackChallenge-v0,option,random,0,10000000,5000,0,0.999,primitive,exp3,64,19841.617001324477,10.26851940809271,8.238226832460608,24.357201970406887,median-range,5,10001172
0830-211803__NetHackChallenge-v0__exp3/NetHackChallenge-v0__option__random__n64__os0__max_episode_steps5000__discountprimitive__ent_coef0.01__exp3,0830-211803__NetHackChallenge-v0__exp3,NetHackChallenge-v0,option,random,0,10000000,5000,0,0.999,primitive,exp3,64,20623.511540611984,11.923280081937866,8.031773450975317,24.122213444805272,median-range,5,10001172
0830-211803__NetHackChallenge-v0__exp3/NetHackChallenge-v0__option__random__n64__os0__max_episode_steps5000__discountprimitive__ent_coef0.01__exp3,0830-211803__NetHackChallenge-v0__exp3,NetHackChallenge-v0,option,random,0,10000000,5000,0,0.999,primitive,exp3,64,21436.218037943414,11.4663521073056,7.817184403350001,23.877964774481026,median-range,5,10001172
0830-211803__NetHackChallenge-v0__exp3/NetHackChallenge-v0__option__random__n64__os0__max_episode_steps5000__discountprimitive__ent_coef0.01__exp3,0830-211803__NetHackChallenge-v0__exp3,NetHackChallenge-v0,option,random,0,10000000,5000,0,0.999,primitive,exp3,64,22280.95069384164,11.615747290818863,7.5941390890545994,23.624091046806775,median-range,5,10001172
0830-211803__NetHackChallenge-v0__exp3/NetHackChallenge-v0__option__random__n64__os0__max_episode_steps5000__discountprimitive__ent_coef0.01__exp3,0830-211803__NetHackChallenge-v0__exp3,NetHackChallenge-v0,option,random,0,10000000,5000,0,0.999,primitive,exp3,64,23158.971556581102,11.771029659745347,7.4395155920365035,23.360212969117917,median-range,5,10001172
0830-211803__NetHackChallenge-v0__exp3/NetHackChallenge-v0__option__random__n64__os0__max_episode_steps5000__discountprimitive__ent_coef0.01__exp3,0830-211803__NetHackChallenge-v0__exp3,NetHackChallenge-v0,option,random,0,10000000,5000,0,0.999,primitive,exp3,64,24071.592407714186,11.932431209195432,7.479312419663099,23.085936302041468,median-range,5,10001172
0830-211803__NetHackChallenge-v0__exp3/NetHackChallenge-v0__option__random__n64__os0__max_episode_steps5000__discountprimitive__ent_coef0.01__exp3,0830-211803__NetHackChallenge-v0__exp3,NetHackChallenge-v0,option,random,0,10000000,5000,0,0.999,primitive,exp3,64,25020.176721900418,12.100193076463327,6.650571463827436,22.800851270494167,median-range,5,10001172
0830-211803__NetHackChallenge-v0__exp3/NetHackChallenge-v0__option__random__n64__os0__max_episode_steps5000__discountprimitive__ent_coef0.01__exp3,0830-211803__NetHackChallenge-v0__exp3,NetHackChallenge-v0,option,random,0,10000000,5000,0,0.999,primitive,exp3,64,26006.141703965957,12.274565901291211,6.784120845770861,21.999374530307858,median-range,5,10001172
0830-211803__NetHackChallenge-v0__exp3/NetHackChallenge-v0__option__random__n64__os0__max_episode_steps5000__discountprimitive__ent_coef0.01__exp3,0830-211803__NetHackChallenge-v0__exp3,NetHackChallenge-v0,option,random,0,10000000,5000,0,0.999,primitive,exp3,64,27030.960406237587,12.455810200330292,5.926404123134579,21.204478719281536,median-range,5,10001172
0830-211803__NetHackChallenge-v0__exp3/NetHackChallenge-v0__option__random__n64__os0__max_episode_steps5000__discountprimitive__ent_coef0.01__exp3,0830-211803__NetHackChallenge-v0__exp3,NetHackChallenge-v0,option,random,0,10000000,5000,0,0.999,primitive,exp3,64,28096.163929313505,12.644196756358115,5.969125047297405,21.158674442562607,median-range,5,10001172
0830-211803__NetHackChallenge-v0__exp3/NetHackChallenge-v0__option__random__n64__os0__max_episode_steps5000__discountprimitive__ent_coef0.01__exp3,0830-211803__NetHackChallenge-v0__exp3,NetHackChallenge-v0,option,random,0,10000000,5000,0,0.999,primitive,exp3,64,29203.343709559816,12.840007022833715,5.537815379339506,20.340971354623665,median-range,5,10001172
0830-211803__NetHackChallenge-v0__exp3/NetHackChallenge-v0__option__random__n64__os0__max_episode_steps5000__discountprimitive__ent_coef0.01__exp3,0830-211803__NetHackChallenge-v0__exp3,NetHackChallenge-v0,option,random,0,10000000,5000,0,0.999,primitive,exp3,64,30354.153896749533,14.077688702187007,5.67525002831908,22.69401266032767,median-range,5,10001172
0830-211803__NetHackChallenge-v0__exp3/NetHackChallenge-v0__option__random__n64__os0__max_episode_steps5000__discountprimitive__ent_coef0.01__exp3,0830-211803__NetHackChallenge-v0__exp3,NetHackChallenge-v0,option,random,0,10000000,5000,0,0.999,primitive,exp3,64,31550.31382539732,15.747516505325402,5.879335377197223,24.077241748030154,median-range,5,10001172
0830-211803__NetHackChallenge-v0__exp3/NetHackChallenge-v0__option__random__n64__os0__max_episode_steps5000__discountprimitive__ent_coef0.01__exp3,0830-211803__NetHackChallenge-v0__exp3,NetHackChallenge-v0,option,random,0,10000000,5000,0,0.999,primitive,exp3,64,32793.61058348102,15.448382329214017,5.819892694085489,24.74366633721218,median-range,5,10001172
0830-211803__NetHackChallenge-v0__exp3/NetHackChallenge-v0__option__random__n64__os0__max_episode_steps5000__discountprimitive__ent_coef0.01__exp3,0830-211803__NetHackChallenge-v0__exp3,NetHackChallenge-v0,option,random,0,10000000,5000,0,0.999,primitive,exp3,64,34085.901682388656,15.137460233861955,5.735129462128764,25.436352583752786,median-range,5,10001172
0830-211803__NetHackChallenge-v0__exp3/NetHackChallenge-v0__option__random__n64__os0__max_episode_steps5000__discountprimitive__ent_coef0.01__exp3,0830-211803__NetHackChallenge-v0__exp3,NetHackChallenge-v0,option,random,0,10000000,5000,0,0.999,primitive,exp3,64,35429.11783207905,14.34669838852776,5.612172390921923,26.595274856282394,median-range,5,10001172
0830-211803__NetHackChallenge-v0__exp3/NetHackChallenge-v0__option__random__n64__os0__max_episode_steps5000__discountprimitive__ent_coef0.01__exp3,0830-211803__NetHackChallenge-v0__exp3,NetHackChallenge-v0,option,random,0,10000000,5000,0,0.999,primitive,exp3,64,36825.26582560331,14.664693029203603,5.484369975581235,27.98862825610098,median-range,5,10001172
0830-211803__NetHackChallenge-v0__exp3/NetHackChallenge-v0__option__random__n64__os0__max_episode_steps5000__discountprimitive__ent_coef0.01__exp3,0830-211803__NetHackChallenge-v0__exp3,NetHackChallenge-v0,option,random,0,10000000,5000,0,0.999,primitive,exp3,64,38276.43153729553,14.99521881958619,6.44028624598013,28.858297586647023,median-range,5,10001172
0830-211803__NetHackChallenge-v0__exp3/NetHackChallenge-v0__option__random__n64__os0__max_episode_steps5000__discountprimitive__ent_coef0.01__exp3,0830-211803__NetHackChallenge-v0__exp3,NetHackChallenge-v0,option,random,0,10000000,5000,0,0.999,primitive,exp3,64,39784.78303911242,15.550007215036441,7.234804817844916,27.964873933833953,median-range,5,10001172
0830-211803__NetHackChallenge-v0__exp3/NetHackChallenge-v0__option__random__n64__os0__max_episode_steps5000__discountprimitive__ent_coef0.01__exp3,0830-211803__NetHackChallenge-v0__exp3,NetHackChallenge-v0,option,random,0,10000000,5000,0,0.999,primitive,exp3,64,41352.5738397787,15.040523533069903,8.865562179900863,27.20708031374821,median-range,5,10001172
0830-211803__NetHackChallenge-v0__exp3/NetHackChallenge-v0__option__random__n64__os0__max_episode_steps5000__discountprimitive__ent_coef0.01__exp3,0830-211803__NetHackChallenge-v0__exp3,NetHackChallenge-v0,option,random,0,10000000,5000,0,0.999,primitive,exp3,64,42982.14625157598,14.685942750976551,11.251207340290717,24.989375010095117,median-range,5,10001172
0830-211803__NetHackChallenge-v0__exp3/NetHackChallenge-v0__option__random__n64__os0__max_episode_steps5000__discountprimitive__ent_coef0.01__exp3,0830-211803__NetHackChallenge-v0__exp3,NetHackChallenge-v0,option,random,0,10000000,5000,0,0.999,primitive,exp3,64,44675.934889806456,14.656187632662949,12.759588828149635,24.961947455431844,median-range,5,10001172
0830-211803__NetHackChallenge-v0__exp3/NetHackChallenge-v0__option__random__n64__os0__max_episode_steps5000__discountprimitive__ent_coef0.01__exp3,0830-211803__NetHackChallenge-v0__exp3,NetHackChallenge-v0,option,random,0,10000000,5000,0,0.999,primitive,exp3,64,46436.47031015924,14.675406850187649,12.392617272272867,24.933439068736796,median-range,5,10001172
0830-211803__NetHackChallenge-v0__exp3/NetHackChallenge-v0__option__random__n64__os0__max_episode_steps5000__discountprimitive__ent_coef0.01__exp3,0830-211803__NetHackChallenge-v0__exp3,NetHackChallenge-v0,option,random,0,10000000,5000,0,0.999,primitive,exp3,64,48266.382789413125,14.859651137724526,14.20682217303633,24.067531876972897,median-range,5,10001172
0830-211803__NetHackChallenge-v0__exp3/NetHackChallenge-v0__option__random__n64__os0__max_episode_steps5000__discountprimitive__ent_coef0.01__exp3,0830-211803__NetHackChallenge-v0__exp3,NetHackChallenge-v0,option,random,0,10000000,5000,0,0.999,primitive,exp3,64,50168.40625512579,16.060723217746578,13.747793370235232,23.761525332590566,median-range,5,10001172
0830-211803__NetHackChallenge-v0__exp3/NetHackChallenge-v0__option__random__n64__os0__max_episode_steps5000__discountprimitive__ent_coef0.01__exp3,0830-211803__NetHackChallenge-v0__exp3,NetHackChallenge-v0,option,random,0,10000000,5000,0,0.999,primitive,exp3,64,52145.382370178486,16.691915659370917,13.64037048277008,23.609463096541283,median-range,5,10001172
0830-211803__NetHackChallenge-v0__exp3/NetHackChallenge-v0__option__random__n64__os0__max_episode_steps5000__discountprimitive__ent_coef0.01__exp3,0830-211803__NetHackChallenge-v0__exp3,NetHackChallenge-v0,option,random,0,10000000,5000,0,0.999,primitive,exp3,64,54200.26477827959,18.356778245010453,13.52871440356971,22.761090428606693,median-range,5,10001172
0830-211803__NetHackChallenge-v0__exp3/NetHackChallenge-v0__option__random__n64__os0__max_episode_steps5000__discountprimitive__ent_coef0.01__exp3,0830-211803__NetHackChallenge-v0__exp3,NetHackChallenge-v0,option,random,0,10000000,5000,0,0.999,primitive,exp3,64,56336.12351677075,17.9900553301749,13.800181194962187,22.190224721999854,median-range,5,10001172
0830-211803__NetHackChallenge-v0__exp3/NetHackChallenge-v0__option__random__n64__os0__max_episode_steps5000__discountprimitive__ent_coef0.01__exp3,0830-211803__NetHackChallenge-v0__exp3,NetHackChallenge-v0,option,random,0,10000000,5000,0,0.999,primitive,exp3,64,58556.14960332654,17.591376577815748,14.556554258960839,22.367868030363347,median-range,5,10001172
0830-211803__NetHackChallenge-v0__exp3/NetHackChallenge-v0__option__random__n64__os0__max_episode_steps5000__discountprimitive__ent_coef0.01__exp3,0830-211803__NetHackChallenge-v0__exp3,NetHackChallenge-v0,option,random,0,10000000,5000,0,0.999,primitive,exp3,64,60863.65980340182,17.464151433073514,14.757584196351846,22.003113435868276,median-range,5,10001172
0830-211803__NetHackChallenge-v0__exp3/NetHackChallenge-v0__option__random__n64__os0__max_episode_steps5000__discountprimitive__ent_coef0.01__exp3,0830-211803__NetHackChallenge-v0__exp3,NetHackChallenge-v0,option,random,0,10000000,5000,0,0.999,primitive,exp3,64,63262.10158554881,17.46720666083238,15.510121657833544,24.953915200211625,median-range,5,10001172
0830-211803__NetHackChallenge-v0__exp3/NetHackChallenge-v0__option__random__n64__os0__max_episode_steps5000__discountprimitive__ent_coef0.01__exp3,0830-211803__NetHackChallenge-v0__exp3,NetHackChallenge-v0,option,random,0,10000000,5000,0,0.999,primitive,exp3,64,65755.05827200688,18.21209745100346,15.316620971471806,24.998388513344768,median-range,5,10001172
0830-211803__NetHackChallenge-v0__exp3/NetHackChallenge-v0__option__random__n64__os0__max_episode_steps5000__discountprimitive__ent_coef0.01__exp3,0830-211803__NetHackChallenge-v0__exp3,NetHackChallenge-v0,option,random,0,10000000,5000,0,0.999,primitive,exp3,64,68346.25439226168,18.009861577835384,15.004072583389817,26.903839373512795,median-range,5,10001172
0830-211803__NetHackChallenge-v0__exp3/NetHackChallenge-v0__option__random__n64__os0__max_episode_steps5000__discountprimitive__ent_coef0.01__exp3,0830-211803__NetHackChallenge-v0__exp3,NetHackChallenge-v0,option,random,0,10000000,5000,0,0.999,primitive,exp3,64,71039.56124756987,17.394078520398363,15.206433983239824,24.560944602698303,median-range,5,10001172
0830-211803__NetHackChallenge-v0__exp3/NetHackChallenge-v0__option__random__n64__os0__max_episode_steps5000__discountprimitive__ent_coef0.01__exp3,0830-211803__NetHackChallenge-v0__exp3,NetHackChallenge-v0,option,random,0,10000000,5000,0,0.999,primitive,exp3,64,73839.00269476378,17.1530820162471,15.369983473527624,23.370646256568893,median-range,5,10001172
0830-211803__NetHackChallenge-v0__exp3/NetHackChallenge-v0__option__random__n64__os0__max_episode_steps5000__discountprimitive__ent_coef0.01__exp3,0830-211803__NetHackChallenge-v0__exp3,NetHackChallenge-v0,option,random,0,10000000,5000,0,0.999,primitive,exp3,64,76748.7611579786,17.829628233725405,17.19253645108684,23.049065908060722,median-range,5,10001172
0830-211803__NetHackChallenge-v0__exp3/NetHackChallenge-v0__option__random__n64__os0__max_episode_steps5000__discountprimitive__ent_coef0.01__exp3,0830-211803__NetHackChallenge-v0__exp3,NetHackChallenge-v0,option,random,0,10000000,5000,0,0.999,primitive,exp3,64,79773.1838772811,17.85098178720091,16.8794726662969,22.756877519381288,median-range,5,10001172
0830-211803__NetHackChallenge-v0__exp3/NetHackChallenge-v0__option__random__n64__os0__max_episode_steps5000__discountprimitive__ent_coef0.01__exp3,0830-211803__NetHackChallenge-v0__exp3,NetHackChallenge-v0,option,random,0,10000000,5000,0,0.999,primitive,exp3,64,82916.78940353738,18.04242548986776,16.59855736364292,22.49716612098294,median-range,5,10001172
0830-211803__NetHackChallenge-v0__exp3/NetHackChallenge-v0__option__random__n64__os0__max_episode_steps5000__discountprimitive__ent_coef0.01__exp3,0830-211803__NetHackChallenge-v0__exp3,NetHackChallenge-v0,option,random,0,10000000,5000,0,0.999,primitive,exp3,64,86184.27434922267,18.43321668618159,16.516557232243247,22.247537634087607,median-range,5,10001172
0830-211803__NetHackChallenge-v0__exp3/NetHackChallenge-v0__option__random__n64__os0__max_episode_steps5000__discountprimitive__ent_coef0.01__exp3,0830-211803__NetHackChallenge-v0__exp3,NetHackChallenge-v0,option,random,0,10000000,5000,0,0.999,primitive,exp3,64,89580.52040525808,19.028591209644357,16.4645668066999,21.983998007151136,median-range,5,10001172
0830-211803__NetHackChallenge-v0__exp3/NetHackChallenge-v0__option__random__n64__os0__max_episode_steps5000__discountprimitive__ent_coef0.01__exp3,0830-211803__NetHackChallenge-v0__exp3,NetHackChallenge-v0,option,random,0,10000000,5000,0,0.999,primitive,exp3,64,93110.60163435995,19.164786299555626,16.11337456841345,21.796022979944418,median-range,5,10001172
0830-211803__NetHackChallenge-v0__exp3/NetHackChallenge-v0__option__random__n64__os0__max_episode_steps5000__discountprimitive__ent_coef0.01__exp3,0830-211803__NetHackChallenge-v0__exp3,NetHackChallenge-v0,option,random,0,10000000,5000,0,0.999,primitive,exp3,64,96779.79205179539,19.892428145772087,16.237065020289744,21.146498254268234,median-range,5,10001172
0830-211803__NetHackChallenge-v0__exp3/NetHackChallenge-v0__option__random__n64__os0__max_episode_steps5000__discountprimitive__ent_coef0.01__exp3,0830-211803__NetHackChallenge-v0__exp3,NetHackChallenge-v0,option,random,0,10000000,5000,0,0.999,primitive,exp3,64,100593.5735048709,20.50712155774599,15.91200210464237,21.67912665348845,median-range,5,10001172
0830-211803__NetHackChallenge-v0__exp3/NetHackChallenge-v0__option__random__n64__os0__max_episode_steps5000__discountprimitive__ent_coef0.01__exp3,0830-211803__NetHackChallenge-v0__exp3,NetHackChallenge-v0,option,random,0,10000000,5000,0,0.999,primitive,exp3,64,104557.64386292813,20.724720322893567,15.61454872411514,21.723882811573464,median-range,5,10001172
0830-211803__NetHackChallenge-v0__exp3/NetHackChallenge-v0__option__random__n64__os0__max_episode_steps5000__discountprimitive__ent_coef0.01__exp3,0830-211803__NetHackChallenge-v0__exp3,NetHackChallenge-v0,option,random,0,10000000,5000,0,0.999,primitive,exp3,64,108677.92553007924,21.2076731195027,15.500578629813008,21.764793692345744,median-range,5,10001172
0830-211803__NetHackChallenge-v0__exp3/NetHackChallenge-v0__option__random__n64__os0__max_episode_steps5000__discountprimitive__ent_coef0.01__exp3,0830-211803__NetHackChallenge-v0__exp3,NetHackChallenge-v0,option,random,0,10000000,5000,0,0.999,primitive,exp3,64,112960.57429340285,20.32006707581583,17.00999929585092,22.8580251604714,median-range,5,10001172
0830-211803__NetHackChallenge-v0__exp3/NetHackChallenge-v0__option__random__n64__os0__max_episode_steps5000__discountprimitive__ent_coef0.01__exp3,0830-211803__NetHackChallenge-v0__exp3,NetHackChallenge-v0,option,random,0,10000000,5000,0,0.999,primitive,exp3,64,117411.98851981902,20.39121491950296,16.845072229903966,22.54159345111016,median-range,5,10001172
0830-211803__NetHackChallenge-v0__exp3/NetHackChallenge-v0__option__random__n64__os0__max_episode_steps5000__discountprimitive__ent_coef0.01__exp3,0830-211803__NetHackChallenge-v0__exp3,NetHackChallenge-v0,option,random,0,10000000,5000,0,0.999,primitive,exp3,64,122038.81871538248,20.556292207222143,16.536240609944738,22.086637162897198,median-range,5,10001172
0830-211803__NetHackChallenge-v0__exp3/NetHackChallenge-v0__option__random__n64__os0__max_episode_steps5000__discountprimitive__ent_coef0.01__exp3,0830-211803__NetHackChallenge-v0__exp3,NetHackChallenge-v0,option,random,0,10000000,5000,0,0.999,primitive,exp3,64,126847.97746127934,20.394428303791447,16.296299010874307,22.010092426502183,median-range,5,10001172
0830-211803__NetHackChallenge-v0__exp3/NetHackChallenge-v0__option__random__n64__os0__max_episode_steps5000__discountprimitive__ent_coef0.01__exp3,0830-211803__NetHackChallenge-v0__exp3,NetHackChallenge-v0,option,random,0,10000000,5000,0,0.999,primitive,exp3,64,131846.64974136735,20.017366712235024,16.35039695569641,22.05980320392526,median-range,5,10001172
0830-211803__NetHackChallenge-v0__exp3/NetHackChallenge-v0__option__random__n64__os0__max_episode_steps5000__discountprimitive__ent_coef0.01__exp3,0830-211803__NetHackChallenge-v0__exp3,NetHackChallenge-v0,option,random,0,10000000,5000,0,0.999,primitive,exp3,64,137042.30367669158,20.24719897739881,18.58090990383482,21.721555667479013,median-range,5,10001172
0830-211803__NetHackChallenge-v0__exp3/NetHackChallenge-v0__option__random__n64__os0__max_episode_steps5000__discountprimitive__ent_coef0.01__exp3,0830-211803__NetHackChallenge-v0__exp3,NetHackChallenge-v0,option,random,0,10000000,5000,0,0.999,primitive,exp3,64,142442.70168301495,20.10602326380006,18.126660192651244,21.375528059992106,median-range,5,10001172
0830-211803__NetHackChallenge-v0__exp3/NetHackChallenge-v0__option__random__n64__os0__max_episode_steps5000__discountprimitive__ent_coef0.01__exp3,0830-211803__NetHackChallenge-v0__exp3,NetHackChallenge-v0,option,random,0,10000000,5000,0,0.999,primitive,exp3,64,148055.91206802914,20.71207924508674,18.48948362887649,21.387435247640457,median-range,5,10001172
0830-211803__NetHackChallenge-v0__exp3/NetHackChallenge-v0__option__random__n64__os0__max_episode_steps5000__discountprimitive__ent_coef0.01__exp3,0830-211803__NetHackChallenge-v0__exp3,NetHackChallenge-v0,option,random,0,10000000,5000,0,0.999,primitive,exp3,64,153890.32108557518,20.326097568890166,18.28195186187484,20.721067410635502,median-range,5,10001172
0830-211803__NetHackChallenge-v0__exp3/NetHackChallenge-v0__option__random__n64__os0__max_episode_steps5000__discountprimitive__ent_coef0.01__exp3,0830-211803__NetHackChallenge-v0__exp3,NetHackChallenge-v0,option,random,0,10000000,5000,0,0.999,primitive,exp3,64,159954.6454648829,20.21435719857481,18.31099377583813,20.896116367878914,median-range,5,10001172
0830-211803__NetHackChallenge-v0__exp3/NetHackChallenge-v0__option__random__n64__os0__max_episode_steps5000__discountprimitive__ent_coef0.01__exp3,0830-211803__NetHackChallenge-v0__exp3,NetHackChallenge-v0,option,random,0,10000000,5000,0,0.999,primitive,exp3,64,166257.94543354533,20.41,18.135081038896015,22.468520742226858,median-range,5,10001172
0830-211803__NetHackChallenge-v0__exp3/NetHackChallenge-v0__option__random__n64__os0__max_episode_steps5000__discountprimitive__ent_coef0.01__exp3,0830-211803__NetHackChallenge-v0__exp3,NetHackChallenge-v0,option,random,0,10000000,5000,0,0.999,primitive,exp3,64,172809.63825369053,20.68787711201936,17.732830049903473,22.701397363375683,median-range,5,10001172
0830-211803__NetHackChallenge-v0__exp3/NetHackChallenge-v0__option__random__n64__os0__max_episode_steps5000__discountprimitive__ent_coef0.01__exp3,0830-211803__NetHackChallenge-v0__exp3,NetHackChallenge-v0,option,random,0,10000000,5000,0,0.999,primitive,exp3,64,179619.51229156746,21.177901490701778,17.457534010072177,22.963725155963722,median-range,5,10001172
0830-211803__NetHackChallenge-v0__exp3/NetHackChallenge-v0__option__random__n64__os0__max_episode_steps5000__discountprimitive__ent_coef0.01__exp3,0830-211803__NetHackChallenge-v0__exp3,NetHackChallenge-v0,option,random,0,10000000,5000,0,0.999,primitive,exp3,64,186697.74164156883,20.799392228451975,17.5791036124588,23.700623811928683,median-range,5,10001172
0830-211803__NetHackChallenge-v0__exp3/NetHackChallenge-v0__option__random__n64__os0__max_episode_steps5000__discountprimitive__ent_coef0.01__exp3,0830-211803__NetHackChallenge-v0__exp3,NetHackChallenge-v0,option,random,0,10000000,5000,0,0.999,primitive,exp3,64,194054.90132654348,20.44977292817174,19.160860679150936,22.155649877651655,median-range,5,10001172
0830-211803__NetHackChallenge-v0__exp3/NetHackChallenge-v0__option__random__n64__os0__max_episode_steps5000__discountprimitive__ent_coef0.01__exp3,0830-211803__NetHackChallenge-v0__exp3,NetHackChallenge-v0,option,random,0,10000000,5000,0,0.999,primitive,exp3,64,201701.98309710034,20.803774092552764,19.621508970254503,22.03,median-range,5,10001172
0830-211803__NetHackChallenge-v0__exp3/NetHackChallenge-v0__option__random__n64__os0__max_episode_steps5000__discountprimitive__ent_coef0.01__exp3,0830-211803__NetHackChallenge-v0__exp3,NetHackChallenge-v0,option,random,0,10000000,5000,0,0.999,primitive,exp3,64,209650.4118535149,20.988713589488796,19.729958398634857,22.322117677489587,median-range,5,10001172
0830-211803__NetHackChallenge-v0__exp3/NetHackChallenge-v0__option__random__n64__os0__max_episode_steps5000__discountprimitive__ent_coef0.01__exp3,0830-211803__NetHackChallenge-v0__exp3,NetHackChallenge-v0,option,random,0,10000000,5000,0,0.999,primitive,exp3,64,217912.06271476764,19.8152128684536,18.925605770995404,21.972634434903746,median-range,5,10001172
0830-211803__NetHackChallenge-v0__exp3/NetHackChallenge-v0__option__random__n64__os0__max_episode_steps5000__discountprimitive__ent_coef0.01__exp3,0830-211803__NetHackChallenge-v0__exp3,NetHackChallenge-v0,option,random,0,10000000,5000,0,0.999,primitive,exp3,64,226499.27876022298,20.09891265593012,18.168751154102043,22.44186738830794,median-range,5,10001172
0830-211803__NetHackChallenge-v0__exp3/NetHackChallenge-v0__option__random__n64__os0__max_episode_steps5000__discountprimitive__ent_coef0.01__exp3,0830-211803__NetHackChallenge-v0__exp3,NetHackChallenge-v0,option,random,0,10000000,5000,0,0.999,primitive,exp3,64,235424.88947044706,19.34661482724342,18.794746527092705,22.612518641094358,median-range,5,10001172
0830-211803__NetHackChallenge-v0__exp3/NetHackChallenge-v0__option__random__n64__os0__max_episode_steps5000__discountprimitive__ent_coef0.01__exp3,0830-211803__NetHackChallenge-v0__exp3,NetHackChallenge-v0,option,random,0,10000000,5000,0,0.999,primitive,exp3,64,244702.22989471888,20.513518944582028,18.98763701216569,21.949490319457226,median-range,5,10001172
0830-211803__NetHackChallenge-v0__exp3/NetHackChallenge-v0__option__random__n64__os0__max_episode_steps5000__discountprimitive__ent_coef0.01__exp3,0830-211803__NetHackChallenge-v0__exp3,NetHackChallenge-v0,option,random,0,10000000,5000,0,0.999,primitive,exp3,64,254345.16057387594,19.664298011749096,18.557837764226942,22.87890791302921,median-range,5,10001172
0830-211803__NetHackChallenge-v0__exp3/NetHackChallenge-v0__option__random__n64__os0__max_episode_steps5000__discountprimitive__ent_coef0.01__exp3,0830-211803__NetHackChallenge-v0__exp3,NetHackChallenge-v0,option,random,0,10000000,5000,0,0.999,primitive,exp3,64,264368.08824825054,19.297928935001135,18.876242720630707,23.822387507508235,median-range,5,10001172
0830-211803__NetHackChallenge-v0__exp3/NetHackChallenge-v0__option__random__n64__os0__max_episode_steps5000__discountprimitive__ent_coef0.01__exp3,0830-211803__NetHackChallenge-v0__exp3,NetHackChallenge-v0,option,random,0,10000000,5000,0,0.999,primitive,exp3,64,274785.98738164204,20.430475114889923,18.42169132802395,24.676294010843463,median-range,5,10001172
0830-211803__NetHackChallenge-v0__exp3/NetHackChallenge-v0__option__random__n64__os0__max_episode_steps5000__discountprimitive__ent_coef0.01__exp3,0830-211803__NetHackChallenge-v0__exp3,NetHackChallenge-v0,option,random,0,10000000,5000,0,0.999,primitive,exp3,64,285614.4225334797,20.147633212100743,19.281685170822875,23.560641898117655,median-range,5,10001172
0830-211803__NetHackChallenge-v0__exp3/NetHackChallenge-v0__option__random__n64__os0__max_episode_steps5000__discountprimitive__ent_coef0.01__exp3,0830-211803__NetHackChallenge-v0__exp3,NetHackChallenge-v0,option,random,0,10000000,5000,0,0.999,primitive,exp3,64,296869.5716125983,21.396582543726684,20.417525460911165,23.036587761744588,median-range,5,10001172
0830-211803__NetHackChallenge-v0__exp3/NetHackChallenge-v0__option__random__n64__os0__max_episode_steps5000__discountprimitive__ent_coef0.01__exp3,0830-211803__NetHackChallenge-v0__exp3,NetHackChallenge-v0,option,random,0,10000000,5000,0,0.999,primitive,exp3,64,308568.2500473759,20.34745112649175,18.538793099817937,23.830091315547776,median-range,5,10001172
0830-211803__NetHackChallenge-v0__exp3/NetHackChallenge-v0__option__random__n64__os0__max_episode_steps5000__discountprimitive__ent_coef0.01__exp3,0830-211803__NetHackChallenge-v0__exp3,NetHackChallenge-v0,option,random,0,10000000,5000,0,0.999,primitive,exp3,64,320727.93590833433,20.226262999695457,18.532736393724093,23.688655979605446,median-range,5,10001172
0830-211803__NetHackChallenge-v0__exp3/NetHackChallenge-v0__option__random__n64__os0__max_episode_steps5000__discountprimitive__ent_coef0.01__exp3,0830-211803__NetHackChallenge-v0__exp3,NetHackChallenge-v0,option,random,0,10000000,5000,0,0.999,primitive,exp3,64,333366.79602074047,22.043666624941483,19.18525953758684,26.223908882949207,median-range,5,10001172
0830-211803__NetHackChallenge-v0__exp3/NetHackChallenge-v0__option__random__n64__os0__max_episode_steps5000__discountprimitive__ent_coef0.01__exp3,0830-211803__NetHackChallenge-v0__exp3,NetHackChallenge-v0,option,random,0,10000000,5000,0,0.999,primitive,exp3,64,346503.7131062274,22.64093027471308,18.65,26.680617013162717,median-range,5,10001172
0830-211803__NetHackChallenge-v0__exp3/NetHackChallenge-v0__option__random__n64__os0__max_episode_steps5000__discountprimitive__ent_coef0.01__exp3,0830-211803__NetHackChallenge-v0__exp3,NetHackChallenge-v0,option,random,0,10000000,5000,0,0.999,primitive,exp3,64,360158.3139939735,22.574843933018162,18.382797263303658,28.055602059797515,median-range,5,10001172
0830-211803__NetHackChallenge-v0__exp3/NetHackChallenge-v0__option__random__n64__os0__max_episode_steps5000__discountprimitive__ent_coef0.01__exp3,0830-211803__NetHackChallenge-v0__exp3,NetHackChallenge-v0,option,random,0,10000000,5000,0,0.999,primitive,exp3,64,374350.9989435965,22.875082313574918,19.093845623165855,30.25955579031189,median-range,5,10001172
0830-211803__NetHackChallenge-v0__exp3/NetHackChallenge-v0__option__random__n64__os0__max_episode_steps5000__discountprimitive__ent_coef0.01__exp3,0830-211803__NetHackChallenge-v0__exp3,NetHackChallenge-v0,option,random,0,10000000,5000,0,0.999,primitive,exp3,64,389102.9721235695,24.506638491351247,18.642141625988394,30.357170054402122,median-range,5,10001172
0830-211803__NetHackChallenge-v0__exp3/NetHackChallenge-v0__option__random__n64__os0__max_episode_steps5000__discountprimitive__ent_coef0.01__exp3,0830-211803__NetHackChallenge-v0__exp3,NetHackChallenge-v0,option,random,0,10000000,5000,0,0.999,primitive,exp3,64,404436.2732906895,24.52851525533996,20.539874573969474,30.5,median-range,5,10001172
0830-211803__NetHackChallenge-v0__exp3/NetHackChallenge-v0__option__random__n64__os0__max_episode_steps5000__discountprimitive__ent_coef0.01__exp3,0830-211803__NetHackChallenge-v0__exp3,NetHackChallenge-v0,option,random,0,10000000,5000,0,0.999,primitive,exp3,64,420373.81071794004,25.584330488559058,21.26203439333407,31.25178115844445,median-range,5,10001172
0830-211803__NetHackChallenge-v0__exp3/NetHackChallenge-v0__option__random__n64__os0__max_episode_steps5000__discountprimitive__ent_coef0.01__exp3,0830-211803__NetHackChallenge-v0__exp3,NetHackChallenge-v0,option,random,0,10000000,5000,0,0.999,primitive,exp3,64,436939.3954199284,26.62513102487866,21.321381652982183,33.16,median-range,5,10001172
0830-211803__NetHackChallenge-v0__exp3/NetHackChallenge-v0__option__random__n64__os0__max_episode_steps5000__discountprimitive__ent_coef0.01__exp3,0830-211803__NetHackChallenge-v0__exp3,NetHackChallenge-v0,option,random,0,10000000,5000,0,0.999,primitive,exp3,64,454157.7767270376,27.453867107407483,23.14515379840089,34.17755911545441,median-range,5,10001172
0830-211803__NetHackChallenge-v0__exp3/NetHackChallenge-v0__option__random__n64__os0__max_episode_steps5000__discountprimitive__ent_coef0.01__exp3,0830-211803__NetHackChallenge-v0__exp3,NetHackChallenge-v0,option,random,0,10000000,5000,0,0.999,primitive,exp3,64,472054.67926144897,27.971991188485045,24.34739605759352,35.41238056555703,median-range,5,10001172
0830-211803__NetHackChallenge-v0__exp3/NetHackChallenge-v0__option__random__n64__os0__max_episode_steps5000__discountprimitive__ent_coef0.01__exp3,0830-211803__NetHackChallenge-v0__exp3,NetHackChallenge-v0,option,random,0,10000000,5000,0,0.999,primitive,exp3,64,490656.84137026314,27.11692831513862,25.02160605626806,34.45736870374495,median-range,5,10001172
0830-211803__NetHackChallenge-v0__exp3/NetHackChallenge-v0__option__random__n64__os0__max_episode_steps5000__discountprimitive__ent_coef0.01__exp3,0830-211803__NetHackChallenge-v0__exp3,NetHackChallenge-v0,option,random,0,10000000,5000,0,0.999,primitive,exp3,64,509992.0550731511,27.408687282830435,26.83524906904698,32.834711276492676,median-range,5,10001172
0830-211803__NetHackChallenge-v0__exp3/NetHackChallenge-v0__option__random__n64__os0__max_episode_steps5000__discountprimitive__ent_coef0.01__exp3,0830-211803__NetHackChallenge-v0__exp3,NetHackChallenge-v0,option,random,0,10000000,5000,0,0.999,primitive,exp3,64,530089.2075842136,30.10157175154028,26.87134713602126,31.925485557515653,median-range,5,10001172
0830-211803__NetHackChallenge-v0__exp3/NetHackChallenge-v0__option__random__n64__os0__max_episode_steps5000__discountprimitive__ent_coef0.01__exp3,0830-211803__NetHackChallenge-v0__exp3,NetHackChallenge-v0,option,random,0,10000000,5000,0,0.999,primitive,exp3,64,550978.324470085,28.875636805655617,27.293187551092647,31.30107771348714,median-range,5,10001172
0830-211803__NetHackChallenge-v0__exp3/NetHackChallenge-v0__option__random__n64__os0__max_episode_steps5000__discountprimitive__ent_coef0.01__exp3,0830-211803__NetHackChallenge-v0__exp3,NetHackChallenge-v0,option,random,0,10000000,5000,0,0.999,primitive,exp3,64,572690.6145087536,30.22080185261273,27.879844085539453,30.602267856965714,median-range,5,10001172
0830-211803__NetHackChallenge-v0__exp3/NetHackChallenge-v0__option__random__n64__os0__max_episode_steps5000__discountprimitive__ent_coef0.01__exp3,0830-211803__NetHackChallenge-v0__exp3,NetHackChallenge-v0,option,random,0,10000000,5000,0,0.999,primitive,exp3,64,595258.5163161382,28.88672148404165,28.63154070193055,29.523884734509124,median-range,5,10001172
0830-211803__NetHackChallenge-v0__exp3/NetHackChallenge-v0__option__random__n64__os0__max_episode_steps5000__discountprimitive__ent_coef0.01__exp3,0830-211803__NetHackChallenge-v0__exp3,NetHackChallenge-v0,option,random,0,10000000,5000,0,0.999,primitive,exp3,64,618715.7468100492,29.393028298860028,27.777659085638973,30.624601682906096,median-range,5,10001172
0830-211803__NetHackChallenge-v0__exp3/NetHackChallenge-v0__option__random__n64__os0__max_episode_steps5000__discountprimitive__ent_coef0.01__exp3,0830-211803__NetHackChallenge-v0__exp3,NetHackChallenge-v0,option,random,0,10000000,5000,0,0.999,primitive,exp3,64,643097.3515839783,30.288521426799857,28.23873729010058,32.122226387847874,median-range,5,10001172
0830-211803__NetHackChallenge-v0__exp3/NetHackChallenge-v0__option__random__n64__os0__max_episode_steps5000__discountprimitive__ent_coef0.01__exp3,0830-211803__NetHackChallenge-v0__exp3,NetHackChallenge-v0,option,random,0,10000000,5000,0,0.999,primitive,exp3,64,668439.7572659448,31.101876821313084,27.085150856851836,35.3506150901697,median-range,5,10001172
0830-211803__NetHackChallenge-v0__exp3/NetHackChallenge-v0__option__random__n64__os0__max_episode_steps5000__discountprimitive__ent_coef0.01__exp3,0830-211803__NetHackChallenge-v0__exp3,NetHackChallenge-v0,option,random,0,10000000,5000,0,0.999,primitive,exp3,64,694780.825940641,30.316073827838196,25.097567161785573,33.80165188128199,median-range,5,10001172
0830-211803__NetHackChallenge-v0__exp3/NetHackChallenge-v0__option__random__n64__os0__max_episode_steps5000__discountprimitive__ent_coef0.01__exp3,0830-211803__NetHackChallenge-v0__exp3,NetHackChallenge-v0,option,random,0,10000000,5000,0,0.999,primitive,exp3,64,722159.9117161811,33.39498427950424,27.949537047006434,36.90834174562845,median-range,5,10001172
0830-211803__NetHackChallenge-v0__exp3/NetHackChallenge-v0__option__random__n64__os0__max_episode_steps5000__discountprimitive__ent_coef0.01__exp3,0830-211803__NetHackChallenge-v0__exp3,NetHackChallenge-v0,option,random,0,10000000,5000,0,0.999,primitive,exp3,64,750617.9195199572,33.928560693166645,28.60123939333425,40.64908859220367,median-range,5,10001172
0830-211803__NetHackChallenge-v0__exp3/NetHackChallenge-v0__option__random__n64__os0__max_episode_steps5000__discountprimitive__ent_coef0.01__exp3,0830-211803__NetHackChallenge-v0__exp3,NetHackChallenge-v0,option,random,0,10000000,5000,0,0.999,primitive,exp3,64,780197.366211467,35.7506176568862,32.16304872645633,41.66421599973745,median-range,5,10001172
0830-211803__NetHackChallenge-v0__exp3/NetHackChallenge-v0__option__random__n64__os0__max_episode_steps5000__discountprimitive__ent_coef0.01__exp3,0830-211803__NetHackChallenge-v0__exp3,NetHackChallenge-v0,option,random,0,10000000,5000,0,0.999,primitive,exp3,64,810942.4441033805,37.666446261211064,34.78985637769576,39.49676667437155,median-range,5,10001172
0830-211803__NetHackChallenge-v0__exp3/NetHackChallenge-v0__option__random__n64__os0__max_episode_steps5000__discountprimitive__ent_coef0.01__exp3,0830-211803__NetHackChallenge-v0__exp3,NetHackChallenge-v0,option,random,0,10000000,5000,0,0.999,primitive,exp3,64,842899.0869857913,37.92,31.896836459462403,41.63521714670401,median-range,5,10001172
0830-211803__NetHackChallenge-v0__exp3/NetHackChallenge-v0__option__random__n64__os0__max_episode_steps5000__discountprimitive__ent_coef0.01__exp3,0830-211803__NetHackChallenge-v0__exp3,NetHackChallenge-v0,option,random,0,10000000,5000,0,0.999,primitive,exp3,64,876115.0387522536,39.98970599681864,34.239917225941554,41.68152360489122,median-range,5,10001172
0830-211803__NetHackChallenge-v0__exp3/NetHackChallenge-v0__option__random__n64__os0__max_episode_steps5000__discountprimitive__ent_coef0.01__exp3,0830-211803__NetHackChallenge-v0__exp3,NetHackChallenge-v0,option,random,0,10000000,5000,0,0.999,primitive,exp3,64,910639.9247301616,37.303075944545895,32.223371822281166,47.1952427219306,median-range,5,10001172
0830-211803__NetHackChallenge-v0__exp3/NetHackChallenge-v0__option__random__n64__os0__max_episode_steps5000__discountprimitive__ent_coef0.01__exp3,0830-211803__NetHackChallenge-v0__exp3,NetHackChallenge-v0,option,random,0,10000000,5000,0,0.999,primitive,exp3,64,946525.3258220265,39.49270363963517,31.9139856154276,45.97372180813128,median-range,5,10001172
0830-211803__NetHackChallenge-v0__exp3/NetHackChallenge-v0__option__random__n64__os0__max_episode_steps5000__discountprimitive__ent_coef0.01__exp3,0830-211803__NetHackChallenge-v0__exp3,NetHackChallenge-v0,option,random,0,10000000,5000,0,0.999,primitive,exp3,64,983824.8555684279,42.71470290670765,34.62522671826484,47.652971095031,median-range,5,10001172
0830-211803__NetHackChallenge-v0__exp3/NetHackChallenge-v0__option__random__n64__os0__max_episode_steps5000__discountprimitive__ent_coef0.01__exp3,0830-211803__NetHackChallenge-v0__exp3,NetHackChallenge-v0,option,random,0,10000000,5000,0,0.999,primitive,exp3,64,1022594.2402477574,40.76758718088728,40.13380439922451,43.00064988337732,median-range,5,10001172
0830-211803__NetHackChallenge-v0__exp3/NetHackChallenge-v0__option__random__n64__os0__max_episode_steps5000__discountprimitive__ent_coef0.01__exp3,0830-211803__NetHackChallenge-v0__exp3,NetHackChallenge-v0,option,random,0,10000000,5000,0,0.999,primitive,exp3,64,1062891.402132459,44.91970491810409,37.450978670052876,55.13708098495774,median-range,5,10001172
0830-211803__NetHackChallenge-v0__exp3/NetHackChallenge-v0__option__random__n64__os0__max_episode_steps5000__discountprimitive__ent_coef0.01__exp3,0830-211803__NetHackChallenge-v0__exp3,NetHackChallenge-v0,option,random,0,10000000,5000,0,0.999,primitive,exp3,64,1104776.5460261009,45.784170290060224,30.11477555199384,59.9584679423245,median-range,5,10001172
0830-211803__NetHackChallenge-v0__exp3/NetHackChallenge-v0__option__random__n64__os0__max_episode_steps5000__discountprimitive__ent_coef0.01__exp3,0830-211803__NetHackChallenge-v0__exp3,NetHackChallenge-v0,option,random,0,10000000,5000,0,0.999,primitive,exp3,64,1148312.2492106273,44.89696874015428,34.48612086287176,54.42982277065607,median-range,5,10001172
0830-211803__NetHackChallenge-v0__exp3/NetHackChallenge-v0__option__random__n64__os0__max_episode_steps5000__discountprimitive__ent_coef0.01__exp3,0830-211803__NetHackChallenge-v0__exp3,NetHackChallenge-v0,option,random,0,10000000,5000,0,0.999,primitive,exp3,64,1193563.5549381194,44.24,36.52624353184845,51.49706752365717,median-range,5,10001172
0830-211803__NetHackChallenge-v0__exp3/NetHackChallenge-v0__option__random__n64__os0__max_episode_steps5000__discountprimitive__ent_coef0.01__exp3,0830-211803__NetHackChallenge-v0__exp3,NetHackChallenge-v0,option,random,0,10000000,5000,0,0.999,primitive,exp3,64,1240598.0696067777,43.33797131326537,34.765318361821635,48.028992064987726,median-range,5,10001172
0830-211803__NetHackChallenge-v0__exp3/NetHackChallenge-v0__option__random__n64__os0__max_episode_steps5000__discountprimitive__ent_coef0.01__exp3,0830-211803__NetHackChallenge-v0__exp3,NetHackChallenge-v0,option,random,0,10000000,5000,0,0.999,primitive,exp3,64,1289486.0637662965,41.03350961334716,34.387618593716155,44.23834366494859,median-range,5,10001172
0830-211803__NetHackChallenge-v0__exp3/NetHackChallenge-v0__option__random__n64__os0__max_episode_steps5000__discountprimitive__ent_coef0.01__exp3,0830-211803__NetHackChallenge-v0__exp3,NetHackChallenge-v0,option,random,0,10000000,5000,0,0.999,primitive,exp3,64,1340300.577103539,40.50143641773249,37.26488582882259,46.600855763530916,median-range,5,10001172
0830-211803__NetHackChallenge-v0__exp3/NetHackChallenge-v0__option__random__n64__os0__max_episode_steps5000__discountprimitive__ent_coef0.01__exp3,0830-211803__NetHackChallenge-v0__exp3,NetHackChallenge-v0,option,random,0,10000000,5000,0,0.999,primitive,exp3,64,1393117.5275653482,46.59045824473522,41.1005488909751,49.88920607668903,median-range,5,10001172
0830-211803__NetHackChallenge-v0__exp3/NetHackChallenge-v0__option__random__n64__os0__max_episode_steps5000__discountprimitive__ent_coef0.01__exp3,0830-211803__NetHackChallenge-v0__exp3,NetHackChallenge-v0,option,random,0,10000000,5000,0,0.999,primitive,exp3,64,1448015.824781568,44.80407768496536,42.094270726987276,49.02806868345464,median-range,5,10001172
0830-211803__NetHackChallenge-v0__exp3/NetHackChallenge-v0__option__random__n64__os0__max_episode_steps5000__discountprimitive__ent_coef0.01__exp3,0830-211803__NetHackChallenge-v0__exp3,NetHackChallenge-v0,option,random,0,10000000,5000,0,0.999,primitive,exp3,64,1505077.48795766,43.30784460830974,39.79987977686026,49.19809729188878,median-range,5,10001172
0830-211803__NetHackChallenge-v0__exp3/NetHackChallenge-v0__option__random__n64__os0__max_episode_steps5000__discountprimitive__ent_coef0.01__exp3,0830-211803__NetHackChallenge-v0__exp3,NetHackChallenge-v0,option,random,0,10000000,5000,0,0.999,primitive,exp3,64,1564387.7684131337,44.56383523337148,36.67547666375672,51.218617519681175,median-range,5,10001172
0830-211803__NetHackChallenge-v0__exp3/NetHackChallenge-v0__option__random__n64__os0__max_episode_steps5000__discountprimitive__ent_coef0.01__exp3,0830-211803__NetHackChallenge-v0__exp3,NetHackChallenge-v0,option,random,0,10000000,5000,0,0.999,primitive,exp3,64,1626035.2769487908,41.98270887351073,36.247001313968376,51.209283849274875,median-range,5,10001172
0830-211803__NetHackChallenge-v0__exp3/NetHackChallenge-v0__option__random__n64__os0__max_episode_steps5000__discountprimitive__ent_coef0.01__exp3,0830-211803__NetHackChallenge-v0__exp3,NetHackChallenge-v0,option,random,0,10000000,5000,0,0.999,primitive,exp3,64,1690112.1162331211,42.4952593652622,37.02041474523775,55.027450720210965,median-range,5,10001172
0830-211803__NetHackChallenge-v0__exp3/NetHackChallenge-v0__option__random__n64__os0__max_episode_steps5000__discountprimitive__ent_coef0.01__exp3,0830-211803__NetHackChallenge-v0__exp3,NetHackChallenge-v0,option,random,0,10000000,5000,0,0.999,primitive,exp3,64,1756714.018405616,48.759377579286706,35.35972951777518,58.128053416876305,median-range,5,10001172
0830-211803__NetHackChallenge-v0__exp3/NetHackChallenge-v0__option__random__n64__os0__max_episode_steps5000__discountprimitive__ent_coef0.01__exp3,0830-211803__NetHackChallenge-v0__exp3,NetHackChallenge-v0,option,random,0,10000000,5000,0,0.999,primitive,exp3,64,1825940.488102594,42.66008626402652,34.10384464463889,50.29555630481297,median-range,5,10001172
0830-211803__NetHackChallenge-v0__exp3/NetHackChallenge-v0__option__random__n64__os0__max_episode_steps5000__discountprimitive__ent_coef0.01__exp3,0830-211803__NetHackChallenge-v0__exp3,NetHackChallenge-v0,option,random,0,10000000,5000,0,0.999,primitive,exp3,64,1897894.9511191957,42.66375249325768,36.25378891022669,51.88469394283445,median-range,5,10001172
0830-211803__NetHackChallenge-v0__exp3/NetHackChallenge-v0__option__random__n64__os0__max_episode_steps5000__discountprimitive__ent_coef0.01__exp3,0830-211803__NetHackChallenge-v0__exp3,NetHackChallenge-v0,option,random,0,10000000,5000,0,0.999,primitive,exp3,64,1972684.908929713,44.78806617206306,36.464273564848966,51.011555841375156,median-range,5,10001172
0830-211803__NetHackChallenge-v0__exp3/NetHackChallenge-v0__option__random__n64__os0__max_episode_steps5000__discountprimitive__ent_coef0.01__exp3,0830-211803__NetHackChallenge-v0__exp3,NetHackChallenge-v0,option,random,0,10000000,5000,0,0.999,primitive,exp3,64,2050422.0992970127,40.79577305688006,35.05342068884224,54.48238156865637,median-range,5,10001172
0830-211803__NetHackChallenge-v0__exp3/NetHackChallenge-v0__option__random__n64__os0__max_episode_steps5000__discountprimitive__ent_coef0.01__exp3,0830-211803__NetHackChallenge-v0__exp3,NetHackChallenge-v0,option,random,0,10000000,5000,0,0.999,primitive,exp3,64,2131222.66321112,39.584739352195236,29.18402777616273,58.6924776792909,median-range,5,10001172
0830-211803__NetHackChallenge-v0__exp3/NetHackChallenge-v0__option__random__n64__os0__max_episode_steps5000__discountprimitive__ent_coef0.01__exp3,0830-211803__NetHackChallenge-v0__exp3,NetHackChallenge-v0,option,random,0,10000000,5000,0,0.999,primitive,exp3,64,2215207.318406274,42.125061310577365,28.947556376675596,63.006320115647966,median-range,5,10001172
0830-211803__NetHackChallenge-v0__exp3/NetHackChallenge-v0__option__random__n64__os0__max_episode_steps5000__discountprimitive__ent_coef0.01__exp3,0830-211803__NetHackChallenge-v0__exp3,NetHackChallenge-v0,option,random,0,10000000,5000,0,0.999,primitive,exp3,64,2302501.539715755,43.929654116446585,31.77912568882129,59.00153302411043,median-range,5,10001172
0830-211803__NetHackChallenge-v0__exp3/NetHackChallenge-v0__option__random__n64__os0__max_episode_steps5000__discountprimitive__ent_coef0.01__exp3,0830-211803__NetHackChallenge-v0__exp3,NetHackChallenge-v0,option,random,0,10000000,5000,0,0.999,primitive,exp3,64,2393235.746533911,44.34158811439563,32.459308522700184,55.466390342018975,median-range,5,10001172
0830-211803__NetHackChallenge-v0__exp3/NetHackChallenge-v0__option__random__n64__os0__max_episode_steps5000__discountprimitive__ent_coef0.01__exp3,0830-211803__NetHackChallenge-v0__exp3,NetHackChallenge-v0,option,random,0,10000000,5000,0,0.999,primitive,exp3,64,2487545.49766547,49.71488445586235,33.1090834293122,54.890302375451824,median-range,5,10001172
0830-211803__NetHackChallenge-v0__exp3/NetHackChallenge-v0__option__random__n64__os0__max_episode_steps5000__discountprimitive__ent_coef0.01__exp3,0830-211803__NetHackChallenge-v0__exp3,NetHackChallenge-v0,option,random,0,10000000,5000,0,0.999,primitive,exp3,64,2585571.6938532107,51.83532748012844,34.08233586824353,57.800831556384495,median-range,5,10001172
0830-211803__NetHackChallenge-v0__exp3/NetHackChallenge-v0__option__random__n64__os0__max_episode_steps5000__discountprimitive__ent_coef0.01__exp3,0830-211803__NetHackChallenge-v0__exp3,NetHackChallenge-v0,option,random,0,10000000,5000,0,0.999,primitive,exp3,64,2687460.7882866594,42.64837920916061,37.05908526837476,66.9860770150294,median-range,5,10001172
0830-211803__NetHackChallenge-v0__exp3/NetHackChallenge-v0__option__random__n64__os0__max_episode_steps5000__discountprimitive__ent_coef0.01__exp3,0830-211803__NetHackChallenge-v0__exp3,NetHackChallenge-v0,option,random,0,10000000,5000,0,0.999,primitive,exp3,64,2793365.0054061795,48.07124844442598,41.46448208115752,66.56816092178666,median-range,5,10001172
0830-211803__NetHackChallenge-v0__exp3/NetHackChallenge-v0__option__random__n64__os0__max_episode_steps5000__discountprimitive__ent_coef0.01__exp3,0830-211803__NetHackChallenge-v0__exp3,NetHackChallenge-v0,option,random,0,10000000,5000,0,0.999,primitive,exp3,64,2903442.568329509,52.69430385387856,38.48331105776561,64.48305905011078,median-range,5,10001172
0830-211803__NetHackChallenge-v0__exp3/NetHackChallenge-v0__option__random__n64__os0__max_episode_steps5000__discountprimitive__ent_coef0.01__exp3,0830-211803__NetHackChallenge-v0__exp3,NetHackChallenge-v0,option,random,0,10000000,5000,0,0.999,primitive,exp3,64,3017857.9352403907,54.68247081910272,40.03304021325525,60.9870479477864,median-range,5,10001172
0830-211803__NetHackChallenge-v0__exp3/NetHackChallenge-v0__option__random__n64__os0__max_episode_steps5000__discountprimitive__ent_coef0.01__exp3,0830-211803__NetHackChallenge-v0__exp3,NetHackChallenge-v0,option,random,0,10000000,5000,0,0.999,primitive,exp3,64,3136782.045092547,57.694569735780206,41.42329069456872,67.55944106664975,median-range,5,10001172
0830-211803__NetHackChallenge-v0__exp3/NetHackChallenge-v0__option__random__n64__os0__max_episode_steps5000__discountprimitive__ent_coef0.01__exp3,0830-211803__NetHackChallenge-v0__exp3,NetHackChallenge-v0,option,random,0,10000000,5000,0,0.999,primitive,exp3,64,3260392.5729960557,53.14692694084476,38.03818372607472,63.07783384284142,median-range,5,10001172
0830-211803__NetHackChallenge-v0__exp3/NetHackChallenge-v0__option__random__n64__os0__max_episode_steps5000__discountprimitive__ent_coef0.01__exp3,0830-211803__NetHackChallenge-v0__exp3,NetHackChallenge-v0,option,random,0,10000000,5000,0,0.999,primitive,exp3,64,3388874.1956676915,47.52226398381876,41.902454299644596,62.617546971317864,median-range,5,10001172
0830-211803__NetHackChallenge-v0__exp3/NetHackChallenge-v0__option__random__n64__os0__max_episode_steps5000__discountprimitive__ent_coef0.01__exp3,0830-211803__NetHackChallenge-v0__exp3,NetHackChallenge-v0,option,random,0,10000000,5000,0,0.999,primitive,exp3,64,3522418.8673417806,47.353576622788225,38.217763367573184,59.75396317607033,median-range,5,10001172
0830-211803__NetHackChallenge-v0__exp3/NetHackChallenge-v0__option__random__n64__os0__max_episode_steps5000__discountprimitive__ent_coef0.01__exp3,0830-211803__NetHackChallenge-v0__exp3,NetHackChallenge-v0,option,random,0,10000000,5000,0,0.999,primitive,exp3,64,3661226.1065538926,57.81157329008879,41.97789915987127,61.327948875647934,median-range,5,10001172
0830-211803__NetHackChallenge-v0__exp3/NetHackChallenge-v0__option__random__n64__os0__max_episode_steps5000__discountprimitive__ent_coef0.01__exp3,0830-211803__NetHackChallenge-v0__exp3,NetHackChallenge-v0,option,random,0,10000000,5000,0,0.999,primitive,exp3,64,3805503.2942256555,55.157134586310406,49.92206314886239,65.01816509955864,median-range,5,10001172
0830-211803__NetHackChallenge-v0__exp3/NetHackChallenge-v0__option__random__n64__os0__max_episode_steps5000__discountprimitive__ent_coef0.01__exp3,0830-211803__NetHackChallenge-v0__exp3,NetHackChallenge-v0,option,random,0,10000000,5000,0,0.999,primitive,exp3,64,3955465.983496244,55.97143523537716,47.8254421932167,62.95821138539013,median-range,5,10001172
0830-211803__NetHackChallenge-v0__exp3/NetHackChallenge-v0__option__random__n64__os0__max_episode_steps5000__discountprimitive__ent_coef0.01__exp3,0830-211803__NetHackChallenge-v0__exp3,NetHackChallenge-v0,option,random,0,10000000,5000,0,0.999,primitive,exp3,64,4111338.221763253,58.803999313557185,48.10868605765679,66.93610713126384,median-range,5,10001172
0830-211803__NetHackChallenge-v0__exp3/NetHackChallenge-v0__option__random__n64__os0__max_episode_steps5000__discountprimitive__ent_coef0.01__exp3,0830-211803__NetHackChallenge-v0__exp3,NetHackChallenge-v0,option,random,0,10000000,5000,0,0.999,primitive,exp3,64,4273352.885414209,56.390081193798935,47.3321811254581,64.58520968752289,median-range,5,10001172
0830-211803__NetHackChallenge-v0__exp3/NetHackChallenge-v0__option__random__n64__os0__max_episode_steps5000__discountprimitive__ent_coef0.01__exp3,0830-211803__NetHackChallenge-v0__exp3,NetHackChallenge-v0,option,random,0,10000000,5000,0,0.999,primitive,exp3,64,4441752.027748769,52.69831502937369,36.6531825489629,60.345356225895,median-range,5,10001172
0830-211803__NetHackChallenge-v0__exp3/NetHackChallenge-v0__option__random__n64__os0__max_episode_steps5000__discountprimitive__ent_coef0.01__exp3,0830-211803__NetHackChallenge-v0__exp3,NetHackChallenge-v0,option,random,0,10000000,5000,0,0.999,primitive,exp3,64,4616787.2406114265,63.72544625378905,49.31838741669157,70.18009640698423,median-range,5,10001172
0830-211803__NetHackChallenge-v0__exp3/NetHackChallenge-v0__option__random__n64__os0__max_episode_steps5000__discountprimitive__ent_coef0.01__exp3,0830-211803__NetHackChallenge-v0__exp3,NetHackChallenge-v0,option,random,0,10000000,5000,0,0.999,primitive,exp3,64,4798720.030274957,58.222461399841556,55.52755724093662,63.14219234715378,median-range,5,10001172
0830-211803__NetHackChallenge-v0__exp3/NetHackChallenge-v0__option__random__n64__os0__max_episode_steps5000__discountprimitive__ent_coef0.01__exp3,0830-211803__NetHackChallenge-v0__exp3,NetHackChallenge-v0,option,random,0,10000000,5000,0,0.999,primitive,exp3,64,4987822.208136332,60.06916150542214,51.72926714286904,71.9928330596193,median-range,5,10001172
0830-211803__NetHackChallenge-v0__exp3/NetHackChallenge-v0__option__random__n64__os0__max_episode_steps5000__discountprimitive__ent_coef0.01__exp3,0830-211803__NetHackChallenge-v0__exp3,NetHackChallenge-v0,option,random,0,10000000,5000,0,0.999,primitive,exp3,64,5184376.296808561,61.820043015733525,50.05295455063243,64.07324611540187,median-range,5,10001172
0830-211803__NetHackChallenge-v0__exp3/NetHackChallenge-v0__option__random__n64__os0__max_episode_steps5000__discountprimitive__ent_coef0.01__exp3,0830-211803__NetHackChallenge-v0__exp3,NetHackChallenge-v0,option,random,0,10000000,5000,0,0.999,primitive,exp3,64,5388675.952215456,58.887176631649325,51.952703239413914,65.66161338520364,median-range,5,10001172
0830-211803__NetHackChallenge-v0__exp3/NetHackChallenge-v0__option__random__n64__os0__max_episode_steps5000__discountprimitive__ent_coef0.01__exp3,0830-211803__NetHackChallenge-v0__exp3,NetHackChallenge-v0,option,random,0,10000000,5000,0,0.999,primitive,exp3,64,5601026.402319695,65.01154133023077,60.667257459665,66.74061929513412,median-range,5,10001172
0830-211803__NetHackChallenge-v0__exp3/NetHackChallenge-v0__option__random__n64__os0__max_episode_steps5000__discountprimitive__ent_coef0.01__exp3,0830-211803__NetHackChallenge-v0__exp3,NetHackChallenge-v0,option,random,0,10000000,5000,0,0.999,primitive,exp3,64,5821744.903139792,57.10502794323721,54.220453555393675,66.18323489168571,median-range,5,10001172
0830-211803__NetHackChallenge-v0__exp3/NetHackChallenge-v0__option__random__n64__os0__max_episode_steps5000__discountprimitive__ent_coef0.01__exp3,0830-211803__NetHackChallenge-v0__exp3,NetHackChallenge-v0,option,random,0,10000000,5000,0,0.999,primitive,exp3,64,6051161.212737241,59.75663322479372,53.10788195723434,75.73071623550499,median-range,5,10001172
0830-211803__NetHackChallenge-v0__exp3/NetHackChallenge-v0__option__random__n64__os0__max_episode_steps5000__discountprimitive__ent_coef0.01__exp3,0830-211803__NetHackChallenge-v0__exp3,NetHackChallenge-v0,option,random,0,10000000,5000,0,0.999,primitive,exp3,64,6289618.083881968,58.85826683900823,56.6496768433831,66.06128552227105,median-range,5,10001172
0830-211803__NetHackChallenge-v0__exp3/NetHackChallenge-v0__option__random__n64__os0__max_episode_steps5000__discountprimitive__ent_coef0.01__exp3,0830-211803__NetHackChallenge-v0__exp3,NetHackChallenge-v0,option,random,0,10000000,5000,0,0.999,primitive,exp3,64,6537471.776132099,60.77099234761473,54.9884406912687,64.23893997584317,median-range,5,10001172
0830-211803__NetHackChallenge-v0__exp3/NetHackChallenge-v0__option__random__n64__os0__max_episode_steps5000__discountprimitive__ent_coef0.01__exp3,0830-211803__NetHackChallenge-v0__exp3,NetHackChallenge-v0,option,random,0,10000000,5000,0,0.999,primitive,exp3,64,6795092.588093287,57.11734455604912,53.59131151144234,69.12220307943396,median-range,5,10001172
0830-211803__NetHackChallenge-v0__exp3/NetHackChallenge-v0__option__random__n64__os0__max_episode_steps5000__discountprimitive__ent_coef0.01__exp3,0830-211803__NetHackChallenge-v0__exp3,NetHackChallenge-v0,option,random,0,10000000,5000,0,0.999,primitive,exp3,64,7062865.410652481,60.79023994999536,54.20568203526169,76.29223155276082,median-range,5,10001172
0830-211803__NetHackChallenge-v0__exp3/NetHackChallenge-v0__option__random__n64__os0__max_episode_steps5000__discountprimitive__ent_coef0.01__exp3,0830-211803__NetHackChallenge-v0__exp3,NetHackChallenge-v0,option,random,0,10000000,5000,0,0.999,primitive,exp3,64,7341190.302013055,62.044497697597805,55.613206661689254,64.62617696066366,median-range,5,10001172
0830-211803__NetHackChallenge-v0__exp3/NetHackChallenge-v0__option__random__n64__os0__max_episode_steps5000__discountprimitive__ent_coef0.01__exp3,0830-211803__NetHackChallenge-v0__exp3,NetHackChallenge-v0,option,random,0,10000000,5000,0,0.999,primitive,exp3,64,7630483.085390097,61.64664830179553,55.209917917221276,64.75568445285407,median-range,5,10001172
0830-211803__NetHackChallenge-v0__exp3/NetHackChallenge-v0__option__random__n64__os0__max_episode_steps5000__discountprimitive__ent_coef0.01__exp3,0830-211803__NetHackChallenge-v0__exp3,NetHackChallenge-v0,option,random,0,10000000,5000,0,0.999,primitive,exp3,64,7931175.970259002,61.10444782237519,54.903874193885756,62.20710508965468,median-range,5,10001172
0830-211803__NetHackChallenge-v0__exp3/NetHackChallenge-v0__option__random__n64__os0__max_episode_steps5000__discountprimitive__ent_coef0.01__exp3,0830-211803__NetHackChallenge-v0__exp3,NetHackChallenge-v0,option,random,0,10000000,5000,0,0.999,primitive,exp3,64,8243718.198085503,59.3715561648415,54.6901775897512,63.66132398259973,median-range,5,10001172
0830-211803__NetHackChallenge-v0__exp3/NetHackChallenge-v0__option__random__n64__os0__max_episode_steps5000__discountprimitive__ent_coef0.01__exp3,0830-211803__NetHackChallenge-v0__exp3,NetHackChallenge-v0,option,random,0,10000000,5000,0,0.999,primitive,exp3,64,8568576.713501751,62.310864815487456,61.38309966465466,65.66861978972338,median-range,5,10001172
0830-211803__NetHackChallenge-v0__exp3/NetHackChallenge-v0__option__random__n64__os0__max_episode_steps5000__discountprimitive__ent_coef0.01__exp3,0830-211803__NetHackChallenge-v0__exp3,NetHackChallenge-v0,option,random,0,10000000,5000,0,0.999,primitive,exp3,64,8906236.8619315,60.07126792836727,54.391904194326585,67.47359958892739,median-range,5,10001172
0830-211803__NetHackChallenge-v0__exp3/NetHackChallenge-v0__option__random__n64__os0__max_episode_steps5000__discountprimitive__ent_coef0.01__exp3,0830-211803__NetHackChallenge-v0__exp3,NetHackChallenge-v0,option,random,0,10000000,5000,0,0.999,primitive,exp3,64,9257203.114706185,58.05466994811021,55.98608159638012,70.86104357345758,median-range,5,10001172
0830-211803__NetHackChallenge-v0__exp3/NetHackChallenge-v0__option__random__n64__os0__max_episode_steps5000__discountprimitive__ent_coef0.01__exp3,0830-211803__NetHackChallenge-v0__exp3,NetHackChallenge-v0,option,random,0,10000000,5000,0,0.999,primitive,exp3,64,9621999.822755778,61.7738885406535,59.719973230462685,70.86008943787657,median-range,5,10001172
0830-211803__NetHackChallenge-v0__exp3/NetHackChallenge-v0__option__random__n64__os0__max_episode_steps5000__discountprimitive__ent_coef0.01__exp3,0830-211803__NetHackChallenge-v0__exp3,NetHackChallenge-v0,option,random,0,10000000,5000,0,0.999,primitive,exp3,64,10001172.0,59.22,54.26964856230032,73.4507632334838,median-range,5,10001172
0830-211803__NetHackChallenge-v0__exp3/NetHackChallenge-v0__option__random__n64__os1__max_episode_steps5000__discountprimitive__ent_coef0.01__exp3,0830-211803__NetHackChallenge-v0__exp3,NetHackChallenge-v0,option,random,1,10000000,5000,0,0.999,primitive,exp3,64,3308.0,2.880998286203942,0.34132933533233384,5.046916615447654,median-range,5,9999750
0830-211803__NetHackChallenge-v0__exp3/NetHackChallenge-v0__option__random__n64__os1__max_episode_steps5000__discountprimitive__ent_coef0.01__exp3,0830-211803__NetHackChallenge-v0__exp3,NetHackChallenge-v0,option,random,1,10000000,5000,0,0.999,primitive,exp3,64,3443.9359581710746,2.866437879373278,0.3752963413720826,5.353266859225942,median-range,5,9999750
0830-211803__NetHackChallenge-v0__exp3/NetHackChallenge-v0__option__random__n64__os1__max_episode_steps5000__discountprimitive__ent_coef0.01__exp3,0830-211803__NetHackChallenge-v0__exp3,NetHackChallenge-v0,option,random,1,10000000,5000,0,0.999,primitive,exp3,64,3585.4579455815347,2.851279140361875,0.4106591568169752,5.672205982666847,median-range,5,9999750
0830-211803__NetHackChallenge-v0__exp3/NetHackChallenge-v0__option__random__n64__os1__max_episode_steps5000__discountprimitive__ent_coef0.01__exp3,0830-211803__NetHackChallenge-v0__exp3,NetHackChallenge-v0,option,random,1,10000000,5000,0,0.999,primitive,exp3,64,3732.795509461437,2.8354974818486034,0.44747513979546155,6.004251301797953,median-range,5,9999750
0830-211803__NetHackChallenge-v0__exp3/NetHackChallenge-v0__option__random__n64__os1__max_episode_steps5000__discountprimitive__ent_coef0.01__exp3,0830-211803__NetHackChallenge-v0__exp3,NetHackChallenge-v0,option,random,1,10000000,5000,0,0.999,primitive,exp3,64,3886.1876298469647,2.819067306143213,0.48580400545901165,6.349941390763494,median-range,5,9999750
0830-211803__NetHackChallenge-v0__exp3/NetHackChallenge-v0__option__random__n64__os1__max_episode_steps5000__discountprimitive__ent_coef0.01__exp3,0830-211803__NetHackChallenge-v0__exp3,NetHackChallenge-v0,option,random,1,10000000,5000,0,0.999,primitive,exp3,64,4045.8831072036223,2.801961963667136,0.5085678803467374,6.70983695538616,median-range,5,9999750
0830-211803__NetHackChallenge-v0__exp3/NetHackChallenge-v0__option__random__n64__os1__max_episode_steps5000__discountprimitive__ent_coef0.01__exp3,0830-211803__NetHackChallenge-v0__exp3,NetHackChallenge-v0,option,random,1,10000000,5000,0,0.999,primitive,exp3,64,4212.140965978075,2.784153709728141,0.5224134715171614,7.084521742626269,median-range,5,9999750
0830-211803__NetHackChallenge-v0__exp3/NetHackChallenge-v0__option__random__n64__os1__max_episode_steps5000__discountprimitive__ent_coef0.01__exp3,0830-211803__NetHackChallenge-v0__exp3,NetHackChallenge-v0,option,random,1,10000000,5000,0,0.999,primitive,exp3,64,4385.230874733173,2.765613659518726,0.5368280208805107,7.474603487413419,median-range,5,9999750
0830-211803__NetHackChallenge-v0__exp3/NetHackChallenge-v0__option__random__n64__os1__max_episode_steps5000__discountprimitive__ent_coef0.01__exp3,0830-211803__NetHackChallenge-v0__exp3,NetHackChallenge-v0,option,random,1,10000000,5000,0,0.999,primitive,exp3,64,4565.433583547632,2.746311741265249,0.5518349086898428,7.880714898386387,median-range,5,9999750
0830-211803__NetHackChallenge-v0__exp3/NetHackChallenge-v0__option__random__n64__os1__max_episode_steps5000__discountprimitive__ent_coef0.01__exp3,0830-211803__NetHackChallenge-v0__exp3,NetHackChallenge-v0,option,random,1,10000000,5000,0,0.999,primitive,exp3,64,4753.0413793898215,2.7262166474518184,0.5674584759651751,8.303514684140143,median-range,5,9999750
0830-211803__NetHackChallenge-v0__exp3/NetHackChallenge-v0__option__random__n64__os1__max_episode_steps5000__discountprimitive__ent_coef0.01__exp3,0830-211803__NetHackChallenge-v0__exp3,NetHackChallenge-v0,option,random,1,10000000,5000,0,0.999,primitive,exp3,64,4948.358560204248,2.7052957840398193,0.583724063974371,8.743688621644484,median-range,5,9999750
0830-211803__NetHackChallenge-v0__exp3/NetHackChallenge-v0__option__random__n64__os1__max_episode_steps5000__discountprimitive__ent_coef0.01__exp3,0830-211803__NetHackChallenge-v0__exp3,NetHackChallenge-v0,option,random,1,10000000,5000,0,0.999,primitive,exp3,64,5151.7019284797625,2.683515217600711,0.6006580553364226,9.201950668567381,median-range,5,9999750
0830-211803__NetHackChallenge-v0__exp3/NetHackChallenge-v0__option__random__n64__os1__max_episode_steps5000__discountprimitive__ent_coef0.01__exp3,0830-211803__NetHackChallenge-v0__exp3,NetHackChallenge-v0,option,random,1,10000000,5000,0,0.999,primitive,exp3,64,5363.4013050999765,2.6608396202763522,0.6182879168137888,9.764410643568507,median-range,5,9999750
0830-211803__NetHackChallenge-v0__exp3/NetHackChallenge-v0__option__random__n64__os1__max_episode_steps5000__discountprimitive__ent_coef0.01__exp3,0830-211803__NetHackChallenge-v0__exp3,NetHackChallenge-v0,option,random,1,10000000,5000,0,0.999,primitive,exp3,64,5583.800064309395,2.6327425266990723,0.6366422438632074,10.383759378817176,median-range,5,9999750
0830-211803__NetHackChallenge-v0__exp3/NetHackChallenge-v0__option__random__n64__os1__max_episode_steps5000__discountprimitive__ent_coef0.01__exp3,0830-211803__NetHackChallenge-v0__exp3,NetHackChallenge-v0,option,random,1,10000000,5000,0,0.999,primitive,exp3,64,5813.2556906629625,2.494889942527508,0.6557508070172354,11.0285590704649,median-range,5,9999750
0830-211803__NetHackChallenge-v0__exp3/NetHackChallenge-v0__option__random__n64__os1__max_episode_steps5000__discountprimitive__ent_coef0.01__exp3,0830-211803__NetHackChallenge-v0__exp3,NetHackChallenge-v0,option,random,1,10000000,5000,0,0.999,primitive,exp3,64,6052.140358862394,2.3513725690222924,0.6756446001717518,11.69985557708014,median-range,5,9999750
0830-211803__NetHackChallenge-v0__exp3/NetHackChallenge-v0__option__random__n64__os1__max_episode_steps5000__discountprimitive__ent_coef0.01__exp3,0830-211803__NetHackChallenge-v0__exp3,NetHackChallenge-v0,option,random,1,10000000,5000,0,0.999,primitive,exp3,64,6300.8415374197675,2.201957622457334,0.6963558908577421,12.398737734796844,median-range,5,9999750
0830-211803__NetHackChallenge-v0__exp3/NetHackChallenge-v0__option__random__n64__os1__max_episode_steps5000__discountprimitive__ent_coef0.01__exp3,0830-211803__NetHackChallenge-v0__exp3,NetHackChallenge-v0,option,random,1,10000000,5000,0,0.999,primitive,exp3,64,6559.762617127524,2.046402753302779,0.7179182725789077,13.126339123395615,median-range,5,9999750
0830-211803__NetHackChallenge-v0__exp3/NetHackChallenge-v0__option__random__n64__os1__max_episode_steps5000__discountprimitive__ent_coef0.01__exp3,0830-211803__NetHackChallenge-v0__exp3,NetHackChallenge-v0,option,random,1,10000000,5000,0,0.999,primitive,exp3,64,6829.323565354255,2.0997301970073954,0.7403667192999879,13.883839904958652,median-range,5,9999750
0830-211803__NetHackChallenge-v0__exp3/NetHackChallenge-v0__option__random__n64__os1__max_episode_steps5000__discountprimitive__ent_coef0.01__exp3,0830-211803__NetHackChallenge-v0__exp3,NetHackChallenge-v0,option,random,1,10000000,5000,0,0.999,primitive,exp3,64,7109.96160722751,2.2116655983243634,0.7637376421741764,14.672468738080667,median-range,5,9999750
0830-211803__NetHackChallenge-v0__exp3/NetHackChallenge-v0__option__random__n64__os1__max_episode_steps5000__discountprimitive__ent_coef0.01__exp3,0830-211803__NetHackChallenge-v0__exp3,NetHackChallenge-v0,option,random,1,10000000,5000,0,0.999,primitive,exp3,64,7402.131934808533,2.328200771718503,0.7880689486016432,15.493504770740705,median-range,5,9999750
0830-211803__NetHackChallenge-v0__exp3/NetHackChallenge-v0__option__random__n64__os1__max_episode_steps5000__discountprimitive__ent_coef0.01__exp3,0830-211803__NetHackChallenge-v0__exp3,NetHackChallenge-v0,option,random,1,10000000,5000,0,0.999,primitive,exp3,64,7706.3084454091695,2.4098855564043307,0.8134001037149541,16.348279715067196,median-range,5,9999750
0830-211803__NetHackChallenge-v0__exp3/NetHackChallenge-v0__option__random__n64__os1__max_episode_steps5000__discountprimitive__ent_coef0.01__exp3,0830-211803__NetHackChallenge-v0__exp3,NetHackChallenge-v0,option,random,1,10000000,5000,0,0.999,primitive,exp3,64,8022.98451024851,2.375965669424967,0.8397721943911151,17.238180007361535,median-range,5,9999750
0830-211803__NetHackChallenge-v0__exp3/NetHackChallenge-v0__option__random__n64__os1__max_episode_steps5000__discountprimitive__ent_coef0.01__exp3,0830-211803__NetHackChallenge-v0__exp3,NetHackChallenge-v0,option,random,1,10000000,5000,0,0.999,primitive,exp3,64,8352.673774696006,2.3406519093084825,0.8672279958940712,18.164649056883732,median-range,5,9999750
0830-211803__NetHackChallenge-v0__exp3/NetHackChallenge-v0__option__random__n64__os1__max_episode_steps5000__discountprimitive__ent_coef0.01__exp3,0830-211803__NetHackChallenge-v0__exp3,NetHackChallenge-v0,option,random,1,10000000,5000,0,0.999,primitive,exp3,64,8695.910991399061,2.3038869974936738,0.8958120412557513,19.1291895870476,median-range,5,9999750
0830-211803__NetHackChallenge-v0__exp3/NetHackChallenge-v0__option__random__n64__os1__max_episode_steps5000__discountprimitive__ent_coef0.01__exp3,0830-211803__NetHackChallenge-v0__exp3,NetHackChallenge-v0,option,random,1,10000000,5000,0,0.999,primitive,exp3,64,9053.252887646404,2.265611301665981,0.9255706935081949,20.13336607282291,median-range,5,9999750
0830-211803__NetHackChallenge-v0__exp3/NetHackChallenge-v0__option__random__n64__os1__max_episode_steps5000__discountprimitive__ent_coef0.01__exp3,0830-211803__NetHackChallenge-v0__exp3,NetHackChallenge-v0,option,random,1,10000000,5000,0,0.999,primitive,exp3,64,9425.279068374111,2.225762739034478,0.95655222088392,21.178807278297953,median-range,5,9999750
0830-211803__NetHackChallenge-v0__exp3/NetHackChallenge-v0__option__random__n64__os1__max_episode_steps5000__discountprimitive__ent_coef0.01__exp3,0830-211803__NetHackChallenge-v0__exp3,NetHackChallenge-v0,option,random,1,10000000,5000,0,0.999,primitive,exp3,64,9812.59295627895,2.184276675634217,0.9888068751065082,22.267208898518398,median-range,5,9999750
0830-211803__NetHackChallenge-v0__exp3/NetHackChallenge-v0__option__random__n64__os1__max_episode_steps5000__discountprimitive__ent_coef0.01__exp3,0830-211803__NetHackChallenge-v0__exp3,NetHackChallenge-v0,option,random,1,10000000,5000,0,0.999,primitive,exp3,64,10215.82277056387,2.141085821490588,0.9745829080511855,23.400336309887457,median-range,5,9999750
0830-211803__NetHackChallenge-v0__exp3/NetHackChallenge-v0__option__random__n64__os1__max_episode_steps5000__discountprimitive__ent_coef0.01__exp3,0830-211803__NetHackChallenge-v0__exp3,NetHackChallenge-v0,option,random,1,10000000,5000,0,0.999,primitive,exp3,64,10635.622545903192,2.096120121475665,0.957199894579578,24.58002743358855,median-range,5,9999750
0830-211803__NetHackChallenge-v0__exp3/NetHackChallenge-v0__option__random__n64__os1__max_episode_steps5000__discountprimitive__ent_coef0.01__exp3,0830-211803__NetHackChallenge-v0__exp3,NetHackChallenge-v0,option,random,1,10000000,5000,0,0.999,primitive,exp3,64,11072.673193280227,2.049306641679496,0.9391025592844626,24.79820164902239,median-range,5,9999750
0830-211803__NetHackChallenge-v0__exp3/NetHackChallenge-v0__option__random__n64__os1__max_episode_steps5000__discountprimitive__ent_coef0.01__exp3,0830-211803__NetHackChallenge-v0__exp3,NetHackChallenge-v0,option,random,1,10000000,5000,0,0.999,primitive,exp3,64,11527.683604417989,2.0005694511120407,0.9202615484713048,21.886591740863558,median-range,5,9999750
0830-211803__NetHackChallenge-v0__exp3/NetHackChallenge-v0__option__random__n64__os1__max_episode_steps5000__discountprimitive__ent_coef0.01__exp3,0830-211803__NetHackChallenge-v0__exp3,NetHackChallenge-v0,option,random,1,10000000,5000,0,0.999,primitive,exp3,64,12001.391801594393,1.949829498543874,0.9006463022114123,19.148883955151014,median-range,5,9999750
0830-211803__NetHackChallenge-v0__exp3/NetHackChallenge-v0__option__random__n64__os1__max_episode_steps5000__discountprimitive__ent_coef0.01__exp3,0830-211803__NetHackChallenge-v0__exp3,NetHackChallenge-v0,option,random,1,10000000,5000,0,0.999,primitive,exp3,64,12494.56613470691,1.8970044842858922,0.880225004774041,17.15520446656595,median-range,5,9999750
0830-211803__NetHackChallenge-v0__exp3/NetHackChallenge-v0__option__random__n64__os1__max_episode_steps5000__discountprimitive__ent_coef0.01__exp3,0830-211803__NetHackChallenge-v0__exp3,NetHackChallenge-v0,option,random,1,10000000,5000,0,0.999,primitive,exp3,64,13008.006527528325,1.842008726700051,0.8589645330216015,18.169486797986917,median-range,5,9999750
0830-211803__NetHackChallenge-v0__exp3/NetHackChallenge-v0__option__random__n64__os1__max_episode_steps5000__discountprimitive__ent_coef0.01__exp3,0830-211803__NetHackChallenge-v0__exp3,NetHackChallenge-v0,option,random,1,10000000,5000,0,0.999,primitive,exp3,64,13542.545775175013,1.784753023224613,0.8368304026842646,19.22544912958258,median-range,5,9999750
0830-211803__NetHackChallenge-v0__exp3/NetHackChallenge-v0__option__random__n64__os1__max_episode_steps5000__discountprimitive__ent_coef0.01__exp3,0830-211803__NetHackChallenge-v0__exp3,NetHackChallenge-v0,option,random,1,10000000,5000,0,0.999,primitive,exp3,64,14099.050894892078,1.725144505688509,0.8137867124268291,17.232790559896635,median-range,5,9999750
0830-211803__NetHackChallenge-v0__exp3/NetHackChallenge-v0__option__random__n64__os1__max_episode_steps5000__discountprimitive__ent_coef0.01__exp3,0830-211803__NetHackChallenge-v0__exp3,NetHackChallenge-v0,option,random,1,10000000,5000,0,0.999,primitive,exp3,64,14678.424532346702,1.6630864896800874,0.8332519328478627,16.850051465806025,median-range,5,9999750
0830-211803__NetHackChallenge-v0__exp3/NetHackChallenge-v0__option__random__n64__os1__max_episode_steps5000__discountprimitive__ent_coef0.01__exp3,0830-211803__NetHackChallenge-v0__exp3,NetHackChallenge-v0,option,random,1,10000000,5000,0,0.999,primitive,exp3,64,15281.60642571017,1.5984783177259887,0.9146438446927025,16.451584437772027,median-range,5,9999750
0830-211803__NetHackChallenge-v0__exp3/NetHackChallenge-v0__option__random__n64__os1__max_episode_steps5000__discountprimitive__ent_coef0.01__exp3,0830-211803__NetHackChallenge-v0__exp3,NetHackChallenge-v0,option,random,1,10000000,5000,0,0.999,primitive,exp3,64,15909.574929903689,1.5312151960257403,0.9993804021010263,16.230615776197997,median-range,5,9999750
0830-211803__NetHackChallenge-v0__exp3/NetHackChallenge-v0__option__random__n64__os1__max_episode_steps5000__discountprimitive__ent_coef0.01__exp3,0830-211803__NetHackChallenge-v0__exp3,NetHackChallenge-v0,option,random,1,10000000,5000,0,0.999,primitive,exp3,64,16563.348603480157,1.6503022247719252,1.0875990469106251,16.9246335647964,median-range,5,9999750
0830-211803__NetHackChallenge-v0__exp3/NetHackChallenge-v0__option__random__n64__os1__max_episode_steps5000__discountprimitive__ent_coef0.01__exp3,0830-211803__NetHackChallenge-v0__exp3,NetHackChallenge-v0,option,random,1,10000000,5000,0,0.999,primitive,exp3,64,17243.987860715828,1.932631433845955,1.1794428688697844,17.647170692294715,median-range,5,9999750
0830-211803__NetHackChallenge-v0__exp3/NetHackChallenge-v0__option__random__n64__os1__max_episode_steps5000__discountprimitive__ent_coef0.01__exp3,0830-211803__NetHackChallenge-v0__exp3,NetHackChallenge-v0,option,random,1,10000000,5000,0,0.999,primitive,exp3,64,17952.59669159152,2.22656242392215,1.2750608377274062,18.399399106594927,median-range,5,9999750
0830-211803__NetHackChallenge-v0__exp3/NetHackChallenge-v0__option__random__n64__os1__max_episode_steps5000__discountprimitive__ent_coef0.01__exp3,0830-211803__NetHackChallenge-v0__exp3,NetHackChallenge-v0,option,random,1,10000000,5000,0,0.999,primitive,exp3,64,18690.324452453173,2.2774964931717117,1.3746080448604303,19.18253891456545,median-range,5,9999750
0830-211803__NetHackChallenge-v0__exp3/NetHackChallenge-v0__option__random__n64__os1__max_episode_steps5000__discountprimitive__ent_coef0.01__exp3,0830-211803__NetHackChallenge-v0__exp3,NetHackChallenge-v0,option,random,1,10000000,5000,0,0.999,primitive,exp3,64,19458.36773025622,2.1882128651555477,1.4225021202139403,19.997860361042132,median-range,5,9999750
0830-211803__NetHackChallenge-v0__exp3/NetHackChallenge-v0__option__random__n64__os1__max_episode_steps5000__discountprimitive__ent_coef0.01__exp3,0830-211803__NetHackChallenge-v0__exp3,NetHackChallenge-v0,option,random,1,10000000,5000,0,0.999,primitive,exp3,64,20257.972283417494,2.095260296533771,1.4580211568682255,20.846685889152504,median-range,5,9999750
0830-211803__NetHackChallenge-v0__exp3/NetHackChallenge-v0__option__random__n64__os1__max_episode_steps5000__discountprimitive__ent_coef0.01__exp3,0830-211803__NetHackChallenge-v0__exp3,NetHackChallenge-v0,option,random,1,10000000,5000,0,0.999,primitive,exp3,64,21090.43506242276,1.9984880191816243,1.494999780669099,21.959990846874753,median-range,5,9999750
0830-211803__NetHackChallenge-v0__exp3/NetHackChallenge-v0__option__random__n64__os1__max_episode_steps5000__discountprimitive__ent_coef0.01__exp3,0830-211803__NetHackChallenge-v0__exp3,NetHackChallenge-v0,option,random,1,10000000,5000,0,0.999,primitive,exp3,64,21957.106313467277,3.1225648138127884,1.8154197206972598,23.370808869176027,median-range,5,9999750
0830-211803__NetHackChallenge-v0__exp3/NetHackChallenge-v0__option__random__n64__os1__max_episode_steps5000__discountprimitive__ent_coef0.01__exp3,0830-211803__NetHackChallenge-v0__exp3,NetHackChallenge-v0,option,random,1,10000000,5000,0,0.999,primitive,exp3,64,22859.391768541434,7.093459548032296,1.7928500335493882,24.83960177045751,median-range,5,9999750
0830-211803__NetHackChallenge-v0__exp3/NetHackChallenge-v0__option__random__n64__os1__max_episode_steps5000__discountprimitive__ent_coef0.01__exp3,0830-211803__NetHackChallenge-v0__exp3,NetHackChallenge-v0,option,random,1,10000000,5000,0,0.999,primitive,exp3,64,23798.754925513822,8.255025435561047,3.6180817320738967,25.239298112582052,median-range,5,9999750
0830-211803__NetHackChallenge-v0__exp3/NetHackChallenge-v0__option__random__n64__os1__max_episode_steps5000__discountprimitive__ent_coef0.01__exp3,0830-211803__NetHackChallenge-v0__exp3,NetHackChallenge-v0,option,random,1,10000000,5000,0,0.999,primitive,exp3,64,24776.71942190992,10.156501045795133,6.8189610038378925,24.647291773961843,median-range,5,9999750
0830-211803__NetHackChallenge-v0__exp3/NetHackChallenge-v0__option__random__n64__os1__max_episode_steps5000__discountprimitive__ent_coef0.01__exp3,0830-211803__NetHackChallenge-v0__exp3,NetHackChallenge-v0,option,random,1,10000000,5000,0,0.999,primitive,exp3,64,25794.87150623676,12.221132797697376,6.92170368223947,24.030958062644025,median-range,5,9999750
0830-211803__NetHackChallenge-v0__exp3/NetHackChallenge-v0__option__random__n64__os1__max_episode_steps5000__discountprimitive__ent_coef0.01__exp3,0830-211803__NetHackChallenge-v0__exp3,NetHackChallenge-v0,option,random,1,10000000,5000,0,0.999,primitive,exp3,64,26854.86261086192,13.380807711347263,6.96778223834385,23.50725942473035,median-range,5,9999750
0830-211803__NetHackChallenge-v0__exp3/NetHackChallenge-v0__option__random__n64__os1__max_episode_steps5000__discountprimitive__ent_coef0.01__exp3,0830-211803__NetHackChallenge-v0__exp3,NetHackChallenge-v0,option,random,1,10000000,5000,0,0.999,primitive,exp3,64,27958.412030620108,13.443726739567376,8.4749788712553,23.057699046033143,median-range,5,9999750
0830-211803__NetHackChallenge-v0__exp3/NetHackChallenge-v0__option__random__n64__os1__max_episode_steps5000__discountprimitive__ent_coef0.01__exp3,0830-211803__NetHackChallenge-v0__exp3,NetHackChallenge-v0,option,random,1,10000000,5000,0,0.999,primitive,exp3,64,29107.309711491944,13.77129560860826,11.141668869424132,22.58966483999798,median-range,5,9999750
0830-211803__NetHackChallenge-v0__exp3/NetHackChallenge-v0__option__random__n64__os1__max_episode_steps5000__discountprimitive__ent_coef0.01__exp3,0830-211803__NetHackChallenge-v0__exp3,NetHackChallenge-v0,option,random,1,10000000,5000,0,0.999,primitive,exp3,64,30303.419153878243,14.48342833537008,10.417112265132797,21.398093846635877,median-range,5,9999750
0830-211803__NetHackChallenge-v0__exp3/NetHackChallenge-v0__option__random__n64__os1__max_episode_steps5000__discountprimitive__ent_coef0.01__exp3,0830-211803__NetHackChallenge-v0__exp3,NetHackChallenge-v0,option,random,1,10000000,5000,0,0.999,primitive,exp3,64,31548.68043517876,13.721609992185968,10.131898038285879,23.52461132363575,median-range,5,9999750
0830-211803__NetHackChallenge-v0__exp3/NetHackChallenge-v0__option__random__n64__os1__max_episode_steps5000__discountprimitive__ent_coef0.01__exp3,0830-211803__NetHackChallenge-v0__exp3,NetHackChallenge-v0,option,random,1,10000000,5000,0,0.999,primitive,exp3,64,32845.11335657811,13.193402315605397,9.652864683285705,25.414655872097892,median-range,5,9999750
0830-211803__NetHackChallenge-v0__exp3/NetHackChallenge-v0__option__random__n64__os1__max_episode_steps5000__discountprimitive__ent_coef0.01__exp3,0830-211803__NetHackChallenge-v0__exp3,NetHackChallenge-v0,option,random,1,10000000,5000,0,0.999,primitive,exp3,64,34194.8207191428,12.518359697186675,9.517999493699346,24.81919674155465,median-range,5,9999750
0830-211803__NetHackChallenge-v0__exp3/NetHackChallenge-v0__option__random__n64__os1__max_episode_steps5000__discountprimitive__ent_coef0.01__exp3,0830-211803__NetHackChallenge-v0__exp3,NetHackChallenge-v0,option,random,1,10000000,5000,0,0.999,primitive,exp3,64,35599.991734543284,12.89086992909734,9.525071807474959,24.126944990835593,median-range,5,9999750
0830-211803__NetHackChallenge-v0__exp3/NetHackChallenge-v0__option__random__n64__os1__max_episode_steps5000__discountprimitive__ent_coef0.01__exp3,0830-211803__NetHackChallenge-v0__exp3,NetHackChallenge-v0,option,random,1,10000000,5000,0,0.999,primitive,exp3,64,37062.90557593309,13.278687759346367,10.829646849674697,22.74734347763247,median-range,5,9999750
0830-211803__NetHackChallenge-v0__exp3/NetHackChallenge-v0__option__random__n64__os1__max_episode_steps5000__discountprimitive__ent_coef0.01__exp3,0830-211803__NetHackChallenge-v0__exp3,NetHackChallenge-v0,option,random,1,10000000,5000,0,0.999,primitive,exp3,64,38585.93507474461,15.712066347306994,11.685361209713083,22.273555060868894,median-range,5,9999750
0830-211803__NetHackChallenge-v0__exp3/NetHackChallenge-v0__option__random__n64__os1__max_episode_steps5000__discountprimitive__ent_coef0.01__exp3,0830-211803__NetHackChallenge-v0__exp3,NetHackChallenge-v0,option,random,1,10000000,5000,0,0.999,primitive,exp3,64,40171.55056939765,15.061301321829365,11.975230767298113,21.78029721169809,median-range,5,9999750
0830-211803__NetHackChallenge-v0__exp3/NetHackChallenge-v0__option__random__n64__os1__max_episode_steps5000__discountprimitive__ent_coef0.01__exp3,0830-211803__NetHackChallenge-v0__exp3,NetHackChallenge-v0,option,random,1,10000000,5000,0,0.999,primitive,exp3,64,41822.32391216332,15.014330307278994,12.660450343133084,21.028979474326107,median-range,5,9999750
0830-211803__NetHackChallenge-v0__exp3/NetHackChallenge-v0__option__random__n64__os1__max_episode_steps5000__discountprimitive__ent_coef0.01__exp3,0830-211803__NetHackChallenge-v0__exp3,NetHackChallenge-v0,option,random,1,10000000,5000,0,0.999,primitive,exp3,64,43540.93264068235,14.96542910836672,11.896520340421578,22.33023026693441,median-range,5,9999750
0830-211803__NetHackChallenge-v0__exp3/NetHackChallenge-v0__option__random__n64__os1__max_episode_steps5000__discountprimitive__ent_coef0.01__exp3,0830-211803__NetHackChallenge-v0__exp3,NetHackChallenge-v0,option,random,1,10000000,5000,0,0.999,primitive,exp3,64,45330.16432090405,16.229455268912037,11.562250875324136,23.610957164437178,median-range,5,9999750
0830-211803__NetHackChallenge-v0__exp3/NetHackChallenge-v0__option__random__n64__os1__max_episode_steps5000__discountprimitive__ent_coef0.01__exp3,0830-211803__NetHackChallenge-v0__exp3,NetHackChallenge-v0,option,random,1,10000000,5000,0,0.999,primitive,exp3,64,47192.92106849,15.79904364526981,15.324818617192555,43.78535814143997,median-range,5,9999750
0830-211803__NetHackChallenge-v0__exp3/NetHackChallenge-v0__option__random__n64__os1__max_episode_steps5000__discountprimitive__ent_coef0.01__exp3,0830-211803__NetHackChallenge-v0__exp3,NetHackChallenge-v0,option,random,1,10000000,5000,0,0.999,primitive,exp3,64,49132.22425601632,15.596592372213612,15.326343277135656,39.694688811899965,median-range,5,9999750
0830-211803__NetHackChallenge-v0__exp3/NetHackChallenge-v0__option__random__n64__os1__max_episode_steps5000__discountprimitive__ent_coef0.01__exp3,0830-211803__NetHackChallenge-v0__exp3,NetHackChallenge-v0,option,random,1,10000000,5000,0,0.999,primitive,exp3,64,51151.21941360933,19.266237874196893,15.421011027954478,38.50427013677092,median-range,5,9999750
0830-211803__NetHackChallenge-v0__exp3/NetHackChallenge-v0__option__random__n64__os1__max_episode_steps5000__discountprimitive__ent_coef0.01__exp3,0830-211803__NetHackChallenge-v0__exp3,NetHackChallenge-v0,option,random,1,10000000,5000,0,0.999,primitive,exp3,64,53253.181330963576,19.409683323909515,15.14029877549225,38.51604583378691,median-range,5,9999750
0830-211803__NetHackChallenge-v0__exp3/NetHackChallenge-v0__option__random__n64__os1__max_episode_steps5000__discountprimitive__ent_coef0.01__exp3,0830-211803__NetHackChallenge-v0__exp3,NetHackChallenge-v0,option,random,1,10000000,5000,0,0.999,primitive,exp3,64,55441.51936901754,19.32016920801982,13.553532857941033,37.43820486166044,median-range,5,9999750
0830-211803__NetHackChallenge-v0__exp3/NetHackChallenge-v0__option__random__n64__os1__max_episode_steps5000__discountprimitive__ent_coef0.01__exp3,0830-211803__NetHackChallenge-v0__exp3,NetHackChallenge-v0,option,random,1,10000000,5000,0,0.999,primitive,exp3,64,57719.78298990253,19.140361888897313,13.791175418005684,36.16435018009565,median-range,5,9999750
0830-211803__NetHackChallenge-v0__exp3/NetHackChallenge-v0__option__random__n64__os1__max_episode_steps5000__discountprimitive__ent_coef0.01__exp3,0830-211803__NetHackChallenge-v0__exp3,NetHackChallenge-v0,option,random,1,10000000,5000,0,0.999,primitive,exp3,64,60091.66751413436,18.953165730533243,14.23641064948576,35.60207638786209,median-range,5,9999750
0830-211803__NetHackChallenge-v0__exp3/NetHackChallenge-v0__option__random__n64__os1__max_episode_steps5000__discountprimitive__ent_coef0.01__exp3,0830-211803__NetHackChallenge-v0__exp3,NetHackChallenge-v0,option,random,1,10000000,5000,0,0.999,primitive,exp3,64,62561.02011438571,19.478204672193723,14.375920646552617,35.07775718798892,median-range,5,9999750
0830-211803__NetHackChallenge-v0__exp3/NetHackChallenge-v0__option__random__n64__os1__max_episode_steps5000__discountprimitive__ent_coef0.01__exp3,0830-211803__NetHackChallenge-v0__exp3,NetHackChallenge-v0,option,random,1,10000000,5000,0,0.999,primitive,exp3,64,65131.846055561306,19.587651175770088,14.085360537656378,36.018483485101555,median-range,5,9999750
0830-211803__NetHackChallenge-v0__exp3/NetHackChallenge-v0__option__random__n64__os1__max_episode_steps5000__discountprimitive__ent_coef0.01__exp3,0830-211803__NetHackChallenge-v0__exp3,NetHackChallenge-v0,option,random,1,10000000,5000,0,0.999,primitive,exp3,64,67808.31519129699,19.768761027387004,13.892963653081594,35.3652749887403,median-range,5,9999750
0830-211803__NetHackChallenge-v0__exp3/NetHackChallenge-v0__option__random__n64__os1__max_episode_steps5000__discountprimitive__ent_coef0.01__exp3,0830-211803__NetHackChallenge-v0__exp3,NetHackChallenge-v0,option,random,1,10000000,5000,0,0.999,primitive,exp3,64,70594.76872742007,19.73079046572411,14.707774849168873,36.052724260990196,median-range,5,9999750
0830-211803__NetHackChallenge-v0__exp3/NetHackChallenge-v0__option__random__n64__os1__max_episode_steps5000__discountprimitive__ent_coef0.01__exp3,0830-211803__NetHackChallenge-v0__exp3,NetHackChallenge-v0,option,random,1,10000000,5000,0,0.999,primitive,exp3,64,73495.72626334125,20.23000082948601,15.370796113849854,35.594442011307954,median-range,5,9999750
0830-211803__NetHackChallenge-v0__exp3/NetHackChallenge-v0__option__random__n64__os1__max_episode_steps5000__discountprimitive__ent_coef0.01__exp3,0830-211803__NetHackChallenge-v0__exp3,NetHackChallenge-v0,option,random,1,10000000,5000,0,0.999,primitive,exp3,64,76515.89312279917,18.946500071092792,15.296204423324642,36.181477256931466,median-range,5,9999750
0830-211803__NetHackChallenge-v0__exp3/NetHackChallenge-v0__option__random__n64__os1__max_episode_steps5000__discountprimitive__ent_coef0.01__exp3,0830-211803__NetHackChallenge-v0__exp3,NetHackChallenge-v0,option,random,1,10000000,5000,0,0.999,primitive,exp3,64,79660.1679858473,19.234651472171386,16.14155770786619,33.90029434112508,median-range,5,9999750
0830-211803__NetHackChallenge-v0__exp3/NetHackChallenge-v0__option__random__n64__os1__max_episode_steps5000__discountprimitive__ent_coef0.01__exp3,0830-211803__NetHackChallenge-v0__exp3,NetHackChallenge-v0,option,random,1,10000000,5000,0,0.999,primitive,exp3,64,82933.65083446425,20.915640433285493,15.907953578838741,31.97335149003077,median-range,5,9999750
0830-211803__NetHackChallenge-v0__exp3/NetHackChallenge-v0__option__random__n64__os1__max_episode_steps5000__discountprimitive__ent_coef0.01__exp3,0830-211803__NetHackChallenge-v0__exp3,NetHackChallenge-v0,option,random,1,10000000,5000,0,0.999,primitive,exp3,64,86341.6512246723,20.894556266409186,15.287417835159394,31.485596179862327,median-range,5,9999750
0830-211803__NetHackChallenge-v0__exp3/NetHackChallenge-v0__option__random__n64__os1__max_episode_steps5000__discountprimitive__ent_coef0.01__exp3,0830-211803__NetHackChallenge-v0__exp3,NetHackChallenge-v0,option,random,1,10000000,5000,0,0.999,primitive,exp3,64,89889.69689858358,20.878265965336748,15.58913292997701,32.241916148928006,median-range,5,9999750
0830-211803__NetHackChallenge-v0__exp3/NetHackChallenge-v0__option__random__n64__os1__max_episode_steps5000__discountprimitive__ent_coef0.01__exp3,0830-211803__NetHackChallenge-v0__exp3,NetHackChallenge-v0,option,random,1,10000000,5000,0,0.999,primitive,exp3,64,93583.54275034188,20.67155850510315,14.8754464722892,31.41097402308784,median-range,5,9999750
0830-211803__NetHackChallenge-v0__exp3/NetHackChallenge-v0__option__random__n64__os1__max_episode_steps5000__discountprimitive__ent_coef0.01__exp3,0830-211803__NetHackChallenge-v0__exp3,NetHackChallenge-v0,option,random,1,10000000,5000,0,0.999,primitive,exp3,64,97429.18016050252,20.054568718130035,15.972676318827038,31.264398689490662,median-range,5,9999750
0830-211803__NetHackChallenge-v0__exp3/NetHackChallenge-v0__option__random__n64__os1__max_episode_steps5000__discountprimitive__ent_coef0.01__exp3,0830-211803__NetHackChallenge-v0__exp3,NetHackChallenge-v0,option,random,1,10000000,5000,0,0.999,primitive,exp3,64,101432.84671399108,20.054725131183258,15.754936392505016,30.693225603043867,median-range,5,9999750
0830-211803__NetHackChallenge-v0__exp3/NetHackChallenge-v0__option__random__n64__os1__max_episode_steps5000__discountprimitive__ent_coef0.01__exp3,0830-211803__NetHackChallenge-v0__exp3,NetHackChallenge-v0,option,random,1,10000000,5000,0,0.999,primitive,exp3,64,105601.03631740283,19.60158882426276,15.624713321876202,30.25098182653052,median-range,5,9999750
0830-211803__NetHackChallenge-v0__exp3/NetHackChallenge-v0__option__random__n64__os1__max_episode_steps5000__discountprimitive__ent_coef0.01__exp3,0830-211803__NetHackChallenge-v0__exp3,NetHackChallenge-v0,option,random,1,10000000,5000,0,0.999,primitive,exp3,64,109940.50973205354,18.850673454964326,15.622587635642219,28.931505387201398,median-range,5,9999750
0830-211803__NetHackChallenge-v0__exp3/NetHackChallenge-v0__option__random__n64__os1__max_episode_steps5000__discountprimitive__ent_coef0.01__exp3,0830-211803__NetHackChallenge-v0__exp3,NetHackChallenge-v0,option,random,1,10000000,5000,0,0.999,primitive,exp3,64,114458.30553986582,18.303820502985243,15.976762991989721,27.91745841849238,median-range,5,9999750
0830-211803__NetHackChallenge-v0__exp3/NetHackChallenge-v0__option__random__n64__os1__max_episode_steps5000__discountprimitive__ent_coef0.01__exp3,0830-211803__NetHackChallenge-v0__exp3,NetHackChallenge-v0,option,random,1,10000000,5000,0,0.999,primitive,exp3,64,119161.75155987768,17.657140491887535,15.918189193937001,26.999769431687284,median-range,5,9999750
0830-211803__NetHackChallenge-v0__exp3/NetHackChallenge-v0__option__random__n64__os1__max_episode_steps5000__discountprimitive__ent_coef0.01__exp3,0830-211803__NetHackChallenge-v0__exp3,NetHackChallenge-v0,option,random,1,10000000,5000,0,0.999,primitive,exp3,64,124058.47673389083,17.166083141172294,15.954812833706114,26.683846089689574,median-range,5,9999750
0830-211803__NetHackChallenge-v0__exp3/NetHackChallenge-v0__option__random__n64__os1__max_episode_steps5000__discountprimitive__ent_coef0.01__exp3,0830-211803__NetHackChallenge-v0__exp3,NetHackChallenge-v0,option,random,1,10000000,5000,0,0.999,primitive,exp3,64,129156.42350053696,17.287559982622344,16.127299436803217,26.588216860124483,median-range,5,9999750
0830-211803__NetHackChallenge-v0__exp3/NetHackChallenge-v0__option__random__n64__os1__max_episode_steps5000__discountprimitive__ent_coef0.01__exp3,0830-211803__NetHackChallenge-v0__exp3,NetHackChallenge-v0,option,random,1,10000000,5000,0,0.999,primitive,exp3,64,134463.86067783277,17.823829088199822,16.002485442902316,26.964451215031968,median-range,5,9999750
0830-211803__NetHackChallenge-v0__exp3/NetHackChallenge-v0__option__random__n64__os1__max_episode_steps5000__discountprimitive__ent_coef0.01__exp3,0830-211803__NetHackChallenge-v0__exp3,NetHackChallenge-v0,option,random,1,10000000,5000,0,0.999,primitive,exp3,64,139989.39687511907,17.724704868789104,16.022252275176434,26.846550648479067,median-range,5,9999750
0830-211803__NetHackChallenge-v0__exp3/NetHackChallenge-v0__option__random__n64__os1__max_episode_steps5000__discountprimitive__ent_coef0.01__exp3,0830-211803__NetHackChallenge-v0__exp3,NetHackChallenge-v0,option,random,1,10000000,5000,0,0.999,primitive,exp3,64,145741.99445613782,17.41626772445131,16.454011556870668,25.50478520479148,median-range,5,9999750
0830-211803__NetHackChallenge-v0__exp3/NetHackChallenge-v0__option__random__n64__os1__max_episode_steps5000__discountprimitive__ent_coef0.01__exp3,0830-211803__NetHackChallenge-v0__exp3,NetHackChallenge-v0,option,random,1,10000000,5000,0,0.999,primitive,exp3,64,151730.98407589554,17.603108048508812,15.81748438685825,25.564507248216575,median-range,5,9999750
0830-211803__NetHackChallenge-v0__exp3/NetHackChallenge-v0__option__random__n64__os1__max_episode_steps5000__discountprimitive__ent_coef0.01__exp3,0830-211803__NetHackChallenge-v0__exp3,NetHackChallenge-v0,option,random,1,10000000,5000,0,0.999,primitive,exp3,64,157966.07981489095,17.2954701263014,15.815348551354441,26.811137286313354,median-range,5,9999750
0830-211803__NetHackChallenge-v0__exp3/NetHackChallenge-v0__option__random__n64__os1__max_episode_steps5000__discountprimitive__ent_coef0.01__exp3,0830-211803__NetHackChallenge-v0__exp3,NetHackChallenge-v0,option,random,1,10000000,5000,0,0.999,primitive,exp3,64,164457.3949352554,17.30430735352879,15.64,26.83069310716244,median-range,5,9999750
0830-211803__NetHackChallenge-v0__exp3/NetHackChallenge-v0__option__random__n64__os1__max_episode_steps5000__discountprimitive__ent_coef0.01__exp3,0830-211803__NetHackChallenge-v0__exp3,NetHackChallenge-v0,option,random,1,10000000,5000,0,0.999,primitive,exp3,64,171215.45828436143,18.272998399601516,16.061883448556184,26.248861284700425,median-range,5,9999750
0830-211803__NetHackChallenge-v0__exp3/NetHackChallenge-v0__option__random__n64__os1__max_episode_steps5000__discountprimitive__ent_coef0.01__exp3,0830-211803__NetHackChallenge-v0__exp3,NetHackChallenge-v0,option,random,1,10000000,5000,0,0.999,primitive,exp3,64,178251.23137250662,18.29888280680969,16.487669019622682,26.083901077340666,median-range,5,9999750
0830-211803__NetHackChallenge-v0__exp3/NetHackChallenge-v0__option__random__n64__os1__max_episode_steps5000__discountprimitive__ent_coef0.01__exp3,0830-211803__NetHackChallenge-v0__exp3,NetHackChallenge-v0,option,random,1,10000000,5000,0,0.999,primitive,exp3,64,185576.12615237228,18.52492014447266,16.426105204974643,25.76936544628294,median-range,5,9999750
0830-211803__NetHackChallenge-v0__exp3/NetHackChallenge-v0__option__random__n64__os1__max_episode_steps5000__discountprimitive__ent_coef0.01__exp3,0830-211803__NetHackChallenge-v0__exp3,NetHackChallenge-v0,option,random,1,10000000,5000,0,0.999,primitive,exp3,64,193202.02352909502,18.07584638646184,16.120588234460584,26.369193412070874,median-range,5,9999750
0830-211803__NetHackChallenge-v0__exp3/NetHackChallenge-v0__option__random__n64__os1__max_episode_steps5000__discountprimitive__ent_coef0.01__exp3,0830-211803__NetHackChallenge-v0__exp3,NetHackChallenge-v0,option,random,1,10000000,5000,0,0.999,primitive,exp3,64,201141.2926309747,17.35736770701875,16.497584122554127,22.15727888410248,median-range,5,9999750
0830-211803__NetHackChallenge-v0__exp3/NetHackChallenge-v0__option__random__n64__os1__max_episode_steps5000__discountprimitive__ent_coef0.01__exp3,0830-211803__NetHackChallenge-v0__exp3,NetHackChallenge-v0,option,random,1,10000000,5000,0,0.999,primitive,exp3,64,209406.81087207506,17.920287440011915,16.677516581576562,25.48087713671846,median-range,5,9999750
0830-211803__NetHackChallenge-v0__exp3/NetHackChallenge-v0__option__random__n64__os1__max_episode_steps5000__discountprimitive__ent_coef0.01__exp3,0830-211803__NetHackChallenge-v0__exp3,NetHackChallenge-v0,option,random,1,10000000,5000,0,0.999,primitive,exp3,64,218011.984839259,17.71244254918212,15.548202724851024,25.09481155913115,median-range,5,9999750
0830-211803__NetHackChallenge-v0__exp3/NetHackChallenge-v0__option__random__n64__os1__max_episode_steps5000__discountprimitive__ent_coef0.01__exp3,0830-211803__NetHackChallenge-v0__exp3,NetHackChallenge-v0,option,random,1,10000000,5000,0,0.999,primitive,exp3,64,226970.77203753663,17.336206781479117,16.399307436520242,23.1715040182676,median-range,5,9999750
0830-211803__NetHackChallenge-v0__exp3/NetHackChallenge-v0__option__random__n64__os1__max_episode_steps5000__discountprimitive__ent_coef0.01__exp3,0830-211803__NetHackChallenge-v0__exp3,NetHackChallenge-v0,option,random,1,10000000,5000,0,0.999,primitive,exp3,64,236297.70352899752,17.58927789385059,15.666022692644436,23.23693005193283,median-range,5,9999750
0830-211803__NetHackChallenge-v0__exp3/NetHackChallenge-v0__option__random__n64__os1__max_episode_steps5000__discountprimitive__ent_coef0.01__exp3,0830-211803__NetHackChallenge-v0__exp3,NetHackChallenge-v0,option,random,1,10000000,5000,0,0.999,primitive,exp3,64,246007.9075020443,18.358393851062864,14.420723640519883,23.09053970732881,median-range,5,9999750
0830-211803__NetHackChallenge-v0__exp3/NetHackChallenge-v0__option__random__n64__os1__max_episode_steps5000__discountprimitive__ent_coef0.01__exp3,0830-211803__NetHackChallenge-v0__exp3,NetHackChallenge-v0,option,random,1,10000000,5000,0,0.999,primitive,exp3,64,256117.13380916385,18.89573436724386,13.724909617290354,24.131393765926312,median-range,5,9999750
0830-211803__NetHackChallenge-v0__exp3/NetHackChallenge-v0__option__random__n64__os1__max_episode_steps5000__discountprimitive__ent_coef0.01__exp3,0830-211803__NetHackChallenge-v0__exp3,NetHackChallenge-v0,option,random,1,10000000,5000,0,0.999,primitive,exp3,64,266641.7795130266,18.548413682936868,12.922955295798975,23.531136231233507,median-range,5,9999750
0830-211803__NetHackChallenge-v0__exp3/NetHackChallenge-v0__option__random__n64__os1__max_episode_steps5000__discountprimitive__ent_coef0.01__exp3,0830-211803__NetHackChallenge-v0__exp3,NetHackChallenge-v0,option,random,1,10000000,5000,0,0.999,primitive,exp3,64,277598.91548235656,18.240242608436912,14.31306246346274,23.691033938458958,median-range,5,9999750
0830-211803__NetHackChallenge-v0__exp3/NetHackChallenge-v0__option__random__n64__os1__max_episode_steps5000__discountprimitive__ent_coef0.01__exp3,0830-211803__NetHackChallenge-v0__exp3,NetHackChallenge-v0,option,random,1,10000000,5000,0,0.999,primitive,exp3,64,289006.3140807076,19.254551160952655,15.513693439834146,24.26,median-range,5,9999750
0830-211803__NetHackChallenge-v0__exp3/NetHackChallenge-v0__option__random__n64__os1__max_episode_steps5000__discountprimitive__ent_coef0.01__exp3,0830-211803__NetHackChallenge-v0__exp3,NetHackChallenge-v0,option,random,1,10000000,5000,0,0.999,primitive,exp3,64,300882.4779930569,18.900505071468174,15.89715869591904,23.03466905280623,median-range,5,9999750
0830-211803__NetHackChallenge-v0__exp3/NetHackChallenge-v0__option__random__n64__os1__max_episode_steps5000__discountprimitive__ent_coef0.01__exp3,0830-211803__NetHackChallenge-v0__exp3,NetHackChallenge-v0,option,random,1,10000000,5000,0,0.999,primitive,exp3,64,313246.6702369726,18.917869583015,17.918935280065796,24.399852040056665,median-range,5,9999750
0830-211803__NetHackChallenge-v0__exp3/NetHackChallenge-v0__option__random__n64__os1__max_episode_steps5000__discountprimitive__ent_coef0.01__exp3,0830-211803__NetHackChallenge-v0__exp3,NetHackChallenge-v0,option,random,1,10000000,5000,0,0.999,primitive,exp3,64,326118.94540703355,18.556153666171593,18.372741430972532,26.16842868461068,median-range,5,9999750
0830-211803__NetHackChallenge-v0__exp3/NetHackChallenge-v0__option__random__n64__os1__max_episode_steps5000__discountprimitive__ent_coef0.01__exp3,0830-211803__NetHackChallenge-v0__exp3,NetHackChallenge-v0,option,random,1,10000000,5000,0,0.999,primitive,exp3,64,339520.1822031778,20.07621921828055,18.0,26.900018049597,median-range,5,9999750
0830-211803__NetHackChallenge-v0__exp3/NetHackChallenge-v0__option__random__n64__os1__max_episode_steps5000__discountprimitive__ent_coef0.01__exp3,0830-211803__NetHackChallenge-v0__exp3,NetHackChallenge-v0,option,random,1,10000000,5000,0,0.999,primitive,exp3,64,353472.1172957434,21.00465041402724,17.15038713857205,27.67907809444839,median-range,5,9999750
0830-211803__NetHackChallenge-v0__exp3/NetHackChallenge-v0__option__random__n64__os1__max_episode_steps5000__discountprimitive__ent_coef0.01__exp3,0830-211803__NetHackChallenge-v0__exp3,NetHackChallenge-v0,option,random,1,10000000,5000,0,0.999,primitive,exp3,64,367997.38058212644,21.78610973646196,16.888114038817054,27.240289058908044,median-range,5,9999750
0830-211803__NetHackChallenge-v0__exp3/NetHackChallenge-v0__option__random__n64__os1__max_episode_steps5000__discountprimitive__ent_coef0.01__exp3,0830-211803__NetHackChallenge-v0__exp3,NetHackChallenge-v0,option,random,1,10000000,5000,0,0.999,primitive,exp3,64,383119.5318922464,21.434648130394738,17.45955128475394,25.009905019241717,median-range,5,9999750
0830-211803__NetHackChallenge-v0__exp3/NetHackChallenge-v0__option__random__n64__os1__max_episode_steps5000__discountprimitive__ent_coef0.01__exp3,0830-211803__NetHackChallenge-v0__exp3,NetHackChallenge-v0,option,random,1,10000000,5000,0,0.999,primitive,exp3,64,398863.099202351,22.37414304491227,20.721766330439216,23.756542957048243,median-range,5,9999750
0830-211803__NetHackChallenge-v0__exp3/NetHackChallenge-v0__option__random__n64__os1__max_episode_steps5000__discountprimitive__ent_coef0.01__exp3,0830-211803__NetHackChallenge-v0__exp3,NetHackChallenge-v0,option,random,1,10000000,5000,0,0.999,primitive,exp3,64,415253.6184191454,23.446792541550746,20.176046304047922,25.92440655513423,median-range,5,9999750
0830-211803__NetHackChallenge-v0__exp3/NetHackChallenge-v0__option__random__n64__os1__max_episode_steps5000__discountprimitive__ent_coef0.01__exp3,0830-211803__NetHackChallenge-v0__exp3,NetHackChallenge-v0,option,random,1,10000000,5000,0,0.999,primitive,exp3,64,432317.67479877424,23.886029495574505,21.439233114431918,25.947094343642398,median-range,5,9999750
0830-211803__NetHackChallenge-v0__exp3/NetHackChallenge-v0__option__random__n64__os1__max_episode_steps5000__discountprimitive__ent_coef0.01__exp3,0830-211803__NetHackChallenge-v0__exp3,NetHackChallenge-v0,option,random,1,10000000,5000,0,0.999,primitive,exp3,64,450082.94606783777,24.21370421645409,21.172630869482642,25.245260473662462,median-range,5,9999750
0830-211803__NetHackChallenge-v0__exp3/NetHackChallenge-v0__option__random__n64__os1__max_episode_steps5000__discountprimitive__ent_coef0.01__exp3,0830-211803__NetHackChallenge-v0__exp3,NetHackChallenge-v0,option,random,1,10000000,5000,0,0.999,primitive,exp3,64,468578.24731638416,23.197668515715776,22.322256464457592,24.36709310730532,median-range,5,9999750
0830-211803__NetHackChallenge-v0__exp3/NetHackChallenge-v0__option__random__n64__os1__max_episode_steps5000__discountprimitive__ent_coef0.01__exp3,0830-211803__NetHackChallenge-v0__exp3,NetHackChallenge-v0,option,random,1,10000000,5000,0,0.999,primitive,exp3,64,487833.57773569354,24.87115448479243,22.601768065749763,27.496851955691447,median-range,5,9999750
0830-211803__NetHackChallenge-v0__exp3/NetHackChallenge-v0__option__random__n64__os1__max_episode_steps5000__discountprimitive__ent_coef0.01__exp3,0830-211803__NetHackChallenge-v0__exp3,NetHackChallenge-v0,option,random,1,10000000,5000,0,0.999,primitive,exp3,64,507880.16927666235,24.333333482903285,21.75401922195934,28.545272869033298,median-range,5,9999750
0830-211803__NetHackChallenge-v0__exp3/NetHackChallenge-v0__option__random__n64__os1__max_episode_steps5000__discountprimitive__ent_coef0.01__exp3,0830-211803__NetHackChallenge-v0__exp3,NetHackChallenge-v0,option,random,1,10000000,5000,0,0.999,primitive,exp3,64,528750.5373077114,26.267051470084926,22.121108155959924,32.16251243590381,median-range,5,9999750
0830-211803__NetHackChallenge-v0__exp3/NetHackChallenge-v0__option__random__n64__os1__max_episode_steps5000__discountprimitive__ent_coef0.01__exp3,0830-211803__NetHackChallenge-v0__exp3,NetHackChallenge-v0,option,random,1,10000000,5000,0,0.999,primitive,exp3,64,550478.5333543844,26.958354187459705,22.526731717219125,35.148075310052555,median-range,5,9999750
0830-211803__NetHackChallenge-v0__exp3/NetHackChallenge-v0__option__random__n64__os1__max_episode_steps5000__discountprimitive__ent_coef0.01__exp3,0830-211803__NetHackChallenge-v0__exp3,NetHackChallenge-v0,option,random,1,10000000,5000,0,0.999,primitive,exp3,64,573099.4000061788,27.680936222126334,23.026092105872905,38.59261524090279,median-range,5,9999750
0830-211803__NetHackChallenge-v0__exp3/NetHackChallenge-v0__option__random__n64__os1__max_episode_steps5000__discountprimitive__ent_coef0.01__exp3,0830-211803__NetHackChallenge-v0__exp3,NetHackChallenge-v0,option,random,1,10000000,5000,0,0.999,primitive,exp3,64,596649.8280796696,32.58376544340429,22.23168980455317,38.836827221147416,median-range,5,9999750
0830-211803__NetHackChallenge-v0__exp3/NetHackChallenge-v0__option__random__n64__os1__max_episode_steps5000__discountprimitive__ent_coef0.01__exp3,0830-211803__NetHackChallenge-v0__exp3,NetHackChallenge-v0,option,random,1,10000000,5000,0,0.999,primitive,exp3,64,621168.016130642,30.373400426100584,20.8,42.817477387691866,median-range,5,9999750
0830-211803__NetHackChallenge-v0__exp3/NetHackChallenge-v0__option__random__n64__os1__max_episode_steps5000__discountprimitive__ent_coef0.01__exp3,0830-211803__NetHackChallenge-v0__exp3,NetHackChallenge-v0,option,random,1,10000000,5000,0,0.999,primitive,exp3,64,646693.7324117618,33.27134278767104,18.863031100618315,45.60880947663407,median-range,5,9999750
0830-211803__NetHackChallenge-v0__exp3/NetHackChallenge-v0__option__random__n64__os1__max_episode_steps5000__discountprimitive__ent_coef0.01__exp3,0830-211803__NetHackChallenge-v0__exp3,NetHackChallenge-v0,option,random,1,10000000,5000,0,0.999,primitive,exp3,64,673268.3793762785,34.53,17.691698542766893,41.81572673490187,median-range,5,9999750
0830-211803__NetHackChallenge-v0__exp3/NetHackChallenge-v0__option__random__n64__os1__max_episode_steps5000__discountprimitive__ent_coef0.01__exp3,0830-211803__NetHackChallenge-v0__exp3,NetHackChallenge-v0,option,random,1,10000000,5000,0,0.999,primitive,exp3,64,700935.0608323851,34.76,19.47325313680711,41.29658496746231,median-range,5,9999750
0830-211803__NetHackChallenge-v0__exp3/NetHackChallenge-v0__option__random__n64__os1__max_episode_steps5000__discountprimitive__ent_coef0.01__exp3,0830-211803__NetHackChallenge-v0__exp3,NetHackChallenge-v0,option,random,1,10000000,5000,0,0.999,primitive,exp3,64,729738.6518571586,29.885008763235273,21.723873428962115,42.07725261864622,median-range,5,9999750
0830-211803__NetHackChallenge-v0__exp3/NetHackChallenge-v0__option__random__n64__os1__max_episode_steps5000__discountprimitive__ent_coef0.01__exp3,0830-211803__NetHackChallenge-v0__exp3,NetHackChallenge-v0,option,random,1,10000000,5000,0,0.999,primitive,exp3,64,759725.8715834799,29.87512377680254,24.205830926499328,42.00394708858464,median-range,5,9999750
0830-211803__NetHackChallenge-v0__exp3/NetHackChallenge-v0__option__random__n64__os1__max_episode_steps5000__discountprimitive__ent_coef0.01__exp3,0830-211803__NetHackChallenge-v0__exp3,NetHackChallenge-v0,option,random,1,10000000,5000,0,0.999,primitive,exp3,64,790945.3589779946,29.07962588607156,25.2336738265602,45.06858134954271,median-range,5,9999750
0830-211803__NetHackChallenge-v0__exp3/NetHackChallenge-v0__option__random__n64__os1__max_episode_steps5000__discountprimitive__ent_coef0.01__exp3,0830-211803__NetHackChallenge-v0__exp3,NetHackChallenge-v0,option,random,1,10000000,5000,0,0.999,primitive,exp3,64,823447.7517330243,31.03752538248134,23.422394810116757,50.99150791611083,median-range,5,9999750
0830-211803__NetHackChallenge-v0__exp3/NetHackChallenge-v0__option__random__n64__os1__max_episode_steps5000__discountprimitive__ent_coef0.01__exp3,0830-211803__NetHackChallenge-v0__exp3,NetHackChallenge-v0,option,random,1,10000000,5000,0,0.999,primitive,exp3,64,857285.7684003899,34.812855911178204,23.147067225427804,49.259092982714755,median-range,5,9999750
0830-211803__NetHackChallenge-v0__exp3/NetHackChallenge-v0__option__random__n64__os1__max_episode_steps5000__discountprimitive__ent_coef0.01__exp3,0830-211803__NetHackChallenge-v0__exp3,NetHackChallenge-v0,option,random,1,10000000,5000,0,0.999,primitive,exp3,64,892514.2939003696,34.411846719975124,27.619059500848486,42.196671120906245,median-range,5,9999750
0830-211803__NetHackChallenge-v0__exp3/NetHackChallenge-v0__option__random__n64__os1__max_episode_steps5000__discountprimitive__ent_coef0.01__exp3,0830-211803__NetHackChallenge-v0__exp3,NetHackChallenge-v0,option,random,1,10000000,5000,0,0.999,primitive,exp3,64,929190.4685444828,33.17082907280661,26.563159125152517,39.13695512232204,median-range,5,9999750
0830-211803__NetHackChallenge-v0__exp3/NetHackChallenge-v0__option__random__n64__os1__max_episode_steps5000__discountprimitive__ent_coef0.01__exp3,0830-211803__NetHackChallenge-v0__exp3,NetHackChallenge-v0,option,random,1,10000000,5000,0,0.999,primitive,exp3,64,967373.7807164972,31.46536140148391,29.18513729337388,39.17139354867732,median-range,5,9999750
0830-211803__NetHackChallenge-v0__exp3/NetHackChallenge-v0__option__random__n64__os1__max_episode_steps5000__discountprimitive__ent_coef0.01__exp3,0830-211803__NetHackChallenge-v0__exp3,NetHackChallenge-v0,option,random,1,10000000,5000,0,0.999,primitive,exp3,64,1007126.1633619845,34.39002968187484,23.485141397657426,41.85642907679142,median-range,5,9999750
0830-211803__NetHackChallenge-v0__exp3/NetHackChallenge-v0__option__random__n64__os1__max_episode_steps5000__discountprimitive__ent_coef0.01__exp3,0830-211803__NetHackChallenge-v0__exp3,NetHackChallenge-v0,option,random,1,10000000,5000,0,0.999,primitive,exp3,64,1048512.0944429304,36.123590308487735,23.850694549804707,38.57414732613979,median-range,5,9999750
0830-211803__NetHackChallenge-v0__exp3/NetHackChallenge-v0__option__random__n64__os1__max_episode_steps5000__discountprimitive__ent_coef0.01__exp3,0830-211803__NetHackChallenge-v0__exp3,NetHackChallenge-v0,option,random,1,10000000,5000,0,0.999,primitive,exp3,64,1091598.7015203368,34.704473919821254,26.9322100344926,40.53422056582222,median-range,5,9999750
0830-211803__NetHackChallenge-v0__exp3/NetHackChallenge-v0__option__random__n64__os1__max_episode_steps5000__discountprimitive__ent_coef0.01__exp3,0830-211803__NetHackChallenge-v0__exp3,NetHackChallenge-v0,option,random,1,10000000,5000,0,0.999,primitive,exp3,64,1136455.870634444,34.73777315442453,26.030159594883294,42.85262453700768,median-range,5,9999750
0830-211803__NetHackChallenge-v0__exp3/NetHackChallenge-v0__option__random__n64__os1__max_episode_steps5000__discountprimitive__ent_coef0.01__exp3,0830-211803__NetHackChallenge-v0__exp3,NetHackChallenge-v0,option,random,1,10000000,5000,0,0.999,primitive,exp3,64,1183156.3596591828,33.30468035113341,31.06002877273463,43.594990167064104,median-range,5,9999750
0830-211803__NetHackChallenge-v0__exp3/NetHackChallenge-v0__option__random__n64__os1__max_episode_steps5000__discountprimitive__ent_coef0.01__exp3,0830-211803__NetHackChallenge-v0__exp3,NetHackChallenge-v0,option,random,1,10000000,5000,0,0.999,primitive,exp3,64,1231775.9163147062,32.204241895504964,31.389421340140554,43.4840950537008,median-range,5,9999750
0830-211803__NetHackChallenge-v0__exp3/NetHackChallenge-v0__option__random__n64__os1__max_episode_steps5000__discountprimitive__ent_coef0.01__exp3,0830-211803__NetHackChallenge-v0__exp3,NetHackChallenge-v0,option,random,1,10000000,5000,0,0.999,primitive,exp3,64,1282393.401029426,35.476948088634074,31.371763130537463,39.54741836670738,median-range,5,9999750
0830-211803__NetHackChallenge-v0__exp3/NetHackChallenge-v0__option__random__n64__os1__max_episode_steps5000__discountprimitive__ent_coef0.01__exp3,0830-211803__NetHackChallenge-v0__exp3,NetHackChallenge-v0,option,random,1,10000000,5000,0,0.999,primitive,exp3,64,1335090.9148508278,38.00765515815976,29.556682256086503,42.2375604633695,median-range,5,9999750
0830-211803__NetHackChallenge-v0__exp3/NetHackChallenge-v0__option__random__n64__os1__max_episode_steps5000__discountprimitive__ent_coef0.01__exp3,0830-211803__NetHackChallenge-v0__exp3,NetHackChallenge-v0,option,random,1,10000000,5000,0,0.999,primitive,exp3,64,1389953.93261254,40.7248938869793,32.70566835790684,43.65533059026603,median-range,5,9999750
0830-211803__NetHackChallenge-v0__exp3/NetHackChallenge-v0__option__random__n64__os1__max_episode_steps5000__discountprimitive__ent_coef0.01__exp3,0830-211803__NetHackChallenge-v0__exp3,NetHackChallenge-v0,option,random,1,10000000,5000,0,0.999,primitive,exp3,64,1447071.441573646,42.910272414117784,34.17593541867494,45.31573996762817,median-range,5,9999750
0830-211803__NetHackChallenge-v0__exp3/NetHackChallenge-v0__option__random__n64__os1__max_episode_steps5000__discountprimitive__ent_coef0.01__exp3,0830-211803__NetHackChallenge-v0__exp3,NetHackChallenge-v0,option,random,1,10000000,5000,0,0.999,primitive,exp3,64,1506536.0857551184,42.02472239846969,35.546780147192436,46.60229329551779,median-range,5,9999750
0830-211803__NetHackChallenge-v0__exp3/NetHackChallenge-v0__option__random__n64__os1__max_episode_steps5000__discountprimitive__ent_coef0.01__exp3,0830-211803__NetHackChallenge-v0__exp3,NetHackChallenge-v0,option,random,1,10000000,5000,0,0.999,primitive,exp3,64,1568444.316207483,38.055169448050044,34.49442668671333,42.95708680250022,median-range,5,9999750
0830-211803__NetHackChallenge-v0__exp3/NetHackChallenge-v0__option__random__n64__os1__max_episode_steps5000__discountprimitive__ent_coef0.01__exp3,0830-211803__NetHackChallenge-v0__exp3,NetHackChallenge-v0,option,random,1,10000000,5000,0,0.999,primitive,exp3,64,1632896.5474534442,38.97901755458674,31.60748050394006,45.47730804546793,median-range,5,9999750
0830-211803__NetHackChallenge-v0__exp3/NetHackChallenge-v0__option__random__n64__os1__max_episode_steps5000__discountprimitive__ent_coef0.01__exp3,0830-211803__NetHackChallenge-v0__exp3,NetHackChallenge-v0,option,random,1,10000000,5000,0,0.999,primitive,exp3,64,1699997.320359225,40.8433579261865,37.482936133272936,51.64291262862221,median-range,5,9999750
0830-211803__NetHackChallenge-v0__exp3/NetHackChallenge-v0__option__random__n64__os1__max_episode_steps5000__discountprimitive__ent_coef0.01__exp3,0830-211803__NetHackChallenge-v0__exp3,NetHackChallenge-v0,option,random,1,10000000,5000,0,0.999,primitive,exp3,64,1769855.4716987964,41.615588488063935,40.11562100861364,51.03690732028402,median-range,5,9999750
0830-211803__NetHackChallenge-v0__exp3/NetHackChallenge-v0__option__random__n64__os1__max_episode_steps5000__discountprimitive__ent_coef0.01__exp3,0830-211803__NetHackChallenge-v0__exp3,NetHackChallenge-v0,option,random,1,10000000,5000,0,0.999,primitive,exp3,64,1842584.3106860076,46.58317129587071,41.23980052081466,49.329024338977405,median-range,5,9999750
0830-211803__NetHackChallenge-v0__exp3/NetHackChallenge-v0__option__random__n64__os1__max_episode_steps5000__discountprimitive__ent_coef0.01__exp3,0830-211803__NetHackChallenge-v0__exp3,NetHackChallenge-v0,option,random,1,10000000,5000,0,0.999,primitive,exp3,64,1918301.8027610048,44.780078220173344,40.56921327310442,47.826626974436245,median-range,5,9999750
0830-211803__NetHackChallenge-v0__exp3/NetHackChallenge-v0__option__random__n64__os1__max_episode_steps5000__discountprimitive__ent_coef0.01__exp3,0830-211803__NetHackChallenge-v0__exp3,NetHackChallenge-v0,option,random,1,10000000,5000,0,0.999,primitive,exp3,64,1997130.760928966,45.10075371887718,37.750101659130735,47.28932296753842,median-range,5,9999750
0830-211803__NetHackChallenge-v0__exp3/NetHackChallenge-v0__option__random__n64__os1__max_episode_steps5000__discountprimitive__ent_coef0.01__exp3,0830-211803__NetHackChallenge-v0__exp3,NetHackChallenge-v0,option,random,1,10000000,5000,0,0.999,primitive,exp3,64,2079199.0449615556,49.22234659189457,40.984680051801945,53.272737495745346,median-range,5,9999750
0830-211803__NetHackChallenge-v0__exp3/NetHackChallenge-v0__option__random__n64__os1__max_episode_steps5000__discountprimitive__ent_coef0.01__exp3,0830-211803__NetHackChallenge-v0__exp3,NetHackChallenge-v0,option,random,1,10000000,5000,0,0.999,primitive,exp3,64,2164639.768784177,45.24806484703558,42.78398481336239,52.38030821546405,median-range,5,9999750
0830-211803__NetHackChallenge-v0__exp3/NetHackChallenge-v0__option__random__n64__os1__max_episode_steps5000__discountprimitive__ent_coef0.01__exp3,0830-211803__NetHackChallenge-v0__exp3,NetHackChallenge-v0,option,random,1,10000000,5000,0,0.999,primitive,exp3,64,2253591.5163854132,47.79941378030374,39.69477621400235,62.16656114303572,median-range,5,9999750
0830-211803__NetHackChallenge-v0__exp3/NetHackChallenge-v0__option__random__n64__os1__max_episode_steps5000__discountprimitive__ent_coef0.01__exp3,0830-211803__NetHackChallenge-v0__exp3,NetHackChallenge-v0,option,random,1,10000000,5000,0,0.999,primitive,exp3,64,2346198.566598852,50.92933783974598,42.95781101626601,54.57069695171873,median-range,5,9999750
0830-211803__NetHackChallenge-v0__exp3/NetHackChallenge-v0__option__random__n64__os1__max_episode_steps5000__discountprimitive__ent_coef0.01__exp3,0830-211803__NetHackChallenge-v0__exp3,NetHackChallenge-v0,option,random,1,10000000,5000,0,0.999,primitive,exp3,64,2442611.127121892,48.380073197325636,40.44661827138234,67.89455919228315,median-range,5,9999750
0830-211803__NetHackChallenge-v0__exp3/NetHackChallenge-v0__option__random__n64__os1__max_episode_steps5000__discountprimitive__ent_coef0.01__exp3,0830-211803__NetHackChallenge-v0__exp3,NetHackChallenge-v0,option,random,1,10000000,5000,0,0.999,primitive,exp3,64,2542985.578151107,52.122381095449086,40.996439033108146,53.883660510447044,median-range,5,9999750
0830-211803__NetHackChallenge-v0__exp3/NetHackChallenge-v0__option__random__n64__os1__max_episode_steps5000__discountprimitive__ent_coef0.01__exp3,0830-211803__NetHackChallenge-v0__exp3,NetHackChallenge-v0,option,random,1,10000000,5000,0,0.999,primitive,exp3,64,2647484.7260293397,49.926607564817616,43.23641732286173,53.86259007705665,median-range,5,9999750
0830-211803__NetHackChallenge-v0__exp3/NetHackChallenge-v0__option__random__n64__os1__max_episode_steps5000__discountprimitive__ent_coef0.01__exp3,0830-211803__NetHackChallenge-v0__exp3,NetHackChallenge-v0,option,random,1,10000000,5000,0,0.999,primitive,exp3,64,2756278.0673159426,50.03940637995286,48.78109095059292,52.74597552227476,median-range,5,9999750
0830-211803__NetHackChallenge-v0__exp3/NetHackChallenge-v0__option__random__n64__os1__max_episode_steps5000__discountprimitive__ent_coef0.01__exp3,0830-211803__NetHackChallenge-v0__exp3,NetHackChallenge-v0,option,random,1,10000000,5000,0,0.999,primitive,exp3,64,2869542.0637084786,51.5963164158078,48.1250626716148,58.87653389268311,median-range,5,9999750
0830-211803__NetHackChallenge-v0__exp3/NetHackChallenge-v0__option__random__n64__os1__max_episode_steps5000__discountprimitive__ent_coef0.01__exp3,0830-211803__NetHackChallenge-v0__exp3,NetHackChallenge-v0,option,random,1,10000000,5000,0,0.999,primitive,exp3,64,2987460.428261808,52.06756564649318,45.483831314964775,58.88208585802681,median-range,5,9999750
0830-211803__NetHackChallenge-v0__exp3/NetHackChallenge-v0__option__random__n64__os1__max_episode_steps5000__discountprimitive__ent_coef0.01__exp3,0830-211803__NetHackChallenge-v0__exp3,NetHackChallenge-v0,option,random,1,10000000,5000,0,0.999,primitive,exp3,64,3110224.4233688023,50.0875158969308,43.861445336865984,53.548334910148405,median-range,5,9999750
0830-211803__NetHackChallenge-v0__exp3/NetHackChallenge-v0__option__random__n64__os1__max_episode_steps5000__discountprimitive__ent_coef0.01__exp3,0830-211803__NetHackChallenge-v0__exp3,NetHackChallenge-v0,option,random,1,10000000,5000,0,0.999,primitive,exp3,64,3238033.1709860074,49.43624152481258,48.94077984114282,52.755962417965314,median-range,5,9999750
0830-211803__NetHackChallenge-v0__exp3/NetHackChallenge-v0__option__random__n64__os1__max_episode_steps5000__discountprimitive__ent_coef0.01__exp3,0830-211803__NetHackChallenge-v0__exp3,NetHackChallenge-v0,option,random,1,10000000,5000,0,0.999,primitive,exp3,64,3371093.975607442,52.984501876914806,46.88689106781899,54.47741288086854,median-range,5,9999750
0830-211803__NetHackChallenge-v0__exp3/NetHackChallenge-v0__option__random__n64__os1__max_episode_steps5000__discountprimitive__ent_coef0.01__exp3,0830-211803__NetHackChallenge-v0__exp3,NetHackChallenge-v0,option,random,1,10000000,5000,0,0.999,primitive,exp3,64,3509622.6605103845,53.418747709901155,52.20037036774916,57.1723833518154,median-range,5,9999750
0830-211803__NetHackChallenge-v0__exp3/NetHackChallenge-v0__option__random__n64__os1__max_episode_steps5000__discountprimitive__ent_coef0.01__exp3,0830-211803__NetHackChallenge-v0__exp3,NetHackChallenge-v0,option,random,1,10000000,5000,0,0.999,primitive,exp3,64,3653843.9178185523,56.3092314194972,47.02278907249859,66.39290258140528,median-range,5,9999750
0830-211803__NetHackChallenge-v0__exp3/NetHackChallenge-v0__option__random__n64__os1__max_episode_steps5000__discountprimitive__ent_coef0.01__exp3,0830-211803__NetHackChallenge-v0__exp3,NetHackChallenge-v0,option,random,1,10000000,5000,0,0.999,primitive,exp3,64,3803991.6729504196,59.717780845665985,50.856558635718116,68.27687407344435,median-range,5,9999750
0830-211803__NetHackChallenge-v0__exp3/NetHackChallenge-v0__option__random__n64__os1__max_episode_steps5000__discountprimitive__ent_coef0.01__exp3,0830-211803__NetHackChallenge-v0__exp3,NetHackChallenge-v0,option,random,1,10000000,5000,0,0.999,primitive,exp3,64,3960309.4640439213,52.02093905644024,44.89991495950222,58.092548754059365,median-range,5,9999750
0830-211803__NetHackChallenge-v0__exp3/NetHackChallenge-v0__option__random__n64__os1__max_episode_steps5000__discountprimitive__ent_coef0.01__exp3,0830-211803__NetHackChallenge-v0__exp3,NetHackChallenge-v0,option,random,1,10000000,5000,0,0.999,primitive,exp3,64,4123050.836972816,51.12290771057813,45.888037090900035,72.8522824226958,median-range,5,9999750
0830-211803__NetHackChallenge-v0__exp3/NetHackChallenge-v0__option__random__n64__os1__max_episode_steps5000__discountprimitive__ent_coef0.01__exp3,0830-211803__NetHackChallenge-v0__exp3,NetHackChallenge-v0,option,random,1,10000000,5000,0,0.999,primitive,exp3,64,4292479.756595533,56.932596122545824,47.75152543580712,78.71690629803294,median-range,5,9999750
0830-211803__NetHackChallenge-v0__exp3/NetHackChallenge-v0__option__random__n64__os1__max_episode_steps5000__discountprimitive__ent_coef0.01__exp3,0830-211803__NetHackChallenge-v0__exp3,NetHackChallenge-v0,option,random,1,10000000,5000,0,0.999,primitive,exp3,64,4468871.0349035,57.79529885169537,54.74793881808274,69.85943394781877,median-range,5,9999750
0830-211803__NetHackChallenge-v0__exp3/NetHackChallenge-v0__option__random__n64__os1__max_episode_steps5000__discountprimitive__ent_coef0.01__exp3,0830-211803__NetHackChallenge-v0__exp3,NetHackChallenge-v0,option,random,1,10000000,5000,0,0.999,primitive,exp3,64,4652510.776763406,62.81615301204907,52.445281645442,64.08433050189696,median-range,5,9999750
0830-211803__NetHackChallenge-v0__exp3/NetHackChallenge-v0__option__random__n64__os1__max_episode_steps5000__discountprimitive__ent_coef0.01__exp3,0830-211803__NetHackChallenge-v0__exp3,NetHackChallenge-v0,option,random,1,10000000,5000,0,0.999,primitive,exp3,64,4843696.843976399,56.37814936230826,49.833855900134424,61.86762331936411,median-range,5,9999750
0830-211803__NetHackChallenge-v0__exp3/NetHackChallenge-v0__option__random__n64__os1__max_episode_steps5000__discountprimitive__ent_coef0.01__exp3,0830-211803__NetHackChallenge-v0__exp3,NetHackChallenge-v0,option,random,1,10000000,5000,0,0.999,primitive,exp3,64,5042739.338406914,56.26550672551518,51.48022964168185,61.979432139840306,median-range,5,9999750
0830-211803__NetHackChallenge-v0__exp3/NetHackChallenge-v0__option__random__n64__os1__max_episode_steps5000__discountprimitive__ent_coef0.01__exp3,0830-211803__NetHackChallenge-v0__exp3,NetHackChallenge-v0,option,random,1,10000000,5000,0,0.999,primitive,exp3,64,5249961.104964747,56.73615880429176,54.07074788511689,64.51288054726697,median-range,5,9999750
0830-211803__NetHackChallenge-v0__exp3/NetHackChallenge-v0__option__random__n64__os1__max_episode_steps5000__discountprimitive__ent_coef0.01__exp3,0830-211803__NetHackChallenge-v0__exp3,NetHackChallenge-v0,option,random,1,10000000,5000,0,0.999,primitive,exp3,64,5465698.255256238,58.26552128046146,53.75456015180883,63.086508038952836,median-range,5,9999750
0830-211803__NetHackChallenge-v0__exp3/NetHackChallenge-v0__option__random__n64__os1__max_episode_steps5000__discountprimitive__ent_coef0.01__exp3,0830-211803__NetHackChallenge-v0__exp3,NetHackChallenge-v0,option,random,1,10000000,5000,0,0.999,primitive,exp3,64,5690300.712753888,59.37690963210071,50.329736863464426,68.543675470198,median-range,5,9999750
0830-211803__NetHackChallenge-v0__exp3/NetHackChallenge-v0__option__random__n64__os1__max_episode_steps5000__discountprimitive__ent_coef0.01__exp3,0830-211803__NetHackChallenge-v0__exp3,NetHackChallenge-v0,option,random,1,10000000,5000,0,0.999,primitive,exp3,64,5924132.780368685,65.00872339559268,55.737064227408005,71.45352788565992,median-range,5,9999750
0830-211803__NetHackChallenge-v0__exp3/NetHackChallenge-v0__option__random__n64__os1__max_episode_steps5000__discountprimitive__ent_coef0.01__exp3,0830-211803__NetHackChallenge-v0__exp3,NetHackChallenge-v0,option,random,1,10000000,5000,0,0.999,primitive,exp3,64,6167573.731345737,59.69483665708813,48.46068992080025,80.42636528067773,median-range,5,9999750
0830-211803__NetHackChallenge-v0__exp3/NetHackChallenge-v0__option__random__n64__os1__max_episode_steps5000__discountprimitive__ent_coef0.01__exp3,0830-211803__NetHackChallenge-v0__exp3,NetHackChallenge-v0,option,random,1,10000000,5000,0,0.999,primitive,exp3,64,6421018.424441635,57.14660523022981,43.466078156519785,67.89839957200682,median-range,5,9999750
0830-211803__NetHackChallenge-v0__exp3/NetHackChallenge-v0__option__random__n64__os1__max_episode_steps5000__discountprimitive__ent_coef0.01__exp3,0830-211803__NetHackChallenge-v0__exp3,NetHackChallenge-v0,option,random,1,10000000,5000,0,0.999,primitive,exp3,64,6684877.944381355,59.963773439880555,53.52,72.039286876033,median-range,5,9999750
0830-211803__NetHackChallenge-v0__exp3/NetHackChallenge-v0__option__random__n64__os1__max_episode_steps5000__discountprimitive__ent_coef0.01__exp3,0830-211803__NetHackChallenge-v0__exp3,NetHackChallenge-v0,option,random,1,10000000,5000,0,0.999,primitive,exp3,64,6959580.26863352,57.97400092050294,51.65138777052463,64.03611176568819,median-range,5,9999750
0830-211803__NetHackChallenge-v0__exp3/NetHackChallenge-v0__option__random__n64__os1__max_episode_steps5000__discountprimitive__ent_coef0.01__exp3,0830-211803__NetHackChallenge-v0__exp3,NetHackChallenge-v0,option,random,1,10000000,5000,0,0.999,primitive,exp3,64,7245570.961585516,58.490613937378136,57.06245980406855,65.69095602291718,median-range,5,9999750
0830-211803__NetHackChallenge-v0__exp3/NetHackChallenge-v0__option__random__n64__os1__max_episode_steps5000__discountprimitive__ent_coef0.01__exp3,0830-211803__NetHackChallenge-v0__exp3,NetHackChallenge-v0,option,random,1,10000000,5000,0,0.999,primitive,exp3,64,7543313.897244415,56.79840941952485,52.39484913279682,67.87458185164895,median-range,5,9999750
0830-211803__NetHackChallenge-v0__exp3/NetHackChallenge-v0__option__random__n64__os1__max_episode_steps5000__discountprimitive__ent_coef0.01__exp3,0830-211803__NetHackChallenge-v0__exp3,NetHackChallenge-v0,option,random,1,10000000,5000,0,0.999,primitive,exp3,64,7853292.011635921,59.39262174031983,54.784881184988365,68.53429482754673,median-range,5,9999750
0830-211803__NetHackChallenge-v0__exp3/NetHackChallenge-v0__option__random__n64__os1__max_episode_steps5000__discountprimitive__ent_coef0.01__exp3,0830-211803__NetHackChallenge-v0__exp3,NetHackChallenge-v0,option,random,1,10000000,5000,0,0.999,primitive,exp3,64,8176008.086121704,61.96485041435369,54.367216714785776,63.03974186298656,median-range,5,9999750
0830-211803__NetHackChallenge-v0__exp3/NetHackChallenge-v0__option__random__n64__os1__max_episode_steps5000__discountprimitive__ent_coef0.01__exp3,0830-211803__NetHackChallenge-v0__exp3,NetHackChallenge-v0,option,random,1,10000000,5000,0,0.999,primitive,exp3,64,8511985.562905684,62.02066065127403,54.699014267044575,81.98182903122313,median-range,5,9999750
0830-211803__NetHackChallenge-v0__exp3/NetHackChallenge-v0__option__random__n64__os1__max_episode_steps5000__discountprimitive__ent_coef0.01__exp3,0830-211803__NetHackChallenge-v0__exp3,NetHackChallenge-v0,option,random,1,10000000,5000,0,0.999,primitive,exp3,64,8861769.394051977,63.57209595793823,57.86393933657248,70.9521884204529,median-range,5,9999750
0830-211803__NetHackChallenge-v0__exp3/NetHackChallenge-v0__option__random__n64__os1__max_episode_steps5000__discountprimitive__ent_coef0.01__exp3,0830-211803__NetHackChallenge-v0__exp3,NetHackChallenge-v0,option,random,1,10000000,5000,0,0.999,primitive,exp3,64,9225926.925391626,60.90263692814915,57.52520060964019,69.99611698045534,median-range,5,9999750
0830-211803__NetHackChallenge-v0__exp3/NetHackChallenge-v0__option__random__n64__os1__max_episode_steps5000__discountprimitive__ent_coef0.01__exp3,0830-211803__NetHackChallenge-v0__exp3,NetHackChallenge-v0,option,random,1,10000000,5000,0,0.999,primitive,exp3,64,9605048.81675179,66.45402991807522,57.1565371070618,75.12668880846775,median-range,5,9999750
0830-211803__NetHackChallenge-v0__exp3/NetHackChallenge-v0__option__random__n64__os1__max_episode_steps5000__discountprimitive__ent_coef0.01__exp3,0830-211803__NetHackChallenge-v0__exp3,NetHackChallenge-v0,option,random,1,10000000,5000,0,0.999,primitive,exp3,64,9999750.0,64.86440711462451,56.29,70.75068181818182,median-range,5,9999750
0830-211803__NetHackChallenge-v0__exp3/NetHackChallenge-v0__option__random__n64__os2__max_episode_steps5000__discountprimitive__ent_coef0.01__exp3,0830-211803__NetHackChallenge-v0__exp3,NetHackChallenge-v0,option,random,2,10000000,5000,0,0.999,primitive,exp3,64,4862.0,7.013844419391207,5.818468250121183,9.184453930985415,median-range,5,10001594
0830-211803__NetHackChallenge-v0__exp3/NetHackChallenge-v0__option__random__n64__os2__max_episode_steps5000__discountprimitive__ent_coef0.01__exp3,0830-211803__NetHackChallenge-v0__exp3,NetHackChallenge-v0,option,random,2,10000000,5000,0,0.999,primitive,exp3,64,5052.013162967887,6.962431613176671,5.772415617312679,9.647488497449316,median-range,5,10001594
0830-211803__NetHackChallenge-v0__exp3/NetHackChallenge-v0__option__random__n64__os2__max_episode_steps5000__discountprimitive__ent_coef0.01__exp3,0830-211803__NetHackChallenge-v0__exp3,NetHackChallenge-v0,option,random,2,10000000,5000,0,0.999,primitive,exp3,64,5249.4522827644605,6.909009528902514,5.724563188859801,10.128619045512826,median-range,5,10001594
0830-211803__NetHackChallenge-v0__exp3/NetHackChallenge-v0__option__random__n64__os2__max_episode_steps5000__discountprimitive__ent_coef0.01__exp3,0830-211803__NetHackChallenge-v0__exp3,NetHackChallenge-v0,option,random,2,10000000,5000,0,0.999,primitive,exp3,64,5454.607575256661,6.853499641418717,5.674840626452578,10.62855278922381,median-range,5,10001594
0830-211803__NetHackChallenge-v0__exp3/NetHackChallenge-v0__option__random__n64__os2__max_episode_steps5000__discountprimitive__ent_coef0.01__exp3,0830-211803__NetHackChallenge-v0__exp3,NetHackChallenge-v0,option,random,2,10000000,5000,0,0.999,primitive,exp3,64,5667.780598317773,6.795820356712214,5.623174842870147,11.148024581457399,median-range,5,10001594
0830-211803__NetHackChallenge-v0__exp3/NetHackChallenge-v0__option__random__n64__os2__max_episode_steps5000__discountprimitive__ent_coef0.01__exp3,0830-211803__NetHackChallenge-v0__exp3,NetHackChallenge-v0,option,random,2,10000000,5000,0,0.999,primitive,exp3,64,5889.284695087496,6.735886891971816,5.569489894549807,11.687797994076611,median-range,5,10001594
0830-211803__NetHackChallenge-v0__exp3/NetHackChallenge-v0__option__random__n64__os2__max_episode_steps5000__discountprimitive__ent_coef0.01__exp3,0830-211803__NetHackChallenge-v0__exp3,NetHackChallenge-v0,option,random,2,10000000,5000,0,0.999,primitive,exp3,64,6119.44545455519,6.673611150965901,5.51370686995754,19.918712727716652,median-range,5,10001594
0830-211803__NetHackChallenge-v0__exp3/NetHackChallenge-v0__option__random__n64__os2__max_episode_steps5000__discountprimitive__ent_coef0.01__exp3,0830-211803__NetHackChallenge-v0__exp3,NetHackChallenge-v0,option,random,2,10000000,5000,0,0.999,primitive,exp3,64,6358.601190143323,6.608901594549721,5.4557437735958985,19.078156383525002,median-range,5,10001594
0830-211803__NetHackChallenge-v0__exp3/NetHackChallenge-v0__option__random__n64__os2__max_episode_steps5000__discountprimitive__ent_coef0.01__exp3,0830-211803__NetHackChallenge-v0__exp3,NetHackChallenge-v0,option,random,2,10000000,5000,0,0.999,primitive,exp3,64,6607.10343699452,6.541663106111968,5.395515405478788,17.641238629623523,median-range,5,10001594
0830-211803__NetHackChallenge-v0__exp3/NetHackChallenge-v0__option__random__n64__os2__max_episode_steps5000__discountprimitive__ent_coef0.01__exp3,0830-211803__NetHackChallenge-v0__exp3,NetHackChallenge-v0,option,random,2,10000000,5000,0,0.999,primitive,exp3,64,6865.317468693273,6.471796851762813,5.332933235895959,17.11793784186439,median-range,5,10001594
0830-211803__NetHackChallenge-v0__exp3/NetHackChallenge-v0__option__random__n64__os2__max_episode_steps5000__discountprimitive__ent_coef0.01__exp3,0830-211803__NetHackChallenge-v0__exp3,NetHackChallenge-v0,option,random,2,10000000,5000,0,0.999,primitive,exp3,64,7133.622834181779,6.399200135057918,5.267905275283137,17.3327348788148,median-range,5,10001594
0830-211803__NetHackChallenge-v0__exp3/NetHackChallenge-v0__option__random__n64__os2__max_episode_steps5000__discountprimitive__ent_coef0.01__exp3,0830-211803__NetHackChallenge-v0__exp3,NetHackChallenge-v0,option,random,2,10000000,5000,0,0.999,primitive,exp3,64,7412.413915659121,6.323766246044883,5.181986007167633,17.555926458008546,median-range,5,10001594
0830-211803__NetHackChallenge-v0__exp3/NetHackChallenge-v0__option__random__n64__os2__max_episode_steps5000__discountprimitive__ent_coef0.01__exp3,0830-211803__NetHackChallenge-v0__exp3,NetHackChallenge-v0,option,random,2,10000000,5000,0,0.999,primitive,exp3,64,7702.100508283881,6.245384304410224,4.9754884360501865,17.787840648866297,median-range,5,10001594
0830-211803__NetHackChallenge-v0__exp3/NetHackChallenge-v0__option__random__n64__os2__max_episode_steps5000__discountprimitive__ent_coef0.01__exp3,0830-211803__NetHackChallenge-v0__exp3,NetHackChallenge-v0,option,random,2,10000000,5000,0,0.999,primitive,exp3,64,8003.1084225322575,6.163939096496345,4.760920676402668,18.028818342180244,median-range,5,10001594
0830-211803__NetHackChallenge-v0__exp3/NetHackChallenge-v0__option__random__n64__os2__max_episode_steps5000__discountprimitive__ent_coef0.01__exp3,0830-211803__NetHackChallenge-v0__exp3,NetHackChallenge-v0,option,random,2,10000000,5000,0,0.999,primitive,exp3,64,8315.880110097109,6.0793109059489225,4.537967334961328,18.279213751189644,median-range,5,10001594
0830-211803__NetHackChallenge-v0__exp3/NetHackChallenge-v0__option__random__n64__os2__max_episode_steps5000__discountprimitive__ent_coef0.01__exp3,0830-211803__NetHackChallenge-v0__exp3,NetHackChallenge-v0,option,random,2,10000000,5000,0,0.999,primitive,exp3,64,8640.875314247935,5.977001937772053,4.306300692491289,18.1236916207633,median-range,5,10001594
0830-211803__NetHackChallenge-v0__exp3/NetHackChallenge-v0__option__random__n64__os2__max_episode_steps5000__discountprimitive__ent_coef0.01__exp3,0830-211803__NetHackChallenge-v0__exp3,NetHackChallenge-v0,option,random,2,10000000,5000,0,0.999,primitive,exp3,64,8978.571745607736,5.733353718897737,4.065580222071878,17.951022834988017,median-range,5,10001594
0830-211803__NetHackChallenge-v0__exp3/NetHackChallenge-v0__option__random__n64__os2__max_episode_steps5000__discountprimitive__ent_coef0.01__exp3,0830-211803__NetHackChallenge-v0__exp3,NetHackChallenge-v0,option,random,2,10000000,5000,0,0.999,primitive,exp3,64,9329.46578434016,5.480183416781991,3.815452088555894,17.90389931883414,median-range,5,10001594
0830-211803__NetHackChallenge-v0__exp3/NetHackChallenge-v0__option__random__n64__os2__max_episode_steps5000__discountprimitive__ent_coef0.01__exp3,0830-211803__NetHackChallenge-v0__exp3,NetHackChallenge-v0,option,random,2,10000000,5000,0,0.999,primitive,exp3,64,9694.073209778904,5.42236992344686,3.555548628467176,17.962812547361043,median-range,5,10001594
0830-211803__NetHackChallenge-v0__exp3/NetHackChallenge-v0__option__random__n64__os2__max_episode_steps5000__discountprimitive__ent_coef0.01__exp3,0830-211803__NetHackChallenge-v0__exp3,NetHackChallenge-v0,option,random,2,10000000,5000,0,0.999,primitive,exp3,64,10072.92995857207,17.391462572314026,4.942513539153519,28.138616035768727,median-range,5,10001594
0830-211803__NetHackChallenge-v0__exp3/NetHackChallenge-v0__option__random__n64__os2__max_episode_steps5000__discountprimitive__ent_coef0.01__exp3,0830-211803__NetHackChallenge-v0__exp3,NetHackChallenge-v0,option,random,2,10000000,5000,0,0.999,primitive,exp3,64,10466.592912455715,17.19017734114326,5.406023206192852,27.488628641050198,median-range,5,10001594
0830-211803__NetHackChallenge-v0__exp3/NetHackChallenge-v0__option__random__n64__os2__max_episode_steps5000__discountprimitive__ent_coef0.01__exp3,0830-211803__NetHackChallenge-v0__exp3,NetHackChallenge-v0,option,random,2,10000000,5000,0,0.999,primitive,exp3,64,10875.640716814622,16.981025626337473,5.397367648570103,26.813238909688366,median-range,5,10001594
0830-211803__NetHackChallenge-v0__exp3/NetHackChallenge-v0__option__random__n64__os2__max_episode_steps5000__discountprimitive__ent_coef0.01__exp3,0830-211803__NetHackChallenge-v0__exp3,NetHackChallenge-v0,option,random,2,10000000,5000,0,0.999,primitive,exp3,64,11300.674631233442,18.23775171449186,5.388373820712647,26.11145408595877,median-range,5,10001594
0830-211803__NetHackChallenge-v0__exp3/NetHackChallenge-v0__option__random__n64__os2__max_episode_steps5000__discountprimitive__ent_coef0.01__exp3,0830-211803__NetHackChallenge-v0__exp3,NetHackChallenge-v0,option,random,2,10000000,5000,0,0.999,primitive,exp3,64,11742.319413288491,18.357981691457848,5.3790285025881435,25.382242615976654,median-range,5,10001594
0830-211803__NetHackChallenge-v0__exp3/NetHackChallenge-v0__option__random__n64__os2__max_episode_steps5000__discountprimitive__ent_coef0.01__exp3,0830-211803__NetHackChallenge-v0__exp3,NetHackChallenge-v0,option,random,2,10000000,5000,0,0.999,primitive,exp3,64,12201.224236879236,18.482910409313767,5.369317957508523,26.220101327361345,median-range,5,10001594
0830-211803__NetHackChallenge-v0__exp3/NetHackChallenge-v0__option__random__n64__os2__max_episode_steps5000__discountprimitive__ent_coef0.01__exp3,0830-211803__NetHackChallenge-v0__exp3,NetHackChallenge-v0,option,random,2,10000000,5000,0,0.999,primitive,exp3,64,12678.06364644935,19.056000163546702,5.3592279119384205,26.944914801143643,median-range,5,10001594
0830-211803__NetHackChallenge-v0__exp3/NetHackChallenge-v0__option__random__n64__os2__max_episode_steps5000__discountprimitive__ent_coef0.01__exp3,0830-211803__NetHackChallenge-v0__exp3,NetHackChallenge-v0,option,random,2,10000000,5000,0,0.999,primitive,exp3,64,13173.538548499955,19.46490090798232,5.3487435345145,27.698054910202604,median-range,5,10001594
0830-211803__NetHackChallenge-v0__exp3/NetHackChallenge-v0__option__random__n64__os2__max_episode_steps5000__discountprimitive__ent_coef0.01__exp3,0830-211803__NetHackChallenge-v0__exp3,NetHackChallenge-v0,option,random,2,10000000,5000,0,0.999,primitive,exp3,64,13688.377241852462,22.169054670601025,5.337849414244823,28.48062869558412,median-range,5,10001594
0830-211803__NetHackChallenge-v0__exp3/NetHackChallenge-v0__option__random__n64__os2__max_episode_steps5000__discountprimitive__ent_coef0.01__exp3,0830-211803__NetHackChallenge-v0__exp3,NetHackChallenge-v0,option,random,2,10000000,5000,0,0.999,primitive,exp3,64,14223.336488175388,21.285769201730616,5.326529537856225,29.29378646291054,median-range,5,10001594
0830-211803__NetHackChallenge-v0__exp3/NetHackChallenge-v0__option__random__n64__os2__max_episode_steps5000__discountprimitive__ent_coef0.01__exp3,0830-211803__NetHackChallenge-v0__exp3,NetHackChallenge-v0,option,random,2,10000000,5000,0,0.999,primitive,exp3,64,14779.20262434873,21.524150906923836,5.314767266256396,29.295661046319427,median-range,5,10001594
0830-211803__NetHackChallenge-v0__exp3/NetHackChallenge-v0__option__random__n64__os2__max_episode_steps5000__discountprimitive__ent_coef0.01__exp3,0830-211803__NetHackChallenge-v0__exp3,NetHackChallenge-v0,option,random,2,10000000,5000,0,0.999,primitive,exp3,64,15356.792718300978,18.850913981435127,5.302545310076072,29.014786657118762,median-range,5,10001594
0830-211803__NetHackChallenge-v0__exp3/NetHackChallenge-v0__option__random__n64__os2__max_episode_steps5000__discountprimitive__ent_coef0.01__exp3,0830-211803__NetHackChallenge-v0__exp3,NetHackChallenge-v0,option,random,2,10000000,5000,0,0.999,primitive,exp3,64,15956.95577001765,19.935042415588597,5.289845704255378,28.72293533844697,median-range,5,10001594
0830-211803__NetHackChallenge-v0__exp3/NetHackChallenge-v0__option__random__n64__os2__max_episode_steps5000__discountprimitive__ent_coef0.01__exp3,0830-211803__NetHackChallenge-v0__exp3,NetHackChallenge-v0,option,random,2,10000000,5000,0,0.999,primitive,exp3,64,16580.57395948699,20.214976349297,5.276649781636979,28.419678097895844,median-range,5,10001594
0830-211803__NetHackChallenge-v0__exp3/NetHackChallenge-v0__option__random__n64__os2__max_episode_steps5000__discountprimitive__ent_coef0.01__exp3,0830-211803__NetHackChallenge-v0__exp3,NetHackChallenge-v0,option,random,2,10000000,5000,0,0.999,primitive,exp3,64,17228.563943416437,20.30686568525338,5.26293814552722,28.104569177486656,median-range,5,10001594
0830-211803__NetHackChallenge-v0__exp3/NetHackChallenge-v0__option__random__n64__os2__max_episode_steps5000__discountprimitive__ent_coef0.01__exp3,0830-211803__NetHackChallenge-v0__exp3,NetHackChallenge-v0,option,random,2,10000000,5000,0,0.999,primitive,exp3,64,17901.87820262727,20.402346173691893,5.2537895662151435,27.777145398450074,median-range,5,10001594
0830-211803__NetHackChallenge-v0__exp3/NetHackChallenge-v0__option__random__n64__os2__max_episode_steps5000__discountprimitive__ent_coef0.01__exp3,0830-211803__NetHackChallenge-v0__exp3,NetHackChallenge-v0,option,random,2,10000000,5000,0,0.999,primitive,exp3,64,18601.506442106318,20.501558161433145,5.296636440024009,27.436925480399573,median-range,5,10001594
0830-211803__NetHackChallenge-v0__exp3/NetHackChallenge-v0__option__random__n64__os2__max_episode_steps5000__discountprimitive__ent_coef0.01__exp3,0830-211803__NetHackChallenge-v0__exp3,NetHackChallenge-v0,option,random,2,10000000,5000,0,0.999,primitive,exp3,64,19328.477045773983,20.604647480230554,5.341157824325616,27.08340933389711,median-range,5,10001594
0830-211803__NetHackChallenge-v0__exp3/NetHackChallenge-v0__option__random__n64__os2__max_episode_steps5000__discountprimitive__ent_coef0.01__exp3,0830-211803__NetHackChallenge-v0__exp3,NetHackChallenge-v0,option,random,2,10000000,5000,0,0.999,primitive,exp3,64,20083.858588106305,20.72863507014607,5.38741916112637,26.84151701562079,median-range,5,10001594
0830-211803__NetHackChallenge-v0__exp3/NetHackChallenge-v0__option__random__n64__os2__max_episode_steps5000__discountprimitive__ent_coef0.01__exp3,0830-211803__NetHackChallenge-v0__exp3,NetHackChallenge-v0,option,random,2,10000000,5000,0,0.999,primitive,exp3,64,20868.761404833145,22.268213551668016,5.435488449989782,25.561066846292263,median-range,5,10001594
0830-211803__NetHackChallenge-v0__exp3/NetHackChallenge-v0__option__random__n64__os2__max_episode_steps5000__discountprimitive__ent_coef0.01__exp3,0830-211803__NetHackChallenge-v0__exp3,NetHackChallenge-v0,option,random,2,10000000,5000,0,0.999,primitive,exp3,64,21684.339225021246,22.66994219885526,6.880950795345786,26.81288964607184,median-range,5,10001594
0830-211803__NetHackChallenge-v0__exp3/NetHackChallenge-v0__option__random__n64__os2__max_episode_steps5000__discountprimitive__ent_coef0.01__exp3,0830-211803__NetHackChallenge-v0__exp3,NetHackChallenge-v0,option,random,2,10000000,5000,0,0.999,primitive,exp3,64,22531.790866941228,22.78797287468619,8.466545999927675,27.26741921330599,median-range,5,10001594
0830-211803__NetHackChallenge-v0__exp3/NetHackChallenge-v0__option__random__n64__os2__max_episode_steps5000__discountprimitive__ent_coef0.01__exp3,0830-211803__NetHackChallenge-v0__exp3,NetHackChallenge-v0,option,random,2,10000000,5000,0,0.999,primitive,exp3,64,23412.36200021118,22.856583906360807,10.06256549482562,26.839080738194934,median-range,5,10001594
0830-211803__NetHackChallenge-v0__exp3/NetHackChallenge-v0__option__random__n64__os2__max_episode_steps5000__discountprimitive__ent_coef0.01__exp3,0830-211803__NetHackChallenge-v0__exp3,NetHackChallenge-v0,option,random,2,10000000,5000,0,0.999,primitive,exp3,64,24327.346976807094,22.927876344687622,11.28702221139135,27.015546637696765,median-range,5,10001594
0830-211803__NetHackChallenge-v0__exp3/NetHackChallenge-v0__option__random__n64__os2__max_episode_steps5000__discountprimitive__ent_coef0.01__exp3,0830-211803__NetHackChallenge-v0__exp3,NetHackChallenge-v0,option,random,2,10000000,5000,0,0.999,primitive,exp3,64,25278.090733631536,21.71681340666388,11.51931266196791,27.19890904968735,median-range,5,10001594
0830-211803__NetHackChallenge-v0__exp3/NetHackChallenge-v0__option__random__n64__os2__max_episode_steps5000__discountprimitive__ent_coef0.01__exp3,0830-211803__NetHackChallenge-v0__exp3,NetHackChallenge-v0,option,random,2,10000000,5000,0,0.999,primitive,exp3,64,26265.990769437092,22.390130097055504,11.178427405312569,25.4929990599201,median-range,5,10001594
0830-211803__NetHackChallenge-v0__exp3/NetHackChallenge-v0__option__random__n64__os2__max_episode_steps5000__discountprimitive__ent_coef0.01__exp3,0830-211803__NetHackChallenge-v0__exp3,NetHackChallenge-v0,option,random,2,10000000,5000,0,0.999,primitive,exp3,64,27292.499199010545,21.051772921768027,11.858337960348056,26.163807362304443,median-range,5,10001594
0830-211803__NetHackChallenge-v0__exp3/NetHackChallenge-v0__option__random__n64__os2__max_episode_steps5000__discountprimitive__ent_coef0.01__exp3,0830-211803__NetHackChallenge-v0__exp3,NetHackChallenge-v0,option,random,2,10000000,5000,0,0.999,primitive,exp3,64,28359.124887637154,20.34106817188356,12.650927590956377,26.860831708967098,median-range,5,10001594
0830-211803__NetHackChallenge-v0__exp3/NetHackChallenge-v0__option__random__n64__os2__max_episode_steps5000__discountprimitive__ent_coef0.01__exp3,0830-211803__NetHackChallenge-v0__exp3,NetHackChallenge-v0,option,random,2,10000000,5000,0,0.999,primitive,exp3,64,29467.43566898255,19.377155734145205,12.466997399647276,26.893942800570198,median-range,5,10001594
0830-211803__NetHackChallenge-v0__exp3/NetHackChallenge-v0__option__random__n64__os2__max_episode_steps5000__discountprimitive__ent_coef0.01__exp3,0830-211803__NetHackChallenge-v0__exp3,NetHackChallenge-v0,option,random,2,10000000,5000,0,0.999,primitive,exp3,64,30619.060649652267,18.651934082277066,12.27587898180261,26.243798789572793,median-range,5,10001594
0830-211803__NetHackChallenge-v0__exp3/NetHackChallenge-v0__option__random__n64__os2__max_episode_steps5000__discountprimitive__ent_coef0.01__exp3,0830-211803__NetHackChallenge-v0__exp3,NetHackChallenge-v0,option,random,2,10000000,5000,0,0.999,primitive,exp3,64,31815.69260381641,18.23742742496732,11.828742030506394,26.40224786305429,median-range,5,10001594
0830-211803__NetHackChallenge-v0__exp3/NetHackChallenge-v0__option__random__n64__os2__max_episode_steps5000__discountprimitive__ent_coef0.01__exp3,0830-211803__NetHackChallenge-v0__exp3,NetHackChallenge-v0,option,random,2,10000000,5000,0,0.999,primitive,exp3,64,33059.0904614193,17.99141044822548,11.366720162682974,27.303831271018275,median-range,5,10001594
0830-211803__NetHackChallenge-v0__exp3/NetHackChallenge-v0__option__random__n64__os2__max_episode_steps5000__discountprimitive__ent_coef0.01__exp3,0830-211803__NetHackChallenge-v0__exp3,NetHackChallenge-v0,option,random,2,10000000,5000,0,0.999,primitive,exp3,64,34351.081893631526,17.550749874535434,11.08214055206354,28.42153598915094,median-range,5,10001594
0830-211803__NetHackChallenge-v0__exp3/NetHackChallenge-v0__option__random__n64__os2__max_episode_steps5000__discountprimitive__ent_coef0.01__exp3,0830-211803__NetHackChallenge-v0__exp3,NetHackChallenge-v0,option,random,2,10000000,5000,0,0.999,primitive,exp3,64,35693.56599934472,16.382368538941734,10.480858009022626,29.569134955301774,median-range,5,10001594
0830-211803__NetHackChallenge-v0__exp3/NetHackChallenge-v0__option__random__n64__os2__max_episode_steps5000__discountprimitive__ent_coef0.01__exp3,0830-211803__NetHackChallenge-v0__exp3,NetHackChallenge-v0,option,random,2,10000000,5000,0,0.999,primitive,exp3,64,37088.51609665837,15.848140196300722,10.32593994227047,27.150638651844524,median-range,5,10001594
0830-211803__NetHackChallenge-v0__exp3/NetHackChallenge-v0__option__random__n64__os2__max_episode_steps5000__discountprimitive__ent_coef0.01__exp3,0830-211803__NetHackChallenge-v0__exp3,NetHackChallenge-v0,option,random,2,10000000,5000,0,0.999,primitive,exp3,64,38537.98262346033,16.65026302271985,10.200980108420634,26.545661586904643,median-range,5,10001594
0830-211803__NetHackChallenge-v0__exp3/NetHackChallenge-v0__option__random__n64__os2__max_episode_steps5000__discountprimitive__ent_coef0.01__exp3,0830-211803__NetHackChallenge-v0__exp3,NetHackChallenge-v0,option,random,2,10000000,5000,0,0.999,primitive,exp3,64,40044.09615136762,16.116214664361582,9.7917700208906,24.561629484714448,median-range,5,10001594
0830-211803__NetHackChallenge-v0__exp3/NetHackChallenge-v0__option__random__n64__os2__max_episode_steps5000__discountprimitive__ent_coef0.01__exp3,0830-211803__NetHackChallenge-v0__exp3,NetHackChallenge-v0,option,random,2,10000000,5000,0,0.999,primitive,exp3,64,41609.07051745393,15.550769148871296,11.727405655973692,24.386955769538922,median-range,5,10001594
0830-211803__NetHackChallenge-v0__exp3/NetHackChallenge-v0__option__random__n64__os2__max_episode_steps5000__discountprimitive__ent_coef0.01__exp3,0830-211803__NetHackChallenge-v0__exp3,NetHackChallenge-v0,option,random,2,10000000,5000,0,0.999,primitive,exp3,64,43235.2060783703,15.865316511880438,12.686843703193384,25.45629085127909,median-range,5,10001594
0830-211803__NetHackChallenge-v0__exp3/NetHackChallenge-v0__option__random__n64__os2__max_episode_steps5000__discountprimitive__ent_coef0.01__exp3,0830-211803__NetHackChallenge-v0__exp3,NetHackChallenge-v0,option,random,2,10000000,5000,0,0.999,primitive,exp3,64,44924.893091640486,15.389741786502126,12.085047640034905,26.995617564326196,median-range,5,10001594
0830-211803__NetHackChallenge-v0__exp3/NetHackChallenge-v0__option__random__n64__os2__max_episode_steps5000__discountprimitive__ent_coef0.01__exp3,0830-211803__NetHackChallenge-v0__exp3,NetHackChallenge-v0,option,random,2,10000000,5000,0,0.999,primitive,exp3,64,46680.61522910179,15.07489998945201,12.234259582090411,25.51728622448358,median-range,5,10001594
0830-211803__NetHackChallenge-v0__exp3/NetHackChallenge-v0__option__random__n64__os2__max_episode_steps5000__discountprimitive__ent_coef0.01__exp3,0830-211803__NetHackChallenge-v0__exp3,NetHackChallenge-v0,option,random,2,10000000,5000,0,0.999,primitive,exp3,64,48504.953227655606,15.09848802776639,12.280209127282754,25.077404181528422,median-range,5,10001594
0830-211803__NetHackChallenge-v0__exp3/NetHackChallenge-v0__option__random__n64__os2__max_episode_steps5000__discountprimitive__ent_coef0.01__exp3,0830-211803__NetHackChallenge-v0__exp3,NetHackChallenge-v0,option,random,2,10000000,5000,0,0.999,primitive,exp3,64,50400.58868269394,15.921191097548363,12.182509024010669,24.54453621173656,median-range,5,10001594
0830-211803__NetHackChallenge-v0__exp3/NetHackChallenge-v0__option__random__n64__os2__max_episode_steps5000__discountprimitive__ent_coef0.01__exp3,0830-211803__NetHackChallenge-v0__exp3,NetHackChallenge-v0,option,random,2,10000000,5000,0,0.999,primitive,exp3,64,52370.30798977791,15.939701429456878,14.142475428335901,31.402863155889126,median-range,5,10001594
0830-211803__NetHackChallenge-v0__exp3/NetHackChallenge-v0__option__random__n64__os2__max_episode_steps5000__discountprimitive__ent_coef0.01__exp3,0830-211803__NetHackChallenge-v0__exp3,NetHackChallenge-v0,option,random,2,10000000,5000,0,0.999,primitive,exp3,64,54417.00644036208,17.166146864998,14.313753085085997,43.871145659879325,median-range,5,10001594
0830-211803__NetHackChallenge-v0__exp3/NetHackChallenge-v0__option__random__n64__os2__max_episode_steps5000__discountprimitive__ent_coef0.01__exp3,0830-211803__NetHackChallenge-v0__exp3,NetHackChallenge-v0,option,random,2,10000000,5000,0,0.999,primitive,exp3,64,56543.69247758486,17.208303047324186,16.286243582280722,42.904204155951824,median-range,5,10001594
0830-211803__NetHackChallenge-v0__exp3/NetHackChallenge-v0__option__random__n64__os2__max_episode_steps5000__discountprimitive__ent_coef0.01__exp3,0830-211803__NetHackChallenge-v0__exp3,NetHackChallenge-v0,option,random,2,10000000,5000,0,0.999,primitive,exp3,64,58753.49211838074,17.639646278160804,16.199428944590952,42.530472875448034,median-range,5,10001594
0830-211803__NetHackChallenge-v0__exp3/NetHackChallenge-v0__option__random__n64__os2__max_episode_steps5000__discountprimitive__ent_coef0.01__exp3,0830-211803__NetHackChallenge-v0__exp3,NetHackChallenge-v0,option,random,2,10000000,5000,0,0.999,primitive,exp3,64,61049.65354841415,17.72033095561413,15.41798973782769,44.047329193324025,median-range,5,10001594
0830-211803__NetHackChallenge-v0__exp3/NetHackChallenge-v0__option__random__n64__os2__max_episode_steps5000__discountprimitive__ent_coef0.01__exp3,0830-211803__NetHackChallenge-v0__exp3,NetHackChallenge-v0,option,random,2,10000000,5000,0,0.999,primitive,exp3,64,63435.551896589386,17.411352609984636,15.291173744016778,44.028974686973214,median-range,5,10001594
0830-211803__NetHackChallenge-v0__exp3/NetHackChallenge-v0__option__random__n64__os2__max_episode_steps5000__discountprimitive__ent_coef0.01__exp3,0830-211803__NetHackChallenge-v0__exp3,NetHackChallenge-v0,option,random,2,10000000,5000,0,0.999,primitive,exp3,64,65914.6941961543,18.356883352732144,15.318459513960828,43.49178190778413,median-range,5,10001594
0830-211803__NetHackChallenge-v0__exp3/NetHackChallenge-v0__option__random__n64__os2__max_episode_steps5000__discountprimitive__ent_coef0.01__exp3,0830-211803__NetHackChallenge-v0__exp3,NetHackChallenge-v0,option,random,2,10000000,5000,0,0.999,primitive,exp3,64,68490.72453969039,19.28310976322277,16.228047880139563,42.5399853026247,median-range,5,10001594
0830-211803__NetHackChallenge-v0__exp3/NetHackChallenge-v0__option__random__n64__os2__max_episode_steps5000__discountprimitive__ent_coef0.01__exp3,0830-211803__NetHackChallenge-v0__exp3,NetHackChallenge-v0,option,random,2,10000000,5000,0,0.999,primitive,exp3,64,71167.42943556636,18.988112917533694,15.963755101212392,41.801757897702466,median-range,5,10001594
0830-211803__NetHackChallenge-v0__exp3/NetHackChallenge-v0__option__random__n64__os2__max_episode_steps5000__discountprimitive__ent_coef0.01__exp3,0830-211803__NetHackChallenge-v0__exp3,NetHackChallenge-v0,option,random,2,10000000,5000,0,0.999,primitive,exp3,64,73948.74337372885,18.860057211386756,15.92948019488505,40.313103514068466,median-range,5,10001594
0830-211803__NetHackChallenge-v0__exp3/NetHackChallenge-v0__option__random__n64__os2__max_episode_steps5000__discountprimitive__ent_coef0.01__exp3,0830-211803__NetHackChallenge-v0__exp3,NetHackChallenge-v0,option,random,2,10000000,5000,0,0.999,primitive,exp3,64,76838.75460901124,19.520474171903636,15.938134724550519,40.26491387686388,median-range,5,10001594
0830-211803__NetHackChallenge-v0__exp3/NetHackChallenge-v0__option__random__n64__os2__max_episode_steps5000__discountprimitive__ent_coef0.01__exp3,0830-211803__NetHackChallenge-v0__exp3,NetHackChallenge-v0,option,random,2,10000000,5000,0,0.999,primitive,exp3,64,79841.71117046145,19.33203750674739,15.66320866848777,37.621732511373544,median-range,5,10001594
0830-211803__NetHackChallenge-v0__exp3/NetHackChallenge-v0__option__random__n64__os2__max_episode_steps5000__discountprimitive__ent_coef0.01__exp3,0830-211803__NetHackChallenge-v0__exp3,NetHackChallenge-v0,option,random,2,10000000,5000,0,0.999,primitive,exp3,64,82962.02710552291,18.887512818858234,15.71791925570716,36.50059252273989,median-range,5,10001594
0830-211803__NetHackChallenge-v0__exp3/NetHackChallenge-v0__option__random__n64__os2__max_episode_steps5000__discountprimitive__ent_coef0.01__exp3,0830-211803__NetHackChallenge-v0__exp3,NetHackChallenge-v0,option,random,2,10000000,5000,0,0.999,primitive,exp3,64,86204.28896824346,18.552091218436093,15.774768002475167,35.96364881792852,median-range,5,10001594
0830-211803__NetHackChallenge-v0__exp3/NetHackChallenge-v0__option__random__n64__os2__max_episode_steps5000__discountprimitive__ent_coef0.01__exp3,0830-211803__NetHackChallenge-v0__exp3,NetHackChallenge-v0,option,random,2,10000000,5000,0,0.999,primitive,exp3,64,89573.26256105604,18.38985313373354,16.195951953343794,35.56222090393628,median-range,5,10001594
0830-211803__NetHackChallenge-v0__exp3/NetHackChallenge-v0__option__random__n64__os2__max_episode_steps5000__discountprimitive__ent_coef0.01__exp3,0830-211803__NetHackChallenge-v0__exp3,NetHackChallenge-v0,option,random,2,10000000,5000,0,0.999,primitive,exp3,64,93073.89994003146,19.657843448800534,16.026434613120387,35.45910508146561,median-range,5,10001594
0830-211803__NetHackChallenge-v0__exp3/NetHackChallenge-v0__option__random__n64__os2__max_episode_steps5000__discountprimitive__ent_coef0.01__exp3,0830-211803__NetHackChallenge-v0__exp3,NetHackChallenge-v0,option,random,2,10000000,5000,0,0.999,primitive,exp3,64,96711.34669391098,19.694579083729536,15.979047190911503,35.39748549144442,median-range,5,10001594
0830-211803__NetHackChallenge-v0__exp3/NetHackChallenge-v0__option__random__n64__os2__max_episode_steps5000__discountprimitive__ent_coef0.01__exp3,0830-211803__NetHackChallenge-v0__exp3,NetHackChallenge-v0,option,random,2,10000000,5000,0,0.999,primitive,exp3,64,100490.94950760785,19.69711201750288,15.613707413952735,34.2214152510496,median-range,5,10001594
0830-211803__NetHackChallenge-v0__exp3/NetHackChallenge-v0__option__random__n64__os2__max_episode_steps5000__discountprimitive__ent_coef0.01__exp3,0830-211803__NetHackChallenge-v0__exp3,NetHackChallenge-v0,option,random,2,10000000,5000,0,0.999,primitive,exp3,64,104418.26402130323,20.042655296522433,15.994108500536491,34.93099840117807,median-range,5,10001594
0830-211803__NetHackChallenge-v0__exp3/NetHackChallenge-v0__option__random__n64__os2__max_episode_steps5000__discountprimitive__ent_coef0.01__exp3,0830-211803__NetHackChallenge-v0__exp3,NetHackChallenge-v0,option,random,2,10000000,5000,0,0.999,primitive,exp3,64,108499.06299668456,20.755505298470716,15.772229870309806,34.9402892652381,median-range,5,10001594
0830-211803__NetHackChallenge-v0__exp3/NetHackChallenge-v0__option__random__n64__os2__max_episode_steps5000__discountprimitive__ent_coef0.01__exp3,0830-211803__NetHackChallenge-v0__exp3,NetHackChallenge-v0,option,random,2,10000000,5000,0,0.999,primitive,exp3,64,112739.34480233084,20.654138059437546,15.971422768995854,34.47887333407569,median-range,5,10001594
0830-211803__NetHackChallenge-v0__exp3/NetHackChallenge-v0__option__random__n64__os2__max_episode_steps5000__discountprimitive__ent_coef0.01__exp3,0830-211803__NetHackChallenge-v0__exp3,NetHackChallenge-v0,option,random,2,10000000,5000,0,0.999,primitive,exp3,64,117145.342230718,19.578089387968266,16.49407330486688,34.13298861438622,median-range,5,10001594
0830-211803__NetHackChallenge-v0__exp3/NetHackChallenge-v0__option__random__n64__os2__max_episode_steps5000__discountprimitive__ent_coef0.01__exp3,0830-211803__NetHackChallenge-v0__exp3,NetHackChallenge-v0,option,random,2,10000000,5000,0,0.999,primitive,exp3,64,121723.53165980367,19.636759845019203,16.535546385881084,34.25987644833513,median-range,5,10001594
0830-211803__NetHackChallenge-v0__exp3/NetHackChallenge-v0__option__random__n64__os2__max_episode_steps5000__discountprimitive__ent_coef0.01__exp3,0830-211803__NetHackChallenge-v0__exp3,NetHackChallenge-v0,option,random,2,10000000,5000,0,0.999,primitive,exp3,64,126480.64257265873,20.037194953291383,16.347568082137574,34.686016639126024,median-range,5,10001594
0830-211803__NetHackChallenge-v0__exp3/NetHackChallenge-v0__option__random__n64__os2__max_episode_steps5000__discountprimitive__ent_coef0.01__exp3,0830-211803__NetHackChallenge-v0__exp3,NetHackChallenge-v0,option,random,2,10000000,5000,0,0.999,primitive,exp3,64,131423.66744913795,19.919377092656525,16.58099823378862,33.913102262559185,median-range,5,10001594
0830-211803__NetHackChallenge-v0__exp3/NetHackChallenge-v0__option__random__n64__os2__max_episode_steps5000__discountprimitive__ent_coef0.01__exp3,0830-211803__NetHackChallenge-v0__exp3,NetHackChallenge-v0,option,random,2,10000000,5000,0,0.999,primitive,exp3,64,136559.87204412988,19.70424424350284,16.605806125994274,34.087129673864595,median-range,5,10001594
0830-211803__NetHackChallenge-v0__exp3/NetHackChallenge-v0__option__random__n64__os2__max_episode_steps5000__discountprimitive__ent_coef0.01__exp3,0830-211803__NetHackChallenge-v0__exp3,NetHackChallenge-v0,option,random,2,10000000,5000,0,0.999,primitive,exp3,64,141896.80606749377,19.83855521772629,16.673814197907582,33.15922006646935,median-range,5,10001594
0830-211803__NetHackChallenge-v0__exp3/NetHackChallenge-v0__option__random__n64__os2__max_episode_steps5000__discountprimitive__ent_coef0.01__exp3,0830-211803__NetHackChallenge-v0__exp3,NetHackChallenge-v0,option,random,2,10000000,5000,0,0.999,primitive,exp3,64,147442.31428138222,18.89704005075813,16.97,33.141289956303005,median-range,5,10001594
0830-211803__NetHackChallenge-v0__exp3/NetHackChallenge-v0__option__random__n64__os2__max_episode_steps5000__discountprimitive__ent_coef0.01__exp3,0830-211803__NetHackChallenge-v0__exp3,NetHackChallenge-v0,option,random,2,10000000,5000,0,0.999,primitive,exp3,64,153204.5480312611,19.3,17.083795424646063,32.98006053774999,median-range,5,10001594
0830-211803__NetHackChallenge-v0__exp3/NetHackChallenge-v0__option__random__n64__os2__max_episode_steps5000__discountprimitive__ent_coef0.01__exp3,0830-211803__NetHackChallenge-v0__exp3,NetHackChallenge-v0,option,random,2,10000000,5000,0,0.999,primitive,exp3,64,159191.97722757657,20.251111816252468,17.327317436113994,33.038828049639875,median-range,5,10001594
0830-211803__NetHackChallenge-v0__exp3/NetHackChallenge-v0__option__random__n64__os2__max_episode_steps5000__discountprimitive__ent_coef0.01__exp3,0830-211803__NetHackChallenge-v0__exp3,NetHackChallenge-v0,option,random,2,10000000,5000,0,0.999,primitive,exp3,64,165413.40279568103,20.24619834536888,16.79727740382077,32.283253636991326,median-range,5,10001594
0830-211803__NetHackChallenge-v0__exp3/NetHackChallenge-v0__option__random__n64__os2__max_episode_steps5000__discountprimitive__ent_coef0.01__exp3,0830-211803__NetHackChallenge-v0__exp3,NetHackChallenge-v0,option,random,2,10000000,5000,0,0.999,primitive,exp3,64,171877.969612318,20.471564691243678,16.64,32.102217722262225,median-range,5,10001594
0830-211803__NetHackChallenge-v0__exp3/NetHackChallenge-v0__option__random__n64__os2__max_episode_steps5000__discountprimitive__ent_coef0.01__exp3,0830-211803__NetHackChallenge-v0__exp3,NetHackChallenge-v0,option,random,2,10000000,5000,0,0.999,primitive,exp3,64,178595.1799476807,21.50451152027366,16.619039540856424,32.69436982717856,median-range,5,10001594
0830-211803__NetHackChallenge-v0__exp3/NetHackChallenge-v0__option__random__n64__os2__max_episode_steps5000__discountprimitive__ent_coef0.01__exp3,0830-211803__NetHackChallenge-v0__exp3,NetHackChallenge-v0,option,random,2,10000000,5000,0,0.999,primitive,exp3,64,185574.90743280615,21.118828386011927,15.950439308761934,26.16460720761625,median-range,5,10001594
0830-211803__NetHackChallenge-v0__exp3/NetHackChallenge-v0__option__random__n64__os2__max_episode_steps5000__discountprimitive__ent_coef0.01__exp3,0830-211803__NetHackChallenge-v0__exp3,NetHackChallenge-v0,option,random,2,10000000,5000,0,0.999,primitive,exp3,64,192827.4115728265,21.02116124480149,16.43,25.751668890709798,median-range,5,10001594
0830-211803__NetHackChallenge-v0__exp3/NetHackChallenge-v0__option__random__n64__os2__max_episode_steps5000__discountprimitive__ent_coef0.01__exp3,0830-211803__NetHackChallenge-v0__exp3,NetHackChallenge-v0,option,random,2,10000000,5000,0,0.999,primitive,exp3,64,200363.3528274266,21.227218615253015,16.393263330969283,25.863631428048674,median-range,5,10001594
0830-211803__NetHackChallenge-v0__exp3/NetHackChallenge-v0__option__random__n64__os2__max_episode_steps5000__discountprimitive__ent_coef0.01__exp3,0830-211803__NetHackChallenge-v0__exp3,NetHackChallenge-v0,option,random,2,10000000,5000,0,0.999,primitive,exp3,64,208193.80828065332,23.14809874624714,16.645896604341438,26.312708607377495,median-range,5,10001594
0830-211803__NetHackChallenge-v0__exp3/NetHackChallenge-v0__option__random__n64__os2__max_episode_steps5000__discountprimitive__ent_coef0.01__exp3,0830-211803__NetHackChallenge-v0__exp3,NetHackChallenge-v0,option,random,2,10000000,5000,0,0.999,primitive,exp3,64,216330.28792313323,24.436440036831726,17.453638743327733,28.124357189246922,median-range,5,10001594
0830-211803__NetHackChallenge-v0__exp3/NetHackChallenge-v0__option__random__n64__os2__max_episode_steps5000__discountprimitive__ent_coef0.01__exp3,0830-211803__NetHackChallenge-v0__exp3,NetHackChallenge-v0,option,random,2,10000000,5000,0,0.999,primitive,exp3,64,224784.7515706093,23.762777999814947,18.134375802201216,28.637552818783192,median-range,5,10001594
0830-211803__NetHackChallenge-v0__exp3/NetHackChallenge-v0__option__random__n64__os2__max_episode_steps5000__discountprimitive__ent_coef0.01__exp3,0830-211803__NetHackChallenge-v0__exp3,NetHackChallenge-v0,option,random,2,10000000,5000,0,0.999,primitive,exp3,64,233569.62644368265,22.95642435357218,18.372405976901078,29.08409419956082,median-range,5,10001594
0830-211803__NetHackChallenge-v0__exp3/NetHackChallenge-v0__option__random__n64__os2__max_episode_steps5000__discountprimitive__ent_coef0.01__exp3,0830-211803__NetHackChallenge-v0__exp3,NetHackChallenge-v0,option,random,2,10000000,5000,0,0.999,primitive,exp3,64,242697.8254345902,22.21704191160772,19.173455262864714,30.64905406693541,median-range,5,10001594
0830-211803__NetHackChallenge-v0__exp3/NetHackChallenge-v0__option__random__n64__os2__max_episode_steps5000__discountprimitive__ent_coef0.01__exp3,0830-211803__NetHackChallenge-v0__exp3,NetHackChallenge-v0,option,random,2,10000000,5000,0,0.999,primitive,exp3,64,252182.7660878718,21.568329628712863,19.733987061630128,30.67331481662823,median-range,5,10001594
0830-211803__NetHackChallenge-v0__exp3/NetHackChallenge-v0__option__random__n64__os2__max_episode_steps5000__discountprimitive__ent_coef0.01__exp3,0830-211803__NetHackChallenge-v0__exp3,NetHackChallenge-v0,option,random,2,10000000,5000,0,0.999,primitive,exp3,64,262038.3903228261,21.355332928672535,20.141179732264796,29.69464774751095,median-range,5,10001594
0830-211803__NetHackChallenge-v0__exp3/NetHackChallenge-v0__option__random__n64__os2__max_episode_steps5000__discountprimitive__ent_coef0.01__exp3,0830-211803__NetHackChallenge-v0__exp3,NetHackChallenge-v0,option,random,2,10000000,5000,0,0.999,primitive,exp3,64,272279.1849267452,21.368722427430985,20.87837926045881,27.666649175424784,median-range,5,10001594
0830-211803__NetHackChallenge-v0__exp3/NetHackChallenge-v0__option__random__n64__os2__max_episode_steps5000__discountprimitive__ent_coef0.01__exp3,0830-211803__NetHackChallenge-v0__exp3,NetHackChallenge-v0,option,random,2,10000000,5000,0,0.999,primitive,exp3,64,282920.20284905075,23.343705823833385,21.812975063770764,27.24802511755142,median-range,5,10001594
0830-211803__NetHackChallenge-v0__exp3/NetHackChallenge-v0__option__random__n64__os2__max_episode_steps5000__discountprimitive__ent_coef0.01__exp3,0830-211803__NetHackChallenge-v0__exp3,NetHackChallenge-v0,option,random,2,10000000,5000,0,0.999,primitive,exp3,64,293977.08532763255,23.645624198210292,21.372870176489528,26.550345252688356,median-range,5,10001594
0830-211803__NetHackChallenge-v0__exp3/NetHackChallenge-v0__option__random__n64__os2__max_episode_steps5000__discountprimitive__ent_coef0.01__exp3,0830-211803__NetHackChallenge-v0__exp3,NetHackChallenge-v0,option,random,2,10000000,5000,0,0.999,primitive,exp3,64,305466.0848799124,23.950899045864173,21.063859200003815,27.206225451269408,median-range,5,10001594
0830-211803__NetHackChallenge-v0__exp3/NetHackChallenge-v0__option__random__n64__os2__max_episode_steps5000__discountprimitive__ent_coef0.01__exp3,0830-211803__NetHackChallenge-v0__exp3,NetHackChallenge-v0,option,random,2,10000000,5000,0,0.999,primitive,exp3,64,317404.0891924278,24.39148978582655,22.18145688919033,27.25032252092902,median-range,5,10001594
0830-211803__NetHackChallenge-v0__exp3/NetHackChallenge-v0__option__random__n64__os2__max_episode_steps5000__discountprimitive__ent_coef0.01__exp3,0830-211803__NetHackChallenge-v0__exp3,NetHackChallenge-v0,option,random,2,10000000,5000,0,0.999,primitive,exp3,64,329808.6459440517,23.64027690877703,20.119441287476178,27.870662227834067,median-range,5,10001594
0830-211803__NetHackChallenge-v0__exp3/NetHackChallenge-v0__option__random__n64__os2__max_episode_steps5000__discountprimitive__ent_coef0.01__exp3,0830-211803__NetHackChallenge-v0__exp3,NetHackChallenge-v0,option,random,2,10000000,5000,0,0.999,primitive,exp3,64,342697.98859933467,19.73616611434282,19.488487248748033,28.161284281454094,median-range,5,10001594
0830-211803__NetHackChallenge-v0__exp3/NetHackChallenge-v0__option__random__n64__os2__max_episode_steps5000__discountprimitive__ent_coef0.01__exp3,0830-211803__NetHackChallenge-v0__exp3,NetHackChallenge-v0,option,random,2,10000000,5000,0,0.999,primitive,exp3,64,356091.06320988445,21.994323306149838,18.143078204683697,27.980608213503057,median-range,5,10001594
0830-211803__NetHackChallenge-v0__exp3/NetHackChallenge-v0__option__random__n64__os2__max_episode_steps5000__discountprimitive__ent_coef0.01__exp3,0830-211803__NetHackChallenge-v0__exp3,NetHackChallenge-v0,option,random,2,10000000,5000,0,0.999,primitive,exp3,64,370007.5562631771,22.49618547216832,20.47084416931023,32.55,median-range,5,10001594
0830-211803__NetHackChallenge-v0__exp3/NetHackChallenge-v0__option__random__n64__os2__max_episode_steps5000__discountprimitive__ent_coef0.01__exp3,0830-211803__NetHackChallenge-v0__exp3,NetHackChallenge-v0,option,random,2,10000000,5000,0,0.999,primitive,exp3,64,384467.9236197352,24.667866411608784,20.29548205438852,31.407233035091423,median-range,5,10001594
0830-211803__NetHackChallenge-v0__exp3/NetHackChallenge-v0__option__random__n64__os2__max_episode_steps5000__discountprimitive__ent_coef0.01__exp3,0830-211803__NetHackChallenge-v0__exp3,NetHackChallenge-v0,option,random,2,10000000,5000,0,0.999,primitive,exp3,64,399493.42058120755,29.516741140780425,20.16,31.367416376110487,median-range,5,10001594
0830-211803__NetHackChallenge-v0__exp3/NetHackChallenge-v0__option__random__n64__os2__max_episode_steps5000__discountprimitive__ent_coef0.01__exp3,0830-211803__NetHackChallenge-v0__exp3,NetHackChallenge-v0,option,random,2,10000000,5000,0,0.999,primitive,exp3,64,415106.1331335524,29.285411903006853,22.091629609449736,34.26738579674016,median-range,5,10001594
0830-211803__NetHackChallenge-v0__exp3/NetHackChallenge-v0__option__random__n64__os2__max_episode_steps5000__discountprimitive__ent_coef0.01__exp3,0830-211803__NetHackChallenge-v0__exp3,NetHackChallenge-v0,option,random,2,10000000,5000,0,0.999,primitive,exp3,64,431329.0104112307,30.822876135885746,22.72641404826421,32.76,median-range,5,10001594
0830-211803__NetHackChallenge-v0__exp3/NetHackChallenge-v0__option__random__n64__os2__max_episode_steps5000__discountprimitive__ent_coef0.01__exp3,0830-211803__NetHackChallenge-v0__exp3,NetHackChallenge-v0,option,random,2,10000000,5000,0,0.999,primitive,exp3,64,448185.8984301636,31.00678149881425,23.85,35.87301489756424,median-range,5,10001594
0830-211803__NetHackChallenge-v0__exp3/NetHackChallenge-v0__option__random__n64__os2__max_episode_steps5000__discountprimitive__ent_coef0.01__exp3,0830-211803__NetHackChallenge-v0__exp3,NetHackChallenge-v0,option,random,2,10000000,5000,0,0.999,primitive,exp3,64,465701.57513899036,31.38510884510579,24.13067968149482,35.81923368558041,median-range,5,10001594
0830-211803__NetHackChallenge-v0__exp3/NetHackChallenge-v0__option__random__n64__os2__max_episode_steps5000__discountprimitive__ent_coef0.01__exp3,0830-211803__NetHackChallenge-v0__exp3,NetHackChallenge-v0,option,random,2,10000000,5000,0,0.999,primitive,exp3,64,483901.78684020235,30.251591310348598,22.486441637041956,33.825702676373666,median-range,5,10001594
0830-211803__NetHackChallenge-v0__exp3/NetHackChallenge-v0__option__random__n64__os2__max_episode_steps5000__discountprimitive__ent_coef0.01__exp3,0830-211803__NetHackChallenge-v0__exp3,NetHackChallenge-v0,option,random,2,10000000,5000,0,0.999,primitive,exp3,64,502813.2860346316,32.26672331210266,24.77031709936109,34.2884988932977,median-range,5,10001594
0830-211803__NetHackChallenge-v0__exp3/NetHackChallenge-v0__option__random__n64__os2__max_episode_steps5000__discountprimitive__ent_coef0.01__exp3,0830-211803__NetHackChallenge-v0__exp3,NetHackChallenge-v0,option,random,2,10000000,5000,0,0.999,primitive,exp3,64,522463.870744982,32.76445524858743,26.424586696274375,32.94034996154129,median-range,5,10001594
0830-211803__NetHackChallenge-v0__exp3/NetHackChallenge-v0__option__random__n64__os2__max_episode_steps5000__discountprimitive__ent_coef0.01__exp3,0830-211803__NetHackChallenge-v0__exp3,NetHackChallenge-v0,option,random,2,10000000,5000,0,0.999,primitive,exp3,64,542882.425376141,30.94912392847129,28.83185620293247,36.571260545825076,median-range,5,10001594
0830-211803__NetHackChallenge-v0__exp3/NetHackChallenge-v0__option__random__n64__os2__max_episode_steps5000__discountprimitive__ent_coef0.01__exp3,0830-211803__NetHackChallenge-v0__exp3,NetHackChallenge-v0,option,random,2,10000000,5000,0,0.999,primitive,exp3,64,564098.9631723976,31.683822001066634,27.42420113869253,35.92741407540201,median-range,5,10001594
0830-211803__NetHackChallenge-v0__exp3/NetHackChallenge-v0__option__random__n64__os2__max_episode_steps5000__discountprimitive__ent_coef0.01__exp3,0830-211803__NetHackChallenge-v0__exp3,NetHackChallenge-v0,option,random,2,10000000,5000,0,0.999,primitive,exp3,64,586144.6703339142,32.13257245131297,31.21388589553025,36.158269184822686,median-range,5,10001594
0830-211803__NetHackChallenge-v0__exp3/NetHackChallenge-v0__option__random__n64__os2__max_episode_steps5000__discountprimitive__ent_coef0.01__exp3,0830-211803__NetHackChallenge-v0__exp3,NetHackChallenge-v0,option,random,2,10000000,5000,0,0.999,primitive,exp3,64,609051.9518573445,31.529026106157794,30.399896258925114,46.346072420292266,median-range,5,10001594
0830-211803__NetHackChallenge-v0__exp3/NetHackChallenge-v0__option__random__n64__os2__max_episode_steps5000__discountprimitive__ent_coef0.01__exp3,0830-211803__NetHackChallenge-v0__exp3,NetHackChallenge-v0,option,random,2,10000000,5000,0,0.999,primitive,exp3,64,632854.4791679534,31.871174645116305,29.57675203371004,48.58980096576841,median-range,5,10001594
0830-211803__NetHackChallenge-v0__exp3/NetHackChallenge-v0__option__random__n64__os2__max_episode_steps5000__discountprimitive__ent_coef0.01__exp3,0830-211803__NetHackChallenge-v0__exp3,NetHackChallenge-v0,option,random,2,10000000,5000,0,0.999,primitive,exp3,64,657587.2396132638,32.40373736546699,30.010402761924226,49.90011918550697,median-range,5,10001594
0830-211803__NetHackChallenge-v0__exp3/NetHackChallenge-v0__option__random__n64__os2__max_episode_steps5000__discountprimitive__ent_coef0.01__exp3,0830-211803__NetHackChallenge-v0__exp3,NetHackChallenge-v0,option,random,2,10000000,5000,0,0.999,primitive,exp3,64,683286.5878909765,32.6175835446065,27.880157486097865,49.48212963760232,median-range,5,10001594
0830-211803__NetHackChallenge-v0__exp3/NetHackChallenge-v0__option__random__n64__os2__max_episode_steps5000__discountprimitive__ent_coef0.01__exp3,0830-211803__NetHackChallenge-v0__exp3,NetHackChallenge-v0,option,random,2,10000000,5000,0,0.999,primitive,exp3,64,709990.2994867603,34.65588522572927,30.074996329991148,49.861981474467456,median-range,5,10001594
0830-211803__NetHackChallenge-v0__exp3/NetHackChallenge-v0__option__random__n64__os2__max_episode_steps5000__discountprimitive__ent_coef0.01__exp3,0830-211803__NetHackChallenge-v0__exp3,NetHackChallenge-v0,option,random,2,10000000,5000,0,0.999,primitive,exp3,64,737737.626200458,33.50791194025689,29.743048289162314,50.21793499119356,median-range,5,10001594
0830-211803__NetHackChallenge-v0__exp3/NetHackChallenge-v0__option__random__n64__os2__max_episode_steps5000__discountprimitive__ent_coef0.01__exp3,0830-211803__NetHackChallenge-v0__exp3,NetHackChallenge-v0,option,random,2,10000000,5000,0,0.999,primitive,exp3,64,766569.3538423278,37.67293238882034,27.92,51.05322694912114,median-range,5,10001594
0830-211803__NetHackChallenge-v0__exp3/NetHackChallenge-v0__option__random__n64__os2__max_episode_steps5000__discountprimitive__ent_coef0.01__exp3,0830-211803__NetHackChallenge-v0__exp3,NetHackChallenge-v0,option,random,2,10000000,5000,0,0.999,primitive,exp3,64,796527.8621841279,39.04118048666264,24.645110197298,44.5869765565857,median-range,5,10001594
0830-211803__NetHackChallenge-v0__exp3/NetHackChallenge-v0__option__random__n64__os2__max_episode_steps5000__discountprimitive__ent_coef0.01__exp3,0830-211803__NetHackChallenge-v0__exp3,NetHackChallenge-v0,option,random,2,10000000,5000,0,0.999,primitive,exp3,64,827657.1872531631,37.61944098314196,23.56805892940741,45.56622987178946,median-range,5,10001594
0830-211803__NetHackChallenge-v0__exp3/NetHackChallenge-v0__option__random__n64__os2__max_episode_steps5000__discountprimitive__ent_coef0.01__exp3,0830-211803__NetHackChallenge-v0__exp3,NetHackChallenge-v0,option,random,2,10000000,5000,0,0.999,primitive,exp3,64,860003.0860608736,34.93593208047746,24.85165379314249,50.72365591685208,median-range,5,10001594
0830-211803__NetHackChallenge-v0__exp3/NetHackChallenge-v0__option__random__n64__os2__max_episode_steps5000__discountprimitive__ent_coef0.01__exp3,0830-211803__NetHackChallenge-v0__exp3,NetHackChallenge-v0,option,random,2,10000000,5000,0,0.999,primitive,exp3,64,893613.1038610718,37.226810386107175,29.11030130548983,52.693223445113844,median-range,5,10001594
0830-211803__NetHackChallenge-v0__exp3/NetHackChallenge-v0__option__random__n64__os2__max_episode_steps5000__discountprimitive__ent_coef0.01__exp3,0830-211803__NetHackChallenge-v0__exp3,NetHackChallenge-v0,option,random,2,10000000,5000,0,0.999,primitive,exp3,64,928536.6440367616,39.98652490893096,30.118239752779154,52.2414300464998,median-range,5,10001594
0830-211803__NetHackChallenge-v0__exp3/NetHackChallenge-v0__option__random__n64__os2__max_episode_steps5000__discountprimitive__ent_coef0.01__exp3,0830-211803__NetHackChallenge-v0__exp3,NetHackChallenge-v0,option,random,2,10000000,5000,0,0.999,primitive,exp3,64,964825.0407181694,42.70542955180378,32.12,55.963909823736095,median-range,5,10001594
0830-211803__NetHackChallenge-v0__exp3/NetHackChallenge-v0__option__random__n64__os2__max_episode_steps5000__discountprimitive__ent_coef0.01__exp3,0830-211803__NetHackChallenge-v0__exp3,NetHackChallenge-v0,option,random,2,10000000,5000,0,0.999,primitive,exp3,64,1002531.6342388382,42.29938434224924,32.483845310018765,57.59884013138735,median-range,5,10001594
0830-211803__NetHackChallenge-v0__exp3/NetHackChallenge-v0__option__random__n64__os2__max_episode_steps5000__discountprimitive__ent_coef0.01__exp3,0830-211803__NetHackChallenge-v0__exp3,NetHackChallenge-v0,option,random,2,10000000,5000,0,0.999,primitive,exp3,64,1041711.8495405819,38.68479235571826,36.79234111791731,60.13836107157073,median-range,5,10001594
0830-211803__NetHackChallenge-v0__exp3/NetHackChallenge-v0__option__random__n64__os2__max_episode_steps5000__discountprimitive__ent_coef0.01__exp3,0830-211803__NetHackChallenge-v0__exp3,NetHackChallenge-v0,option,random,2,10000000,5000,0,0.999,primitive,exp3,64,1082423.277642669,38.6743095374813,31.08190059414166,51.06,median-range,5,10001594
0830-211803__NetHackChallenge-v0__exp3/NetHackChallenge-v0__option__random__n64__os2__max_episode_steps5000__discountprimitive__ent_coef0.01__exp3,0830-211803__NetHackChallenge-v0__exp3,NetHackChallenge-v0,option,random,2,10000000,5000,0,0.999,primitive,exp3,64,1124725.7602948577,40.85,31.79002959815027,47.244590456321156,median-range,5,10001594
0830-211803__NetHackChallenge-v0__exp3/NetHackChallenge-v0__option__random__n64__os2__max_episode_steps5000__discountprimitive__ent_coef0.01__exp3,0830-211803__NetHackChallenge-v0__exp3,NetHackChallenge-v0,option,random,2,10000000,5000,0,0.999,primitive,exp3,64,1168681.4779388523,40.1179066245302,34.316901866207814,53.61097141520806,median-range,5,10001594
0830-211803__NetHackChallenge-v0__exp3/NetHackChallenge-v0__option__random__n64__os2__max_episode_steps5000__discountprimitive__ent_coef0.01__exp3,0830-211803__NetHackChallenge-v0__exp3,NetHackChallenge-v0,option,random,2,10000000,5000,0,0.999,primitive,exp3,64,1214355.0411073295,43.062280295395425,32.81705010247155,55.510803858167236,median-range,5,10001594
0830-211803__NetHackChallenge-v0__exp3/NetHackChallenge-v0__option__random__n64__os2__max_episode_steps5000__discountprimitive__ent_coef0.01__exp3,0830-211803__NetHackChallenge-v0__exp3,NetHackChallenge-v0,option,random,2,10000000,5000,0,0.999,primitive,exp3,64,1261813.585395031,43.524892615926554,34.55,51.41604866963572,median-range,5,10001594
0830-211803__NetHackChallenge-v0__exp3/NetHackChallenge-v0__option__random__n64__os2__max_episode_steps5000__discountprimitive__ent_coef0.01__exp3,0830-211803__NetHackChallenge-v0__exp3,NetHackChallenge-v0,option,random,2,10000000,5000,0,0.999,primitive,exp3,64,1311126.8701413828,42.21,37.085711230450116,53.279061963276405,median-range,5,10001594
0830-211803__NetHackChallenge-v0__exp3/NetHackChallenge-v0__option__random__n64__os2__max_episode_steps5000__discountprimitive__ent_coef0.01__exp3,0830-211803__NetHackChallenge-v0__exp3,NetHackChallenge-v0,option,random,2,10000000,5000,0,0.999,primitive,exp3,64,1362367.3809697977,46.43899712419048,37.49061334308672,54.06527228925706,median-range,5,10001594
0830-211803__NetHackChallenge-v0__exp3/NetHackChallenge-v0__option__random__n64__os2__max_episode_steps5000__discountprimitive__ent_coef0.01__exp3,0830-211803__NetHackChallenge-v0__exp3,NetHackChallenge-v0,option,random,2,10000000,5000,0,0.999,primitive,exp3,64,1415610.4363343287,47.156051801388756,40.763217263182234,59.1161974981039,median-range,5,10001594
0830-211803__NetHackChallenge-v0__exp3/NetHackChallenge-v0__option__random__n64__os2__max_episode_steps5000__discountprimitive__ent_coef0.01__exp3,0830-211803__NetHackChallenge-v0__exp3,NetHackChallenge-v0,option,random,2,10000000,5000,0,0.999,primitive,exp3,64,1470934.2982303058,47.03275733449676,43.86658935157514,56.23603543029317,median-range,5,10001594
0830-211803__NetHackChallenge-v0__exp3/NetHackChallenge-v0__option__random__n64__os2__max_episode_steps5000__discountprimitive__ent_coef0.01__exp3,0830-211803__NetHackChallenge-v0__exp3,NetHackChallenge-v0,option,random,2,10000000,5000,0,0.999,primitive,exp3,64,1528420.287231682,46.82967115923469,39.49512754627082,54.024437266113004,median-range,5,10001594
0830-211803__NetHackChallenge-v0__exp3/NetHackChallenge-v0__option__random__n64__os2__max_episode_steps5000__discountprimitive__ent_coef0.01__exp3,0830-211803__NetHackChallenge-v0__exp3,NetHackChallenge-v0,option,random,2,10000000,5000,0,0.999,primitive,exp3,64,1588152.9020241918,42.52828602228046,39.17237869588814,59.165322211831686,median-range,5,10001594
0830-211803__NetHackChallenge-v0__exp3/NetHackChallenge-v0__option__random__n64__os2__max_episode_steps5000__discountprimitive__ent_coef0.01__exp3,0830-211803__NetHackChallenge-v0__exp3,NetHackChallenge-v0,option,random,2,10000000,5000,0,0.999,primitive,exp3,64,1650219.9436100102,43.75194129334797,40.37500218963285,61.50459094835248,median-range,5,10001594
0830-211803__NetHackChallenge-v0__exp3/NetHackChallenge-v0__option__random__n64__os2__max_episode_steps5000__discountprimitive__ent_coef0.01__exp3,0830-211803__NetHackChallenge-v0__exp3,NetHackChallenge-v0,option,random,2,10000000,5000,0,0.999,primitive,exp3,64,1714712.644366495,43.40153928142428,38.16529383284504,64.30658872623137,median-range,5,10001594
0830-211803__NetHackChallenge-v0__exp3/NetHackChallenge-v0__option__random__n64__os2__max_episode_steps5000__discountprimitive__ent_coef0.01__exp3,0830-211803__NetHackChallenge-v0__exp3,NetHackChallenge-v0,option,random,2,10000000,5000,0,0.999,primitive,exp3,64,1781725.8021487063,46.1837458806913,42.061112496548915,62.18648225718985,median-range,5,10001594
0830-211803__NetHackChallenge-v0__exp3/NetHackChallenge-v0__option__random__n64__os2__max_episode_steps5000__discountprimitive__ent_coef0.01__exp3,0830-211803__NetHackChallenge-v0__exp3,NetHackChallenge-v0,option,random,2,10000000,5000,0,0.999,primitive,exp3,64,1851357.9196328192,48.45046949273106,43.53779420985575,65.68184195120114,median-range,5,10001594
0830-211803__NetHackChallenge-v0__exp3/NetHackChallenge-v0__option__random__n64__os2__max_episode_steps5000__discountprimitive__ent_coef0.01__exp3,0830-211803__NetHackChallenge-v0__exp3,NetHackChallenge-v0,option,random,2,10000000,5000,0,0.999,primitive,exp3,64,1923711.3491052794,48.301911694628316,39.55216022615004,64.32487553881333,median-range,5,10001594
0830-211803__NetHackChallenge-v0__exp3/NetHackChallenge-v0__option__random__n64__os2__max_episode_steps5000__discountprimitive__ent_coef0.01__exp3,0830-211803__NetHackChallenge-v0__exp3,NetHackChallenge-v0,option,random,2,10000000,5000,0,0.999,primitive,exp3,64,1998892.442910442,49.61329724449521,40.34647560470667,64.22381631779074,median-range,5,10001594
0830-211803__NetHackChallenge-v0__exp3/NetHackChallenge-v0__option__random__n64__os2__max_episode_steps5000__discountprimitive__ent_coef0.01__exp3,0830-211803__NetHackChallenge-v0__exp3,NetHackChallenge-v0,option,random,2,10000000,5000,0,0.999,primitive,exp3,64,2077011.7097779952,46.74951776006203,41.36581695795413,61.346431636965086,median-range,5,10001594
0830-211803__NetHackChallenge-v0__exp3/NetHackChallenge-v0__option__random__n64__os2__max_episode_steps5000__discountprimitive__ent_coef0.01__exp3,0830-211803__NetHackChallenge-v0__exp3,NetHackChallenge-v0,option,random,2,10000000,5000,0,0.999,primitive,exp3,64,2158183.9772597393,47.29,43.052950231155364,61.48612418289618,median-range,5,10001594
0830-211803__NetHackChallenge-v0__exp3/NetHackChallenge-v0__option__random__n64__os2__max_episode_steps5000__discountprimitive__ent_coef0.01__exp3,0830-211803__NetHackChallenge-v0__exp3,NetHackChallenge-v0,option,random,2,10000000,5000,0,0.999,primitive,exp3,64,2242528.56051473,51.81394788201295,41.39975623208473,59.16118087067779,median-range,5,10001594
0830-211803__NetHackChallenge-v0__exp3/NetHackChallenge-v0__option__random__n64__os2__max_episode_steps5000__discountprimitive__ent_coef0.01__exp3,0830-211803__NetHackChallenge-v0__exp3,NetHackChallenge-v0,option,random,2,10000000,5000,0,0.999,primitive,exp3,64,2330169.437690626,51.4432609681707,40.74384346406115,62.82363992451565,median-range,5,10001594
0830-211803__NetHackChallenge-v0__exp3/NetHackChallenge-v0__option__random__n64__os2__max_episode_steps5000__discountprimitive__ent_coef0.01__exp3,0830-211803__NetHackChallenge-v0__exp3,NetHackChallenge-v0,option,random,2,10000000,5000,0,0.999,primitive,exp3,64,2421235.432159307,49.83389000292499,37.24164903262421,60.07022394709818,median-range,5,10001594
0830-211803__NetHackChallenge-v0__exp3/NetHackChallenge-v0__option__random__n64__os2__max_episode_steps5000__discountprimitive__ent_coef0.01__exp3,0830-211803__NetHackChallenge-v0__exp3,NetHackChallenge-v0,option,random,2,10000000,5000,0,0.999,primitive,exp3,64,2515860.4018743397,53.466409871856804,41.22943461780134,56.26593905086856,median-range,5,10001594
0830-211803__NetHackChallenge-v0__exp3/NetHackChallenge-v0__option__random__n64__os2__max_episode_steps5000__discountprimitive__ent_coef0.01__exp3,0830-211803__NetHackChallenge-v0__exp3,NetHackChallenge-v0,option,random,2,10000000,5000,0,0.999,primitive,exp3,64,2614183.4361289334,52.17352055668317,39.33611297568534,77.51379161508903,median-range,5,10001594
0830-211803__NetHackChallenge-v0__exp3/NetHackChallenge-v0__option__random__n64__os2__max_episode_steps5000__discountprimitive__ent_coef0.01__exp3,0830-211803__NetHackChallenge-v0__exp3,NetHackChallenge-v0,option,random,2,10000000,5000,0,0.999,primitive,exp3,64,2716349.060003285,60.55764169430615,41.881776411766005,70.42322947102771,median-range,5,10001594
0830-211803__NetHackChallenge-v0__exp3/NetHackChallenge-v0__option__random__n64__os2__max_episode_steps5000__discountprimitive__ent_coef0.01__exp3,0830-211803__NetHackChallenge-v0__exp3,NetHackChallenge-v0,option,random,2,10000000,5000,0,0.999,primitive,exp3,64,2822507.4468021486,54.54245088909064,44.36384531874914,75.98511847922053,median-range,5,10001594
0830-211803__NetHackChallenge-v0__exp3/NetHackChallenge-v0__option__random__n64__os2__max_episode_steps5000__discountprimitive__ent_coef0.01__exp3,0830-211803__NetHackChallenge-v0__exp3,NetHackChallenge-v0,option,random,2,10000000,5000,0,0.999,primitive,exp3,64,2932814.6387946,57.82741467856154,44.176832350661805,67.32643623712379,median-range,5,10001594
0830-211803__NetHackChallenge-v0__exp3/NetHackChallenge-v0__option__random__n64__os2__max_episode_steps5000__discountprimitive__ent_coef0.01__exp3,0830-211803__NetHackChallenge-v0__exp3,NetHackChallenge-v0,option,random,2,10000000,5000,0,0.999,primitive,exp3,64,3047432.776580673,55.192698130029086,41.32330250199427,77.97683861575305,median-range,5,10001594
0830-211803__NetHackChallenge-v0__exp3/NetHackChallenge-v0__option__random__n64__os2__max_episode_steps5000__discountprimitive__ent_coef0.01__exp3,0830-211803__NetHackChallenge-v0__exp3,NetHackChallenge-v0,option,random,2,10000000,5000,0,0.999,primitive,exp3,64,3166530.3374219136,58.74880227378272,44.06676975048817,68.66367353980866,median-range,5,10001594
0830-211803__NetHackChallenge-v0__exp3/NetHackChallenge-v0__option__random__n64__os2__max_episode_steps5000__discountprimitive__ent_coef0.01__exp3,0830-211803__NetHackChallenge-v0__exp3,NetHackChallenge-v0,option,random,2,10000000,5000,0,0.999,primitive,exp3,64,3290282.382886191,60.686828326124036,39.84482448536772,80.95024318677127,median-range,5,10001594
0830-211803__NetHackChallenge-v0__exp3/NetHackChallenge-v0__option__random__n64__os2__max_episode_steps5000__discountprimitive__ent_coef0.01__exp3,0830-211803__NetHackChallenge-v0__exp3,NetHackChallenge-v0,option,random,2,10000000,5000,0,0.999,primitive,exp3,64,3418870.816170791,56.479637231843306,50.89683422797682,82.77974210836355,median-range,5,10001594
0830-211803__NetHackChallenge-v0__exp3/NetHackChallenge-v0__option__random__n64__os2__max_episode_steps5000__discountprimitive__ent_coef0.01__exp3,0830-211803__NetHackChallenge-v0__exp3,NetHackChallenge-v0,option,random,2,10000000,5000,0,0.999,primitive,exp3,64,3552484.6494820258,62.626462982108436,49.846010030140356,68.6268808647042,median-range,5,10001594
0830-211803__NetHackChallenge-v0__exp3/NetHackChallenge-v0__option__random__n64__os2__max_episode_steps5000__discountprimitive__ent_coef0.01__exp3,0830-211803__NetHackChallenge-v0__exp3,NetHackChallenge-v0,option,random,2,10000000,5000,0,0.999,primitive,exp3,64,3691320.281864369,65.12183501164621,45.896539104809165,78.14397238459772,median-range,5,10001594
0830-211803__NetHackChallenge-v0__exp3/NetHackChallenge-v0__option__random__n64__os2__max_episode_steps5000__discountprimitive__ent_coef0.01__exp3,0830-211803__NetHackChallenge-v0__exp3,NetHackChallenge-v0,option,random,2,10000000,5000,0,0.999,primitive,exp3,64,3835581.7878875216,70.47418424551188,51.570593198659815,78.958978047643,median-range,5,10001594
0830-211803__NetHackChallenge-v0__exp3/NetHackChallenge-v0__option__random__n64__os2__max_episode_steps5000__discountprimitive__ent_coef0.01__exp3,0830-211803__NetHackChallenge-v0__exp3,NetHackChallenge-v0,option,random,2,10000000,5000,0,0.999,primitive,exp3,64,3985481.217615728,73.36603953477432,56.09792018897401,82.17319813712353,median-range,5,10001594
0830-211803__NetHackChallenge-v0__exp3/NetHackChallenge-v0__option__random__n64__os2__max_episode_steps5000__discountprimitive__ent_coef0.01__exp3,0830-211803__NetHackChallenge-v0__exp3,NetHackChallenge-v0,option,random,2,10000000,5000,0,0.999,primitive,exp3,64,4141238.9083002773,68.65555571721053,53.67460656279478,74.33511620852389,median-range,5,10001594
0830-211803__NetHackChallenge-v0__exp3/NetHackChallenge-v0__option__random__n64__os2__max_episode_steps5000__discountprimitive__ent_coef0.01__exp3,0830-211803__NetHackChallenge-v0__exp3,NetHackChallenge-v0,option,random,2,10000000,5000,0,0.999,primitive,exp3,64,4303083.808253347,66.93626556147441,55.393331123567535,81.69949647243754,median-range,5,10001594
0830-211803__NetHackChallenge-v0__exp3/NetHackChallenge-v0__option__random__n64__os2__max_episode_steps5000__discountprimitive__ent_coef0.01__exp3,0830-211803__NetHackChallenge-v0__exp3,NetHackChallenge-v0,option,random,2,10000000,5000,0,0.999,primitive,exp3,64,4471253.813379238,75.20199315495027,51.75135714580599,81.65232711387534,median-range,5,10001594
0830-211803__NetHackChallenge-v0__exp3/NetHackChallenge-v0__option__random__n64__os2__max_episode_steps5000__discountprimitive__ent_coef0.01__exp3,0830-211803__NetHackChallenge-v0__exp3,NetHackChallenge-v0,option,random,2,10000000,5000,0,0.999,primitive,exp3,64,4645996.116857739,72.86236425556434,59.492856215813084,80.88170785994193,median-range,5,10001594
0830-211803__NetHackChallenge-v0__exp3/NetHackChallenge-v0__option__random__n64__os2__max_episode_steps5000__discountprimitive__ent_coef0.01__exp3,0830-211803__NetHackChallenge-v0__exp3,NetHackChallenge-v0,option,random,2,10000000,5000,0,0.999,primitive,exp3,64,4827567.572493408,66.52065877051807,53.664120107692234,76.3175711474854,median-range,5,10001594
0830-211803__NetHackChallenge-v0__exp3/NetHackChallenge-v0__option__random__n64__os2__max_episode_steps5000__discountprimitive__ent_coef0.01__exp3,0830-211803__NetHackChallenge-v0__exp3,NetHackChallenge-v0,option,random,2,10000000,5000,0,0.999,primitive,exp3,64,5016235.072265258,73.91839527238074,70.77529780557937,78.48621668271491,median-range,5,10001594
0830-211803__NetHackChallenge-v0__exp3/NetHackChallenge-v0__option__random__n64__os2__max_episode_steps5000__discountprimitive__ent_coef0.01__exp3,0830-211803__NetHackChallenge-v0__exp3,NetHackChallenge-v0,option,random,2,10000000,5000,0,0.999,primitive,exp3,64,5212275.938631265,76.47963712708811,61.41051682525664,84.74146929122762,median-range,5,10001594
0830-211803__NetHackChallenge-v0__exp3/NetHackChallenge-v0__option__random__n64__os2__max_episode_steps5000__discountprimitive__ent_coef0.01__exp3,0830-211803__NetHackChallenge-v0__exp3,NetHackChallenge-v0,option,random,2,10000000,5000,0,0.999,primitive,exp3,64,5415978.332164956,71.49066556408506,57.14655028852173,80.67244364836988,median-range,5,10001594
0830-211803__NetHackChallenge-v0__exp3/NetHackChallenge-v0__option__random__n64__os2__max_episode_steps5000__discountprimitive__ent_coef0.01__exp3,0830-211803__NetHackChallenge-v0__exp3,NetHackChallenge-v0,option,random,2,10000000,5000,0,0.999,primitive,exp3,64,5627641.67512262,73.61212089815729,67.52834005202213,92.0830828483483,median-range,5,10001594
0830-211803__NetHackChallenge-v0__exp3/NetHackChallenge-v0__option__random__n64__os2__max_episode_steps5000__discountprimitive__ent_coef0.01__exp3,0830-211803__NetHackChallenge-v0__exp3,NetHackChallenge-v0,option,random,2,10000000,5000,0,0.999,primitive,exp3,64,5847577.091564417,75.51590701554629,64.74756725063116,87.05509642264026,median-range,5,10001594
0830-211803__NetHackChallenge-v0__exp3/NetHackChallenge-v0__option__random__n64__os2__max_episode_steps5000__discountprimitive__ent_coef0.01__exp3,0830-211803__NetHackChallenge-v0__exp3,NetHackChallenge-v0,option,random,2,10000000,5000,0,0.999,primitive,exp3,64,6076107.864675619,75.71281925036624,71.17313894854892,88.6920459587786,median-range,5,10001594
0830-211803__NetHackChallenge-v0__exp3/NetHackChallenge-v0__option__random__n64__os2__max_episode_steps5000__discountprimitive__ent_coef0.01__exp3,0830-211803__NetHackChallenge-v0__exp3,NetHackChallenge-v0,option,random,2,10000000,5000,0,0.999,primitive,exp3,64,6313569.911960909,79.18954320102867,63.161673702868754,90.58727871954692,median-range,5,10001594
0830-211803__NetHackChallenge-v0__exp3/NetHackChallenge-v0__option__random__n64__os2__max_episode_steps5000__discountprimitive__ent_coef0.01__exp3,0830-211803__NetHackChallenge-v0__exp3,NetHackChallenge-v0,option,random,2,10000000,5000,0,0.999,primitive,exp3,64,6560312.279009569,79.82263623228273,78.21,92.52982531110693,median-range,5,10001594
0830-211803__NetHackChallenge-v0__exp3/NetHackChallenge-v0__option__random__n64__os2__max_episode_steps5000__discountprimitive__ent_coef0.01__exp3,0830-211803__NetHackChallenge-v0__exp3,NetHackChallenge-v0,option,random,2,10000000,5000,0,0.999,primitive,exp3,64,6816697.65255784,82.29355691416545,74.14571475805931,83.51945120797674,median-range,5,10001594
0830-211803__NetHackChallenge-v0__exp3/NetHackChallenge-v0__option__random__n64__os2__max_episode_steps5000__discountprimitive__ent_coef0.01__exp3,0830-211803__NetHackChallenge-v0__exp3,NetHackChallenge-v0,option,random,2,10000000,5000,0,0.999,primitive,exp3,64,7083102.893602328,88.31633057022411,74.75620603833937,90.37952189089363,median-range,5,10001594
0830-211803__NetHackChallenge-v0__exp3/NetHackChallenge-v0__option__random__n64__os2__max_episode_steps5000__discountprimitive__ent_coef0.01__exp3,0830-211803__NetHackChallenge-v0__exp3,NetHackChallenge-v0,option,random,2,10000000,5000,0,0.999,primitive,exp3,64,7359919.591348191,86.59608474235816,76.13045320172792,97.82621867561303,median-range,5,10001594
0830-211803__NetHackChallenge-v0__exp3/NetHackChallenge-v0__option__random__n64__os2__max_episode_steps5000__discountprimitive__ent_coef0.01__exp3,0830-211803__NetHackChallenge-v0__exp3,NetHackChallenge-v0,option,random,2,10000000,5000,0,0.999,primitive,exp3,64,7647554.638806316,85.8890009925043,74.1172156608493,87.9272582831965,median-range,5,10001594
0830-211803__NetHackChallenge-v0__exp3/NetHackChallenge-v0__option__random__n64__os2__max_episode_steps5000__discountprimitive__ent_coef0.01__exp3,0830-211803__NetHackChallenge-v0__exp3,NetHackChallenge-v0,option,random,2,10000000,5000,0,0.999,primitive,exp3,64,7946430.830885571,84.17760226362725,75.08947606483704,89.81818381543437,median-range,5,10001594
0830-211803__NetHackChallenge-v0__exp3/NetHackChallenge-v0__option__random__n64__os2__max_episode_steps5000__discountprimitive__ent_coef0.01__exp3,0830-211803__NetHackChallenge-v0__exp3,NetHackChallenge-v0,option,random,2,10000000,5000,0,0.999,primitive,exp3,64,8256987.485859269,81.91387614157713,75.23403324479193,95.16290158450572,median-range,5,10001594
0830-211803__NetHackChallenge-v0__exp3/NetHackChallenge-v0__option__random__n64__os2__max_episode_steps5000__discountprimitive__ent_coef0.01__exp3,0830-211803__NetHackChallenge-v0__exp3,NetHackChallenge-v0,option,random,2,10000000,5000,0,0.999,primitive,exp3,64,8579681.091119327,83.81131108160378,75.73328690195981,94.99584835864756,median-range,5,10001594
0830-211803__NetHackChallenge-v0__exp3/NetHackChallenge-v0__option__random__n64__os2__max_episode_steps5000__discountprimitive__ent_coef0.01__exp3,0830-211803__NetHackChallenge-v0__exp3,NetHackChallenge-v0,option,random,2,10000000,5000,0,0.999,primitive,exp3,64,8914985.974167326,86.01268896344185,80.90163845857488,101.62348752042162,median-range,5,10001594
0830-211803__NetHackChallenge-v0__exp3/NetHackChallenge-v0__option__random__n64__os2__max_episode_steps5000__discountprimitive__ent_coef0.01__exp3,0830-211803__NetHackChallenge-v0__exp3,NetHackChallenge-v0,option,random,2,10000000,5000,0,0.999,primitive,exp3,64,9263394.999828761,98.53940419782535,92.35902771589453,106.80248284550584,median-range,5,10001594
0830-211803__NetHackChallenge-v0__exp3/NetHackChallenge-v0__option__random__n64__os2__max_episode_steps5000__discountprimitive__ent_coef0.01__exp3,0830-211803__NetHackChallenge-v0__exp3,NetHackChallenge-v0,option,random,2,10000000,5000,0,0.999,primitive,exp3,64,9625420.29471531,90.56525153356506,80.04363816335268,99.96473778646013,median-range,5,10001594
0830-211803__NetHackChallenge-v0__exp3/NetHackChallenge-v0__option__random__n64__os2__max_episode_steps5000__discountprimitive__ent_coef0.01__exp3,0830-211803__NetHackChallenge-v0__exp3,NetHackChallenge-v0,option,random,2,10000000,5000,0,0.999,primitive,exp3,64,10001594.0,89.58992283950617,79.65672862453532,97.51819358469331,median-range,5,10001594
