cell,group,env_id,condition,family,option_seed,budget,max_steps,reward_delay,gamma,discount,tag,n_options,primitive_step,point,low,high,method,n_seeds,limit
0830-172041__NetHackChallenge-v0__exp2/NetHackChallenge-v0__action__max_episode_steps5000__discountprimitive__ent_coef0.01__exp2,0830-172041__NetHackChallenge-v0__exp2,NetHackChallenge-v0,action,-,0,10000000,5000,0,0.999,primitive,exp2,0,48584.0,2.440485082824377,0.0,13.530410270987304,median-range,5,9987315
0830-172041__NetHackChallenge-v0__exp2/NetHackChallenge-v0__action__max_episode_steps5000__discountprimitive__ent_coef0.01__exp2,0830-172041__NetHackChallenge-v0__exp2,NetHackChallenge-v0,action,-,0,10000000,5000,0,0.999,primitive,exp2,0,49901.7941052259,2.459785785919503,0.0,13.339995640470958,median-range,5,9987315
0830-172041__NetHackChallenge-v0__exp2/NetHackChallenge-v0__action__max_episode_steps5000__discountprimitive__ent_coef0.01__exp2,0830-172041__NetHackChallenge-v0__exp2,NetHackChallenge-v0,action,-,0,10000000,5000,0,0.999,primitive,exp2,0,51255.33210358046,3.990040483316598,0.0,13.144416196895943,median-range,5,9987315
0830-172041__NetHackChallenge-v0__exp2/NetHackChallenge-v0__action__max_episode_steps5000__discountprimitive__ent_coef0.01__exp2,0830-172041__NetHackChallenge-v0__exp2,NetHackChallenge-v0,action,-,0,10000000,5000,0,0.999,primitive,exp2,0,52645.58351366391,4.397958844209713,0.0,12.943531849693247,median-range,5,9987315
0830-172041__NetHackChallenge-v0__exp2/NetHackChallenge-v0__action__max_episode_steps5000__discountprimitive__ent_coef0.01__exp2,0830-172041__NetHackChallenge-v0__exp2,NetHackChallenge-v0,action,-,0,10000000,5000,0,0.999,primitive,exp2,0,54073.544151332244,4.808681839483488,0.0,12.737198708472459,median-range,5,9987315
0830-172041__NetHackChallenge-v0__exp2/NetHackChallenge-v0__action__max_episode_steps5000__discountprimitive__ent_coef0.01__exp2,0830-172041__NetHackChallenge-v0__exp2,NetHackChallenge-v0,action,-,0,10000000,5000,0,0.999,primitive,exp2,0,55540.23684298583,5.230545299561605,0.0,12.525268979955145,median-range,5,9987315
0830-172041__NetHackChallenge-v0__exp2/NetHackChallenge-v0__action__max_episode_steps5000__discountprimitive__ent_coef0.01__exp2,0830-172041__NetHackChallenge-v0__exp2,NetHackChallenge-v0,action,-,0,10000000,5000,0,0.999,primitive,exp2,0,57046.71215820342,5.663851398798695,0.0,12.30759086211292,median-range,5,9987315
0830-172041__NetHackChallenge-v0__exp2/NetHackChallenge-v0__action__max_episode_steps5000__discountprimitive__ent_coef0.01__exp2,0830-172041__NetHackChallenge-v0__exp2,NetHackChallenge-v0,action,-,0,10000000,5000,0,0.999,primitive,exp2,0,58594.049162250005,6.108910507737224,0.0,12.133085571301281,median-range,5,9987315
0830-172041__NetHackChallenge-v0__exp2/NetHackChallenge-v0__action__max_episode_steps5000__discountprimitive__ent_coef0.01__exp2,0830-172041__NetHackChallenge-v0__exp2,NetHackChallenge-v0,action,-,0,10000000,5000,0,0.999,primitive,exp2,0,60183.35618899386,6.566041415420904,0.0,12.039788221437078,median-range,5,9987315
0830-172041__NetHackChallenge-v0__exp2/NetHackChallenge-v0__action__max_episode_steps5000__discountprimitive__ent_coef0.01__exp2,0830-172041__NetHackChallenge-v0__exp2,NetHackChallenge-v0,action,-,0,10000000,5000,0,0.999,primitive,exp2,0,61815.771634790144,7.0355715577387015,0.0,11.943960271011278,median-range,5,9987315
0830-172041__NetHackChallenge-v0__exp2/NetHackChallenge-v0__action__max_episode_steps5000__discountprimitive__ent_coef0.01__exp2,0830-172041__NetHackChallenge-v0__exp2,NetHackChallenge-v0,action,-,0,10000000,5000,0,0.999,primitive,exp2,0,63492.46477389582,7.517837251961867,0.0,11.845533079926279,median-range,5,9987315
0830-172041__NetHackChallenge-v0__exp2/NetHackChallenge-v0__action__max_episode_steps5000__discountprimitive__ent_coef0.01__exp2,0830-172041__NetHackChallenge-v0__exp2,NetHackChallenge-v0,action,-,0,10000000,5000,0,0.999,primitive,exp2,0,65214.636596003984,8.013183937643163,0.0,11.744436146288049,median-range,5,9987315
0830-172041__NetHackChallenge-v0__exp2/NetHackChallenge-v0__action__max_episode_steps5000__discountprimitive__ent_coef0.01__exp2,0830-172041__NetHackChallenge-v0__exp2,NetHackChallenge-v0,action,-,0,10000000,5000,0,0.999,primitive,exp2,0,66983.52066649338,8.187453244541409,0.0,11.640597055906765,median-range,5,9987315
0830-172041__NetHackChallenge-v0__exp2/NetHackChallenge-v0__action__max_episode_steps5000__discountprimitive__ent_coef0.01__exp2,0830-172041__NetHackChallenge-v0__exp2,NetHackChallenge-v0,action,-,0,10000000,5000,0,0.999,primitive,exp2,0,68800.38401001351,8.052623586945437,0.0,11.533941430427571,median-range,5,9987315
0830-172041__NetHackChallenge-v0__exp2/NetHackChallenge-v0__action__max_episode_steps5000__discountprimitive__ent_coef0.01__exp2,0830-172041__NetHackChallenge-v0__exp2,NetHackChallenge-v0,action,-,0,10000000,5000,0,0.999,primitive,exp2,0,70666.52801803414,7.914136805028913,0.0,11.424392874054552,median-range,5,9987315
0830-172041__NetHackChallenge-v0__exp2/NetHackChallenge-v0__action__max_episode_steps5000__discountprimitive__ent_coef0.01__exp2,0830-172041__NetHackChallenge-v0__exp2,NetHackChallenge-v0,action,-,0,10000000,5000,0,0.999,primitive,exp2,0,72583.28938101245,7.771893702824626,0.0,11.311872918829566,median-range,5,9987315
0830-172041__NetHackChallenge-v0__exp2/NetHackChallenge-v0__action__max_episode_steps5000__discountprimitive__ent_coef0.01__exp2,0830-172041__NetHackChallenge-v0__exp2,NetHackChallenge-v0,action,-,0,10000000,5000,0,0.999,primitive,exp2,0,74552.04104584457,7.625792393770462,0.0,11.196300968426822,median-range,5,9987315
0830-172041__NetHackChallenge-v0__exp2/NetHackChallenge-v0__action__max_episode_steps5000__discountprimitive__ent_coef0.01__exp2,0830-172041__NetHackChallenge-v0__exp2,NetHackChallenge-v0,action,-,0,10000000,5000,0,0.999,primitive,exp2,0,76574.19319928532,7.475728227729703,0.0,11.077594240423021,median-range,5,9987315
0830-172041__NetHackChallenge-v0__exp2/NetHackChallenge-v0__action__max_episode_steps5000__discountprimitive__ent_coef0.01__exp2,0830-172041__NetHackChallenge-v0__exp2,NetHackChallenge-v0,action,-,0,10000000,5000,0,0.999,primitive,exp2,0,78651.19427804474,7.416793020306706,1.477201069484614,10.486451901892696,median-range,5,9987315
0830-172041__NetHackChallenge-v0__exp2/NetHackChallenge-v0__action__max_episode_steps5000__discountprimitive__ent_coef0.01__exp2,0830-172041__NetHackChallenge-v0__exp2,NetHackChallenge-v0,action,-,0,10000000,5000,0,0.999,primitive,exp2,0,80784.53200627989,4.595704792852191,2.8451896396497007,15.793238924976434,median-range,5,9987315
0830-172041__NetHackChallenge-v0__exp2/NetHackChallenge-v0__action__max_episode_steps5000__discountprimitive__ent_coef0.01__exp2,0830-172041__NetHackChallenge-v0__exp2,NetHackChallenge-v0,action,-,0,10000000,5000,0,0.999,primitive,exp2,0,82975.73446123024,6.668918429875087,3.003891615984081,13.22749511577565,median-range,5,9987315
0830-172041__NetHackChallenge-v0__exp2/NetHackChallenge-v0__action__max_episode_steps5000__discountprimitive__ent_coef0.01__exp2,0830-172041__NetHackChallenge-v0__exp2,NetHackChallenge-v0,action,-,0,10000000,5000,0,0.999,primitive,exp2,0,85226.37116775483,6.4654418635058475,3.04605416200365,13.176578477434926,median-range,5,9987315
0830-172041__NetHackChallenge-v0__exp2/NetHackChallenge-v0__action__max_episode_steps5000__discountprimitive__ent_coef0.01__exp2,0830-172041__NetHackChallenge-v0__exp2,NetHackChallenge-v0,action,-,0,10000000,5000,0,0.999,primitive,exp2,0,87538.05422256015,6.329574377234085,3.089360326387414,13.124280774425515,median-range,5,9987315
0830-172041__NetHackChallenge-v0__exp2/NetHackChallenge-v0__action__max_episode_steps5000__discountprimitive__ent_coef0.01__exp2,0830-172041__NetHackChallenge-v0__exp2,NetHackChallenge-v0,action,-,0,10000000,5000,0,0.999,primitive,exp2,0,89912.43944891915,6.190021616540697,3.095921197106723,13.070564546701332,median-range,5,9987315
0830-172041__NetHackChallenge-v0__exp2/NetHackChallenge-v0__action__max_episode_steps5000__discountprimitive__ent_coef0.01__exp2,0830-172041__NetHackChallenge-v0__exp2,NetHackChallenge-v0,action,-,0,10000000,5000,0,0.999,primitive,exp2,0,92351.22758271353,6.110079179234058,3.0346274028245968,13.015391318148685,median-range,5,9987315
0830-172041__NetHackChallenge-v0__exp2/NetHackChallenge-v0__action__max_episode_steps5000__discountprimitive__ent_coef0.01__exp2,0830-172041__NetHackChallenge-v0__exp2,NetHackChallenge-v0,action,-,0,10000000,5000,0,0.999,primitive,exp2,0,94856.16549064343,6.034767033660858,2.958992281446395,12.958721569026451,median-range,5,9987315
0830-172041__NetHackChallenge-v0__exp2/NetHackChallenge-v0__action__max_episode_steps5000__discountprimitive__ent_coef0.01__exp2,0830-172041__NetHackChallenge-v0__exp2,NetHackChallenge-v0,action,-,0,10000000,5000,0,0.999,primitive,exp2,0,97429.04742148284,5.9574121188325835,2.865387554396695,12.900514707658663,median-range,5,9987315
0830-172041__NetHackChallenge-v0__exp2/NetHackChallenge-v0__action__max_episode_steps5000__discountprimitive__ent_coef0.01__exp2,0830-172041__NetHackChallenge-v0__exp2,NetHackChallenge-v0,action,-,0,10000000,5000,0,0.999,primitive,exp2,0,100071.71629127134,5.87795902660494,2.686420583732292,12.840729041359328,median-range,5,9987315
0830-172041__NetHackChallenge-v0__exp2/NetHackChallenge-v0__action__max_episode_steps5000__discountprimitive__ent_coef0.01__exp2,0830-172041__NetHackChallenge-v0__exp2,NetHackChallenge-v0,action,-,0,10000000,5000,0,0.999,primitive,exp2,0,102786.0650033672,5.851395472215565,2.6436959111716876,12.779321746568598,median-range,5,9987315
0830-172041__NetHackChallenge-v0__exp2/NetHackChallenge-v0__action__max_episode_steps5000__discountprimitive__ent_coef0.01__exp2,0830-172041__NetHackChallenge-v0__exp2,NetHackChallenge-v0,action,-,0,10000000,5000,0,0.999,primitive,exp2,0,105574.03780430586,5.892333757422114,2.5026630662565847,12.653997043582471,median-range,5,9987315
0830-172041__NetHackChallenge-v0__exp2/NetHackChallenge-v0__action__max_episode_steps5000__discountprimitive__ent_coef0.01__exp2,0830-172041__NetHackChallenge-v0__exp2,NetHackChallenge-v0,action,-,0,10000000,5000,0,0.999,primitive,exp2,0,108437.63167643247,5.934382454099993,2.3938267880141804,11.580044256803646,median-range,5,9987315
0830-172041__NetHackChallenge-v0__exp2/NetHackChallenge-v0__action__max_episode_steps5000__discountprimitive__ent_coef0.01__exp2,0830-172041__NetHackChallenge-v0__exp2,NetHackChallenge-v0,action,-,0,10000000,5000,0,0.999,primitive,exp2,0,111378.89776831168,5.876328183929574,3.8476490373296013,11.737657494673648,median-range,5,9987315
0830-172041__NetHackChallenge-v0__exp2/NetHackChallenge-v0__action__max_episode_steps5000__discountprimitive__ent_coef0.01__exp2,0830-172041__NetHackChallenge-v0__exp2,NetHackChallenge-v0,action,-,0,10000000,5000,0,0.999,primitive,exp2,0,114399.94286393221,5.771988647342644,4.3455809881644,11.61452358553385,median-range,5,9987315
0830-172041__NetHackChallenge-v0__exp2/NetHackChallenge-v0__action__max_episode_steps5000__discountprimitive__ent_coef0.01__exp2,0830-172041__NetHackChallenge-v0__exp2,NetHackChallenge-v0,action,-,0,10000000,5000,0,0.999,primitive,exp2,0,117502.93089176585,5.664819001537521,4.418447490457649,11.488049787961268,median-range,5,9987315
0830-172041__NetHackChallenge-v0__exp2/NetHackChallenge-v0__action__max_episode_steps5000__discountprimitive__ent_coef0.01__exp2,0830-172041__NetHackChallenge-v0__exp2,NetHackChallenge-v0,action,-,0,10000000,5000,0,0.999,primitive,exp2,0,120690.08447475455,5.6316251626206775,4.392604007426701,11.358145510705949,median-range,5,9987315
0830-172041__NetHackChallenge-v0__exp2/NetHackChallenge-v0__action__max_episode_steps5000__discountprimitive__ent_coef0.01__exp2,0830-172041__NetHackChallenge-v0__exp2,NetHackChallenge-v0,action,-,0,10000000,5000,0,0.999,primitive,exp2,0,123963.68652234321,5.743757562549913,4.366059544863463,11.249223041517627,median-range,5,9987315
0830-172041__NetHackChallenge-v0__exp2/NetHackChallenge-v0__action__max_episode_steps5000__discountprimitive__ent_coef0.01__exp2,0830-172041__NetHackChallenge-v0__exp2,NetHackChallenge-v0,action,-,0,10000000,5000,0,0.999,primitive,exp2,0,127326.08186569085,5.711999741960396,4.338795089374731,11.238671410684166,median-range,5,9987315
0830-172041__NetHackChallenge-v0__exp2/NetHackChallenge-v0__action__max_episode_steps5000__discountprimitive__ent_coef0.01__exp2,0830-172041__NetHackChallenge-v0__exp2,NetHackChallenge-v0,action,-,0,10000000,5000,0,0.999,primitive,exp2,0,130779.67893723947,5.965585867716577,4.310791111847359,11.227833577049106,median-range,5,9987315
0830-172041__NetHackChallenge-v0__exp2/NetHackChallenge-v0__action__max_episode_steps5000__discountprimitive__ent_coef0.01__exp2,0830-172041__NetHackChallenge-v0__exp2,NetHackChallenge-v0,action,-,0,10000000,5000,0,0.999,primitive,exp2,0,134326.9514958352,6.236643197779023,4.282027553459861,11.216701777637708,median-range,5,9987315
0830-172041__NetHackChallenge-v0__exp2/NetHackChallenge-v0__action__max_episode_steps5000__discountprimitive__ent_coef0.01__exp2,0830-172041__NetHackChallenge-v0__exp2,NetHackChallenge-v0,action,-,0,10000000,5000,0,0.999,primitive,exp2,0,137970.44039864637,6.12170349522997,4.256108271827871,11.205268038912028,median-range,5,9987315
0830-172041__NetHackChallenge-v0__exp2/NetHackChallenge-v0__action__max_episode_steps5000__discountprimitive__ent_coef0.01__exp2,0830-172041__NetHackChallenge-v0__exp2,NetHackChallenge-v0,action,-,0,10000000,5000,0,0.999,primitive,exp2,0,141712.75542113848,6.067273389703904,4.229760270169281,11.193524171059613,median-range,5,9987315
0830-172041__NetHackChallenge-v0__exp2/NetHackChallenge-v0__action__max_episode_steps5000__discountprimitive__ent_coef0.01__exp2,0830-172041__NetHackChallenge-v0__exp2,NetHackChallenge-v0,action,-,0,10000000,5000,0,0.999,primitive,exp2,0,145556.57712641763,6.0205612442838765,4.202697604397608,11.163238996710579,median-range,5,9987315
0830-172041__NetHackChallenge-v0__exp2/NetHackChallenge-v0__action__max_episode_steps5000__discountprimitive__ent_coef0.01__exp2,0830-172041__NetHackChallenge-v0__exp2,NetHackChallenge-v0,action,-,0,10000000,5000,0,0.999,primitive,exp2,0,149504.65878527757,5.9725820770073295,4.174900889938596,10.64682483550377,median-range,5,9987315
0830-172041__NetHackChallenge-v0__exp2/NetHackChallenge-v0__action__max_episode_steps5000__discountprimitive__ent_coef0.01__exp2,0830-172041__NetHackChallenge-v0__exp2,NetHackChallenge-v0,action,-,0,10000000,5000,0,0.999,primitive,exp2,0,153559.8283483237,5.923301521129381,4.14635021643013,10.465113698735943,median-range,5,9987315
0830-172041__NetHackChallenge-v0__exp2/NetHackChallenge-v0__action__max_episode_steps5000__discountprimitive__ent_coef0.01__exp2,0830-172041__NetHackChallenge-v0__exp2,NetHackChallenge-v0,action,-,0,10000000,5000,0,0.999,primitive,exp2,0,157724.99047159313,5.628354182964381,4.117025133460734,9.803419282149692,median-range,5,9987315
0830-172041__NetHackChallenge-v0__exp2/NetHackChallenge-v0__action__max_episode_steps5000__discountprimitive__ent_coef0.01__exp2,0830-172041__NetHackChallenge-v0__exp2,NetHackChallenge-v0,action,-,0,10000000,5000,0,0.999,primitive,exp2,0,162003.12859711304,5.918660633577527,4.329188097905942,11.319728351644748,median-range,5,9987315
0830-172041__NetHackChallenge-v0__exp2/NetHackChallenge-v0__action__max_episode_steps5000__discountprimitive__ent_coef0.01__exp2,0830-172041__NetHackChallenge-v0__exp2,NetHackChallenge-v0,action,-,0,10000000,5000,0,0.999,primitive,exp2,0,166397.30708989728,5.779022235386051,4.288753515615446,10.528238107270957,median-range,5,9987315
0830-172041__NetHackChallenge-v0__exp2/NetHackChallenge-v0__action__max_episode_steps5000__discountprimitive__ent_coef0.01__exp2,0830-172041__NetHackChallenge-v0__exp2,NetHackChallenge-v0,action,-,0,10000000,5000,0,0.999,primitive,exp2,0,170910.6734329014,6.086907448807075,4.2346922832456295,10.437389018860948,median-range,5,9987315
0830-172041__NetHackChallenge-v0__exp2/NetHackChallenge-v0__action__max_episode_steps5000__discountprimitive__ent_coef0.01__exp2,0830-172041__NetHackChallenge-v0__exp2,NetHackChallenge-v0,action,-,0,10000000,5000,0,0.999,primitive,exp2,0,175546.4604815196,6.189234419512498,4.564493391971885,10.34407573661815,median-range,5,9987315
0830-172041__NetHackChallenge-v0__exp2/NetHackChallenge-v0__action__max_episode_steps5000__discountprimitive__ent_coef0.01__exp2,0830-172041__NetHackChallenge-v0__exp2,NetHackChallenge-v0,action,-,0,10000000,5000,0,0.999,primitive,exp2,0,180307.98877922664,6.125127001103723,4.8231106052640715,10.188449741672878,median-range,5,9987315
0830-172041__NetHackChallenge-v0__exp2/NetHackChallenge-v0__action__max_episode_steps5000__discountprimitive__ent_coef0.01__exp2,0830-172041__NetHackChallenge-v0__exp2,NetHackChallenge-v0,action,-,0,10000000,5000,0,0.999,primitive,exp2,0,185198.66893603554,6.060156567425859,4.706107950132063,11.03620354724829,median-range,5,9987315
0830-172041__NetHackChallenge-v0__exp2/NetHackChallenge-v0__action__max_episode_steps5000__discountprimitive__ent_coef0.01__exp2,0830-172041__NetHackChallenge-v0__exp2,NetHackChallenge-v0,action,-,0,10000000,5000,0,0.999,primitive,exp2,0,190222.00407146223,6.041338028864452,4.577049243380093,11.01599986889746,median-range,5,9987315
0830-172041__NetHackChallenge-v0__exp2/NetHackChallenge-v0__action__max_episode_steps5000__discountprimitive__ent_coef0.01__exp2,0830-172041__NetHackChallenge-v0__exp2,NetHackChallenge-v0,action,-,0,10000000,5000,0,0.999,primitive,exp2,0,195381.5923237599,6.0835601095629315,4.576381916471029,10.849859281166944,median-range,5,9987315
0830-172041__NetHackChallenge-v0__exp2/NetHackChallenge-v0__action__max_episode_steps5000__discountprimitive__ent_coef0.01__exp2,0830-172041__NetHackChallenge-v0__exp2,NetHackChallenge-v0,action,-,0,10000000,5000,0,0.999,primitive,exp2,0,200681.12942720755,5.891106512905948,4.542347445285779,10.578231159024426,median-range,5,9987315
0830-172041__NetHackChallenge-v0__exp2/NetHackChallenge-v0__action__max_episode_steps5000__discountprimitive__ent_coef0.01__exp2,0830-172041__NetHackChallenge-v0__exp2,NetHackChallenge-v0,action,-,0,10000000,5000,0,0.999,primitive,exp2,0,206124.41135930925,5.803857395706988,4.507389821920753,10.366679063938136,median-range,5,9987315
0830-172041__NetHackChallenge-v0__exp2/NetHackChallenge-v0__action__max_episode_steps5000__discountprimitive__ent_coef0.01__exp2,0830-172041__NetHackChallenge-v0__exp2,NetHackChallenge-v0,action,-,0,10000000,5000,0,0.999,primitive,exp2,0,211715.3370597957,5.823176188191307,4.446939835038579,9.922794162347202,median-range,5,9987315
0830-172041__NetHackChallenge-v0__exp2/NetHackChallenge-v0__action__max_episode_steps5000__discountprimitive__ent_coef0.01__exp2,0830-172041__NetHackChallenge-v0__exp2,NetHackChallenge-v0,action,-,0,10000000,5000,0,0.999,primitive,exp2,0,217457.91122337454,5.83557448603242,4.3746684846704,9.833345196172049,median-range,5,9987315
0830-172041__NetHackChallenge-v0__exp2/NetHackChallenge-v0__action__max_episode_steps5000__discountprimitive__ent_coef0.01__exp2,0830-172041__NetHackChallenge-v0__exp2,NetHackChallenge-v0,action,-,0,10000000,5000,0,0.999,primitive,exp2,0,223356.24716823085,5.881451409079492,4.3520531466428505,9.824230012366348,median-range,5,9987315
0830-172041__NetHackChallenge-v0__exp2/NetHackChallenge-v0__action__max_episode_steps5000__discountprimitive__ent_coef0.01__exp2,0830-172041__NetHackChallenge-v0__exp2,NetHackChallenge-v0,action,-,0,10000000,5000,0,0.999,primitive,exp2,0,229414.5697823353,6.095670923545239,4.379208500000913,9.718196888839131,median-range,5,9987315
0830-172041__NetHackChallenge-v0__exp2/NetHackChallenge-v0__action__max_episode_steps5000__discountprimitive__ent_coef0.01__exp2,0830-172041__NetHackChallenge-v0__exp2,NetHackChallenge-v0,action,-,0,10000000,5000,0,0.999,primitive,exp2,0,235637.2185496681,6.3095284255160395,4.415416440982462,9.638496886488227,median-range,5,9987315
0830-172041__NetHackChallenge-v0__exp2/NetHackChallenge-v0__action__max_episode_steps5000__discountprimitive__ent_coef0.01__exp2,0830-172041__NetHackChallenge-v0__exp2,NetHackChallenge-v0,action,-,0,10000000,5000,0,0.999,primitive,exp2,0,242028.65065852195,6.134390687843489,4.026955428354118,9.663420825730768,median-range,5,9987315
0830-172041__NetHackChallenge-v0__exp2/NetHackChallenge-v0__action__max_episode_steps5000__discountprimitive__ent_coef0.01__exp2,0830-172041__NetHackChallenge-v0__exp2,NetHackChallenge-v0,action,-,0,10000000,5000,0,0.999,primitive,exp2,0,248593.4441941217,5.755491702812376,3.9620070107856327,9.323078586980468,median-range,5,9987315
0830-172041__NetHackChallenge-v0__exp2/NetHackChallenge-v0__action__max_episode_steps5000__discountprimitive__ent_coef0.01__exp2,0830-172041__NetHackChallenge-v0__exp2,NetHackChallenge-v0,action,-,0,10000000,5000,0,0.999,primitive,exp2,0,255336.30141783302,5.909166726819917,3.96278972582594,9.213706408722429,median-range,5,9987315
0830-172041__NetHackChallenge-v0__exp2/NetHackChallenge-v0__action__max_episode_steps5000__discountprimitive__ent_coef0.01__exp2,0830-172041__NetHackChallenge-v0__exp2,NetHackChallenge-v0,action,-,0,10000000,5000,0,0.999,primitive,exp2,0,262262.05213532445,6.077728334798638,3.971577779353316,9.153316478129781,median-range,5,9987315
0830-172041__NetHackChallenge-v0__exp2/NetHackChallenge-v0__action__max_episode_steps5000__discountprimitive__ent_coef0.01__exp2,0830-172041__NetHackChallenge-v0__exp2,NetHackChallenge-v0,action,-,0,10000000,5000,0,0.999,primitive,exp2,0,269375.65715607925,6.25086201369291,4.305857103591247,9.11646095980751,median-range,5,9987315
0830-172041__NetHackChallenge-v0__exp2/NetHackChallenge-v0__action__max_episode_steps5000__discountprimitive__ent_coef0.01__exp2,0830-172041__NetHackChallenge-v0__exp2,NetHackChallenge-v0,action,-,0,10000000,5000,0,0.999,primitive,exp2,0,276682.21184675174,6.117783997827905,4.342576530250479,9.91130445354761,median-range,5,9987315
0830-172041__NetHackChallenge-v0__exp2/NetHackChallenge-v0__action__max_episode_steps5000__discountprimitive__ent_coef0.01__exp2,0830-172041__NetHackChallenge-v0__exp2,NetHackChallenge-v0,action,-,0,10000000,5000,0,0.999,primitive,exp2,0,284186.949780897,6.443041118800484,4.2870442253504715,9.812723409878389,median-range,5,9987315
0830-172041__NetHackChallenge-v0__exp2/NetHackChallenge-v0__action__max_episode_steps5000__discountprimitive__ent_coef0.01__exp2,0830-172041__NetHackChallenge-v0__exp2,NetHackChallenge-v0,action,-,0,10000000,5000,0,0.999,primitive,exp2,0,291895.246487701,6.431298968301811,4.257916386332192,9.451425183818708,median-range,5,9987315
0830-172041__NetHackChallenge-v0__exp2/NetHackChallenge-v0__action__max_episode_steps5000__discountprimitive__ent_coef0.01__exp2,0830-172041__NetHackChallenge-v0__exp2,NetHackChallenge-v0,action,-,0,10000000,5000,0,0.999,primitive,exp2,0,299812.6233023915,6.319025415455067,4.210987475522394,9.441575241412966,median-range,5,9987315
0830-172041__NetHackChallenge-v0__exp2/NetHackChallenge-v0__action__max_episode_steps5000__discountprimitive__ent_coef0.01__exp2,0830-172041__NetHackChallenge-v0__exp2,NetHackChallenge-v0,action,-,0,10000000,5000,0,0.999,primitive,exp2,0,307944.751321085,6.9501483164676054,4.208613210721074,9.439975844075645,median-range,5,9987315
0830-172041__NetHackChallenge-v0__exp2/NetHackChallenge-v0__action__max_episode_steps5000__discountprimitive__ent_coef0.01__exp2,0830-172041__NetHackChallenge-v0__exp2,NetHackChallenge-v0,action,-,0,10000000,5000,0,0.999,primitive,exp2,0,316297.45546290494,7.897332224183357,4.206834606846665,9.465816705597227,median-range,5,9987315
0830-172041__NetHackChallenge-v0__exp2/NetHackChallenge-v0__action__max_episode_steps5000__discountprimitive__ent_coef0.01__exp2,0830-172041__NetHackChallenge-v0__exp2,NetHackChallenge-v0,action,-,0,10000000,5000,0,0.999,primitive,exp2,0,324876.71864228364,7.648864633095643,4.64486202160251,9.4455262663314,median-range,5,9987315
0830-172041__NetHackChallenge-v0__exp2/NetHackChallenge-v0__action__max_episode_steps5000__discountprimitive__ent_coef0.01__exp2,0830-172041__NetHackChallenge-v0__exp2,NetHackChallenge-v0,action,-,0,10000000,5000,0,0.999,primitive,exp2,0,333688.68605443445,7.87173182204707,4.553378136972581,9.316828154622737,median-range,5,9987315
0830-172041__NetHackChallenge-v0__exp2/NetHackChallenge-v0__action__max_episode_steps5000__discountprimitive__ent_coef0.01__exp2,0830-172041__NetHackChallenge-v0__exp2,NetHackChallenge-v0,action,-,0,10000000,5000,0,0.999,primitive,exp2,0,342739.6695770566,7.99104891485493,4.464910006969179,9.6034569028146,median-range,5,9987315
0830-172041__NetHackChallenge-v0__exp2/NetHackChallenge-v0__action__max_episode_steps5000__discountprimitive__ent_coef0.01__exp2,0830-172041__NetHackChallenge-v0__exp2,NetHackChallenge-v0,action,-,0,10000000,5000,0,0.999,primitive,exp2,0,352036.1522914423,8.335526325518432,4.512066129574064,9.675506473722342,median-range,5,9987315
0830-172041__NetHackChallenge-v0__exp2/NetHackChallenge-v0__action__max_episode_steps5000__discountprimitive__ent_coef0.01__exp2,0830-172041__NetHackChallenge-v0__exp2,NetHackChallenge-v0,action,-,0,10000000,5000,0,0.999,primitive,exp2,0,361584.79312620347,8.59903359772981,4.698486258709519,9.348496075885036,median-range,5,9987315
0830-172041__NetHackChallenge-v0__exp2/NetHackChallenge-v0__action__max_episode_steps5000__discountprimitive__ent_coef0.01__exp2,0830-172041__NetHackChallenge-v0__exp2,NetHackChallenge-v0,action,-,0,10000000,5000,0,0.999,primitive,exp2,0,371392.43162696576,8.565452631186428,4.632212895896324,9.148872881278159,median-range,5,9987315
0830-172041__NetHackChallenge-v0__exp2/NetHackChallenge-v0__action__max_episode_steps5000__discountprimitive__ent_coef0.01__exp2,0830-172041__NetHackChallenge-v0__exp2,NetHackChallenge-v0,action,-,0,10000000,5000,0,0.999,primitive,exp2,0,381466.09285542555,8.466622466975801,4.595201979311368,9.0486657550001,median-range,5,9987315
0830-172041__NetHackChallenge-v0__exp2/NetHackChallenge-v0__action__max_episode_steps5000__discountprimitive__ent_coef0.01__exp2,0830-172041__NetHackChallenge-v0__exp2,NetHackChallenge-v0,action,-,0,10000000,5000,0,0.999,primitive,exp2,0,391812.9924212998,8.75000949399451,4.515383542500542,10.532943661778011,median-range,5,9987315
0830-172041__NetHackChallenge-v0__exp2/NetHackChallenge-v0__action__max_episode_steps5000__discountprimitive__ent_coef0.01__exp2,0830-172041__NetHackChallenge-v0__exp2,NetHackChallenge-v0,action,-,0,10000000,5000,0,0.999,primitive,exp2,0,402440.54165075126,8.793782271814381,4.350874459913659,10.40882933080759,median-range,5,9987315
0830-172041__NetHackChallenge-v0__exp2/NetHackChallenge-v0__action__max_episode_steps5000__discountprimitive__ent_coef0.01__exp2,0830-172041__NetHackChallenge-v0__exp2,NetHackChallenge-v0,action,-,0,10000000,5000,0,0.999,primitive,exp2,0,413356.35289501434,8.78985751134453,4.134255282439932,10.623890295621226,median-range,5,9987315
0830-172041__NetHackChallenge-v0__exp2/NetHackChallenge-v0__action__max_episode_steps5000__discountprimitive__ent_coef0.01__exp2,0830-172041__NetHackChallenge-v0__exp2,NetHackChallenge-v0,action,-,0,10000000,5000,0,0.999,primitive,exp2,0,424568.24498299975,8.65153364033325,4.069016562149511,10.742055040321585,median-range,5,9987315
0830-172041__NetHackChallenge-v0__exp2/NetHackChallenge-v0__action__max_episode_steps5000__discountprimitive__ent_coef0.01__exp2,0830-172041__NetHackChallenge-v0__exp2,NetHackChallenge-v0,action,-,0,10000000,5000,0,0.999,primitive,exp2,0,436084.24882180884,8.477906088492754,3.9977032842699014,11.534411387087657,median-range,5,9987315
0830-172041__NetHackChallenge-v0__exp2/NetHackChallenge-v0__action__max_episode_steps5000__discountprimitive__ent_coef0.01__exp2,0830-172041__NetHackChallenge-v0__exp2,NetHackChallenge-v0,action,-,0,10000000,5000,0,0.999,primitive,exp2,0,447912.6131491438,8.584555144188334,3.945889095882241,11.715348035042469,median-range,5,9987315
0830-172041__NetHackChallenge-v0__exp2/NetHackChallenge-v0__action__max_episode_steps5000__discountprimitive__ent_coef0.01__exp2,0830-172041__NetHackChallenge-v0__exp2,NetHackChallenge-v0,action,-,0,10000000,5000,0,0.999,primitive,exp2,0,460061.81044175505,8.683058150160859,3.898406783041547,11.465771850163327,median-range,5,9987315
0830-172041__NetHackChallenge-v0__exp2/NetHackChallenge-v0__action__max_episode_steps5000__discountprimitive__ent_coef0.01__exp2,0830-172041__NetHackChallenge-v0__exp2,NetHackChallenge-v0,action,-,0,10000000,5000,0,0.999,primitive,exp2,0,472540.54298414965,8.302505742834802,3.7948222621817247,11.42870213672809,median-range,5,9987315
0830-172041__NetHackChallenge-v0__exp2/NetHackChallenge-v0__action__max_episode_steps5000__discountprimitive__ent_coef0.01__exp2,0830-172041__NetHackChallenge-v0__exp2,NetHackChallenge-v0,action,-,0,10000000,5000,0,0.999,primitive,exp2,0,485357.7491018985,8.232088347904092,3.647479033193046,11.714437128644025,median-range,5,9987315
0830-172041__NetHackChallenge-v0__exp2/NetHackChallenge-v0__action__max_episode_steps5000__discountprimitive__ent_coef0.01__exp2,0830-172041__NetHackChallenge-v0__exp2,NetHackChallenge-v0,action,-,0,10000000,5000,0,0.999,primitive,exp2,0,498522.6095640299,8.118829582619266,3.5628906357389645,12.12468189709483,median-range,5,9987315
0830-172041__NetHackChallenge-v0__exp2/NetHackChallenge-v0__action__max_episode_steps5000__discountprimitive__ent_coef0.01__exp2,0830-172041__NetHackChallenge-v0__exp2,NetHackChallenge-v0,action,-,0,10000000,5000,0,0.999,primitive,exp2,0,512044.5541590665,8.138875625408732,3.545882705820617,12.44,median-range,5,9987315
0830-172041__NetHackChallenge-v0__exp2/NetHackChallenge-v0__action__max_episode_steps5000__discountprimitive__ent_coef0.01__exp2,0830-172041__NetHackChallenge-v0__exp2,NetHackChallenge-v0,action,-,0,10000000,5000,0,0.999,primitive,exp2,0,525933.2684494469,7.76054071062012,3.527768320458776,12.339017105064196,median-range,5,9987315
0830-172041__NetHackChallenge-v0__exp2/NetHackChallenge-v0__action__max_episode_steps5000__discountprimitive__ent_coef0.01__exp2,0830-172041__NetHackChallenge-v0__exp2,NetHackChallenge-v0,action,-,0,10000000,5000,0,0.999,primitive,exp2,0,540198.7007091377,7.42,3.470203744975587,12.19440880182415,median-range,5,9987315
0830-172041__NetHackChallenge-v0__exp2/NetHackChallenge-v0__action__max_episode_steps5000__discountprimitive__ent_coef0.01__exp2,0830-172041__NetHackChallenge-v0__exp2,NetHackChallenge-v0,action,-,0,10000000,5000,0,0.999,primitive,exp2,0,554851.0690494388,7.266918883621456,3.34,12.297685186653881,median-range,5,9987315
0830-172041__NetHackChallenge-v0__exp2/NetHackChallenge-v0__action__max_episode_steps5000__discountprimitive__ent_coef0.01__exp2,0830-172041__NetHackChallenge-v0__exp2,NetHackChallenge-v0,action,-,0,10000000,5000,0,0.999,primitive,exp2,0,569900.8687380531,7.26,1.72,12.539839844142989,median-range,5,9987315
0830-172041__NetHackChallenge-v0__exp2/NetHackChallenge-v0__action__max_episode_steps5000__discountprimitive__ent_coef0.01__exp2,0830-172041__NetHackChallenge-v0__exp2,NetHackChallenge-v0,action,-,0,10000000,5000,0,0.999,primitive,exp2,0,585358.8797166895,7.26,1.7977362610652847,12.337819026681428,median-range,5,9987315
0830-172041__NetHackChallenge-v0__exp2/NetHackChallenge-v0__action__max_episode_steps5000__discountprimitive__ent_coef0.01__exp2,0830-172041__NetHackChallenge-v0__exp2,NetHackChallenge-v0,action,-,0,10000000,5000,0,0.999,primitive,exp2,0,601236.1743225727,7.108072549093007,1.728899124445022,12.253522046290962,median-range,5,9987315
0830-172041__NetHackChallenge-v0__exp2/NetHackChallenge-v0__action__max_episode_steps5000__discountprimitive__ent_coef0.01__exp2,0830-172041__NetHackChallenge-v0__exp2,NetHackChallenge-v0,action,-,0,10000000,5000,0,0.999,primitive,exp2,0,617544.1252193876,6.773272687724711,1.7415603058290758,12.290751653268801,median-range,5,9987315
0830-172041__NetHackChallenge-v0__exp2/NetHackChallenge-v0__action__max_episode_steps5000__discountprimitive__ent_coef0.01__exp2,0830-172041__NetHackChallenge-v0__exp2,NetHackChallenge-v0,action,-,0,10000000,5000,0,0.999,primitive,exp2,0,634294.4135433418,6.683740628620804,1.6997723913060345,12.042777812104708,median-range,5,9987315
0830-172041__NetHackChallenge-v0__exp2/NetHackChallenge-v0__action__max_episode_steps5000__discountprimitive__ent_coef0.01__exp2,0830-172041__NetHackChallenge-v0__exp2,NetHackChallenge-v0,action,-,0,10000000,5000,0,0.999,primitive,exp2,0,651499.0372701875,7.036914970441203,1.58,12.141967517292679,median-range,5,9987315
0830-172041__NetHackChallenge-v0__exp2/NetHackChallenge-v0__action__max_episode_steps5000__discountprimitive__ent_coef0.01__exp2,0830-172041__NetHackChallenge-v0__exp2,NetHackChallenge-v0,action,-,0,10000000,5000,0,0.999,primitive,exp2,0,669170.3198091921,7.052818767561962,1.6012235911542074,12.203090288069754,median-range,5,9987315
0830-172041__NetHackChallenge-v0__exp2/NetHackChallenge-v0__action__max_episode_steps5000__discountprimitive__ent_coef0.01__exp2,0830-172041__NetHackChallenge-v0__exp2,NetHackChallenge-v0,action,-,0,10000000,5000,0,0.999,primitive,exp2,0,687320.9188301993,7.543459156757168,1.85,12.227624344962965,median-range,5,9987315
0830-172041__NetHackChallenge-v0__exp2/NetHackChallenge-v0__action__max_episode_steps5000__discountprimitive__ent_coef0.01__exp2,0830-172041__NetHackChallenge-v0__exp2,NetHackChallenge-v0,action,-,0,10000000,5000,0,0.999,primitive,exp2,0,705963.8353301352,7.5667763768213865,1.7808240010662093,11.750866693667614,median-range,5,9987315
0830-172041__NetHackChallenge-v0__exp2/NetHackChallenge-v0__action__max_episode_steps5000__discountprimitive__ent_coef0.01__exp2,0830-172041__NetHackChallenge-v0__exp2,NetHackChallenge-v0,action,-,0,10000000,5000,0,0.999,primitive,exp2,0,725112.4229454128,7.17,1.6665302733628944,11.927416179640243,median-range,5,9987315
0830-172041__NetHackChallenge-v0__exp2/NetHackChallenge-v0__action__max_episode_steps5000__discountprimitive__ent_coef0.01__exp2,0830-172041__NetHackChallenge-v0__exp2,NetHackChallenge-v0,action,-,0,10000000,5000,0,0.999,primitive,exp2,0,744780.3975169493,6.684043461575154,1.587430453518222,11.73,median-range,5,9987315
0830-172041__NetHackChallenge-v0__exp2/NetHackChallenge-v0__action__max_episode_steps5000__discountprimitive__ent_coef0.01__exp2,0830-172041__NetHackChallenge-v0__exp2,NetHackChallenge-v0,action,-,0,10000000,5000,0,0.999,primitive,exp2,0,764981.8469146021,7.356427592852893,1.37,11.666649806398686,median-range,5,9987315
0830-172041__NetHackChallenge-v0__exp2/NetHackChallenge-v0__action__max_episode_steps5000__discountprimitive__ent_coef0.01__exp2,0830-172041__NetHackChallenge-v0__exp2,NetHackChallenge-v0,action,-,0,10000000,5000,0,0.999,primitive,exp2,0,785731.2411281063,7.55,1.37,11.04,median-range,5,9987315
0830-172041__NetHackChallenge-v0__exp2/NetHackChallenge-v0__action__max_episode_steps5000__discountprimitive__ent_coef0.01__exp2,0830-172041__NetHackChallenge-v0__exp2,NetHackChallenge-v0,action,-,0,10000000,5000,0,0.999,primitive,exp2,0,807043.4426316968,7.2747407566083035,1.3894682025908378,11.228584528556699,median-range,5,9987315
0830-172041__NetHackChallenge-v0__exp2/NetHackChallenge-v0__action__max_episode_steps5000__discountprimitive__ent_coef0.01__exp2,0830-172041__NetHackChallenge-v0__exp2,NetHackChallenge-v0,action,-,0,10000000,5000,0,0.999,primitive,exp2,0,828933.717029877,7.12,1.4902477557958187,11.177976083024385,median-range,5,9987315
0830-172041__NetHackChallenge-v0__exp2/NetHackChallenge-v0__action__max_episode_steps5000__discountprimitive__ent_coef0.01__exp2,0830-172041__NetHackChallenge-v0__exp2,NetHackChallenge-v0,action,-,0,10000000,5000,0,0.999,primitive,exp2,0,851417.7439919402,7.22807614239133,1.52,10.81,median-range,5,9987315
0830-172041__NetHackChallenge-v0__exp2/NetHackChallenge-v0__action__max_episode_steps5000__discountprimitive__ent_coef0.01__exp2,0830-172041__NetHackChallenge-v0__exp2,NetHackChallenge-v0,action,-,0,10000000,5000,0,0.999,primitive,exp2,0,874511.6284830753,6.01,1.57,10.867419418017336,median-range,5,9987315
0830-172041__NetHackChallenge-v0__exp2/NetHackChallenge-v0__action__max_episode_steps5000__discountprimitive__ent_coef0.01__exp2,0830-172041__NetHackChallenge-v0__exp2,NetHackChallenge-v0,action,-,0,10000000,5000,0,0.999,primitive,exp2,0,898231.9123001036,6.961631795059171,1.62,10.788798709073424,median-range,5,9987315
0830-172041__NetHackChallenge-v0__exp2/NetHackChallenge-v0__action__max_episode_steps5000__discountprimitive__ent_coef0.01__exp2,0830-172041__NetHackChallenge-v0__exp2,NetHackChallenge-v0,action,-,0,10000000,5000,0,0.999,primitive,exp2,0,922595.5859201178,7.015275385596311,1.59,11.797900305347994,median-range,5,9987315
0830-172041__NetHackChallenge-v0__exp2/NetHackChallenge-v0__action__max_episode_steps5000__discountprimitive__ent_coef0.01__exp2,0830-172041__NetHackChallenge-v0__exp2,NetHackChallenge-v0,action,-,0,10000000,5000,0,0.999,primitive,exp2,0,947620.1006705061,6.94,1.72,11.893877337770864,median-range,5,9987315
0830-172041__NetHackChallenge-v0__exp2/NetHackChallenge-v0__action__max_episode_steps5000__discountprimitive__ent_coef0.01__exp2,0830-172041__NetHackChallenge-v0__exp2,NetHackChallenge-v0,action,-,0,10000000,5000,0,0.999,primitive,exp2,0,973323.3812290679,6.903283162148683,1.92,11.46,median-range,5,9987315
0830-172041__NetHackChallenge-v0__exp2/NetHackChallenge-v0__action__max_episode_steps5000__discountprimitive__ent_coef0.01__exp2,0830-172041__NetHackChallenge-v0__exp2,NetHackChallenge-v0,action,-,0,10000000,5000,0,0.999,primitive,exp2,0,999723.8384631821,6.613508273315362,1.9604246865349462,12.04,median-range,5,9987315
0830-172041__NetHackChallenge-v0__exp2/NetHackChallenge-v0__action__max_episode_steps5000__discountprimitive__ent_coef0.01__exp2,0830-172041__NetHackChallenge-v0__exp2,NetHackChallenge-v0,action,-,0,10000000,5000,0,0.999,primitive,exp2,0,1026840.3826172346,6.111344787385036,1.98,11.088260534001495,median-range,5,9987315
0830-172041__NetHackChallenge-v0__exp2/NetHackChallenge-v0__action__max_episode_steps5000__discountprimitive__ent_coef0.01__exp2,0830-172041__NetHackChallenge-v0__exp2,NetHackChallenge-v0,action,-,0,10000000,5000,0,0.999,primitive,exp2,0,1054692.436857744,6.058590463383035,1.8377535339248303,8.76,median-range,5,9987315
0830-172041__NetHackChallenge-v0__exp2/NetHackChallenge-v0__action__max_episode_steps5000__discountprimitive__ent_coef0.01__exp2,0830-172041__NetHackChallenge-v0__exp2,NetHackChallenge-v0,action,-,0,10000000,5000,0,0.999,primitive,exp2,0,1083299.9511858635,5.794965051637227,2.019632669526023,8.66,median-range,5,9987315
0830-172041__NetHackChallenge-v0__exp2/NetHackChallenge-v0__action__max_episode_steps5000__discountprimitive__ent_coef0.01__exp2,0830-172041__NetHackChallenge-v0__exp2,NetHackChallenge-v0,action,-,0,10000000,5000,0,0.999,primitive,exp2,0,1112683.4167272812,5.469946181473333,1.96,8.736602251176429,median-range,5,9987315
0830-172041__NetHackChallenge-v0__exp2/NetHackChallenge-v0__action__max_episode_steps5000__discountprimitive__ent_coef0.01__exp2,0830-172041__NetHackChallenge-v0__exp2,NetHackChallenge-v0,action,-,0,10000000,5000,0,0.999,primitive,exp2,0,1142863.880409683,5.397496981171621,1.8697012236971402,8.862524367468499,median-range,5,9987315
0830-172041__NetHackChallenge-v0__exp2/NetHackChallenge-v0__action__max_episode_steps5000__discountprimitive__ent_coef0.01__exp2,0830-172041__NetHackChallenge-v0__exp2,NetHackChallenge-v0,action,-,0,10000000,5000,0,0.999,primitive,exp2,0,1173862.9600383544,5.714992862096458,2.389509606268315,8.701602858593835,median-range,5,9987315
0830-172041__NetHackChallenge-v0__exp2/NetHackChallenge-v0__action__max_episode_steps5000__discountprimitive__ent_coef0.01__exp2,0830-172041__NetHackChallenge-v0__exp2,NetHackChallenge-v0,action,-,0,10000000,5000,0,0.999,primitive,exp2,0,1205702.859780686,5.139061832618438,2.292082310993907,9.602878597425615,median-range,5,9987315
0830-172041__NetHackChallenge-v0__exp2/NetHackChallenge-v0__action__max_episode_steps5000__discountprimitive__ent_coef0.01__exp2,0830-172041__NetHackChallenge-v0__exp2,NetHackChallenge-v0,action,-,0,10000000,5000,0,0.999,primitive,exp2,0,1238406.3860706785,5.42,3.04,9.89,median-range,5,9987315
0830-172041__NetHackChallenge-v0__exp2/NetHackChallenge-v0__action__max_episode_steps5000__discountprimitive__ent_coef0.01__exp2,0830-172041__NetHackChallenge-v0__exp2,NetHackChallenge-v0,action,-,0,10000000,5000,0,0.999,primitive,exp2,0,1271996.9639448356,5.433615134916417,3.92,10.098407810604836,median-range,5,9987315
0830-172041__NetHackChallenge-v0__exp2/NetHackChallenge-v0__action__max_episode_steps5000__discountprimitive__ent_coef0.01__exp2,0830-172041__NetHackChallenge-v0__exp2,NetHackChallenge-v0,action,-,0,10000000,5000,0,0.999,primitive,exp2,0,1306498.6538211657,5.69,4.473808085122546,10.793415597283332,median-range,5,9987315
0830-172041__NetHackChallenge-v0__exp2/NetHackChallenge-v0__action__max_episode_steps5000__discountprimitive__ent_coef0.01__exp2,0830-172041__NetHackChallenge-v0__exp2,NetHackChallenge-v0,action,-,0,10000000,5000,0,0.999,primitive,exp2,0,1341936.1687332965,6.411562373231538,4.88,10.117313333500153,median-range,5,9987315
0830-172041__NetHackChallenge-v0__exp2/NetHackChallenge-v0__action__max_episode_steps5000__discountprimitive__ent_coef0.01__exp2,0830-172041__NetHackChallenge-v0__exp2,NetHackChallenge-v0,action,-,0,10000000,5000,0,0.999,primitive,exp2,0,1378334.8920320403,6.213090470277564,5.578003760906958,9.051214195284503,median-range,5,9987315
0830-172041__NetHackChallenge-v0__exp2/NetHackChallenge-v0__action__max_episode_steps5000__discountprimitive__ent_coef0.01__exp2,0830-172041__NetHackChallenge-v0__exp2,NetHackChallenge-v0,action,-,0,10000000,5000,0,0.999,primitive,exp2,0,1415720.8955670928,7.085852323914747,5.48,10.747873432658501,median-range,5,9987315
0830-172041__NetHackChallenge-v0__exp2/NetHackChallenge-v0__action__max_episode_steps5000__discountprimitive__ent_coef0.01__exp2,0830-172041__NetHackChallenge-v0__exp2,NetHackChallenge-v0,action,-,0,10000000,5000,0,0.999,primitive,exp2,0,1454120.958361908,7.5163923859614155,5.688830071303622,10.269643344212142,median-range,5,9987315
0830-172041__NetHackChallenge-v0__exp2/NetHackChallenge-v0__action__max_episode_steps5000__discountprimitive__ent_coef0.01__exp2,0830-172041__NetHackChallenge-v0__exp2,NetHackChallenge-v0,action,-,0,10000000,5000,0,0.999,primitive,exp2,0,1493562.5857951115,8.079428076792754,6.47144370031013,10.340787669807671,median-range,5,9987315
0830-172041__NetHackChallenge-v0__exp2/NetHackChallenge-v0__action__max_episode_steps5000__discountprimitive__ent_coef0.01__exp2,0830-172041__NetHackChallenge-v0__exp2,NetHackChallenge-v0,action,-,0,10000000,5000,0,0.999,primitive,exp2,0,1534074.029302163,8.193970459287835,6.317987192291219,11.2753680311212,median-range,5,9987315
0830-172041__NetHackChallenge-v0__exp2/NetHackChallenge-v0__action__max_episode_steps5000__discountprimitive__ent_coef0.01__exp2,0830-172041__NetHackChallenge-v0__exp2,NetHackChallenge-v0,action,-,0,10000000,5000,0,0.999,primitive,exp2,0,1575684.3066114527,7.7304870730678665,6.1240412585687265,11.76,median-range,5,9987315
0830-172041__NetHackChallenge-v0__exp2/NetHackChallenge-v0__action__max_episode_steps5000__discountprimitive__ent_coef0.01__exp2,0830-172041__NetHackChallenge-v0__exp2,NetHackChallenge-v0,action,-,0,10000000,5000,0,0.999,primitive,exp2,0,1618423.2225292316,7.7569135220633925,6.42,12.197275673062773,median-range,5,9987315
0830-172041__NetHackChallenge-v0__exp2/NetHackChallenge-v0__action__max_episode_steps5000__discountprimitive__ent_coef0.01__exp2,0830-172041__NetHackChallenge-v0__exp2,NetHackChallenge-v0,action,-,0,10000000,5000,0,0.999,primitive,exp2,0,1662321.3902883648,9.81784824213505,6.515455040077188,11.928699522523525,median-range,5,9987315
0830-172041__NetHackChallenge-v0__exp2/NetHackChallenge-v0__action__max_episode_steps5000__discountprimitive__ent_coef0.01__exp2,0830-172041__NetHackChallenge-v0__exp2,NetHackChallenge-v0,action,-,0,10000000,5000,0,0.999,primitive,exp2,0,1707410.2534760966,9.607436904893232,5.819053644260722,12.259938420836438,median-range,5,9987315
0830-172041__NetHackChallenge-v0__exp2/NetHackChallenge-v0__action__max_episode_steps5000__discountprimitive__ent_coef0.01__exp2,0830-172041__NetHackChallenge-v0__exp2,NetHackChallenge-v0,action,-,0,10000000,5000,0,0.999,primitive,exp2,0,1753722.1085566385,9.506637612259526,5.317882478281204,11.186299419873599,median-range,5,9987315
0830-172041__NetHackChallenge-v0__exp2/NetHackChallenge-v0__action__max_episode_steps5000__discountprimitive__ent_coef0.01__exp2,0830-172041__NetHackChallenge-v0__exp2,NetHackChallenge-v0,action,-,0,10000000,5000,0,0.999,primitive,exp2,0,1801290.1280046105,8.379638239117906,5.644904571463924,12.22709881307863,median-range,5,9987315
0830-172041__NetHackChallenge-v0__exp2/NetHackChallenge-v0__action__max_episode_steps5000__discountprimitive__ent_coef0.01__exp2,0830-172041__NetHackChallenge-v0__exp2,NetHackChallenge-v0,action,-,0,10000000,5000,0,0.999,primitive,exp2,0,1850148.3840659866,8.045069165243879,5.18,10.686953315772914,median-range,5,9987315
0830-172041__NetHackChallenge-v0__exp2/NetHackChallenge-v0__action__max_episode_steps5000__discountprimitive__ent_coef0.01__exp2,0830-172041__NetHackChallenge-v0__exp2,NetHackChallenge-v0,action,-,0,10000000,5000,0,0.999,primitive,exp2,0,1900331.873163533,8.395988355243448,4.97,10.664124191490318,median-range,5,9987315
0830-172041__NetHackChallenge-v0__exp2/NetHackChallenge-v0__action__max_episode_steps5000__discountprimitive__ent_coef0.01__exp2,0830-172041__NetHackChallenge-v0__exp2,NetHackChallenge-v0,action,-,0,10000000,5000,0,0.999,primitive,exp2,0,1951876.5409642037,8.83556728847389,5.1106720860794255,9.841961719892383,median-range,5,9987315
0830-172041__NetHackChallenge-v0__exp2/NetHackChallenge-v0__action__max_episode_steps5000__discountprimitive__ent_coef0.01__exp2,0830-172041__NetHackChallenge-v0__exp2,NetHackChallenge-v0,action,-,0,10000000,5000,0,0.999,primitive,exp2,0,2004819.3081264659,8.775402350708031,5.895928769341323,10.228283071046695,median-range,5,9987315
0830-172041__NetHackChallenge-v0__exp2/NetHackChallenge-v0__action__max_episode_steps5000__discountprimitive__ent_coef0.01__exp2,0830-172041__NetHackChallenge-v0__exp2,NetHackChallenge-v0,action,-,0,10000000,5000,0,0.999,primitive,exp2,0,2059198.0967460095,7.346449447019805,6.166166923907311,10.73,median-range,5,9987315
0830-172041__NetHackChallenge-v0__exp2/NetHackChallenge-v0__action__max_episode_steps5000__discountprimitive__ent_coef0.01__exp2,0830-172041__NetHackChallenge-v0__exp2,NetHackChallenge-v0,action,-,0,10000000,5000,0,0.999,primitive,exp2,0,2115051.85751878,6.986599733516796,5.885787835730991,14.047108246420635,median-range,5,9987315
0830-172041__NetHackChallenge-v0__exp2/NetHackChallenge-v0__action__max_episode_steps5000__discountprimitive__ent_coef0.01__exp2,0830-172041__NetHackChallenge-v0__exp2,NetHackChallenge-v0,action,-,0,10000000,5000,0,0.999,primitive,exp2,0,2172420.597640736,6.83,6.22,13.905664582151317,median-range,5,9987315
0830-172041__NetHackChallenge-v0__exp2/NetHackChallenge-v0__action__max_episode_steps5000__discountprimitive__ent_coef0.01__exp2,0830-172041__NetHackChallenge-v0__exp2,NetHackChallenge-v0,action,-,0,10000000,5000,0,0.999,primitive,exp2,0,2231345.4094644287,7.862547672000275,5.914459614850927,13.725767926597936,median-range,5,9987315
0830-172041__NetHackChallenge-v0__exp2/NetHackChallenge-v0__action__max_episode_steps5000__discountprimitive__ent_coef0.01__exp2,0830-172041__NetHackChallenge-v0__exp2,NetHackChallenge-v0,action,-,0,10000000,5000,0,0.999,primitive,exp2,0,2291868.49993279,7.788689149165925,5.49555369847391,15.2098078622097,median-range,5,9987315
0830-172041__NetHackChallenge-v0__exp2/NetHackChallenge-v0__action__max_episode_steps5000__discountprimitive__ent_coef0.01__exp2,0830-172041__NetHackChallenge-v0__exp2,NetHackChallenge-v0,action,-,0,10000000,5000,0,0.999,primitive,exp2,0,2354033.220811358,7.3,5.239794999174551,15.591152136848464,median-range,5,9987315
0830-172041__NetHackChallenge-v0__exp2/NetHackChallenge-v0__action__max_episode_steps5000__discountprimitive__ent_coef0.01__exp2,0830-172041__NetHackChallenge-v0__exp2,NetHackChallenge-v0,action,-,0,10000000,5000,0,0.999,primitive,exp2,0,2417884.099740448,8.38,5.71,14.62165761530265,median-range,5,9987315
0830-172041__NetHackChallenge-v0__exp2/NetHackChallenge-v0__action__max_episode_steps5000__discountprimitive__ent_coef0.01__exp2,0830-172041__NetHackChallenge-v0__exp2,NetHackChallenge-v0,action,-,0,10000000,5000,0,0.999,primitive,exp2,0,2483466.8721296582,9.178814676060608,5.37,14.65234019210982,median-range,5,9987315
0830-172041__NetHackChallenge-v0__exp2/NetHackChallenge-v0__action__max_episode_steps5000__discountprimitive__ent_coef0.01__exp2,0830-172041__NetHackChallenge-v0__exp2,NetHackChallenge-v0,action,-,0,10000000,5000,0,0.999,primitive,exp2,0,2550828.5139174126,9.206069417503011,4.97,11.295813790102894,median-range,5,9987315
0830-172041__NetHackChallenge-v0__exp2/NetHackChallenge-v0__action__max_episode_steps5000__discountprimitive__ent_coef0.01__exp2,0830-172041__NetHackChallenge-v0__exp2,NetHackChallenge-v0,action,-,0,10000000,5000,0,0.999,primitive,exp2,0,2620017.275219122,9.9,4.989547143694092,10.78,median-range,5,9987315
0830-172041__NetHackChallenge-v0__exp2/NetHackChallenge-v0__action__max_episode_steps5000__discountprimitive__ent_coef0.01__exp2,0830-172041__NetHackChallenge-v0__exp2,NetHackChallenge-v0,action,-,0,10000000,5000,0,0.999,primitive,exp2,0,2691082.7148880153,9.904805286062924,4.98,12.875097996698551,median-range,5,9987315
0830-172041__NetHackChallenge-v0__exp2/NetHackChallenge-v0__action__max_episode_steps5000__discountprimitive__ent_coef0.01__exp2,0830-172041__NetHackChallenge-v0__exp2,NetHackChallenge-v0,action,-,0,10000000,5000,0,0.999,primitive,exp2,0,2764075.7360133803,9.22,5.082372866438661,13.089810228446892,median-range,5,9987315
0830-172041__NetHackChallenge-v0__exp2/NetHackChallenge-v0__action__max_episode_steps5000__discountprimitive__ent_coef0.01__exp2,0830-172041__NetHackChallenge-v0__exp2,NetHackChallenge-v0,action,-,0,10000000,5000,0,0.999,primitive,exp2,0,2839048.6223816574,8.641067609622628,4.52,13.956776804820063,median-range,5,9987315
0830-172041__NetHackChallenge-v0__exp2/NetHackChallenge-v0__action__max_episode_steps5000__discountprimitive__ent_coef0.01__exp2,0830-172041__NetHackChallenge-v0__exp2,NetHackChallenge-v0,action,-,0,10000000,5000,0,0.999,primitive,exp2,0,2916055.0759265274,9.077018079463027,4.3,13.925228815880038,median-range,5,9987315
0830-172041__NetHackChallenge-v0__exp2/NetHackChallenge-v0__action__max_episode_steps5000__discountprimitive__ent_coef0.01__exp2,0830-172041__NetHackChallenge-v0__exp2,NetHackChallenge-v0,action,-,0,10000000,5000,0,0.999,primitive,exp2,0,2995150.2551948056,10.671649975039562,4.878318604726933,12.949516941735217,median-range,5,9987315
0830-172041__NetHackChallenge-v0__exp2/NetHackChallenge-v0__action__max_episode_steps5000__discountprimitive__ent_coef0.01__exp2,0830-172041__NetHackChallenge-v0__exp2,NetHackChallenge-v0,action,-,0,10000000,5000,0,0.999,primitive,exp2,0,3076390.814855625,11.13,5.314593491276174,12.402098452363417,median-range,5,9987315
0830-172041__NetHackChallenge-v0__exp2/NetHackChallenge-v0__action__max_episode_steps5000__discountprimitive__ent_coef0.01__exp2,0830-172041__NetHackChallenge-v0__exp2,NetHackChallenge-v0,action,-,0,10000000,5000,0,0.999,primitive,exp2,0,3159834.9462813586,10.439063293599652,4.893128331999139,11.666826301979961,median-range,5,9987315
0830-172041__NetHackChallenge-v0__exp2/NetHackChallenge-v0__action__max_episode_steps5000__discountprimitive__ent_coef0.01__exp2,0830-172041__NetHackChallenge-v0__exp2,NetHackChallenge-v0,action,-,0,10000000,5000,0,0.999,primitive,exp2,0,3245542.4192291615,9.340747188352658,5.2991825321983015,11.86177396445207,median-range,5,9987315
0830-172041__NetHackChallenge-v0__exp2/NetHackChallenge-v0__action__max_episode_steps5000__discountprimitive__ent_coef0.01__exp2,0830-172041__NetHackChallenge-v0__exp2,NetHackChallenge-v0,action,-,0,10000000,5000,0,0.999,primitive,exp2,0,3333574.6246531853,10.083003049120995,5.7,12.35615597553705,median-range,5,9987315
0830-172041__NetHackChallenge-v0__exp2/NetHackChallenge-v0__action__max_episode_steps5000__discountprimitive__ent_coef0.01__exp2,0830-172041__NetHackChallenge-v0__exp2,NetHackChallenge-v0,action,-,0,10000000,5000,0,0.999,primitive,exp2,0,3423994.6186779314,9.16921222805372,5.86,11.13754120768512,median-range,5,9987315
0830-172041__NetHackChallenge-v0__exp2/NetHackChallenge-v0__action__max_episode_steps5000__discountprimitive__ent_coef0.01__exp2,0830-172041__NetHackChallenge-v0__exp2,NetHackChallenge-v0,action,-,0,10000000,5000,0,0.999,primitive,exp2,0,3516867.167764441,9.058901417628636,6.340317101991234,11.02872069482695,median-range,5,9987315
0830-172041__NetHackChallenge-v0__exp2/NetHackChallenge-v0__action__max_episode_steps5000__discountprimitive__ent_coef0.01__exp2,0830-172041__NetHackChallenge-v0__exp2,NetHackChallenge-v0,action,-,0,10000000,5000,0,0.999,primitive,exp2,0,3612258.7951014754,9.757325080791787,6.7,11.94529830118434,median-range,5,9987315
0830-172041__NetHackChallenge-v0__exp2/NetHackChallenge-v0__action__max_episode_steps5000__discountprimitive__ent_coef0.01__exp2,0830-172041__NetHackChallenge-v0__exp2,NetHackChallenge-v0,action,-,0,10000000,5000,0,0.999,primitive,exp2,0,3710237.8282550806,8.810571413288919,6.497468014315819,12.845325046034311,median-range,5,9987315
0830-172041__NetHackChallenge-v0__exp2/NetHackChallenge-v0__action__max_episode_steps5000__discountprimitive__ent_coef0.01__exp2,0830-172041__NetHackChallenge-v0__exp2,NetHackChallenge-v0,action,-,0,10000000,5000,0,0.999,primitive,exp2,0,3810874.448110595,9.008023547304491,7.35650609744632,10.991303765319266,median-range,5,9987315
0830-172041__NetHackChallenge-v0__exp2/NetHackChallenge-v0__action__max_episode_steps5000__discountprimitive__ent_coef0.01__exp2,0830-172041__NetHackChallenge-v0__exp2,NetHackChallenge-v0,action,-,0,10000000,5000,0,0.999,primitive,exp2,0,3914240.7391421306,7.9,7.6094459400810655,11.697791801226613,median-range,5,9987315
0830-172041__NetHackChallenge-v0__exp2/NetHackChallenge-v0__action__max_episode_steps5000__discountprimitive__ent_coef0.01__exp2,0830-172041__NetHackChallenge-v0__exp2,NetHackChallenge-v0,action,-,0,10000000,5000,0,0.999,primitive,exp2,0,4020410.741045567,8.915407252608043,7.83,10.435136159763745,median-range,5,9987315
0830-172041__NetHackChallenge-v0__exp2/NetHackChallenge-v0__action__max_episode_steps5000__discountprimitive__ent_coef0.01__exp2,0830-172041__NetHackChallenge-v0__exp2,NetHackChallenge-v0,action,-,0,10000000,5000,0,0.999,primitive,exp2,0,4129460.5017720684,8.396759059181058,6.63,10.87001450685615,median-range,5,9987315
0830-172041__NetHackChallenge-v0__exp2/NetHackChallenge-v0__action__max_episode_steps5000__discountprimitive__ent_coef0.01__exp2,0830-172041__NetHackChallenge-v0__exp2,NetHackChallenge-v0,action,-,0,10000000,5000,0,0.999,primitive,exp2,0,4241468.132000094,8.427402657920195,6.285827039104975,9.44689918347131,median-range,5,9987315
0830-172041__NetHackChallenge-v0__exp2/NetHackChallenge-v0__action__max_episode_steps5000__discountprimitive__ent_coef0.01__exp2,0830-172041__NetHackChallenge-v0__exp2,NetHackChallenge-v0,action,-,0,10000000,5000,0,0.999,primitive,exp2,0,4356513.86108483,9.033689019654918,5.525705610352794,9.298950266836794,median-range,5,9987315
0830-172041__NetHackChallenge-v0__exp2/NetHackChallenge-v0__action__max_episode_steps5000__discountprimitive__ent_coef0.01__exp2,0830-172041__NetHackChallenge-v0__exp2,NetHackChallenge-v0,action,-,0,10000000,5000,0,0.999,primitive,exp2,0,4474680.094525314,9.381575326857902,5.850456830710241,10.767011410969838,median-range,5,9987315
0830-172041__NetHackChallenge-v0__exp2/NetHackChallenge-v0__action__max_episode_steps5000__discountprimitive__ent_coef0.01__exp2,0830-172041__NetHackChallenge-v0__exp2,NetHackChallenge-v0,action,-,0,10000000,5000,0,0.999,primitive,exp2,0,4596051.472990172,10.055615830592796,7.661122472723046,11.348453891786862,median-range,5,9987315
0830-172041__NetHackChallenge-v0__exp2/NetHackChallenge-v0__action__max_episode_steps5000__discountprimitive__ent_coef0.01__exp2,0830-172041__NetHackChallenge-v0__exp2,NetHackChallenge-v0,action,-,0,10000000,5000,0,0.999,primitive,exp2,0,4720714.932944505,7.7,6.827228455164321,12.11064004975874,median-range,5,9987315
0830-172041__NetHackChallenge-v0__exp2/NetHackChallenge-v0__action__max_episode_steps5000__discountprimitive__ent_coef0.01__exp2,0830-172041__NetHackChallenge-v0__exp2,NetHackChallenge-v0,action,-,0,10000000,5000,0,0.999,primitive,exp2,0,4848759.7689210735,8.762289455304765,7.98481274900984,10.302403174226306,median-range,5,9987315
0830-172041__NetHackChallenge-v0__exp2/NetHackChallenge-v0__action__max_episode_steps5000__discountprimitive__ent_coef0.01__exp2,0830-172041__NetHackChallenge-v0__exp2,NetHackChallenge-v0,action,-,0,10000000,5000,0,0.999,primitive,exp2,0,4980277.697480696,8.420087579380452,6.2654795330275626,8.764096828960952,median-range,5,9987315
0830-172041__NetHackChallenge-v0__exp2/NetHackChallenge-v0__action__max_episode_steps5000__discountprimitive__ent_coef0.01__exp2,0830-172041__NetHackChallenge-v0__exp2,NetHackChallenge-v0,action,-,0,10000000,5000,0,0.999,primitive,exp2,0,5115362.922907339,8.367442398075848,6.820491664933014,9.478452737562252,median-range,5,9987315
0830-172041__NetHackChallenge-v0__exp2/NetHackChallenge-v0__action__max_episode_steps5000__discountprimitive__ent_coef0.01__exp2,0830-172041__NetHackChallenge-v0__exp2,NetHackChallenge-v0,action,-,0,10000000,5000,0,0.999,primitive,exp2,0,5254112.2046852475,8.06738959486022,6.51,8.88,median-range,5,9987315
0830-172041__NetHackChallenge-v0__exp2/NetHackChallenge-v0__action__max_episode_steps5000__discountprimitive__ent_coef0.01__exp2,0830-172041__NetHackChallenge-v0__exp2,NetHackChallenge-v0,action,-,0,10000000,5000,0,0.999,primitive,exp2,0,5396624.926806298,9.34267794665124,7.414086871968585,9.750574583284576,median-range,5,9987315
0830-172041__NetHackChallenge-v0__exp2/NetHackChallenge-v0__action__max_episode_steps5000__discountprimitive__ent_coef0.01__exp2,0830-172041__NetHackChallenge-v0__exp2,NetHackChallenge-v0,action,-,0,10000000,5000,0,0.999,primitive,exp2,0,5543003.168957222,8.45,6.638239599566978,10.623069316970726,median-range,5,9987315
0830-172041__NetHackChallenge-v0__exp2/NetHackChallenge-v0__action__max_episode_steps5000__discountprimitive__ent_coef0.01__exp2,0830-172041__NetHackChallenge-v0__exp2,NetHackChallenge-v0,action,-,0,10000000,5000,0,0.999,primitive,exp2,0,5693351.7796377,9.169347504444735,8.16938808741801,10.03489004488619,median-range,5,9987315
0830-172041__NetHackChallenge-v0__exp2/NetHackChallenge-v0__action__max_episode_steps5000__discountprimitive__ent_coef0.01__exp2,0830-172041__NetHackChallenge-v0__exp2,NetHackChallenge-v0,action,-,0,10000000,5000,0,0.999,primitive,exp2,0,5847778.45126176,8.03,7.562041054844666,9.077383471185124,median-range,5,9987315
0830-172041__NetHackChallenge-v0__exp2/NetHackChallenge-v0__action__max_episode_steps5000__discountprimitive__ent_coef0.01__exp2,0830-172041__NetHackChallenge-v0__exp2,NetHackChallenge-v0,action,-,0,10000000,5000,0,0.999,primitive,exp2,0,6006393.79729624,8.744766910307716,7.452665431558157,9.18,median-range,5,9987315
0830-172041__NetHackChallenge-v0__exp2/NetHackChallenge-v0__action__max_episode_steps5000__discountprimitive__ent_coef0.01__exp2,0830-172041__NetHackChallenge-v0__exp2,NetHackChallenge-v0,action,-,0,10000000,5000,0,0.999,primitive,exp2,0,6169311.431491498,8.324528434240996,6.525867515419117,9.02,median-range,5,9987315
0830-172041__NetHackChallenge-v0__exp2/NetHackChallenge-v0__action__max_episode_steps5000__discountprimitive__ent_coef0.01__exp2,0830-172041__NetHackChallenge-v0__exp2,NetHackChallenge-v0,action,-,0,10000000,5000,0,0.999,primitive,exp2,0,6336648.04926118,7.65,5.49067555401445,8.795442109254893,median-range,5,9987315
0830-172041__NetHackChallenge-v0__exp2/NetHackChallenge-v0__action__max_episode_steps5000__discountprimitive__ent_coef0.01__exp2,0830-172041__NetHackChallenge-v0__exp2,NetHackChallenge-v0,action,-,0,10000000,5000,0,0.999,primitive,exp2,0,6508523.511269404,9.100506516605206,5.471077934043985,9.457025605580604,median-range,5,9987315
0830-172041__NetHackChallenge-v0__exp2/NetHackChallenge-v0__action__max_episode_steps5000__discountprimitive__ent_coef0.01__exp2,0830-172041__NetHackChallenge-v0__exp2,NetHackChallenge-v0,action,-,0,10000000,5000,0,0.999,primitive,exp2,0,6685060.929285095,7.98738526649254,5.335972813299861,9.64,median-range,5,9987315
0830-172041__NetHackChallenge-v0__exp2/NetHackChallenge-v0__action__max_episode_steps5000__discountprimitive__ent_coef0.01__exp2,0830-172041__NetHackChallenge-v0__exp2,NetHackChallenge-v0,action,-,0,10000000,5000,0,0.999,primitive,exp2,0,6866386.754365104,8.543517441739812,4.55,11.200631041493097,median-range,5,9987315
0830-172041__NetHackChallenge-v0__exp2/NetHackChallenge-v0__action__max_episode_steps5000__discountprimitive__ent_coef0.01__exp2,0830-172041__NetHackChallenge-v0__exp2,NetHackChallenge-v0,action,-,0,10000000,5000,0,0.999,primitive,exp2,0,7052630.867429148,8.15,6.05,10.565506401091966,median-range,5,9987315
0830-172041__NetHackChallenge-v0__exp2/NetHackChallenge-v0__action__max_episode_steps5000__discountprimitive__ent_coef0.01__exp2,0830-172041__NetHackChallenge-v0__exp2,NetHackChallenge-v0,action,-,0,10000000,5000,0,0.999,primitive,exp2,0,7243926.672291497,8.136932547416892,5.38,12.98791100589594,median-range,5,9987315
0830-172041__NetHackChallenge-v0__exp2/NetHackChallenge-v0__action__max_episode_steps5000__discountprimitive__ent_coef0.01__exp2,0830-172041__NetHackChallenge-v0__exp2,NetHackChallenge-v0,action,-,0,10000000,5000,0,0.999,primitive,exp2,0,7440411.191216115,7.36,5.44,14.556816430567103,median-range,5,9987315
0830-172041__NetHackChallenge-v0__exp2/NetHackChallenge-v0__action__max_episode_steps5000__discountprimitive__ent_coef0.01__exp2,0830-172041__NetHackChallenge-v0__exp2,NetHackChallenge-v0,action,-,0,10000000,5000,0,0.999,primitive,exp2,0,7642225.16306365,7.777892937198859,5.6,9.992012304435157,median-range,5,9987315
0830-172041__NetHackChallenge-v0__exp2/NetHackChallenge-v0__action__max_episode_steps5000__discountprimitive__ent_coef0.01__exp2,0830-172041__NetHackChallenge-v0__exp2,NetHackChallenge-v0,action,-,0,10000000,5000,0,0.999,primitive,exp2,0,7849513.144100499,7.4154712695087435,3.79,12.131311745088214,median-range,5,9987315
0830-172041__NetHackChallenge-v0__exp2/NetHackChallenge-v0__action__max_episode_steps5000__discountprimitive__ent_coef0.01__exp2,0830-172041__NetHackChallenge-v0__exp2,NetHackChallenge-v0,action,-,0,10000000,5000,0,0.999,primitive,exp2,0,8062423.611542226,6.88010812974336,4.36,9.339888300876227,median-range,5,9987315
0830-172041__NetHackChallenge-v0__exp2/NetHackChallenge-v0__action__max_episode_steps5000__discountprimitive__ent_coef0.01__exp2,0830-172041__NetHackChallenge-v0__exp2,NetHackChallenge-v0,action,-,0,10000000,5000,0,0.999,primitive,exp2,0,8281109.069905547,7.24,5.5855625328514975,8.612644486276308,median-range,5,9987315
0830-172041__NetHackChallenge-v0__exp2/NetHackChallenge-v0__action__max_episode_steps5000__discountprimitive__ent_coef0.01__exp2,0830-172041__NetHackChallenge-v0__exp2,NetHackChallenge-v0,action,-,0,10000000,5000,0,0.999,primitive,exp2,0,8505726.16024503,6.850940199264379,5.144420891993552,10.825841962325686,median-range,5,9987315
0830-172041__NetHackChallenge-v0__exp2/NetHackChallenge-v0__action__max_episode_steps5000__discountprimitive__ent_coef0.01__exp2,0830-172041__NetHackChallenge-v0__exp2,NetHackChallenge-v0,action,-,0,10000000,5000,0,0.999,primitive,exp2,0,8736435.77235265,7.580228701092625,5.610838176755566,9.497507078398193,median-range,5,9987315
0830-172041__NetHackChallenge-v0__exp2/NetHackChallenge-v0__action__max_episode_steps5000__discountprimitive__ent_coef0.01__exp2,0830-172041__NetHackChallenge-v0__exp2,NetHackChallenge-v0,action,-,0,10000000,5000,0,0.999,primitive,exp2,0,8973403.160000661,7.58468732391261,6.418974840643597,9.2691792124474,median-range,5,9987315
0830-172041__NetHackChallenge-v0__exp2/NetHackChallenge-v0__action__max_episode_steps5000__discountprimitive__ent_coef0.01__exp2,0830-172041__NetHackChallenge-v0__exp2,NetHackChallenge-v0,action,-,0,10000000,5000,0,0.999,primitive,exp2,0,9216798.059310399,7.526792346347205,5.287507016438426,8.131186865750182,median-range,5,9987315
0830-172041__NetHackChallenge-v0__exp2/NetHackChallenge-v0__action__max_episode_steps5000__discountprimitive__ent_coef0.01__exp2,0830-172041__NetHackChallenge-v0__exp2,NetHackChallenge-v0,action,-,0,10000000,5000,0,0.999,primitive,exp2,0,9466794.810331637,7.0,4.79,9.922134625674937,median-range,5,9987315
0830-172041__NetHackChallenge-v0__exp2/NetHackChallenge-v0__action__max_episode_steps5000__discountprimitive__ent_coef0.01__exp2,0830-172041__NetHackChallenge-v0__exp2,NetHackChallenge-v0,action,-,0,10000000,5000,0,0.999,primitive,exp2,0,9723572.481919756,6.955681286401483,5.898015598812912,11.215754913404025,median-range,5,9987315
0830-172041__NetHackChallenge-v0__exp2/NetHackChallenge-v0__action__max_episode_steps5000__discountprimitive__ent_coef0.01__exp2,0830-172041__NetHackChallenge-v0__exp2,NetHackChallenge-v0,action,-,0,10000000,5000,0,0.999,primitive,exp2,0,9987315.0,8.93,5.75,12.32690903738593,median-range,5,9987315
0830-172041__NetHackChallenge-v0__exp2/NetHackChallenge-v0__both__grammar__n128__os0__max_episode_steps5000__discountprimitive__ent_coef0.01__exp2,0830-172041__NetHackChallenge-v0__exp2,NetHackChallenge-v0,both,grammar,0,10000000,5000,0,0.999,primitive,exp2,128,15293.0,9.674455134498332,5.240155713908683,17.692335873388043,median-range,5,9998010
0830-172041__NetHackChallenge-v0__exp2/NetHackChallenge-v0__both__grammar__n128__os0__max_episode_steps5000__discountprimitive__ent_coef0.01__exp2,0830-172041__NetHackChallenge-v0__exp2,NetHackChallenge-v0,both,grammar,0,10000000,5000,0,0.999,primitive,exp2,128,15799.397733270776,10.271036010136395,5.634421565887778,18.16355885203245,median-range,5,9998010
0830-172041__NetHackChallenge-v0__exp2/NetHackChallenge-v0__both__grammar__n128__os0__max_episode_steps5000__discountprimitive__ent_coef0.01__exp2,0830-172041__NetHackChallenge-v0__exp2,NetHackChallenge-v0,both,grammar,0,10000000,5000,0,0.999,primitive,exp2,128,16322.563835354847,10.887371492662298,5.914303277847553,18.65038545640435,median-range,5,9998010
0830-172041__NetHackChallenge-v0__exp2/NetHackChallenge-v0__both__grammar__n128__os0__max_episode_steps5000__discountprimitive__ent_coef0.01__exp2,0830-172041__NetHackChallenge-v0__exp2,NetHackChallenge-v0,both,grammar,0,10000000,5000,0,0.999,primitive,exp2,128,16863.053557933228,10.465146094242439,5.971143748789426,19.153332369999415,median-range,5,9998010
0830-172041__NetHackChallenge-v0__exp2/NetHackChallenge-v0__both__grammar__n128__os0__max_episode_steps5000__discountprimitive__ent_coef0.01__exp2,0830-172041__NetHackChallenge-v0__exp2,NetHackChallenge-v0,both,grammar,0,10000000,5000,0,0.999,primitive,exp2,128,17421.440538758507,12.181944479197142,6.029866380565863,19.672933385274987,median-range,5,9998010
0830-172041__NetHackChallenge-v0__exp2/NetHackChallenge-v0__both__grammar__n128__os0__max_episode_steps5000__discountprimitive__ent_coef0.01__exp2,0830-172041__NetHackChallenge-v0__exp2,NetHackChallenge-v0,both,grammar,0,10000000,5000,0,0.999,primitive,exp2,128,17998.31741047359,12.861555951863647,6.090533497245412,20.209739970179854,median-range,5,9998010
0830-172041__NetHackChallenge-v0__exp2/NetHackChallenge-v0__both__grammar__n128__os0__max_episode_steps5000__discountprimitive__ent_coef0.01__exp2,0830-172041__NetHackChallenge-v0__exp2,NetHackChallenge-v0,both,grammar,0,10000000,5000,0,0.999,primitive,exp2,128,18594.296429590293,13.56367142696677,6.153209486636044,20.76432185344349,median-range,5,9998010
0830-172041__NetHackChallenge-v0__exp2/NetHackChallenge-v0__both__grammar__n128__os0__max_episode_steps5000__discountprimitive__ent_coef0.01__exp2,0830-172041__NetHackChallenge-v0__exp2,NetHackChallenge-v0,both,grammar,0,10000000,5000,0,0.999,primitive,exp2,128,19210.010126295278,14.28903608045782,6.217960868621845,21.337267629246046,median-range,5,9998010
0830-172041__NetHackChallenge-v0__exp2/NetHackChallenge-v0__both__grammar__n128__os0__max_episode_steps5000__discountprimitive__ent_coef0.01__exp2,0830-172041__NetHackChallenge-v0__exp2,NetHackChallenge-v0,both,grammar,0,10000000,5000,0,0.999,primitive,exp2,128,19846.111975773107,14.8892832429061,6.284856365762538,21.92918538191079,median-range,5,9998010
0830-172041__NetHackChallenge-v0__exp2/NetHackChallenge-v0__both__grammar__n128__os0__max_episode_steps5000__discountprimitive__ent_coef0.01__exp2,0830-172041__NetHackChallenge-v0__exp2,NetHackChallenge-v0,both,grammar,0,10000000,5000,0,0.999,primitive,exp2,128,20503.277091758857,15.812617818683123,6.353966976230775,22.540703331282057,median-range,5,9998010
0830-172041__NetHackChallenge-v0__exp2/NetHackChallenge-v0__both__grammar__n128__os0__max_episode_steps5000__discountprimitive__ent_coef0.01__exp2,0830-172041__NetHackChallenge-v0__exp2,NetHackChallenge-v0,both,grammar,0,10000000,5000,0,0.999,primitive,exp2,128,21182.20294305613,16.61245192584661,6.511264895513258,22.303791175565568,median-range,5,9998010
0830-172041__NetHackChallenge-v0__exp2/NetHackChallenge-v0__both__grammar__n128__os0__max_episode_steps5000__discountprimitive__ent_coef0.01__exp2,0830-172041__NetHackChallenge-v0__exp2,NetHackChallenge-v0,both,grammar,0,10000000,5000,0,0.999,primitive,exp2,128,21883.61009378163,17.43877097245038,6.834818133914511,23.51245083959493,median-range,5,9998010
0830-172041__NetHackChallenge-v0__exp2/NetHackChallenge-v0__both__grammar__n128__os0__max_episode_steps5000__discountprimitive__ent_coef0.01__exp2,0830-172041__NetHackChallenge-v0__exp2,NetHackChallenge-v0,both,grammar,0,10000000,5000,0,0.999,primitive,exp2,128,22608.242968121027,18.292451955375252,7.171410834565079,22.039204382066725,median-range,5,9998010
0830-172041__NetHackChallenge-v0__exp2/NetHackChallenge-v0__both__grammar__n128__os0__max_episode_steps5000__discountprimitive__ent_coef0.01__exp2,0830-172041__NetHackChallenge-v0__exp2,NetHackChallenge-v0,both,grammar,0,10000000,5000,0,0.999,primitive,exp2,128,23356.870640408437,19.174400911535564,7.848816321065161,21.955592218758856,median-range,5,9998010
0830-172041__NetHackChallenge-v0__exp2/NetHackChallenge-v0__both__grammar__n128__os0__max_episode_steps5000__discountprimitive__ent_coef0.01__exp2,0830-172041__NetHackChallenge-v0__exp2,NetHackChallenge-v0,both,grammar,0,10000000,5000,0,0.999,primitive,exp2,128,24130.28765136779,20.08555387948297,8.548652763091875,21.869211402474267,median-range,5,9998010
0830-172041__NetHackChallenge-v0__exp2/NetHackChallenge-v0__both__grammar__n128__os0__max_episode_steps5000__discountprimitive__ent_coef0.01__exp2,0830-172041__NetHackChallenge-v0__exp2,NetHackChallenge-v0,both,grammar,0,10000000,5000,0,0.999,primitive,exp2,128,24929.31485138246,20.770036146865543,9.271662917791225,21.77997025469392,median-range,5,9998010
0830-172041__NetHackChallenge-v0__exp2/NetHackChallenge-v0__both__grammar__n128__os0__max_episode_steps5000__discountprimitive__ent_coef0.01__exp2,0830-172041__NetHackChallenge-v0__exp2,NetHackChallenge-v0,both,grammar,0,10000000,5000,0,0.999,primitive,exp2,128,25754.800271688055,20.430446895933038,10.01861413725691,21.999372006701027,median-range,5,9998010
0830-172041__NetHackChallenge-v0__exp2/NetHackChallenge-v0__both__grammar__n128__os0__max_episode_steps5000__discountprimitive__ent_coef0.01__exp2,0830-172041__NetHackChallenge-v0__exp2,NetHackChallenge-v0,both,grammar,0,10000000,5000,0,0.999,primitive,exp2,128,26607.62002441311,20.079612812272142,10.790299182943821,23.004068357839913,median-range,5,9998010
0830-172041__NetHackChallenge-v0__exp2/NetHackChallenge-v0__both__grammar__n128__os0__max_episode_steps5000__discountprimitive__ent_coef0.01__exp2,0830-172041__NetHackChallenge-v0__exp2,NetHackChallenge-v0,both,grammar,0,10000000,5000,0,0.999,primitive,exp2,128,27488.67923242284,20.794430333086243,11.403926224116507,24.57441867054702,median-range,5,9998010
0830-172041__NetHackChallenge-v0__exp2/NetHackChallenge-v0__both__grammar__n128__os0__max_episode_steps5000__discountprimitive__ent_coef0.01__exp2,0830-172041__NetHackChallenge-v0__exp2,NetHackChallenge-v0,both,grammar,0,10000000,5000,0,0.999,primitive,exp2,128,28398.912989952834,21.39246039243031,11.276233856915665,38.6548517800498,median-range,5,9998010
0830-172041__NetHackChallenge-v0__exp2/NetHackChallenge-v0__both__grammar__n128__os0__max_episode_steps5000__discountprimitive__ent_coef0.01__exp2,0830-172041__NetHackChallenge-v0__exp2,NetHackChallenge-v0,both,grammar,0,10000000,5000,0,0.999,primitive,exp2,128,29339.287355052293,21.287432568993076,11.144313207147212,38.336620184415466,median-range,5,9998010
0830-172041__NetHackChallenge-v0__exp2/NetHackChallenge-v0__both__grammar__n128__os0__max_episode_steps5000__discountprimitive__ent_coef0.01__exp2,0830-172041__NetHackChallenge-v0__exp2,NetHackChallenge-v0,both,grammar,0,10000000,5000,0,0.999,primitive,exp2,128,30310.800374890012,21.17892695495106,11.008024263517886,38.00785097296446,median-range,5,9998010
0830-172041__NetHackChallenge-v0__exp2/NetHackChallenge-v0__both__grammar__n128__os0__max_episode_steps5000__discountprimitive__ent_coef0.01__exp2,0830-172041__NetHackChallenge-v0__exp2,NetHackChallenge-v0,both,grammar,0,10000000,5000,0,0.999,primitive,exp2,128,31314.48314501145,21.066828390081994,11.2810819233414,37.00089721212358,median-range,5,9998010
0830-172041__NetHackChallenge-v0__exp2/NetHackChallenge-v0__both__grammar__n128__os0__max_episode_steps5000__discountprimitive__ent_coef0.01__exp2,0830-172041__NetHackChallenge-v0__exp2,NetHackChallenge-v0,both,grammar,0,10000000,5000,0,0.999,primitive,exp2,128,32351.40090367094,20.951017900858478,11.589020674799396,35.9442881018638,median-range,5,9998010
0830-172041__NetHackChallenge-v0__exp2/NetHackChallenge-v0__both__grammar__n128__os0__max_episode_steps5000__discountprimitive__ent_coef0.01__exp2,0830-172041__NetHackChallenge-v0__exp2,NetHackChallenge-v0,both,grammar,0,10000000,5000,0,0.999,primitive,exp2,128,33422.65416240061,20.83137257417784,11.619831077824474,34.85269145100447,median-range,5,9998010
0830-172041__NetHackChallenge-v0__exp2/NetHackChallenge-v0__both__grammar__n128__os0__max_episode_steps5000__discountprimitive__ent_coef0.01__exp2,0830-172041__NetHackChallenge-v0__exp2,NetHackChallenge-v0,both,grammar,0,10000000,5000,0,0.999,primitive,exp2,128,34529.3798740159,20.52376764493197,11.48816175996668,33.72494871568551,median-range,5,9998010
0830-172041__NetHackChallenge-v0__exp2/NetHackChallenge-v0__both__grammar__n128__os0__max_episode_steps5000__discountprimitive__ent_coef0.01__exp2,0830-172041__NetHackChallenge-v0__exp2,NetHackChallenge-v0,both,grammar,0,10000000,5000,0,0.999,primitive,exp2,128,35672.75263929721,19.269670366038444,11.206806360937048,33.707475929381125,median-range,5,9998010
0830-172041__NetHackChallenge-v0__exp2/NetHackChallenge-v0__both__grammar__n128__os0__max_episode_steps5000__discountprimitive__ent_coef0.01__exp2,0830-172041__NetHackChallenge-v0__exp2,NetHackChallenge-v0,both,grammar,0,10000000,5000,0,0.999,primitive,exp2,128,36853.98595362854,20.300454441889876,10.916134429094226,33.83184900801564,median-range,5,9998010
0830-172041__NetHackChallenge-v0__exp2/NetHackChallenge-v0__both__grammar__n128__os0__max_episode_steps5000__discountprimitive__ent_coef0.01__exp2,0830-172041__NetHackChallenge-v0__exp2,NetHackChallenge-v0,both,grammar,0,10000000,5000,0,0.999,primitive,exp2,128,38074.33349491608,20.401151541050687,10.615837465706866,33.96034045747998,median-range,5,9998010
0830-172041__NetHackChallenge-v0__exp2/NetHackChallenge-v0__both__grammar__n128__os0__max_episode_steps5000__discountprimitive__ent_coef0.01__exp2,0830-172041__NetHackChallenge-v0__exp2,NetHackChallenge-v0,both,grammar,0,10000000,5000,0,0.999,primitive,exp2,128,39335.090454153775,19.126626847940912,10.305596756712513,32.10302443490438,median-range,5,9998010
0830-172041__NetHackChallenge-v0__exp2/NetHackChallenge-v0__both__grammar__n128__os0__max_episode_steps5000__discountprimitive__ent_coef0.01__exp2,0830-172041__NetHackChallenge-v0__exp2,NetHackChallenge-v0,both,grammar,0,10000000,5000,0,0.999,primitive,exp2,128,40637.5949100476,17.58022086044749,9.940604129777011,30.95008440199296,median-range,5,9998010
0830-172041__NetHackChallenge-v0__exp2/NetHackChallenge-v0__both__grammar__n128__os0__max_episode_steps5000__discountprimitive__ent_coef0.01__exp2,0830-172041__NetHackChallenge-v0__exp2,NetHackChallenge-v0,both,grammar,0,10000000,5000,0,0.999,primitive,exp2,128,41983.22924915856,16.812320154441473,9.504213633524538,30.67681178311286,median-range,5,9998010
0830-172041__NetHackChallenge-v0__exp2/NetHackChallenge-v0__both__grammar__n128__os0__max_episode_steps5000__discountprimitive__ent_coef0.01__exp2,0830-172041__NetHackChallenge-v0__exp2,NetHackChallenge-v0,both,grammar,0,10000000,5000,0,0.999,primitive,exp2,128,43373.42163307022,17.162668198956474,9.053372920955896,30.549027351912805,median-range,5,9998010
0830-172041__NetHackChallenge-v0__exp2/NetHackChallenge-v0__both__grammar__n128__os0__max_episode_steps5000__discountprimitive__ent_coef0.01__exp2,0830-172041__NetHackChallenge-v0__exp2,NetHackChallenge-v0,both,grammar,0,10000000,5000,0,0.999,primitive,exp2,128,44809.64751413896,18.419997235372335,8.464496360197225,30.41701158962617,median-range,5,9998010
0830-172041__NetHackChallenge-v0__exp2/NetHackChallenge-v0__both__grammar__n128__os0__max_episode_steps5000__discountprimitive__ent_coef0.01__exp2,0830-172041__NetHackChallenge-v0__exp2,NetHackChallenge-v0,both,grammar,0,10000000,5000,0,0.999,primitive,exp2,128,46293.43120143525,18.856950422269893,9.129025371604335,31.313231302940835,median-range,5,9998010
0830-172041__NetHackChallenge-v0__exp2/NetHackChallenge-v0__both__grammar__n128__os0__max_episode_steps5000__discountprimitive__ent_coef0.01__exp2,0830-172041__NetHackChallenge-v0__exp2,NetHackChallenge-v0,both,grammar,0,10000000,5000,0,0.999,primitive,exp2,128,47826.34747853805,20.012396789038334,10.234824445449869,30.45795081476002,median-range,5,9998010
0830-172041__NetHackChallenge-v0__exp2/NetHackChallenge-v0__both__grammar__n128__os0__max_episode_steps5000__discountprimitive__ent_coef0.01__exp2,0830-172041__NetHackChallenge-v0__exp2,NetHackChallenge-v0,both,grammar,0,10000000,5000,0,0.999,primitive,exp2,128,49410.023274899264,21.74298926915504,11.900804519220728,29.641294532992028,median-range,5,9998010
0830-172041__NetHackChallenge-v0__exp2/NetHackChallenge-v0__both__grammar__n128__os0__max_episode_steps5000__discountprimitive__ent_coef0.01__exp2,0830-172041__NetHackChallenge-v0__exp2,NetHackChallenge-v0,both,grammar,0,10000000,5000,0,0.999,primitive,exp2,128,51046.13939255211,21.53452530998562,11.616909017427723,28.79759627842938,median-range,5,9998010
0830-172041__NetHackChallenge-v0__exp2/NetHackChallenge-v0__both__grammar__n128__os0__max_episode_steps5000__discountprimitive__ent_coef0.01__exp2,0830-172041__NetHackChallenge-v0__exp2,NetHackChallenge-v0,both,grammar,0,10000000,5000,0,0.999,primitive,exp2,128,52736.432289996184,21.319158475226587,11.546091742774198,27.530427408215157,median-range,5,9998010
0830-172041__NetHackChallenge-v0__exp2/NetHackChallenge-v0__both__grammar__n128__os0__max_episode_steps5000__discountprimitive__ent_coef0.01__exp2,0830-172041__NetHackChallenge-v0__exp2,NetHackChallenge-v0,both,grammar,0,10000000,5000,0,0.999,primitive,exp2,128,54482.69592515224,21.096660189676754,11.714325233637018,26.39195614714121,median-range,5,9998010
0830-172041__NetHackChallenge-v0__exp2/NetHackChallenge-v0__both__grammar__n128__os0__max_episode_steps5000__discountprimitive__ent_coef0.01__exp2,0830-172041__NetHackChallenge-v0__exp2,NetHackChallenge-v0,both,grammar,0,10000000,5000,0,0.999,primitive,exp2,128,56286.7836593429,20.568428919956585,11.888129446950183,25.958913798787687,median-range,5,9998010
0830-172041__NetHackChallenge-v0__exp2/NetHackChallenge-v0__both__grammar__n128__os0__max_episode_steps5000__discountprimitive__ent_coef0.01__exp2,0830-172041__NetHackChallenge-v0__exp2,NetHackChallenge-v0,both,grammar,0,10000000,5000,0,0.999,primitive,exp2,128,58150.61022431992,20.29523136900863,11.843616166288093,25.511532101476043,median-range,5,9998010
0830-172041__NetHackChallenge-v0__exp2/NetHackChallenge-v0__both__grammar__n128__os0__max_episode_steps5000__discountprimitive__ent_coef0.01__exp2,0830-172041__NetHackChallenge-v0__exp2,NetHackChallenge-v0,both,grammar,0,10000000,5000,0,0.999,primitive,exp2,128,60076.1537544257,19.470075097107024,11.11070520027013,25.468080012626185,median-range,5,9998010
0830-172041__NetHackChallenge-v0__exp2/NetHackChallenge-v0__both__grammar__n128__os0__max_episode_steps5000__discountprimitive__ent_coef0.01__exp2,0830-172041__NetHackChallenge-v0__exp2,NetHackChallenge-v0,both,grammar,0,10000000,5000,0,0.999,primitive,exp2,128,62065.457886045886,19.827137746115593,10.506533291208598,25.726757002792095,median-range,5,9998010
0830-172041__NetHackChallenge-v0__exp2/NetHackChallenge-v0__both__grammar__n128__os0__max_episode_steps5000__discountprimitive__ent_coef0.01__exp2,0830-172041__NetHackChallenge-v0__exp2,NetHackChallenge-v0,both,grammar,0,10000000,5000,0,0.999,primitive,exp2,128,64120.63392658117,20.18825490804516,10.493943792116735,26.313360790787552,median-range,5,9998010
0830-172041__NetHackChallenge-v0__exp2/NetHackChallenge-v0__both__grammar__n128__os0__max_episode_steps5000__discountprimitive__ent_coef0.01__exp2,0830-172041__NetHackChallenge-v0__exp2,NetHackChallenge-v0,both,grammar,0,10000000,5000,0,0.999,primitive,exp2,128,66243.86309524054,20.55814558227667,10.726706578286851,28.398176269098826,median-range,5,9998010
0830-172041__NetHackChallenge-v0__exp2/NetHackChallenge-v0__both__grammar__n128__os0__max_episode_steps5000__discountprimitive__ent_coef0.01__exp2,0830-172041__NetHackChallenge-v0__exp2,NetHackChallenge-v0,both,grammar,0,10000000,5000,0,0.999,primitive,exp2,128,68437.39883803326,20.76892653598695,10.63163967313149,27.97677071095411,median-range,5,9998010
0830-172041__NetHackChallenge-v0__exp2/NetHackChallenge-v0__both__grammar__n128__os0__max_episode_steps5000__discountprimitive__ent_coef0.01__exp2,0830-172041__NetHackChallenge-v0__exp2,NetHackChallenge-v0,both,grammar,0,10000000,5000,0,0.999,primitive,exp2,128,70703.56921941871,20.81710023121667,10.590579778184969,27.368461955114345,median-range,5,9998010
0830-172041__NetHackChallenge-v0__exp2/NetHackChallenge-v0__both__grammar__n128__os0__max_episode_steps5000__discountprimitive__ent_coef0.01__exp2,0830-172041__NetHackChallenge-v0__exp2,NetHackChallenge-v0,both,grammar,0,10000000,5000,0,0.999,primitive,exp2,128,73044.77939314961,21.62126623552172,10.671524666033536,26.450527243979696,median-range,5,9998010
0830-172041__NetHackChallenge-v0__exp2/NetHackChallenge-v0__both__grammar__n128__os0__max_episode_steps5000__discountprimitive__ent_coef0.01__exp2,0830-172041__NetHackChallenge-v0__exp2,NetHackChallenge-v0,both,grammar,0,10000000,5000,0,0.999,primitive,exp2,128,75463.51415493307,21.387060199356192,10.755149885257659,26.303519676204186,median-range,5,9998010
0830-172041__NetHackChallenge-v0__exp2/NetHackChallenge-v0__both__grammar__n128__os0__max_episode_steps5000__discountprimitive__ent_coef0.01__exp2,0830-172041__NetHackChallenge-v0__exp2,NetHackChallenge-v0,both,grammar,0,10000000,5000,0,0.999,primitive,exp2,128,77962.34057961788,22.702868483285783,10.841544189779588,26.382154074183777,median-range,5,9998010
0830-172041__NetHackChallenge-v0__exp2/NetHackChallenge-v0__both__grammar__n128__os0__max_episode_steps5000__discountprimitive__ent_coef0.01__exp2,0830-172041__NetHackChallenge-v0__exp2,NetHackChallenge-v0,both,grammar,0,10000000,5000,0,0.999,primitive,exp2,128,80543.91074570711,22.732982479645976,13.012515500134757,26.432998724746263,median-range,5,9998010
0830-172041__NetHackChallenge-v0__exp2/NetHackChallenge-v0__both__grammar__n128__os0__max_episode_steps5000__discountprimitive__ent_coef0.01__exp2,0830-172041__NetHackChallenge-v0__exp2,NetHackChallenge-v0,both,grammar,0,10000000,5000,0,0.999,primitive,exp2,128,83210.9645500875,22.82735305859868,12.511358774825215,25.647019587790695,median-range,5,9998010
0830-172041__NetHackChallenge-v0__exp2/NetHackChallenge-v0__both__grammar__n128__os0__max_episode_steps5000__discountprimitive__ent_coef0.01__exp2,0830-172041__NetHackChallenge-v0__exp2,NetHackChallenge-v0,both,grammar,0,10000000,5000,0,0.999,primitive,exp2,128,85966.33261596331,22.466943139839408,11.831958479810694,26.821499731720383,median-range,5,9998010
0830-172041__NetHackChallenge-v0__exp2/NetHackChallenge-v0__both__grammar__n128__os0__max_episode_steps5000__discountprimitive__ent_coef0.01__exp2,0830-172041__NetHackChallenge-v0__exp2,NetHackChallenge-v0,both,grammar,0,10000000,5000,0,0.999,primitive,exp2,128,88812.93929708049,20.938160923774706,13.096092052298726,26.944114682374693,median-range,5,9998010
0830-172041__NetHackChallenge-v0__exp2/NetHackChallenge-v0__both__grammar__n128__os0__max_episode_steps5000__discountprimitive__ent_coef0.01__exp2,0830-172041__NetHackChallenge-v0__exp2,NetHackChallenge-v0,both,grammar,0,10000000,5000,0,0.999,primitive,exp2,128,91753.80578142994,20.33710861165592,12.738397621177754,28.28955604208827,median-range,5,9998010
0830-172041__NetHackChallenge-v0__exp2/NetHackChallenge-v0__both__grammar__n128__os0__max_episode_steps5000__discountprimitive__ent_coef0.01__exp2,0830-172041__NetHackChallenge-v0__exp2,NetHackChallenge-v0,both,grammar,0,10000000,5000,0,0.999,primitive,exp2,128,94792.05329772385,20.074805263429326,12.611539969046378,27.44680554231835,median-range,5,9998010
0830-172041__NetHackChallenge-v0__exp2/NetHackChallenge-v0__both__grammar__n128__os0__max_episode_steps5000__discountprimitive__ent_coef0.01__exp2,0830-172041__NetHackChallenge-v0__exp2,NetHackChallenge-v0,both,grammar,0,10000000,5000,0,0.999,primitive,exp2,128,97930.90642804814,21.01068318016285,12.480481674301561,26.51138704617889,median-range,5,9998010
0830-172041__NetHackChallenge-v0__exp2/NetHackChallenge-v0__both__grammar__n128__os0__max_episode_steps5000__discountprimitive__ent_coef0.01__exp2,0830-172041__NetHackChallenge-v0__exp2,NetHackChallenge-v0,both,grammar,0,10000000,5000,0,0.999,primitive,exp2,128,101173.69653020702,21.590600565913505,11.9010784660264,26.571649733325426,median-range,5,9998010
0830-172041__NetHackChallenge-v0__exp2/NetHackChallenge-v0__both__grammar__n128__os0__max_episode_steps5000__discountprimitive__ent_coef0.01__exp2,0830-172041__NetHackChallenge-v0__exp2,NetHackChallenge-v0,both,grammar,0,10000000,5000,0,0.999,primitive,exp2,128,104523.86527339158,20.55373472251909,11.676223782244927,26.6140200450104,median-range,5,9998010
0830-172041__NetHackChallenge-v0__exp2/NetHackChallenge-v0__both__grammar__n128__os0__max_episode_steps5000__discountprimitive__ent_coef0.01__exp2,0830-172041__NetHackChallenge-v0__exp2,NetHackChallenge-v0,both,grammar,0,10000000,5000,0,0.999,primitive,exp2,128,107984.96829092542,20.22948297749658,14.6145090561926,26.84387961163976,median-range,5,9998010
0830-172041__NetHackChallenge-v0__exp2/NetHackChallenge-v0__both__grammar__n128__os0__max_episode_steps5000__discountprimitive__ent_coef0.01__exp2,0830-172041__NetHackChallenge-v0__exp2,NetHackChallenge-v0,both,grammar,0,10000000,5000,0,0.999,primitive,exp2,128,111560.67895396346,20.521293560758494,14.922298571125774,26.62322785899905,median-range,5,9998010
0830-172041__NetHackChallenge-v0__exp2/NetHackChallenge-v0__both__grammar__n128__os0__max_episode_steps5000__discountprimitive__ent_coef0.01__exp2,0830-172041__NetHackChallenge-v0__exp2,NetHackChallenge-v0,both,grammar,0,10000000,5000,0,0.999,primitive,exp2,128,115254.79227014964,22.227364125375118,14.417724059385451,26.395269655866,median-range,5,9998010
0830-172041__NetHackChallenge-v0__exp2/NetHackChallenge-v0__both__grammar__n128__os0__max_episode_steps5000__discountprimitive__ent_coef0.01__exp2,0830-172041__NetHackChallenge-v0__exp2,NetHackChallenge-v0,both,grammar,0,10000000,5000,0,0.999,primitive,exp2,128,119071.22891137094,22.636671422360845,14.32299073447683,28.108641918305043,median-range,5,9998010
0830-172041__NetHackChallenge-v0__exp2/NetHackChallenge-v0__both__grammar__n128__os0__max_episode_steps5000__discountprimitive__ent_coef0.01__exp2,0830-172041__NetHackChallenge-v0__exp2,NetHackChallenge-v0,both,grammar,0,10000000,5000,0,0.999,primitive,exp2,128,123014.03937488257,22.86862307599193,14.7903768666774,28.942914571533336,median-range,5,9998010
0830-172041__NetHackChallenge-v0__exp2/NetHackChallenge-v0__both__grammar__n128__os0__max_episode_steps5000__discountprimitive__ent_coef0.01__exp2,0830-172041__NetHackChallenge-v0__exp2,NetHackChallenge-v0,both,grammar,0,10000000,5000,0,0.999,primitive,exp2,128,127087.4082822207,23.148047160969067,15.411768000316101,28.21091011828222,median-range,5,9998010
0830-172041__NetHackChallenge-v0__exp2/NetHackChallenge-v0__both__grammar__n128__os0__max_episode_steps5000__discountprimitive__ent_coef0.01__exp2,0830-172041__NetHackChallenge-v0__exp2,NetHackChallenge-v0,both,grammar,0,10000000,5000,0,0.999,primitive,exp2,128,131295.6588204655,22.497263411113245,15.410385560949457,27.829889757573394,median-range,5,9998010
0830-172041__NetHackChallenge-v0__exp2/NetHackChallenge-v0__both__grammar__n128__os0__max_episode_steps5000__discountprimitive__ent_coef0.01__exp2,0830-172041__NetHackChallenge-v0__exp2,NetHackChallenge-v0,both,grammar,0,10000000,5000,0,0.999,primitive,exp2,128,135643.25733056662,22.405786580890915,16.134659720822853,27.864394666599697,median-range,5,9998010
0830-172041__NetHackChallenge-v0__exp2/NetHackChallenge-v0__both__grammar__n128__os0__max_episode_steps5000__discountprimitive__ent_coef0.01__exp2,0830-172041__NetHackChallenge-v0__exp2,NetHackChallenge-v0,both,grammar,0,10000000,5000,0,0.999,primitive,exp2,128,140134.81804760464,22.169147930072196,18.91215632199136,27.318631061294273,median-range,5,9998010
0830-172041__NetHackChallenge-v0__exp2/NetHackChallenge-v0__both__grammar__n128__os0__max_episode_steps5000__discountprimitive__ent_coef0.01__exp2,0830-172041__NetHackChallenge-v0__exp2,NetHackChallenge-v0,both,grammar,0,10000000,5000,0,0.999,primitive,exp2,128,144775.10799801457,22.108561948879537,18.587715680334707,26.19770387305032,median-range,5,9998010
0830-172041__NetHackChallenge-v0__exp2/NetHackChallenge-v0__both__grammar__n128__os0__max_episode_steps5000__discountprimitive__ent_coef0.01__exp2,0830-172041__NetHackChallenge-v0__exp2,NetHackChallenge-v0,both,grammar,0,10000000,5000,0,0.999,primitive,exp2,128,149569.05205897224,23.193280712900414,20.15405422648646,25.924250181869333,median-range,5,9998010
0830-172041__NetHackChallenge-v0__exp2/NetHackChallenge-v0__both__grammar__n128__os0__max_episode_steps5000__discountprimitive__ent_coef0.01__exp2,0830-172041__NetHackChallenge-v0__exp2,NetHackChallenge-v0,both,grammar,0,10000000,5000,0,0.999,primitive,exp2,128,154521.73818531248,24.079838811589635,20.064207905352113,25.46374753095689,median-range,5,9998010
0830-172041__NetHackChallenge-v0__exp2/NetHackChallenge-v0__both__grammar__n128__os0__max_episode_steps5000__discountprimitive__ent_coef0.01__exp2,0830-172041__NetHackChallenge-v0__exp2,NetHackChallenge-v0,both,grammar,0,10000000,5000,0,0.999,primitive,exp2,128,159638.4228095263,23.56917785251916,20.5436101045482,27.18238066187886,median-range,5,9998010
0830-172041__NetHackChallenge-v0__exp2/NetHackChallenge-v0__both__grammar__n128__os0__max_episode_steps5000__discountprimitive__ent_coef0.01__exp2,0830-172041__NetHackChallenge-v0__exp2,NetHackChallenge-v0,both,grammar,0,10000000,5000,0,0.999,primitive,exp2,128,164924.5364205683,23.56228264296853,21.280219434895983,27.09291209743871,median-range,5,9998010
0830-172041__NetHackChallenge-v0__exp2/NetHackChallenge-v0__both__grammar__n128__os0__max_episode_steps5000__discountprimitive__ent_coef0.01__exp2,0830-172041__NetHackChallenge-v0__exp2,NetHackChallenge-v0,both,grammar,0,10000000,5000,0,0.999,primitive,exp2,128,170385.6893273955,24.15132699004114,21.65246904922257,27.245309841998655,median-range,5,9998010
0830-172041__NetHackChallenge-v0__exp2/NetHackChallenge-v0__both__grammar__n128__os0__max_episode_steps5000__discountprimitive__ent_coef0.01__exp2,0830-172041__NetHackChallenge-v0__exp2,NetHackChallenge-v0,both,grammar,0,10000000,5000,0,0.999,primitive,exp2,128,176027.6776133545,24.32791599618284,21.18976182682694,26.785772735303354,median-range,5,9998010
0830-172041__NetHackChallenge-v0__exp2/NetHackChallenge-v0__both__grammar__n128__os0__max_episode_steps5000__discountprimitive__ent_coef0.01__exp2,0830-172041__NetHackChallenge-v0__exp2,NetHackChallenge-v0,both,grammar,0,10000000,5000,0,0.999,primitive,exp2,128,181856.4892877363,23.812972958618722,21.279971357906845,26.787469689636026,median-range,5,9998010
0830-172041__NetHackChallenge-v0__exp2/NetHackChallenge-v0__both__grammar__n128__os0__max_episode_steps5000__discountprimitive__ent_coef0.01__exp2,0830-172041__NetHackChallenge-v0__exp2,NetHackChallenge-v0,both,grammar,0,10000000,5000,0,0.999,primitive,exp2,128,187878.310641028,23.683479100156084,21.2296185258822,26.57234881821813,median-range,5,9998010
0830-172041__NetHackChallenge-v0__exp2/NetHackChallenge-v0__both__grammar__n128__os0__max_episode_steps5000__discountprimitive__ent_coef0.01__exp2,0830-172041__NetHackChallenge-v0__exp2,NetHackChallenge-v0,both,grammar,0,10000000,5000,0,0.999,primitive,exp2,128,194099.53281060612,23.95330617172193,21.248487682736847,26.512462509028317,median-range,5,9998010
0830-172041__NetHackChallenge-v0__exp2/NetHackChallenge-v0__both__grammar__n128__os0__max_episode_steps5000__discountprimitive__ent_coef0.01__exp2,0830-172041__NetHackChallenge-v0__exp2,NetHackChallenge-v0,both,grammar,0,10000000,5000,0,0.999,primitive,exp2,128,200526.75856384006,23.799036683309097,21.879915218028984,26.744474311306124,median-range,5,9998010
0830-172041__NetHackChallenge-v0__exp2/NetHackChallenge-v0__both__grammar__n128__os0__max_episode_steps5000__discountprimitive__ent_coef0.01__exp2,0830-172041__NetHackChallenge-v0__exp2,NetHackChallenge-v0,both,grammar,0,10000000,5000,0,0.999,primitive,exp2,128,207166.809305805,24.884158224696044,21.914457685968692,27.235499910509112,median-range,5,9998010
0830-172041__NetHackChallenge-v0__exp2/NetHackChallenge-v0__both__grammar__n128__os0__max_episode_steps5000__discountprimitive__ent_coef0.01__exp2,0830-172041__NetHackChallenge-v0__exp2,NetHackChallenge-v0,both,grammar,0,10000000,5000,0,0.999,primitive,exp2,128,214026.73231903967,24.34607582613786,22.40310745936475,28.182689165618033,median-range,5,9998010
0830-172041__NetHackChallenge-v0__exp2/NetHackChallenge-v0__both__grammar__n128__os0__max_episode_steps5000__discountprimitive__ent_coef0.01__exp2,0830-172041__NetHackChallenge-v0__exp2,NetHackChallenge-v0,both,grammar,0,10000000,5000,0,0.999,primitive,exp2,128,221113.80824303837,25.126628834400705,22.45549110252181,28.336184491461307,median-range,5,9998010
0830-172041__NetHackChallenge-v0__exp2/NetHackChallenge-v0__both__grammar__n128__os0__max_episode_steps5000__discountprimitive__ent_coef0.01__exp2,0830-172041__NetHackChallenge-v0__exp2,NetHackChallenge-v0,both,grammar,0,10000000,5000,0,0.999,primitive,exp2,128,228435.55880140772,25.56,23.001496318968055,28.17457979662146,median-range,5,9998010
0830-172041__NetHackChallenge-v0__exp2/NetHackChallenge-v0__both__grammar__n128__os0__max_episode_steps5000__discountprimitive__ent_coef0.01__exp2,0830-172041__NetHackChallenge-v0__exp2,NetHackChallenge-v0,both,grammar,0,10000000,5000,0,0.999,primitive,exp2,128,235999.75478489525,24.68065219329636,23.216545944802313,28.712879218187958,median-range,5,9998010
0830-172041__NetHackChallenge-v0__exp2/NetHackChallenge-v0__both__grammar__n128__os0__max_episode_steps5000__discountprimitive__ent_coef0.01__exp2,0830-172041__NetHackChallenge-v0__exp2,NetHackChallenge-v0,both,grammar,0,10000000,5000,0,0.999,primitive,exp2,128,243814.4242987597,25.253219093934486,23.43526862640755,28.82741360879369,median-range,5,9998010
0830-172041__NetHackChallenge-v0__exp2/NetHackChallenge-v0__both__grammar__n128__os0__max_episode_steps5000__discountprimitive__ent_coef0.01__exp2,0830-172041__NetHackChallenge-v0__exp2,NetHackChallenge-v0,both,grammar,0,10000000,5000,0,0.999,primitive,exp2,128,251887.86128323688,25.054784224608586,23.993434908617303,28.838607911465907,median-range,5,9998010
0830-172041__NetHackChallenge-v0__exp2/NetHackChallenge-v0__both__grammar__n128__os0__max_episode_steps5000__discountprimitive__ent_coef0.01__exp2,0830-172041__NetHackChallenge-v0__exp2,NetHackChallenge-v0,both,grammar,0,10000000,5000,0,0.999,primitive,exp2,128,260228.63431614434,25.584618669894656,23.933495618944292,29.330883882215076,median-range,5,9998010
0830-172041__NetHackChallenge-v0__exp2/NetHackChallenge-v0__both__grammar__n128__os0__max_episode_steps5000__discountprimitive__ent_coef0.01__exp2,0830-172041__NetHackChallenge-v0__exp2,NetHackChallenge-v0,both,grammar,0,10000000,5000,0,0.999,primitive,exp2,128,268845.59570696653,25.477800963153815,25.094786400311353,29.036785342181833,median-range,5,9998010
0830-172041__NetHackChallenge-v0__exp2/NetHackChallenge-v0__both__grammar__n128__os0__max_episode_steps5000__discountprimitive__ent_coef0.01__exp2,0830-172041__NetHackChallenge-v0__exp2,NetHackChallenge-v0,both,grammar,0,10000000,5000,0,0.999,primitive,exp2,128,277747.89089207334,26.78658879742476,25.041281963797772,28.890271117596956,median-range,5,9998010
0830-172041__NetHackChallenge-v0__exp2/NetHackChallenge-v0__both__grammar__n128__os0__max_episode_steps5000__discountprimitive__ent_coef0.01__exp2,0830-172041__NetHackChallenge-v0__exp2,NetHackChallenge-v0,both,grammar,0,10000000,5000,0,0.999,primitive,exp2,128,286944.96814104234,27.519728944353893,26.417218881800054,30.07628092203242,median-range,5,9998010
0830-172041__NetHackChallenge-v0__exp2/NetHackChallenge-v0__both__grammar__n128__os0__max_episode_steps5000__discountprimitive__ent_coef0.01__exp2,0830-172041__NetHackChallenge-v0__exp2,NetHackChallenge-v0,both,grammar,0,10000000,5000,0,0.999,primitive,exp2,128,296446.5885843875,26.42104614564171,25.739476649352586,29.17591401576028,median-range,5,9998010
0830-172041__NetHackChallenge-v0__exp2/NetHackChallenge-v0__both__grammar__n128__os0__max_episode_steps5000__discountprimitive__ent_coef0.01__exp2,0830-172041__NetHackChallenge-v0__exp2,NetHackChallenge-v0,both,grammar,0,10000000,5000,0,0.999,primitive,exp2,128,306262.8365733358,27.996768574897384,24.896503238940685,29.33277181916094,median-range,5,9998010
0830-172041__NetHackChallenge-v0__exp2/NetHackChallenge-v0__both__grammar__n128__os0__max_episode_steps5000__discountprimitive__ent_coef0.01__exp2,0830-172041__NetHackChallenge-v0__exp2,NetHackChallenge-v0,both,grammar,0,10000000,5000,0,0.999,primitive,exp2,128,316404.13038264815,28.121786052676345,23.574124281744506,29.925367426910128,median-range,5,9998010
0830-172041__NetHackChallenge-v0__exp2/NetHackChallenge-v0__both__grammar__n128__os0__max_episode_steps5000__discountprimitive__ent_coef0.01__exp2,0830-172041__NetHackChallenge-v0__exp2,NetHackChallenge-v0,both,grammar,0,10000000,5000,0,0.999,primitive,exp2,128,326881.23326784285,27.66702370057112,21.860694988751753,27.980171888821804,median-range,5,9998010
0830-172041__NetHackChallenge-v0__exp2/NetHackChallenge-v0__both__grammar__n128__os0__max_episode_steps5000__discountprimitive__ent_coef0.01__exp2,0830-172041__NetHackChallenge-v0__exp2,NetHackChallenge-v0,both,grammar,0,10000000,5000,0,0.999,primitive,exp2,128,337705.26488855755,26.55052179575377,22.346019478502818,28.690344801273557,median-range,5,9998010
0830-172041__NetHackChallenge-v0__exp2/NetHackChallenge-v0__both__grammar__n128__os0__max_episode_steps5000__discountprimitive__ent_coef0.01__exp2,0830-172041__NetHackChallenge-v0__exp2,NetHackChallenge-v0,both,grammar,0,10000000,5000,0,0.999,primitive,exp2,128,348887.7131101734,27.679645054055598,23.59468725919439,28.989653552775515,median-range,5,9998010
0830-172041__NetHackChallenge-v0__exp2/NetHackChallenge-v0__both__grammar__n128__os0__max_episode_steps5000__discountprimitive__ent_coef0.01__exp2,0830-172041__NetHackChallenge-v0__exp2,NetHackChallenge-v0,both,grammar,0,10000000,5000,0,0.999,primitive,exp2,128,360440.4461962268,28.02765323250282,25.250901298977073,30.202941235988284,median-range,5,9998010
0830-172041__NetHackChallenge-v0__exp2/NetHackChallenge-v0__both__grammar__n128__os0__max_episode_steps5000__discountprimitive__ent_coef0.01__exp2,0830-172041__NetHackChallenge-v0__exp2,NetHackChallenge-v0,both,grammar,0,10000000,5000,0,0.999,primitive,exp2,128,372375.7254045492,27.95950724126824,24.69293407226062,31.481113814314668,median-range,5,9998010
0830-172041__NetHackChallenge-v0__exp2/NetHackChallenge-v0__both__grammar__n128__os0__max_episode_steps5000__discountprimitive__ent_coef0.01__exp2,0830-172041__NetHackChallenge-v0__exp2,NetHackChallenge-v0,both,grammar,0,10000000,5000,0,0.999,primitive,exp2,128,384706.2180005031,28.65408612365554,24.144588808238023,31.581950726620388,median-range,5,9998010
0830-172041__NetHackChallenge-v0__exp2/NetHackChallenge-v0__both__grammar__n128__os0__max_episode_steps5000__discountprimitive__ent_coef0.01__exp2,0830-172041__NetHackChallenge-v0__exp2,NetHackChallenge-v0,both,grammar,0,10000000,5000,0,0.999,primitive,exp2,128,397445.010701126,28.01059285718757,24.47105939001327,33.10225916426537,median-range,5,9998010
0830-172041__NetHackChallenge-v0__exp2/NetHackChallenge-v0__both__grammar__n128__os0__max_episode_steps5000__discountprimitive__ent_coef0.01__exp2,0830-172041__NetHackChallenge-v0__exp2,NetHackChallenge-v0,both,grammar,0,10000000,5000,0,0.999,primitive,exp2,128,410605.6235644509,26.31,24.000410856370944,33.02838489314262,median-range,5,9998010
0830-172041__NetHackChallenge-v0__exp2/NetHackChallenge-v0__both__grammar__n128__os0__max_episode_steps5000__discountprimitive__ent_coef0.01__exp2,0830-172041__NetHackChallenge-v0__exp2,NetHackChallenge-v0,both,grammar,0,10000000,5000,0,0.999,primitive,exp2,128,424202.02433874435,27.366077081022475,24.633724333100925,32.6211887369635,median-range,5,9998010
0830-172041__NetHackChallenge-v0__exp2/NetHackChallenge-v0__both__grammar__n128__os0__max_episode_steps5000__discountprimitive__ent_coef0.01__exp2,0830-172041__NetHackChallenge-v0__exp2,NetHackChallenge-v0,both,grammar,0,10000000,5000,0,0.999,primitive,exp2,128,438248.6432868923,27.22590288801332,23.70786355612287,35.1951803083006,median-range,5,9998010
0830-172041__NetHackChallenge-v0__exp2/NetHackChallenge-v0__both__grammar__n128__os0__max_episode_steps5000__discountprimitive__ent_coef0.01__exp2,0830-172041__NetHackChallenge-v0__exp2,NetHackChallenge-v0,both,grammar,0,10000000,5000,0,0.999,primitive,exp2,128,452760.38850166195,26.5,23.22501678846879,35.703712039838344,median-range,5,9998010
0830-172041__NetHackChallenge-v0__exp2/NetHackChallenge-v0__both__grammar__n128__os0__max_episode_steps5000__discountprimitive__ent_coef0.01__exp2,0830-172041__NetHackChallenge-v0__exp2,NetHackChallenge-v0,both,grammar,0,10000000,5000,0,0.999,primitive,exp2,128,467752.6617281077,27.25581741084867,23.017597781595942,36.36433564413146,median-range,5,9998010
0830-172041__NetHackChallenge-v0__exp2/NetHackChallenge-v0__both__grammar__n128__os0__max_episode_steps5000__discountprimitive__ent_coef0.01__exp2,0830-172041__NetHackChallenge-v0__exp2,NetHackChallenge-v0,both,grammar,0,10000000,5000,0,0.999,primitive,exp2,128,483241.3747098957,29.831599839409428,22.47150784714718,38.351974158239294,median-range,5,9998010
0830-172041__NetHackChallenge-v0__exp2/NetHackChallenge-v0__both__grammar__n128__os0__max_episode_steps5000__discountprimitive__ent_coef0.01__exp2,0830-172041__NetHackChallenge-v0__exp2,NetHackChallenge-v0,both,grammar,0,10000000,5000,0,0.999,primitive,exp2,128,499242.9660769095,30.95084450789978,22.166515746696742,37.74399696736672,median-range,5,9998010
0830-172041__NetHackChallenge-v0__exp2/NetHackChallenge-v0__both__grammar__n128__os0__max_episode_steps5000__discountprimitive__ent_coef0.01__exp2,0830-172041__NetHackChallenge-v0__exp2,NetHackChallenge-v0,both,grammar,0,10000000,5000,0,0.999,primitive,exp2,128,515774.4187920553,29.121274950744894,23.691573706639407,38.04834364328241,median-range,5,9998010
0830-172041__NetHackChallenge-v0__exp2/NetHackChallenge-v0__both__grammar__n128__os0__max_episode_steps5000__discountprimitive__ent_coef0.01__exp2,0830-172041__NetHackChallenge-v0__exp2,NetHackChallenge-v0,both,grammar,0,10000000,5000,0,0.999,primitive,exp2,128,532853.2781757829,29.36687357013157,25.302102018106332,41.7938587943075,median-range,5,9998010
0830-172041__NetHackChallenge-v0__exp2/NetHackChallenge-v0__both__grammar__n128__os0__max_episode_steps5000__discountprimitive__ent_coef0.01__exp2,0830-172041__NetHackChallenge-v0__exp2,NetHackChallenge-v0,both,grammar,0,10000000,5000,0,0.999,primitive,exp2,128,550497.6705274546,28.60205132745146,26.31268351647878,44.40315246130986,median-range,5,9998010
0830-172041__NetHackChallenge-v0__exp2/NetHackChallenge-v0__both__grammar__n128__os0__max_episode_steps5000__discountprimitive__ent_coef0.01__exp2,0830-172041__NetHackChallenge-v0__exp2,NetHackChallenge-v0,both,grammar,0,10000000,5000,0,0.999,primitive,exp2,128,568726.3223633234,29.209672272156947,26.8845247041282,43.993681362083365,median-range,5,9998010
0830-172041__NetHackChallenge-v0__exp2/NetHackChallenge-v0__both__grammar__n128__os0__max_episode_steps5000__discountprimitive__ent_coef0.01__exp2,0830-172041__NetHackChallenge-v0__exp2,NetHackChallenge-v0,both,grammar,0,10000000,5000,0,0.999,primitive,exp2,128,587558.5802915395,30.341095757816667,28.69866048061751,44.88372220700516,median-range,5,9998010
0830-172041__NetHackChallenge-v0__exp2/NetHackChallenge-v0__both__grammar__n128__os0__max_episode_steps5000__discountprimitive__ent_coef0.01__exp2,0830-172041__NetHackChallenge-v0__exp2,NetHackChallenge-v0,both,grammar,0,10000000,5000,0,0.999,primitive,exp2,128,607014.4315452784,33.17472935574688,28.457691335444345,47.01167753249549,median-range,5,9998010
0830-172041__NetHackChallenge-v0__exp2/NetHackChallenge-v0__both__grammar__n128__os0__max_episode_steps5000__discountprimitive__ent_coef0.01__exp2,0830-172041__NetHackChallenge-v0__exp2,NetHackChallenge-v0,both,grammar,0,10000000,5000,0,0.999,primitive,exp2,128,627114.5251957835,34.46347540312475,30.87735313216338,48.365515252751806,median-range,5,9998010
0830-172041__NetHackChallenge-v0__exp2/NetHackChallenge-v0__both__grammar__n128__os0__max_episode_steps5000__discountprimitive__ent_coef0.01__exp2,0830-172041__NetHackChallenge-v0__exp2,NetHackChallenge-v0,both,grammar,0,10000000,5000,0,0.999,primitive,exp2,128,647880.1940678374,33.33791930582211,30.522537469985814,48.63400320729322,median-range,5,9998010
0830-172041__NetHackChallenge-v0__exp2/NetHackChallenge-v0__both__grammar__n128__os0__max_episode_steps5000__discountprimitive__ent_coef0.01__exp2,0830-172041__NetHackChallenge-v0__exp2,NetHackChallenge-v0,both,grammar,0,10000000,5000,0,0.999,primitive,exp2,128,669333.4773809206,34.702484935675905,31.311108713734992,46.27588595705423,median-range,5,9998010
0830-172041__NetHackChallenge-v0__exp2/NetHackChallenge-v0__both__grammar__n128__os0__max_episode_steps5000__discountprimitive__ent_coef0.01__exp2,0830-172041__NetHackChallenge-v0__exp2,NetHackChallenge-v0,both,grammar,0,10000000,5000,0,0.999,primitive,exp2,128,691497.1441400889,34.51374586053473,30.84932738544121,47.28571531207115,median-range,5,9998010
0830-172041__NetHackChallenge-v0__exp2/NetHackChallenge-v0__both__grammar__n128__os0__max_episode_steps5000__discountprimitive__ent_coef0.01__exp2,0830-172041__NetHackChallenge-v0__exp2,NetHackChallenge-v0,both,grammar,0,10000000,5000,0,0.999,primitive,exp2,128,714394.7173013885,34.31303401037614,29.458312026539275,54.17165982119511,median-range,5,9998010
0830-172041__NetHackChallenge-v0__exp2/NetHackChallenge-v0__both__grammar__n128__os0__max_episode_steps5000__discountprimitive__ent_coef0.01__exp2,0830-172041__NetHackChallenge-v0__exp2,NetHackChallenge-v0,both,grammar,0,10000000,5000,0,0.999,primitive,exp2,128,738050.4987374727,35.71777276820757,31.47785897846644,55.209689433980046,median-range,5,9998010
0830-172041__NetHackChallenge-v0__exp2/NetHackChallenge-v0__both__grammar__n128__os0__max_episode_steps5000__discountprimitive__ent_coef0.01__exp2,0830-172041__NetHackChallenge-v0__exp2,NetHackChallenge-v0,both,grammar,0,10000000,5000,0,0.999,primitive,exp2,128,762489.5950298953,31.245278632061883,27.872932932380007,50.42697124150578,median-range,5,9998010
0830-172041__NetHackChallenge-v0__exp2/NetHackChallenge-v0__both__grammar__n128__os0__max_episode_steps5000__discountprimitive__ent_coef0.01__exp2,0830-172041__NetHackChallenge-v0__exp2,NetHackChallenge-v0,both,grammar,0,10000000,5000,0,0.999,primitive,exp2,128,787737.9441154695,33.23214998813006,30.39092316068298,51.68685755543073,median-range,5,9998010
0830-172041__NetHackChallenge-v0__exp2/NetHackChallenge-v0__both__grammar__n128__os0__max_episode_steps5000__discountprimitive__ent_coef0.01__exp2,0830-172041__NetHackChallenge-v0__exp2,NetHackChallenge-v0,both,grammar,0,10000000,5000,0,0.999,primitive,exp2,128,813822.3428149694,35.10727832355339,31.804959038018126,51.77143328202013,median-range,5,9998010
0830-172041__NetHackChallenge-v0__exp2/NetHackChallenge-v0__both__grammar__n128__os0__max_episode_steps5000__discountprimitive__ent_coef0.01__exp2,0830-172041__NetHackChallenge-v0__exp2,NetHackChallenge-v0,both,grammar,0,10000000,5000,0,0.999,primitive,exp2,128,840770.4752733888,35.00592380031962,32.084876222521764,48.84726633061235,median-range,5,9998010
0830-172041__NetHackChallenge-v0__exp2/NetHackChallenge-v0__both__grammar__n128__os0__max_episode_steps5000__discountprimitive__ent_coef0.01__exp2,0830-172041__NetHackChallenge-v0__exp2,NetHackChallenge-v0,both,grammar,0,10000000,5000,0,0.999,primitive,exp2,128,868610.9423419453,34.8231477351567,32.03261877566866,46.940909489887325,median-range,5,9998010
0830-172041__NetHackChallenge-v0__exp2/NetHackChallenge-v0__both__grammar__n128__os0__max_episode_steps5000__discountprimitive__ent_coef0.01__exp2,0830-172041__NetHackChallenge-v0__exp2,NetHackChallenge-v0,both,grammar,0,10000000,5000,0,0.999,primitive,exp2,128,897373.2919330098,36.89769529134955,35.104011496783485,52.76603638812366,median-range,5,9998010
0830-172041__NetHackChallenge-v0__exp2/NetHackChallenge-v0__both__grammar__n128__os0__max_episode_steps5000__discountprimitive__ent_coef0.01__exp2,0830-172041__NetHackChallenge-v0__exp2,NetHackChallenge-v0,both,grammar,0,10000000,5000,0,0.999,primitive,exp2,128,927088.050380182,37.443035242757354,35.121718927735,50.726026049324,median-range,5,9998010
0830-172041__NetHackChallenge-v0__exp2/NetHackChallenge-v0__both__grammar__n128__os0__max_episode_steps5000__discountprimitive__ent_coef0.01__exp2,0830-172041__NetHackChallenge-v0__exp2,NetHackChallenge-v0,both,grammar,0,10000000,5000,0,0.999,primitive,exp2,128,957786.7548367925,39.912272427386036,36.60901271562428,52.31990913387803,median-range,5,9998010
0830-172041__NetHackChallenge-v0__exp2/NetHackChallenge-v0__both__grammar__n128__os0__max_episode_steps5000__discountprimitive__ent_coef0.01__exp2,0830-172041__NetHackChallenge-v0__exp2,NetHackChallenge-v0,both,grammar,0,10000000,5000,0,0.999,primitive,exp2,128,989501.9867472168,40.03616493853951,33.84983389641008,47.525452156827534,median-range,5,9998010
0830-172041__NetHackChallenge-v0__exp2/NetHackChallenge-v0__both__grammar__n128__os0__max_episode_steps5000__discountprimitive__ent_coef0.01__exp2,0830-172041__NetHackChallenge-v0__exp2,NetHackChallenge-v0,both,grammar,0,10000000,5000,0,0.999,primitive,exp2,128,1022267.4064265286,40.17965137684246,34.04630951738549,49.034193728396986,median-range,5,9998010
0830-172041__NetHackChallenge-v0__exp2/NetHackChallenge-v0__both__grammar__n128__os0__max_episode_steps5000__discountprimitive__ent_coef0.01__exp2,0830-172041__NetHackChallenge-v0__exp2,NetHackChallenge-v0,both,grammar,0,10000000,5000,0,0.999,primitive,exp2,128,1056117.7887851882,43.126759745356864,34.133817307222365,51.57411368175231,median-range,5,9998010
0830-172041__NetHackChallenge-v0__exp2/NetHackChallenge-v0__both__grammar__n128__os0__max_episode_steps5000__discountprimitive__ent_coef0.01__exp2,0830-172041__NetHackChallenge-v0__exp2,NetHackChallenge-v0,both,grammar,0,10000000,5000,0,0.999,primitive,exp2,128,1091089.0602366864,41.296464244865575,37.75008106236196,52.253795102113905,median-range,5,9998010
0830-172041__NetHackChallenge-v0__exp2/NetHackChallenge-v0__both__grammar__n128__os0__max_episode_steps5000__discountprimitive__ent_coef0.01__exp2,0830-172041__NetHackChallenge-v0__exp2,NetHackChallenge-v0,both,grammar,0,10000000,5000,0,0.999,primitive,exp2,128,1127218.336827309,43.81570129024135,40.12876631376288,51.26562404054939,median-range,5,9998010
0830-172041__NetHackChallenge-v0__exp2/NetHackChallenge-v0__both__grammar__n128__os0__max_episode_steps5000__discountprimitive__ent_coef0.01__exp2,0830-172041__NetHackChallenge-v0__exp2,NetHackChallenge-v0,both,grammar,0,10000000,5000,0,0.999,primitive,exp2,128,1164543.963628499,50.84962381767161,38.25015812749174,57.23648839575923,median-range,5,9998010
0830-172041__NetHackChallenge-v0__exp2/NetHackChallenge-v0__both__grammar__n128__os0__max_episode_steps5000__discountprimitive__ent_coef0.01__exp2,0830-172041__NetHackChallenge-v0__exp2,NetHackChallenge-v0,both,grammar,0,10000000,5000,0,0.999,primitive,exp2,128,1203105.5554336144,48.42044594531718,39.305861747741275,59.76486129568328,median-range,5,9998010
0830-172041__NetHackChallenge-v0__exp2/NetHackChallenge-v0__both__grammar__n128__os0__max_episode_steps5000__discountprimitive__ent_coef0.01__exp2,0830-172041__NetHackChallenge-v0__exp2,NetHackChallenge-v0,both,grammar,0,10000000,5000,0,0.999,primitive,exp2,128,1242944.0388022834,44.94095812192734,39.31663634558359,57.14994173359322,median-range,5,9998010
0830-172041__NetHackChallenge-v0__exp2/NetHackChallenge-v0__both__grammar__n128__os0__max_episode_steps5000__discountprimitive__ent_coef0.01__exp2,0830-172041__NetHackChallenge-v0__exp2,NetHackChallenge-v0,both,grammar,0,10000000,5000,0,0.999,primitive,exp2,128,1284101.6954969733,48.25965879377729,43.2273946007548,53.41591796333305,median-range,5,9998010
0830-172041__NetHackChallenge-v0__exp2/NetHackChallenge-v0__both__grammar__n128__os0__max_episode_steps5000__discountprimitive__ent_coef0.01__exp2,0830-172041__NetHackChallenge-v0__exp2,NetHackChallenge-v0,both,grammar,0,10000000,5000,0,0.999,primitive,exp2,128,1326622.2073578786,47.74410426190721,46.138334232399124,52.3477808257613,median-range,5,9998010
0830-172041__NetHackChallenge-v0__exp2/NetHackChallenge-v0__both__grammar__n128__os0__max_episode_steps5000__discountprimitive__ent_coef0.01__exp2,0830-172041__NetHackChallenge-v0__exp2,NetHackChallenge-v0,both,grammar,0,10000000,5000,0,0.999,primitive,exp2,128,1370550.7026637502,47.564217445559926,39.15006947648139,49.80019209030394,median-range,5,9998010
0830-172041__NetHackChallenge-v0__exp2/NetHackChallenge-v0__both__grammar__n128__os0__max_episode_steps5000__discountprimitive__ent_coef0.01__exp2,0830-172041__NetHackChallenge-v0__exp2,NetHackChallenge-v0,both,grammar,0,10000000,5000,0,0.999,primitive,exp2,128,1415933.8040278766,46.82252428875027,41.437143878821566,48.50234822722594,median-range,5,9998010
0830-172041__NetHackChallenge-v0__exp2/NetHackChallenge-v0__both__grammar__n128__os0__max_episode_steps5000__discountprimitive__ent_coef0.01__exp2,0830-172041__NetHackChallenge-v0__exp2,NetHackChallenge-v0,both,grammar,0,10000000,5000,0,0.999,primitive,exp2,128,1462819.6778800457,47.17,42.11152216499176,54.92667903928378,median-range,5,9998010
0830-172041__NetHackChallenge-v0__exp2/NetHackChallenge-v0__both__grammar__n128__os0__max_episode_steps5000__discountprimitive__ent_coef0.01__exp2,0830-172041__NetHackChallenge-v0__exp2,NetHackChallenge-v0,both,grammar,0,10000000,5000,0,0.999,primitive,exp2,128,1511258.0855869923,47.865806026060675,41.99979227852282,55.828524794751324,median-range,5,9998010
0830-172041__NetHackChallenge-v0__exp2/NetHackChallenge-v0__both__grammar__n128__os0__max_episode_steps5000__discountprimitive__ent_coef0.01__exp2,0830-172041__NetHackChallenge-v0__exp2,NetHackChallenge-v0,both,grammar,0,10000000,5000,0,0.999,primitive,exp2,128,1561300.4362656283,51.249170696391815,44.27216611192618,57.37322337374088,median-range,5,9998010
0830-172041__NetHackChallenge-v0__exp2/NetHackChallenge-v0__both__grammar__n128__os0__max_episode_steps5000__discountprimitive__ent_coef0.01__exp2,0830-172041__NetHackChallenge-v0__exp2,NetHackChallenge-v0,both,grammar,0,10000000,5000,0,0.999,primitive,exp2,128,1612999.841345049,47.08356959500446,40.63535836080506,54.24173252746889,median-range,5,9998010
0830-172041__NetHackChallenge-v0__exp2/NetHackChallenge-v0__both__grammar__n128__os0__max_episode_steps5000__discountprimitive__ent_coef0.01__exp2,0830-172041__NetHackChallenge-v0__exp2,NetHackChallenge-v0,both,grammar,0,10000000,5000,0,0.999,primitive,exp2,128,1666411.1709352697,48.86040281061019,46.74814389285079,57.1769145186297,median-range,5,9998010
0830-172041__NetHackChallenge-v0__exp2/NetHackChallenge-v0__both__grammar__n128__os0__max_episode_steps5000__discountprimitive__ent_coef0.01__exp2,0830-172041__NetHackChallenge-v0__exp2,NetHackChallenge-v0,both,grammar,0,10000000,5000,0,0.999,primitive,exp2,128,1721591.1120624987,47.74711146854399,45.767485992187666,63.56453940857637,median-range,5,9998010
0830-172041__NetHackChallenge-v0__exp2/NetHackChallenge-v0__both__grammar__n128__os0__max_episode_steps5000__discountprimitive__ent_coef0.01__exp2,0830-172041__NetHackChallenge-v0__exp2,NetHackChallenge-v0,both,grammar,0,10000000,5000,0,0.999,primitive,exp2,128,1778598.2288327566,45.32361427861427,41.84700746352011,51.746010115580546,median-range,5,9998010
0830-172041__NetHackChallenge-v0__exp2/NetHackChallenge-v0__both__grammar__n128__os0__max_episode_steps5000__discountprimitive__ent_coef0.01__exp2,0830-172041__NetHackChallenge-v0__exp2,NetHackChallenge-v0,both,grammar,0,10000000,5000,0,0.999,primitive,exp2,128,1837493.0245876978,45.17167037546085,41.29238148828322,47.46900498951447,median-range,5,9998010
0830-172041__NetHackChallenge-v0__exp2/NetHackChallenge-v0__both__grammar__n128__os0__max_episode_steps5000__discountprimitive__ent_coef0.01__exp2,0830-172041__NetHackChallenge-v0__exp2,NetHackChallenge-v0,both,grammar,0,10000000,5000,0,0.999,primitive,exp2,128,1898338.0061185984,46.66530450393782,44.68023358766886,48.61043810204559,median-range,5,9998010
0830-172041__NetHackChallenge-v0__exp2/NetHackChallenge-v0__both__grammar__n128__os0__max_episode_steps5000__discountprimitive__ent_coef0.01__exp2,0830-172041__NetHackChallenge-v0__exp2,NetHackChallenge-v0,both,grammar,0,10000000,5000,0,0.999,primitive,exp2,128,1961197.7500066657,49.02331342046549,41.86798951945362,49.96,median-range,5,9998010
0830-172041__NetHackChallenge-v0__exp2/NetHackChallenge-v0__both__grammar__n128__os0__max_episode_steps5000__discountprimitive__ent_coef0.01__exp2,0830-172041__NetHackChallenge-v0__exp2,NetHackChallenge-v0,both,grammar,0,10000000,5000,0,0.999,primitive,exp2,128,2026138.9711600766,46.94109122139515,37.06204205041919,50.842771938358354,median-range,5,9998010
0830-172041__NetHackChallenge-v0__exp2/NetHackChallenge-v0__both__grammar__n128__os0__max_episode_steps5000__discountprimitive__ent_coef0.01__exp2,0830-172041__NetHackChallenge-v0__exp2,NetHackChallenge-v0,both,grammar,0,10000000,5000,0,0.999,primitive,exp2,128,2093230.5936204898,48.88198467269704,39.370586595255276,59.69576925497307,median-range,5,9998010
0830-172041__NetHackChallenge-v0__exp2/NetHackChallenge-v0__both__grammar__n128__os0__max_episode_steps5000__discountprimitive__ent_coef0.01__exp2,0830-172041__NetHackChallenge-v0__exp2,NetHackChallenge-v0,both,grammar,0,10000000,5000,0,0.999,primitive,exp2,128,2162543.8237141566,50.705745397338234,46.56458053210337,52.73034273235305,median-range,5,9998010
0830-172041__NetHackChallenge-v0__exp2/NetHackChallenge-v0__both__grammar__n128__os0__max_episode_steps5000__discountprimitive__ent_coef0.01__exp2,0830-172041__NetHackChallenge-v0__exp2,NetHackChallenge-v0,both,grammar,0,10000000,5000,0,0.999,primitive,exp2,128,2234152.2256253287,46.84497742315544,44.11888579383129,51.09999158299731,median-range,5,9998010
0830-172041__NetHackChallenge-v0__exp2/NetHackChallenge-v0__both__grammar__n128__os0__max_episode_steps5000__discountprimitive__ent_coef0.01__exp2,0830-172041__NetHackChallenge-v0__exp2,NetHackChallenge-v0,both,grammar,0,10000000,5000,0,0.999,primitive,exp2,128,2308131.79947209,47.626070683616355,42.19975768394527,50.24655780900863,median-range,5,9998010
0830-172041__NetHackChallenge-v0__exp2/NetHackChallenge-v0__both__grammar__n128__os0__max_episode_steps5000__discountprimitive__ent_coef0.01__exp2,0830-172041__NetHackChallenge-v0__exp2,NetHackChallenge-v0,both,grammar,0,10000000,5000,0,0.999,primitive,exp2,128,2384561.0619675354,45.538859767738955,40.79547156068305,49.05579358409803,median-range,5,9998010
0830-172041__NetHackChallenge-v0__exp2/NetHackChallenge-v0__both__grammar__n128__os0__max_episode_steps5000__discountprimitive__ent_coef0.01__exp2,0830-172041__NetHackChallenge-v0__exp2,NetHackChallenge-v0,both,grammar,0,10000000,5000,0,0.999,primitive,exp2,128,2463521.129751888,46.07504851685933,41.012955778000965,51.86066341527316,median-range,5,9998010
0830-172041__NetHackChallenge-v0__exp2/NetHackChallenge-v0__both__grammar__n128__os0__max_episode_steps5000__discountprimitive__ent_coef0.01__exp2,0830-172041__NetHackChallenge-v0__exp2,NetHackChallenge-v0,both,grammar,0,10000000,5000,0,0.999,primitive,exp2,128,2545095.805483988,47.47568956046071,44.382254951782244,56.38071811269662,median-range,5,9998010
0830-172041__NetHackChallenge-v0__exp2/NetHackChallenge-v0__both__grammar__n128__os0__max_episode_steps5000__discountprimitive__ent_coef0.01__exp2,0830-172041__NetHackChallenge-v0__exp2,NetHackChallenge-v0,both,grammar,0,10000000,5000,0,0.999,primitive,exp2,128,2629371.666783539,50.26065229757556,40.572012753648615,56.10647841061648,median-range,5,9998010
0830-172041__NetHackChallenge-v0__exp2/NetHackChallenge-v0__both__grammar__n128__os0__max_episode_steps5000__discountprimitive__ent_coef0.01__exp2,0830-172041__NetHackChallenge-v0__exp2,NetHackChallenge-v0,both,grammar,0,10000000,5000,0,0.999,primitive,exp2,128,2716438.1581185013,51.5735142593818,39.94596430420466,57.52025155929924,median-range,5,9998010
0830-172041__NetHackChallenge-v0__exp2/NetHackChallenge-v0__both__grammar__n128__os0__max_episode_steps5000__discountprimitive__ent_coef0.01__exp2,0830-172041__NetHackChallenge-v0__exp2,NetHackChallenge-v0,both,grammar,0,10000000,5000,0,0.999,primitive,exp2,128,2806387.6857351516,45.34264411414501,40.61602102463678,54.01118331331415,median-range,5,9998010
0830-172041__NetHackChallenge-v0__exp2/NetHackChallenge-v0__both__grammar__n128__os0__max_episode_steps5000__discountprimitive__ent_coef0.01__exp2,0830-172041__NetHackChallenge-v0__exp2,NetHackChallenge-v0,both,grammar,0,10000000,5000,0,0.999,primitive,exp2,128,2899315.715731574,50.34380710636514,42.04850004523044,56.994102601491164,median-range,5,9998010
0830-172041__NetHackChallenge-v0__exp2/NetHackChallenge-v0__both__grammar__n128__os0__max_episode_steps5000__discountprimitive__ent_coef0.01__exp2,0830-172041__NetHackChallenge-v0__exp2,NetHackChallenge-v0,both,grammar,0,10000000,5000,0,0.999,primitive,exp2,128,2995320.875378654,51.986328576929324,49.20898733117921,54.583451412195664,median-range,5,9998010
0830-172041__NetHackChallenge-v0__exp2/NetHackChallenge-v0__both__grammar__n128__os0__max_episode_steps5000__discountprimitive__ent_coef0.01__exp2,0830-172041__NetHackChallenge-v0__exp2,NetHackChallenge-v0,both,grammar,0,10000000,5000,0,0.999,primitive,exp2,128,3094505.0577961244,47.492946592944534,42.8515293868956,50.64872694116409,median-range,5,9998010
0830-172041__NetHackChallenge-v0__exp2/NetHackChallenge-v0__both__grammar__n128__os0__max_episode_steps5000__discountprimitive__ent_coef0.01__exp2,0830-172041__NetHackChallenge-v0__exp2,NetHackChallenge-v0,both,grammar,0,10000000,5000,0,0.999,primitive,exp2,128,3196973.5300947507,50.43309167999686,45.65568151152148,61.13306068527202,median-range,5,9998010
0830-172041__NetHackChallenge-v0__exp2/NetHackChallenge-v0__both__grammar__n128__os0__max_episode_steps5000__discountprimitive__ent_coef0.01__exp2,0830-172041__NetHackChallenge-v0__exp2,NetHackChallenge-v0,both,grammar,0,10000000,5000,0,0.999,primitive,exp2,128,3302835.045099435,52.3238563872331,43.97447150664741,59.318911165315114,median-range,5,9998010
0830-172041__NetHackChallenge-v0__exp2/NetHackChallenge-v0__both__grammar__n128__os0__max_episode_steps5000__discountprimitive__ent_coef0.01__exp2,0830-172041__NetHackChallenge-v0__exp2,NetHackChallenge-v0,both,grammar,0,10000000,5000,0,0.999,primitive,exp2,128,3412201.956771809,54.24291059750394,43.7872954093276,57.287200966405024,median-range,5,9998010
0830-172041__NetHackChallenge-v0__exp2/NetHackChallenge-v0__both__grammar__n128__os0__max_episode_steps5000__discountprimitive__ent_coef0.01__exp2,0830-172041__NetHackChallenge-v0__exp2,NetHackChallenge-v0,both,grammar,0,10000000,5000,0,0.999,primitive,exp2,128,3525190.339454823,52.42826339886474,48.65200059954782,55.66671321888395,median-range,5,9998010
0830-172041__NetHackChallenge-v0__exp2/NetHackChallenge-v0__both__grammar__n128__os0__max_episode_steps5000__discountprimitive__ent_coef0.01__exp2,0830-172041__NetHackChallenge-v0__exp2,NetHackChallenge-v0,both,grammar,0,10000000,5000,0,0.999,primitive,exp2,128,3641920.111065883,50.6701261977589,46.409781478099994,57.57513820142736,median-range,5,9998010
0830-172041__NetHackChallenge-v0__exp2/NetHackChallenge-v0__both__grammar__n128__os0__max_episode_steps5000__discountprimitive__ent_coef0.01__exp2,0830-172041__NetHackChallenge-v0__exp2,NetHackChallenge-v0,both,grammar,0,10000000,5000,0,0.999,primitive,exp2,128,3762515.16036929,53.99120058278544,49.587554061841146,58.200418795128044,median-range,5,9998010
0830-172041__NetHackChallenge-v0__exp2/NetHackChallenge-v0__both__grammar__n128__os0__max_episode_steps5000__discountprimitive__ent_coef0.01__exp2,0830-172041__NetHackChallenge-v0__exp2,NetHackChallenge-v0,both,grammar,0,10000000,5000,0,0.999,primitive,exp2,128,3887103.4784630532,53.02740197807106,45.63261035298636,62.20670127166711,median-range,5,9998010
0830-172041__NetHackChallenge-v0__exp2/NetHackChallenge-v0__both__grammar__n128__os0__max_episode_steps5000__discountprimitive__ent_coef0.01__exp2,0830-172041__NetHackChallenge-v0__exp2,NetHackChallenge-v0,both,grammar,0,10000000,5000,0,0.999,primitive,exp2,128,4015817.2946196357,55.05546742179036,39.27314656771188,62.44035194137073,median-range,5,9998010
0830-172041__NetHackChallenge-v0__exp2/NetHackChallenge-v0__both__grammar__n128__os0__max_episode_steps5000__discountprimitive__ent_coef0.01__exp2,0830-172041__NetHackChallenge-v0__exp2,NetHackChallenge-v0,both,grammar,0,10000000,5000,0,0.999,primitive,exp2,128,4148793.216624798,54.52222212045087,40.008434111188585,57.908940050242656,median-range,5,9998010
0830-172041__NetHackChallenge-v0__exp2/NetHackChallenge-v0__both__grammar__n128__os0__max_episode_steps5000__discountprimitive__ent_coef0.01__exp2,0830-172041__NetHackChallenge-v0__exp2,NetHackChallenge-v0,both,grammar,0,10000000,5000,0,0.999,primitive,exp2,128,4286172.375763485,56.07007453079723,38.31629983469041,61.724698697993134,median-range,5,9998010
0830-172041__NetHackChallenge-v0__exp2/NetHackChallenge-v0__both__grammar__n128__os0__max_episode_steps5000__discountprimitive__ent_coef0.01__exp2,0830-172041__NetHackChallenge-v0__exp2,NetHackChallenge-v0,both,grammar,0,10000000,5000,0,0.999,primitive,exp2,128,4428100.576606644,54.533003147871476,39.93,57.21801951792326,median-range,5,9998010
0830-172041__NetHackChallenge-v0__exp2/NetHackChallenge-v0__both__grammar__n128__os0__max_episode_steps5000__discountprimitive__ent_coef0.01__exp2,0830-172041__NetHackChallenge-v0__exp2,NetHackChallenge-v0,both,grammar,0,10000000,5000,0,0.999,primitive,exp2,128,4574728.451757929,56.14905132504092,41.82161289006922,62.834084927407595,median-range,5,9998010
0830-172041__NetHackChallenge-v0__exp2/NetHackChallenge-v0__both__grammar__n128__os0__max_episode_steps5000__discountprimitive__ent_coef0.01__exp2,0830-172041__NetHackChallenge-v0__exp2,NetHackChallenge-v0,both,grammar,0,10000000,5000,0,0.999,primitive,exp2,128,4726211.621724549,58.206106369355496,50.337665308148814,63.54441557033068,median-range,5,9998010
0830-172041__NetHackChallenge-v0__exp2/NetHackChallenge-v0__both__grammar__n128__os0__max_episode_steps5000__discountprimitive__ent_coef0.01__exp2,0830-172041__NetHackChallenge-v0__exp2,NetHackChallenge-v0,both,grammar,0,10000000,5000,0,0.999,primitive,exp2,128,4882710.86008192,63.124399559117116,43.08079072078155,65.35660974895512,median-range,5,9998010
0830-172041__NetHackChallenge-v0__exp2/NetHackChallenge-v0__both__grammar__n128__os0__max_episode_steps5000__discountprimitive__ent_coef0.01__exp2,0830-172041__NetHackChallenge-v0__exp2,NetHackChallenge-v0,both,grammar,0,10000000,5000,0,0.999,primitive,exp2,128,5044392.264107427,54.93610598209874,48.040214451553446,67.29959488233715,median-range,5,9998010
0830-172041__NetHackChallenge-v0__exp2/NetHackChallenge-v0__both__grammar__n128__os0__max_episode_steps5000__discountprimitive__ent_coef0.01__exp2,0830-172041__NetHackChallenge-v0__exp2,NetHackChallenge-v0,both,grammar,0,10000000,5000,0,0.999,primitive,exp2,128,5211427.431064386,57.53535268603591,50.471829559906645,69.614954006961,median-range,5,9998010
0830-172041__NetHackChallenge-v0__exp2/NetHackChallenge-v0__both__grammar__n128__os0__max_episode_steps5000__discountprimitive__ent_coef0.01__exp2,0830-172041__NetHackChallenge-v0__exp2,NetHackChallenge-v0,both,grammar,0,10000000,5000,0,0.999,primitive,exp2,128,5383993.64032327,59.44332904955781,50.29099377308299,68.65950534580892,median-range,5,9998010
0830-172041__NetHackChallenge-v0__exp2/NetHackChallenge-v0__both__grammar__n128__os0__max_episode_steps5000__discountprimitive__ent_coef0.01__exp2,0830-172041__NetHackChallenge-v0__exp2,NetHackChallenge-v0,both,grammar,0,10000000,5000,0,0.999,primitive,exp2,128,5562274.041513616,59.492452532998996,46.35085443929042,71.50812813356346,median-range,5,9998010
0830-172041__NetHackChallenge-v0__exp2/NetHackChallenge-v0__both__grammar__n128__os0__max_episode_steps5000__discountprimitive__ent_coef0.01__exp2,0830-172041__NetHackChallenge-v0__exp2,NetHackChallenge-v0,both,grammar,0,10000000,5000,0,0.999,primitive,exp2,128,5746457.848906105,57.330886908970356,52.23367541511013,77.75138864450439,median-range,5,9998010
0830-172041__NetHackChallenge-v0__exp2/NetHackChallenge-v0__both__grammar__n128__os0__max_episode_steps5000__discountprimitive__ent_coef0.01__exp2,0830-172041__NetHackChallenge-v0__exp2,NetHackChallenge-v0,both,grammar,0,10000000,5000,0,0.999,primitive,exp2,128,5936740.542231292,64.4,50.33148303400031,84.9927102095788,median-range,5,9998010
0830-172041__NetHackChallenge-v0__exp2/NetHackChallenge-v0__both__grammar__n128__os0__max_episode_steps5000__discountprimitive__ent_coef0.01__exp2,0830-172041__NetHackChallenge-v0__exp2,NetHackChallenge-v0,both,grammar,0,10000000,5000,0,0.999,primitive,exp2,128,6133324.074148026,60.212294262012136,56.80622335576156,90.59992535901372,median-range,5,9998010
0830-172041__NetHackChallenge-v0__exp2/NetHackChallenge-v0__both__grammar__n128__os0__max_episode_steps5000__discountprimitive__ent_coef0.01__exp2,0830-172041__NetHackChallenge-v0__exp2,NetHackChallenge-v0,both,grammar,0,10000000,5000,0,0.999,primitive,exp2,128,6336417.084581794,66.73217570783753,59.855468214549724,81.23647490687803,median-range,5,9998010
0830-172041__NetHackChallenge-v0__exp2/NetHackChallenge-v0__both__grammar__n128__os0__max_episode_steps5000__discountprimitive__ent_coef0.01__exp2,0830-172041__NetHackChallenge-v0__exp2,NetHackChallenge-v0,both,grammar,0,10000000,5000,0,0.999,primitive,exp2,128,6546235.1221604515,62.41070738681716,52.498371991817656,91.52943739950456,median-range,5,9998010
0830-172041__NetHackChallenge-v0__exp2/NetHackChallenge-v0__both__grammar__n128__os0__max_episode_steps5000__discountprimitive__ent_coef0.01__exp2,0830-172041__NetHackChallenge-v0__exp2,NetHackChallenge-v0,both,grammar,0,10000000,5000,0,0.999,primitive,exp2,128,6763000.872982368,61.721339666071,54.56799853251775,71.02698856356,median-range,5,9998010
0830-172041__NetHackChallenge-v0__exp2/NetHackChallenge-v0__both__grammar__n128__os0__max_episode_steps5000__discountprimitive__ent_coef0.01__exp2,0830-172041__NetHackChallenge-v0__exp2,NetHackChallenge-v0,both,grammar,0,10000000,5000,0,0.999,primitive,exp2,128,6986944.396959791,65.32078911716235,54.25509090577971,92.2506053221108,median-range,5,9998010
0830-172041__NetHackChallenge-v0__exp2/NetHackChallenge-v0__both__grammar__n128__os0__max_episode_steps5000__discountprimitive__ent_coef0.01__exp2,0830-172041__NetHackChallenge-v0__exp2,NetHackChallenge-v0,both,grammar,0,10000000,5000,0,0.999,primitive,exp2,128,7218303.371988193,71.69102189602722,55.94105978464571,76.43695972042227,median-range,5,9998010
0830-172041__NetHackChallenge-v0__exp2/NetHackChallenge-v0__both__grammar__n128__os0__max_episode_steps5000__discountprimitive__ent_coef0.01__exp2,0830-172041__NetHackChallenge-v0__exp2,NetHackChallenge-v0,both,grammar,0,10000000,5000,0,0.999,primitive,exp2,128,7457323.346200943,68.310826160246,59.48249527077898,77.1482944346572,median-range,5,9998010
0830-172041__NetHackChallenge-v0__exp2/NetHackChallenge-v0__both__grammar__n128__os0__max_episode_steps5000__discountprimitive__ent_coef0.01__exp2,0830-172041__NetHackChallenge-v0__exp2,NetHackChallenge-v0,both,grammar,0,10000000,5000,0,0.999,primitive,exp2,128,7704257.998576759,69.82976050714115,50.99584707877271,85.71610574807423,median-range,5,9998010
0830-172041__NetHackChallenge-v0__exp2/NetHackChallenge-v0__both__grammar__n128__os0__max_episode_steps5000__discountprimitive__ent_coef0.01__exp2,0830-172041__NetHackChallenge-v0__exp2,NetHackChallenge-v0,both,grammar,0,10000000,5000,0,0.999,primitive,exp2,128,7959369.408176739,68.48108885243909,59.66299523179936,81.38909202744215,median-range,5,9998010
0830-172041__NetHackChallenge-v0__exp2/NetHackChallenge-v0__both__grammar__n128__os0__max_episode_steps5000__discountprimitive__ent_coef0.01__exp2,0830-172041__NetHackChallenge-v0__exp2,NetHackChallenge-v0,both,grammar,0,10000000,5000,0,0.999,primitive,exp2,128,8222928.332296625,75.72129126115884,57.4858311803562,90.3565607554833,median-range,5,9998010
0830-172041__NetHackChallenge-v0__exp2/NetHackChallenge-v0__both__grammar__n128__os0__max_episode_steps5000__discountprimitive__ent_coef0.01__exp2,0830-172041__NetHackChallenge-v0__exp2,NetHackChallenge-v0,both,grammar,0,10000000,5000,0,0.999,primitive,exp2,128,8495214.493829548,68.20116894758499,53.31113279004225,84.76453433115739,median-range,5,9998010
0830-172041__NetHackChallenge-v0__exp2/NetHackChallenge-v0__both__grammar__n128__os0__max_episode_steps5000__discountprimitive__ent_coef0.01__exp2,0830-172041__NetHackChallenge-v0__exp2,NetHackChallenge-v0,both,grammar,0,10000000,5000,0,0.999,primitive,exp2,128,8776516.878144221,67.72385536219291,63.39485505562667,82.07147527860532,median-range,5,9998010
0830-172041__NetHackChallenge-v0__exp2/NetHackChallenge-v0__both__grammar__n128__os0__max_episode_steps5000__discountprimitive__ent_coef0.01__exp2,0830-172041__NetHackChallenge-v0__exp2,NetHackChallenge-v0,both,grammar,0,10000000,5000,0,0.999,primitive,exp2,128,9067134.039793663,78.14085946668827,58.57765245267785,88.6834019439267,median-range,5,9998010
0830-172041__NetHackChallenge-v0__exp2/NetHackChallenge-v0__both__grammar__n128__os0__max_episode_steps5000__discountprimitive__ent_coef0.01__exp2,0830-172041__NetHackChallenge-v0__exp2,NetHackChallenge-v0,both,grammar,0,10000000,5000,0,0.999,primitive,exp2,128,9367374.419379992,74.0012913829518,72.51461412581614,84.14978936636973,median-range,5,9998010
0830-172041__NetHackChallenge-v0__exp2/NetHackChallenge-v0__both__grammar__n128__os0__max_episode_steps5000__discountprimitive__ent_coef0.01__exp2,0830-172041__NetHackChallenge-v0__exp2,NetHackChallenge-v0,both,grammar,0,10000000,5000,0,0.999,primitive,exp2,128,9677556.670911584,69.56611780739705,62.04,87.49933496535421,median-range,5,9998010
0830-172041__NetHackChallenge-v0__exp2/NetHackChallenge-v0__both__grammar__n128__os0__max_episode_steps5000__discountprimitive__ent_coef0.01__exp2,0830-172041__NetHackChallenge-v0__exp2,NetHackChallenge-v0,both,grammar,0,10000000,5000,0,0.999,primitive,exp2,128,9998010.0,77.84,59.03546134663342,83.57347712985043,median-range,5,9998010
0830-172041__NetHackChallenge-v0__exp2/NetHackChallenge-v0__both__grammar__n16__os0__max_episode_steps5000__discountprimitive__ent_coef0.01__exp2,0830-172041__NetHackChallenge-v0__exp2,NetHackChallenge-v0,both,grammar,0,10000000,5000,0,0.999,primitive,exp2,16,19538.0,0.2980251346499102,0.0,10.693244697202582,median-range,5,9999456
0830-172041__NetHackChallenge-v0__exp2/NetHackChallenge-v0__both__grammar__n16__os0__max_episode_steps5000__discountprimitive__ent_coef0.01__exp2,0830-172041__NetHackChallenge-v0__exp2,NetHackChallenge-v0,both,grammar,0,10000000,5000,0,0.999,primitive,exp2,16,20160.145136795065,2.332683876427551,0.0,10.792855495055056,median-range,5,9999456
0830-172041__NetHackChallenge-v0__exp2/NetHackChallenge-v0__both__grammar__n16__os0__max_episode_steps5000__discountprimitive__ent_coef0.01__exp2,0830-172041__NetHackChallenge-v0__exp2,NetHackChallenge-v0,both,grammar,0,10000000,5000,0,0.999,primitive,exp2,16,20802.10113300449,4.739646999932575,0.0,10.895638182223538,median-range,5,9999456
0830-172041__NetHackChallenge-v0__exp2/NetHackChallenge-v0__both__grammar__n16__os0__max_episode_steps5000__discountprimitive__ent_coef0.01__exp2,0830-172041__NetHackChallenge-v0__exp2,NetHackChallenge-v0,both,grammar,0,10000000,5000,0,0.999,primitive,exp2,16,21464.498822379996,7.2232546316644735,0.0,11.001693760628008,median-range,5,9999456
0830-172041__NetHackChallenge-v0__exp2/NetHackChallenge-v0__both__grammar__n16__os0__max_episode_steps5000__discountprimitive__ent_coef0.01__exp2,0830-172041__NetHackChallenge-v0__exp2,NetHackChallenge-v0,both,grammar,0,10000000,5000,0,0.999,primitive,exp2,16,22147.989126202654,9.785947349371707,0.0,17.11191596139527,median-range,5,9999456
0830-172041__NetHackChallenge-v0__exp2/NetHackChallenge-v0__both__grammar__n16__os0__max_episode_steps5000__discountprimitive__ent_coef0.01__exp2,0830-172041__NetHackChallenge-v0__exp2,NetHackChallenge-v0,both,grammar,0,10000000,5000,0,0.999,primitive,exp2,16,22853.243692926826,11.224043782170115,0.0,25.240136598525922,median-range,5,9999456
0830-172041__NetHackChallenge-v0__exp2/NetHackChallenge-v0__both__grammar__n16__os0__max_episode_steps5000__discountprimitive__ent_coef0.01__exp2,0830-172041__NetHackChallenge-v0__exp2,NetHackChallenge-v0,both,grammar,0,10000000,5000,0,0.999,primitive,exp2,16,23580.955558191792,11.340556722991565,0.0,27.435665132691835,median-range,5,9999456
0830-172041__NetHackChallenge-v0__exp2/NetHackChallenge-v0__both__grammar__n16__os0__max_episode_steps5000__discountprimitive__ent_coef0.01__exp2,0830-172041__NetHackChallenge-v0__exp2,NetHackChallenge-v0,both,grammar,0,10000000,5000,0,0.999,primitive,exp2,16,24331.839825850227,11.460779765128699,0.0,27.199705375583406,median-range,5,9999456
0830-172041__NetHackChallenge-v0__exp2/NetHackChallenge-v0__both__grammar__n16__os0__max_episode_steps5000__discountprimitive__ent_coef0.01__exp2,0830-172041__NetHackChallenge-v0__exp2,NetHackChallenge-v0,both,grammar,0,10000000,5000,0,0.999,primitive,exp2,16,25106.634370682306,11.584831048692601,0.0,26.956231992957314,median-range,5,9999456
0830-172041__NetHackChallenge-v0__exp2/NetHackChallenge-v0__both__grammar__n16__os0__max_episode_steps5000__discountprimitive__ent_coef0.01__exp2,0830-172041__NetHackChallenge-v0__exp2,NetHackChallenge-v0,both,grammar,0,10000000,5000,0,0.999,primitive,exp2,16,25906.100563486674,11.712832475709389,0.0,26.705005729742634,median-range,5,9999456
0830-172041__NetHackChallenge-v0__exp2/NetHackChallenge-v0__both__grammar__n16__os0__max_episode_steps5000__discountprimitive__ent_coef0.01__exp2,0830-172041__NetHackChallenge-v0__exp2,NetHackChallenge-v0,both,grammar,0,10000000,5000,0,0.999,primitive,exp2,16,26731.02401925989,11.844909829910193,0.0,26.969673409197885,median-range,5,9999456
0830-172041__NetHackChallenge-v0__exp2/NetHackChallenge-v0__both__grammar__n16__os0__max_episode_steps5000__discountprimitive__ent_coef0.01__exp2,0830-172041__NetHackChallenge-v0__exp2,NetHackChallenge-v0,both,grammar,0,10000000,5000,0,0.999,primitive,exp2,16,27582.215369200298,11.981192900335635,0.0,30.1611479065942,median-range,5,9999456
0830-172041__NetHackChallenge-v0__exp2/NetHackChallenge-v0__both__grammar__n16__os0__max_episode_steps5000__discountprimitive__ent_coef0.01__exp2,0830-172041__NetHackChallenge-v0__exp2,NetHackChallenge-v0,both,grammar,0,10000000,5000,0,0.999,primitive,exp2,16,28460.51105729437,12.121815608876162,0.0,33.454247971487504,median-range,5,9999456
0830-172041__NetHackChallenge-v0__exp2/NetHackChallenge-v0__both__grammar__n16__os0__max_episode_steps5000__discountprimitive__ent_coef0.01__exp2,0830-172041__NetHackChallenge-v0__exp2,NetHackChallenge-v0,both,grammar,0,10000000,5000,0,0.999,primitive,exp2,16,29366.77416226918,12.266916141873716,0.0,36.852209649153515,median-range,5,9999456
0830-172041__NetHackChallenge-v0__exp2/NetHackChallenge-v0__both__grammar__n16__os0__max_episode_steps5000__discountprimitive__ent_coef0.01__exp2,0830-172041__NetHackChallenge-v0__exp2,NetHackChallenge-v0,both,grammar,0,10000000,5000,0,0.999,primitive,exp2,16,30301.89524571757,12.416637085913894,0.0,40.35837202969472,median-range,5,9999456
0830-172041__NetHackChallenge-v0__exp2/NetHackChallenge-v0__both__grammar__n16__os0__max_episode_steps5000__discountprimitive__ent_coef0.01__exp2,0830-172041__NetHackChallenge-v0__exp2,NetHackChallenge-v0,both,grammar,0,10000000,5000,0,0.999,primitive,exp2,16,31266.793227230348,12.571125567942147,0.0,43.976180529279226,median-range,5,9999456
0830-172041__NetHackChallenge-v0__exp2/NetHackChallenge-v0__both__grammar__n16__os0__max_episode_steps5000__discountprimitive__ent_coef0.01__exp2,0830-172041__NetHackChallenge-v0__exp2,NetHackChallenge-v0,both,grammar,0,10000000,5000,0,0.999,primitive,exp2,16,32262.416287395128,12.730533399841674,0.059697914410958036,47.70919027586327,median-range,5,9999456
0830-172041__NetHackChallenge-v0__exp2/NetHackChallenge-v0__both__grammar__n16__os0__max_episode_steps5000__discountprimitive__ent_coef0.01__exp2,0830-172041__NetHackChallenge-v0__exp2,NetHackChallenge-v0,both,grammar,0,10000000,5000,0,0.999,primitive,exp2,16,33289.74279954891,12.406098252106949,0.8038378427316066,51.561069602723734,median-range,5,9999456
0830-172041__NetHackChallenge-v0__exp2/NetHackChallenge-v0__both__grammar__n16__os0__max_episode_steps5000__discountprimitive__ent_coef0.01__exp2,0830-172041__NetHackChallenge-v0__exp2,NetHackChallenge-v0,both,grammar,0,10000000,5000,0,0.999,primitive,exp2,16,34349.782291200965,12.003611548159252,0.9720348773806184,55.53560365323697,median-range,5,9999456
0830-172041__NetHackChallenge-v0__exp2/NetHackChallenge-v0__both__grammar__n16__os0__max_episode_steps5000__discountprimitive__ent_coef0.01__exp2,0830-172041__NetHackChallenge-v0__exp2,NetHackChallenge-v0,both,grammar,0,10000000,5000,0,0.999,primitive,exp2,16,35443.57643606942,11.588308530080846,1.6307344780463646,59.63669810044145,median-range,5,9999456
0830-172041__NetHackChallenge-v0__exp2/NetHackChallenge-v0__both__grammar__n16__os0__max_episode_steps5000__discountprimitive__ent_coef0.01__exp2,0830-172041__NetHackChallenge-v0__exp2,NetHackChallenge-v0,both,grammar,0,10000000,5000,0,0.999,primitive,exp2,16,36572.20007770749,11.159781090209334,2.3104089355635264,63.86838298504305,median-range,5,9999456
0830-172041__NetHackChallenge-v0__exp2/NetHackChallenge-v0__both__grammar__n16__os0__max_episode_steps5000__discountprimitive__ent_coef0.01__exp2,0830-172041__NetHackChallenge-v0__exp2,NetHackChallenge-v0,both,grammar,0,10000000,5000,0,0.999,primitive,exp2,16,37736.76228572486,10.717608125580941,3.011726148651835,68.2348166756335,median-range,5,9999456
0830-172041__NetHackChallenge-v0__exp2/NetHackChallenge-v0__both__grammar__n16__os0__max_episode_steps5000__discountprimitive__ent_coef0.01__exp2,0830-172041__NetHackChallenge-v0__exp2,NetHackChallenge-v0,both,grammar,0,10000000,5000,0,0.999,primitive,exp2,16,38938.40744564169,10.261355124123536,3.735375283813678,72.74028995501162,median-range,5,9999456
0830-172041__NetHackChallenge-v0__exp2/NetHackChallenge-v0__both__grammar__n16__os0__max_episode_steps5000__discountprimitive__ent_coef0.01__exp2,0830-172041__NetHackChallenge-v0__exp2,NetHackChallenge-v0,both,grammar,0,10000000,5000,0,0.999,primitive,exp2,16,40178.31638344754,10.57637570102881,4.48206745256068,77.38923023662768,median-range,5,9999456
0830-172041__NetHackChallenge-v0__exp2/NetHackChallenge-v0__both__grammar__n16__os0__max_episode_steps5000__discountprimitive__ent_coef0.01__exp2,0830-172041__NetHackChallenge-v0__exp2,NetHackChallenge-v0,both,grammar,0,10000000,5000,0,0.999,primitive,exp2,16,41457.70752596854,10.973092741208625,5.252536410204645,82.18620591528835,median-range,5,9999456
0830-172041__NetHackChallenge-v0__exp2/NetHackChallenge-v0__both__grammar__n16__os0__max_episode_steps5000__discountprimitive__ent_coef0.01__exp2,0830-172041__NetHackChallenge-v0__exp2,NetHackChallenge-v0,both,grammar,0,10000000,5000,0,0.999,primitive,exp2,16,42777.83809818448,10.432498731292187,6.047539276900244,87.1359308564022,median-range,5,9999456
0830-172041__NetHackChallenge-v0__exp2/NetHackChallenge-v0__both__grammar__n16__os0__max_episode_steps5000__discountprimitive__ent_coef0.01__exp2,0830-172041__NetHackChallenge-v0__exp2,NetHackChallenge-v0,both,grammar,0,10000000,5000,0,0.999,primitive,exp2,16,44140.00535867133,9.987099268184176,6.867857281647424,80.29804305455814,median-range,5,9999456
0830-172041__NetHackChallenge-v0__exp2/NetHackChallenge-v0__both__grammar__n16__os0__max_episode_steps5000__discountprimitive__ent_coef0.01__exp2,0830-172041__NetHackChallenge-v0__exp2,NetHackChallenge-v0,both,grammar,0,10000000,5000,0,0.999,primitive,exp2,16,45545.547874384574,10.537748360208226,6.632511930141266,62.10055946737124,median-range,5,9999456
0830-172041__NetHackChallenge-v0__exp2/NetHackChallenge-v0__both__grammar__n16__os0__max_episode_steps5000__discountprimitive__ent_coef0.01__exp2,0830-172041__NetHackChallenge-v0__exp2,NetHackChallenge-v0,both,grammar,0,10000000,5000,0,0.999,primitive,exp2,16,46995.84683603444,11.072204387379509,6.262087759005194,57.631765417826585,median-range,5,9999456
0830-172041__NetHackChallenge-v0__exp2/NetHackChallenge-v0__both__grammar__n16__os0__max_episode_steps5000__discountprimitive__ent_coef0.01__exp2,0830-172041__NetHackChallenge-v0__exp2,NetHackChallenge-v0,both,grammar,0,10000000,5000,0,0.999,primitive,exp2,16,48492.32741534688,11.009521117963866,6.13751217625486,55.809865480472986,median-range,5,9999456
0830-172041__NetHackChallenge-v0__exp2/NetHackChallenge-v0__both__grammar__n16__os0__max_episode_steps5000__discountprimitive__ent_coef0.01__exp2,0830-172041__NetHackChallenge-v0__exp2,NetHackChallenge-v0,both,grammar,0,10000000,5000,0,0.999,primitive,exp2,16,50036.46016554301,10.944841836099389,6.008969754883819,53.9299511002005,median-range,5,9999456
0830-172041__NetHackChallenge-v0__exp2/NetHackChallenge-v0__both__grammar__n16__os0__max_episode_steps5000__discountprimitive__ent_coef0.01__exp2,0830-172041__NetHackChallenge-v0__exp2,NetHackChallenge-v0,both,grammar,0,10000000,5000,0,0.999,primitive,exp2,16,51629.76246641477,10.673913397514035,5.8763341795396045,49.919071343622456,median-range,5,9999456
0830-172041__NetHackChallenge-v0__exp2/NetHackChallenge-v0__both__grammar__n16__os0__max_episode_steps5000__discountprimitive__ent_coef0.01__exp2,0830-172041__NetHackChallenge-v0__exp2,NetHackChallenge-v0,both,grammar,0,10000000,5000,0,0.999,primitive,exp2,16,53273.80001541488,10.0,5.739475112631954,45.138526691775226,median-range,5,9999456
0830-172041__NetHackChallenge-v0__exp2/NetHackChallenge-v0__both__grammar__n16__os0__max_episode_steps5000__discountprimitive__ent_coef0.01__exp2,0830-172041__NetHackChallenge-v0__exp2,NetHackChallenge-v0,both,grammar,0,10000000,5000,0,0.999,primitive,exp2,16,54970.18836622782,10.1332139017008,5.41752194925397,44.12302359029012,median-range,5,9999456
0830-172041__NetHackChallenge-v0__exp2/NetHackChallenge-v0__both__grammar__n16__os0__max_episode_steps5000__discountprimitive__ent_coef0.01__exp2,0830-172041__NetHackChallenge-v0__exp2,NetHackChallenge-v0,both,grammar,0,10000000,5000,0,0.999,primitive,exp2,16,56720.59451633323,9.923098213896916,5.106769952097254,43.07518400011678,median-range,5,9999456
0830-172041__NetHackChallenge-v0__exp2/NetHackChallenge-v0__both__grammar__n16__os0__max_episode_steps5000__discountprimitive__ent_coef0.01__exp2,0830-172041__NetHackChallenge-v0__exp2,NetHackChallenge-v0,both,grammar,0,10000000,5000,0,0.999,primitive,exp2,16,58526.738545121305,9.555328244855389,4.7763836659892185,42.10004411528174,median-range,5,9999456
0830-172041__NetHackChallenge-v0__exp2/NetHackChallenge-v0__both__grammar__n16__os0__max_episode_steps5000__discountprimitive__ent_coef0.01__exp2,0830-172041__NetHackChallenge-v0__exp2,NetHackChallenge-v0,both,grammar,0,10000000,5000,0,0.999,primitive,exp2,16,60390.395304171536,10.049679463717784,6.321386214103558,41.11872051177315,median-range,5,9999456
0830-172041__NetHackChallenge-v0__exp2/NetHackChallenge-v0__both__grammar__n16__os0__max_episode_steps5000__discountprimitive__ent_coef0.01__exp2,0830-172041__NetHackChallenge-v0__exp2,NetHackChallenge-v0,both,grammar,0,10000000,5000,0,0.999,primitive,exp2,16,62313.39616135352,10.789336731797652,6.573215624594087,40.10614879138745,median-range,5,9999456
0830-172041__NetHackChallenge-v0__exp2/NetHackChallenge-v0__both__grammar__n16__os0__max_episode_steps5000__discountprimitive__ent_coef0.01__exp2,0830-172041__NetHackChallenge-v0__exp2,NetHackChallenge-v0,both,grammar,0,10000000,5000,0,0.999,primitive,exp2,16,64297.63080046565,11.552546777655802,5.894504109170912,38.857169789341285,median-range,5,9999456
0830-172041__NetHackChallenge-v0__exp2/NetHackChallenge-v0__both__grammar__n16__os0__max_episode_steps5000__discountprimitive__ent_coef0.01__exp2,0830-172041__NetHackChallenge-v0__exp2,NetHackChallenge-v0,both,grammar,0,10000000,5000,0,0.999,primitive,exp2,16,66345.04907817853,10.931755135043993,5.980401477155878,37.5131133218469,median-range,5,9999456
0830-172041__NetHackChallenge-v0__exp2/NetHackChallenge-v0__both__grammar__n16__os0__max_episode_steps5000__discountprimitive__ent_coef0.01__exp2,0830-172041__NetHackChallenge-v0__exp2,NetHackChallenge-v0,both,grammar,0,10000000,5000,0,0.999,primitive,exp2,16,68457.66294011008,11.583488739641576,6.069034060094029,35.64084439541875,median-range,5,9999456
0830-172041__NetHackChallenge-v0__exp2/NetHackChallenge-v0__both__grammar__n16__os0__max_episode_steps5000__discountprimitive__ent_coef0.01__exp2,0830-172041__NetHackChallenge-v0__exp2,NetHackChallenge-v0,both,grammar,0,10000000,5000,0,0.999,primitive,exp2,16,70637.54839791257,12.221936565700505,6.160488954959529,34.26742984272659,median-range,5,9999456
0830-172041__NetHackChallenge-v0__exp2/NetHackChallenge-v0__both__grammar__n16__os0__max_episode_steps5000__discountprimitive__ent_coef0.01__exp2,0830-172041__NetHackChallenge-v0__exp2,NetHackChallenge-v0,both,grammar,0,10000000,5000,0,0.999,primitive,exp2,16,72886.84756931651,11.681310541328928,6.1128475090789545,34.89898677024429,median-range,5,9999456
0830-172041__NetHackChallenge-v0__exp2/NetHackChallenge-v0__both__grammar__n16__os0__max_episode_steps5000__discountprimitive__ent_coef0.01__exp2,0830-172041__NetHackChallenge-v0__exp2,NetHackChallenge-v0,both,grammar,0,10000000,5000,0,0.999,primitive,exp2,16,75207.77078313437,11.47127170599818,6.427121502426056,32.43209756901506,median-range,5,9999456
0830-172041__NetHackChallenge-v0__exp2/NetHackChallenge-v0__both__grammar__n16__os0__max_episode_steps5000__discountprimitive__ent_coef0.01__exp2,0830-172041__NetHackChallenge-v0__exp2,NetHackChallenge-v0,both,grammar,0,10000000,5000,0,0.999,primitive,exp2,16,77602.59875129513,11.254544640554876,8.083419328078186,29.37243478316022,median-range,5,9999456
0830-172041__NetHackChallenge-v0__exp2/NetHackChallenge-v0__both__grammar__n16__os0__max_episode_steps5000__discountprimitive__ent_coef0.01__exp2,0830-172041__NetHackChallenge-v0__exp2,NetHackChallenge-v0,both,grammar,0,10000000,5000,0,0.999,primitive,exp2,16,80073.684810041,11.027946294720984,8.233994977160819,28.27606277084313,median-range,5,9999456
0830-172041__NetHackChallenge-v0__exp2/NetHackChallenge-v0__both__grammar__n16__os0__max_episode_steps5000__discountprimitive__ent_coef0.01__exp2,0830-172041__NetHackChallenge-v0__exp2,NetHackChallenge-v0,both,grammar,0,10000000,5000,0,0.999,primitive,exp2,16,82623.45723249098,13.887200804851009,8.920662658652802,28.263628689923443,median-range,5,9999456
0830-172041__NetHackChallenge-v0__exp2/NetHackChallenge-v0__both__grammar__n16__os0__max_episode_steps5000__discountprimitive__ent_coef0.01__exp2,0830-172041__NetHackChallenge-v0__exp2,NetHackChallenge-v0,both,grammar,0,10000000,5000,0,0.999,primitive,exp2,16,85254.42161484294,16.424588237665358,11.171115158919118,26.337209070596455,median-range,5,9999456
0830-172041__NetHackChallenge-v0__exp2/NetHackChallenge-v0__both__grammar__n16__os0__max_episode_steps5000__discountprimitive__ent_coef0.01__exp2,0830-172041__NetHackChallenge-v0__exp2,NetHackChallenge-v0,both,grammar,0,10000000,5000,0,0.999,primitive,exp2,16,87969.16333855828,17.3161307752166,11.116051459231203,25.184941997724138,median-range,5,9999456
0830-172041__NetHackChallenge-v0__exp2/NetHackChallenge-v0__both__grammar__n16__os0__max_episode_steps5000__discountprimitive__ent_coef0.01__exp2,0830-172041__NetHackChallenge-v0__exp2,NetHackChallenge-v0,both,grammar,0,10000000,5000,0,0.999,primitive,exp2,16,90770.35011095129,17.154516076102624,11.257467443191242,25.568200403227547,median-range,5,9999456
0830-172041__NetHackChallenge-v0__exp2/NetHackChallenge-v0__both__grammar__n16__os0__max_episode_steps5000__discountprimitive__ent_coef0.01__exp2,0830-172041__NetHackChallenge-v0__exp2,NetHackChallenge-v0,both,grammar,0,10000000,5000,0,0.999,primitive,exp2,16,93660.73458667622,16.987755108225805,11.195872185647053,25.963662839497655,median-range,5,9999456
0830-172041__NetHackChallenge-v0__exp2/NetHackChallenge-v0__both__grammar__n16__os0__max_episode_steps5000__discountprimitive__ent_coef0.01__exp2,0830-172041__NetHackChallenge-v0__exp2,NetHackChallenge-v0,both,grammar,0,10000000,5000,0,0.999,primitive,exp2,16,96643.15707269084,16.81568399984475,11.385899316207523,26.589036482778024,median-range,5,9999456
0830-172041__NetHackChallenge-v0__exp2/NetHackChallenge-v0__both__grammar__n16__os0__max_episode_steps5000__discountprimitive__ent_coef0.01__exp2,0830-172041__NetHackChallenge-v0__exp2,NetHackChallenge-v0,both,grammar,0,10000000,5000,0,0.999,primitive,exp2,16,99720.54831935375,16.358818243582164,11.59752415753375,25.40781071175742,median-range,5,9999456
0830-172041__NetHackChallenge-v0__exp2/NetHackChallenge-v0__both__grammar__n16__os0__max_episode_steps5000__discountprimitive__ent_coef0.01__exp2,0830-172041__NetHackChallenge-v0__exp2,NetHackChallenge-v0,both,grammar,0,10000000,5000,0,0.999,primitive,exp2,16,102895.932400397,16.35479741630637,13.217379336329707,24.936958775061484,median-range,5,9999456
0830-172041__NetHackChallenge-v0__exp2/NetHackChallenge-v0__both__grammar__n16__os0__max_episode_steps5000__discountprimitive__ent_coef0.01__exp2,0830-172041__NetHackChallenge-v0__exp2,NetHackChallenge-v0,both,grammar,0,10000000,5000,0,0.999,primitive,exp2,16,106172.42968460728,18.176178032009215,12.990024943341457,24.475268815205986,median-range,5,9999456
0830-172041__NetHackChallenge-v0__exp2/NetHackChallenge-v0__both__grammar__n16__os0__max_episode_steps5000__discountprimitive__ent_coef0.01__exp2,0830-172041__NetHackChallenge-v0__exp2,NetHackChallenge-v0,both,grammar,0,10000000,5000,0,0.999,primitive,exp2,16,109553.25990213203,18.98961035975135,12.713430707542647,24.344300637950642,median-range,5,9999456
0830-172041__NetHackChallenge-v0__exp2/NetHackChallenge-v0__both__grammar__n16__os0__max_episode_steps5000__discountprimitive__ent_coef0.01__exp2,0830-172041__NetHackChallenge-v0__exp2,NetHackChallenge-v0,both,grammar,0,10000000,5000,0,0.999,primitive,exp2,16,113041.74530842526,19.230828669127412,13.216200648254146,24.66899424296826,median-range,5,9999456
0830-172041__NetHackChallenge-v0__exp2/NetHackChallenge-v0__both__grammar__n16__os0__max_episode_steps5000__discountprimitive__ent_coef0.01__exp2,0830-172041__NetHackChallenge-v0__exp2,NetHackChallenge-v0,both,grammar,0,10000000,5000,0,0.999,primitive,exp2,16,116641.3139489444,18.803596925748938,13.471739402308616,24.589287568818772,median-range,5,9999456
0830-172041__NetHackChallenge-v0__exp2/NetHackChallenge-v0__both__grammar__n16__os0__max_episode_steps5000__discountprimitive__ent_coef0.01__exp2,0830-172041__NetHackChallenge-v0__exp2,NetHackChallenge-v0,both,grammar,0,10000000,5000,0,0.999,primitive,exp2,16,120355.5030278021,18.750715167382005,14.324905294251446,24.62954716254555,median-range,5,9999456
0830-172041__NetHackChallenge-v0__exp2/NetHackChallenge-v0__both__grammar__n16__os0__max_episode_steps5000__discountprimitive__ent_coef0.01__exp2,0830-172041__NetHackChallenge-v0__exp2,NetHackChallenge-v0,both,grammar,0,10000000,5000,0,0.999,primitive,exp2,16,124187.96238368656,21.01255950375979,14.926329290334316,23.84976972614312,median-range,5,9999456
0830-172041__NetHackChallenge-v0__exp2/NetHackChallenge-v0__both__grammar__n16__os0__max_episode_steps5000__discountprimitive__ent_coef0.01__exp2,0830-172041__NetHackChallenge-v0__exp2,NetHackChallenge-v0,both,grammar,0,10000000,5000,0,0.999,primitive,exp2,16,128142.45807646494,21.348955366593767,15.265660214957895,23.427759951761992,median-range,5,9999456
0830-172041__NetHackChallenge-v0__exp2/NetHackChallenge-v0__both__grammar__n16__os0__max_episode_steps5000__discountprimitive__ent_coef0.01__exp2,0830-172041__NetHackChallenge-v0__exp2,NetHackChallenge-v0,both,grammar,0,10000000,5000,0,0.999,primitive,exp2,16,132222.87608799315,20.789978712205478,15.565557332183431,23.735132634407556,median-range,5,9999456
0830-172041__NetHackChallenge-v0__exp2/NetHackChallenge-v0__both__grammar__n16__os0__max_episode_steps5000__discountprimitive__ent_coef0.01__exp2,0830-172041__NetHackChallenge-v0__exp2,NetHackChallenge-v0,both,grammar,0,10000000,5000,0,0.999,primitive,exp2,16,136433.2261407724,20.76904437904682,17.29188936472328,23.488288710341685,median-range,5,9999456
0830-172041__NetHackChallenge-v0__exp2/NetHackChallenge-v0__both__grammar__n16__os0__max_episode_steps5000__discountprimitive__ent_coef0.01__exp2,0830-172041__NetHackChallenge-v0__exp2,NetHackChallenge-v0,both,grammar,0,10000000,5000,0,0.999,primitive,exp2,16,140777.6456382001,19.74456960511948,17.393914891193933,23.172114543699607,median-range,5,9999456
0830-172041__NetHackChallenge-v0__exp2/NetHackChallenge-v0__both__grammar__n16__os0__max_episode_steps5000__discountprimitive__ent_coef0.01__exp2,0830-172041__NetHackChallenge-v0__exp2,NetHackChallenge-v0,both,grammar,0,10000000,5000,0,0.999,primitive,exp2,16,145260.40373029065,19.146682615747256,16.44988025927121,22.25926761600105,median-range,5,9999456
0830-172041__NetHackChallenge-v0__exp2/NetHackChallenge-v0__both__grammar__n16__os0__max_episode_steps5000__discountprimitive__ent_coef0.01__exp2,0830-172041__NetHackChallenge-v0__exp2,NetHackChallenge-v0,both,grammar,0,10000000,5000,0,0.999,primitive,exp2,16,149885.9055088603,18.959191396495886,16.34171679231622,21.971867831551535,median-range,5,9999456
0830-172041__NetHackChallenge-v0__exp2/NetHackChallenge-v0__both__grammar__n16__os0__max_episode_steps5000__discountprimitive__ent_coef0.01__exp2,0830-172041__NetHackChallenge-v0__exp2,NetHackChallenge-v0,both,grammar,0,10000000,5000,0,0.999,primitive,exp2,16,154658.69633629717,18.910595862345307,16.230109094890103,22.41698091179682,median-range,5,9999456
0830-172041__NetHackChallenge-v0__exp2/NetHackChallenge-v0__both__grammar__n16__os0__max_episode_steps5000__discountprimitive__ent_coef0.01__exp2,0830-172041__NetHackChallenge-v0__exp2,NetHackChallenge-v0,both,grammar,0,10000000,5000,0,0.999,primitive,exp2,16,159583.46631217454,19.866399441758187,16.73562940243458,23.294471116654062,median-range,5,9999456
0830-172041__NetHackChallenge-v0__exp2/NetHackChallenge-v0__both__grammar__n16__os0__max_episode_steps5000__discountprimitive__ent_coef0.01__exp2,0830-172041__NetHackChallenge-v0__exp2,NetHackChallenge-v0,both,grammar,0,10000000,5000,0,0.999,primitive,exp2,16,164665.05488209048,19.640782806080676,16.154703122407682,23.165269642595497,median-range,5,9999456
0830-172041__NetHackChallenge-v0__exp2/NetHackChallenge-v0__both__grammar__n16__os0__max_episode_steps5000__discountprimitive__ent_coef0.01__exp2,0830-172041__NetHackChallenge-v0__exp2,NetHackChallenge-v0,both,grammar,0,10000000,5000,0,0.999,primitive,exp2,16,169908.45559326827,19.286283727701715,15.710226899177998,23.11618527314276,median-range,5,9999456
0830-172041__NetHackChallenge-v0__exp2/NetHackChallenge-v0__both__grammar__n16__os0__max_episode_steps5000__discountprimitive__ent_coef0.01__exp2,0830-172041__NetHackChallenge-v0__exp2,NetHackChallenge-v0,both,grammar,0,10000000,5000,0,0.999,primitive,exp2,16,175318.821001586,18.862891907076676,15.452876491954491,22.867877579931246,median-range,5,9999456
0830-172041__NetHackChallenge-v0__exp2/NetHackChallenge-v0__both__grammar__n16__os0__max_episode_steps5000__discountprimitive__ent_coef0.01__exp2,0830-172041__NetHackChallenge-v0__exp2,NetHackChallenge-v0,both,grammar,0,10000000,5000,0,0.999,primitive,exp2,16,180901.46773486378,18.618595931323206,15.3018377729635,23.629872578560953,median-range,5,9999456
0830-172041__NetHackChallenge-v0__exp2/NetHackChallenge-v0__both__grammar__n16__os0__max_episode_steps5000__discountprimitive__ent_coef0.01__exp2,0830-172041__NetHackChallenge-v0__exp2,NetHackChallenge-v0,both,grammar,0,10000000,5000,0,0.999,primitive,exp2,16,186661.88171737653,19.079962976660926,17.013876317693313,22.642967567992248,median-range,5,9999456
0830-172041__NetHackChallenge-v0__exp2/NetHackChallenge-v0__both__grammar__n16__os0__max_episode_steps5000__discountprimitive__ent_coef0.01__exp2,0830-172041__NetHackChallenge-v0__exp2,NetHackChallenge-v0,both,grammar,0,10000000,5000,0,0.999,primitive,exp2,16,192605.7235607325,18.87680728186807,16.941316679987793,23.46666892180766,median-range,5,9999456
0830-172041__NetHackChallenge-v0__exp2/NetHackChallenge-v0__both__grammar__n16__os0__max_episode_steps5000__discountprimitive__ent_coef0.01__exp2,0830-172041__NetHackChallenge-v0__exp2,NetHackChallenge-v0,both,grammar,0,10000000,5000,0,0.999,primitive,exp2,16,198738.83412640984,19.297990755736084,17.239989336088602,22.032050839326573,median-range,5,9999456
0830-172041__NetHackChallenge-v0__exp2/NetHackChallenge-v0__both__grammar__n16__os0__max_episode_steps5000__discountprimitive__ent_coef0.01__exp2,0830-172041__NetHackChallenge-v0__exp2,NetHackChallenge-v0,both,grammar,0,10000000,5000,0,0.999,primitive,exp2,16,205067.24026542442,19.277822765714905,17.091975030205464,21.759074652243466,median-range,5,9999456
0830-172041__NetHackChallenge-v0__exp2/NetHackChallenge-v0__both__grammar__n16__os0__max_episode_steps5000__discountprimitive__ent_coef0.01__exp2,0830-172041__NetHackChallenge-v0__exp2,NetHackChallenge-v0,both,grammar,0,10000000,5000,0,0.999,primitive,exp2,16,211597.1607407606,19.32704929922089,17.631688234460064,21.31242562011709,median-range,5,9999456
0830-172041__NetHackChallenge-v0__exp2/NetHackChallenge-v0__both__grammar__n16__os0__max_episode_steps5000__discountprimitive__ent_coef0.01__exp2,0830-172041__NetHackChallenge-v0__exp2,NetHackChallenge-v0,both,grammar,0,10000000,5000,0,0.999,primitive,exp2,16,218335.01233839124,19.683904287373117,17.374982585508562,21.5362793909783,median-range,5,9999456
0830-172041__NetHackChallenge-v0__exp2/NetHackChallenge-v0__both__grammar__n16__os0__max_episode_steps5000__discountprimitive__ent_coef0.01__exp2,0830-172041__NetHackChallenge-v0__exp2,NetHackChallenge-v0,both,grammar,0,10000000,5000,0,0.999,primitive,exp2,16,225287.4161728896,19.787711702140026,17.953635838791705,21.632317547973727,median-range,5,9999456
0830-172041__NetHackChallenge-v0__exp2/NetHackChallenge-v0__both__grammar__n16__os0__max_episode_steps5000__discountprimitive__ent_coef0.01__exp2,0830-172041__NetHackChallenge-v0__exp2,NetHackChallenge-v0,both,grammar,0,10000000,5000,0,0.999,primitive,exp2,16,232461.20419382773,21.070946292418178,18.25201246819356,21.660227460545077,median-range,5,9999456
0830-172041__NetHackChallenge-v0__exp2/NetHackChallenge-v0__both__grammar__n16__os0__max_episode_steps5000__discountprimitive__ent_coef0.01__exp2,0830-172041__NetHackChallenge-v0__exp2,NetHackChallenge-v0,both,grammar,0,10000000,5000,0,0.999,primitive,exp2,16,239863.42589936126,20.922160151736875,18.25019021432201,23.02632190418737,median-range,5,9999456
0830-172041__NetHackChallenge-v0__exp2/NetHackChallenge-v0__both__grammar__n16__os0__max_episode_steps5000__discountprimitive__ent_coef0.01__exp2,0830-172041__NetHackChallenge-v0__exp2,NetHackChallenge-v0,both,grammar,0,10000000,5000,0,0.999,primitive,exp2,16,247501.35526358944,20.896986935076598,18.585549709199604,23.634450077734122,median-range,5,9999456
0830-172041__NetHackChallenge-v0__exp2/NetHackChallenge-v0__both__grammar__n16__os0__max_episode_steps5000__discountprimitive__ent_coef0.01__exp2,0830-172041__NetHackChallenge-v0__exp2,NetHackChallenge-v0,both,grammar,0,10000000,5000,0,0.999,primitive,exp2,16,255382.49788450403,20.988537197986318,19.1622036863007,24.429668815484465,median-range,5,9999456
0830-172041__NetHackChallenge-v0__exp2/NetHackChallenge-v0__both__grammar__n16__os0__max_episode_steps5000__discountprimitive__ent_coef0.01__exp2,0830-172041__NetHackChallenge-v0__exp2,NetHackChallenge-v0,both,grammar,0,10000000,5000,0,0.999,primitive,exp2,16,263514.59835954907,20.858273119033452,19.642892208242873,24.74750785225746,median-range,5,9999456
0830-172041__NetHackChallenge-v0__exp2/NetHackChallenge-v0__both__grammar__n16__os0__max_episode_steps5000__discountprimitive__ent_coef0.01__exp2,0830-172041__NetHackChallenge-v0__exp2,NetHackChallenge-v0,both,grammar,0,10000000,5000,0,0.999,primitive,exp2,16,271905.64789603685,21.10127510321158,20.351182220111518,23.946698540484228,median-range,5,9999456
0830-172041__NetHackChallenge-v0__exp2/NetHackChallenge-v0__both__grammar__n16__os0__max_episode_steps5000__discountprimitive__ent_coef0.01__exp2,0830-172041__NetHackChallenge-v0__exp2,NetHackChallenge-v0,both,grammar,0,10000000,5000,0,0.999,primitive,exp2,16,280563.89216390613,20.81159662975461,17.711900097155798,23.40391728850126,median-range,5,9999456
0830-172041__NetHackChallenge-v0__exp2/NetHackChallenge-v0__both__grammar__n16__os0__max_episode_steps5000__discountprimitive__ent_coef0.01__exp2,0830-172041__NetHackChallenge-v0__exp2,NetHackChallenge-v0,both,grammar,0,10000000,5000,0,0.999,primitive,exp2,16,289497.83939852996,21.44459215694202,19.951360066634095,22.722255585851684,median-range,5,9999456
0830-172041__NetHackChallenge-v0__exp2/NetHackChallenge-v0__both__grammar__n16__os0__max_episode_steps5000__discountprimitive__ent_coef0.01__exp2,0830-172041__NetHackChallenge-v0__exp2,NetHackChallenge-v0,both,grammar,0,10000000,5000,0,0.999,primitive,exp2,16,298716.26876153913,22.351884585227108,19.58,23.03559956657811,median-range,5,9999456
0830-172041__NetHackChallenge-v0__exp2/NetHackChallenge-v0__both__grammar__n16__os0__max_episode_steps5000__discountprimitive__ent_coef0.01__exp2,0830-172041__NetHackChallenge-v0__exp2,NetHackChallenge-v0,both,grammar,0,10000000,5000,0,0.999,primitive,exp2,16,308228.23896788363,22.57425606560593,19.555810831111664,23.05217136043485,median-range,5,9999456
0830-172041__NetHackChallenge-v0__exp2/NetHackChallenge-v0__both__grammar__n16__os0__max_episode_steps5000__discountprimitive__ent_coef0.01__exp2,0830-172041__NetHackChallenge-v0__exp2,NetHackChallenge-v0,both,grammar,0,10000000,5000,0,0.999,primitive,exp2,16,318043.09718759777,22.43049593361687,18.946865960120352,23.934269044422496,median-range,5,9999456
0830-172041__NetHackChallenge-v0__exp2/NetHackChallenge-v0__both__grammar__n16__os0__max_episode_steps5000__discountprimitive__ent_coef0.01__exp2,0830-172041__NetHackChallenge-v0__exp2,NetHackChallenge-v0,both,grammar,0,10000000,5000,0,0.999,primitive,exp2,16,328170.48823102616,22.328152869596604,20.052152688350915,26.1,median-range,5,9999456
0830-172041__NetHackChallenge-v0__exp2/NetHackChallenge-v0__both__grammar__n16__os0__max_episode_steps5000__discountprimitive__ent_coef0.01__exp2,0830-172041__NetHackChallenge-v0__exp2,NetHackChallenge-v0,both,grammar,0,10000000,5000,0,0.999,primitive,exp2,16,338620.36402653274,22.07159476279762,20.157380713481018,26.971516749346836,median-range,5,9999456
0830-172041__NetHackChallenge-v0__exp2/NetHackChallenge-v0__both__grammar__n16__os0__max_episode_steps5000__discountprimitive__ent_coef0.01__exp2,0830-172041__NetHackChallenge-v0__exp2,NetHackChallenge-v0,both,grammar,0,10000000,5000,0,0.999,primitive,exp2,16,349402.993400004,22.1,20.163995311217356,26.757289578105553,median-range,5,9999456
0830-172041__NetHackChallenge-v0__exp2/NetHackChallenge-v0__both__grammar__n16__os0__max_episode_steps5000__discountprimitive__ent_coef0.01__exp2,0830-172041__NetHackChallenge-v0__exp2,NetHackChallenge-v0,both,grammar,0,10000000,5000,0,0.999,primitive,exp2,16,360528.9721657656,22.43,21.021410018662962,27.2833455727895,median-range,5,9999456
0830-172041__NetHackChallenge-v0__exp2/NetHackChallenge-v0__both__grammar__n16__os0__max_episode_steps5000__discountprimitive__ent_coef0.01__exp2,0830-172041__NetHackChallenge-v0__exp2,NetHackChallenge-v0,both,grammar,0,10000000,5000,0,0.999,primitive,exp2,16,372009.23353881575,22.276227547678,20.463549129121695,26.91629007227755,median-range,5,9999456
0830-172041__NetHackChallenge-v0__exp2/NetHackChallenge-v0__both__grammar__n16__os0__max_episode_steps5000__discountprimitive__ent_coef0.01__exp2,0830-172041__NetHackChallenge-v0__exp2,NetHackChallenge-v0,both,grammar,0,10000000,5000,0,0.999,primitive,exp2,16,383855.0588786168,22.51453537040658,20.302991084389145,25.70758170041755,median-range,5,9999456
0830-172041__NetHackChallenge-v0__exp2/NetHackChallenge-v0__both__grammar__n16__os0__max_episode_steps5000__discountprimitive__ent_coef0.01__exp2,0830-172041__NetHackChallenge-v0__exp2,NetHackChallenge-v0,both,grammar,0,10000000,5000,0,0.999,primitive,exp2,16,396078.0887749997,24.05,21.18,26.370764545958732,median-range,5,9999456
0830-172041__NetHackChallenge-v0__exp2/NetHackChallenge-v0__both__grammar__n16__os0__max_episode_steps5000__discountprimitive__ent_coef0.01__exp2,0830-172041__NetHackChallenge-v0__exp2,NetHackChallenge-v0,both,grammar,0,10000000,5000,0,0.999,primitive,exp2,16,408690.3344870711,23.897768568045734,20.242524455778522,26.19673951774101,median-range,5,9999456
0830-172041__NetHackChallenge-v0__exp2/NetHackChallenge-v0__both__grammar__n16__os0__max_episode_steps5000__discountprimitive__ent_coef0.01__exp2,0830-172041__NetHackChallenge-v0__exp2,NetHackChallenge-v0,both,grammar,0,10000000,5000,0,0.999,primitive,exp2,16,421704.1897463749,22.90587884949025,20.050168649216676,26.839545167921823,median-range,5,9999456
0830-172041__NetHackChallenge-v0__exp2/NetHackChallenge-v0__both__grammar__n16__os0__max_episode_steps5000__discountprimitive__ent_coef0.01__exp2,0830-172041__NetHackChallenge-v0__exp2,NetHackChallenge-v0,both,grammar,0,10000000,5000,0,0.999,primitive,exp2,16,435132.4429358942,22.734063885584106,19.598401317434174,27.340046242061838,median-range,5,9999456
0830-172041__NetHackChallenge-v0__exp2/NetHackChallenge-v0__both__grammar__n16__os0__max_episode_steps5000__discountprimitive__ent_coef0.01__exp2,0830-172041__NetHackChallenge-v0__exp2,NetHackChallenge-v0,both,grammar,0,10000000,5000,0,0.999,primitive,exp2,16,448988.28965686465,23.26087867292581,20.42,28.30253938869725,median-range,5,9999456
0830-172041__NetHackChallenge-v0__exp2/NetHackChallenge-v0__both__grammar__n16__os0__max_episode_steps5000__discountprimitive__ent_coef0.01__exp2,0830-172041__NetHackChallenge-v0__exp2,NetHackChallenge-v0,both,grammar,0,10000000,5000,0,0.999,primitive,exp2,16,463285.34569576074,23.09995011047517,19.679511603981254,28.69307930186932,median-range,5,9999456
0830-172041__NetHackChallenge-v0__exp2/NetHackChallenge-v0__both__grammar__n16__os0__max_episode_steps5000__discountprimitive__ent_coef0.01__exp2,0830-172041__NetHackChallenge-v0__exp2,NetHackChallenge-v0,both,grammar,0,10000000,5000,0,0.999,primitive,exp2,16,478037.66040417703,22.20066583814464,18.731616172477647,30.274828869643095,median-range,5,9999456
0830-172041__NetHackChallenge-v0__exp2/NetHackChallenge-v0__both__grammar__n16__os0__max_episode_steps5000__discountprimitive__ent_coef0.01__exp2,0830-172041__NetHackChallenge-v0__exp2,NetHackChallenge-v0,both,grammar,0,10000000,5000,0,0.999,primitive,exp2,16,493259.7305047681,21.035137518509746,19.55567543036684,30.066207601142064,median-range,5,9999456
0830-172041__NetHackChallenge-v0__exp2/NetHackChallenge-v0__both__grammar__n16__os0__max_episode_steps5000__discountprimitive__ent_coef0.01__exp2,0830-172041__NetHackChallenge-v0__exp2,NetHackChallenge-v0,both,grammar,0,10000000,5000,0,0.999,primitive,exp2,16,508966.5143368085,20.64224325190154,19.497950826417625,30.570017921143155,median-range,5,9999456
0830-172041__NetHackChallenge-v0__exp2/NetHackChallenge-v0__both__grammar__n16__os0__max_episode_steps5000__discountprimitive__ent_coef0.01__exp2,0830-172041__NetHackChallenge-v0__exp2,NetHackChallenge-v0,both,grammar,0,10000000,5000,0,0.999,primitive,exp2,16,525173.4465553662,22.1968948792837,20.335691286301277,33.036674296183705,median-range,5,9999456
0830-172041__NetHackChallenge-v0__exp2/NetHackChallenge-v0__both__grammar__n16__os0__max_episode_steps5000__discountprimitive__ent_coef0.01__exp2,0830-172041__NetHackChallenge-v0__exp2,NetHackChallenge-v0,both,grammar,0,10000000,5000,0,0.999,primitive,exp2,16,541896.4532985499,23.082335983229495,20.694432415827283,33.46019190587835,median-range,5,9999456
0830-172041__NetHackChallenge-v0__exp2/NetHackChallenge-v0__both__grammar__n16__os0__max_episode_steps5000__discountprimitive__ent_coef0.01__exp2,0830-172041__NetHackChallenge-v0__exp2,NetHackChallenge-v0,both,grammar,0,10000000,5000,0,0.999,primitive,exp2,16,559151.9678377139,21.27789957327611,21.012833523480978,32.33808358006432,median-range,5,9999456
0830-172041__NetHackChallenge-v0__exp2/NetHackChallenge-v0__both__grammar__n16__os0__max_episode_steps5000__discountprimitive__ent_coef0.01__exp2,0830-172041__NetHackChallenge-v0__exp2,NetHackChallenge-v0,both,grammar,0,10000000,5000,0,0.999,primitive,exp2,16,576956.9467260147,20.51500956586755,19.75611531519169,32.87271834635473,median-range,5,9999456
0830-172041__NetHackChallenge-v0__exp2/NetHackChallenge-v0__both__grammar__n16__os0__max_episode_steps5000__discountprimitive__ent_coef0.01__exp2,0830-172041__NetHackChallenge-v0__exp2,NetHackChallenge-v0,both,grammar,0,10000000,5000,0,0.999,primitive,exp2,16,595328.8864611842,20.85746258829111,19.027503929332433,32.24266275543328,median-range,5,9999456
0830-172041__NetHackChallenge-v0__exp2/NetHackChallenge-v0__both__grammar__n16__os0__max_episode_steps5000__discountprimitive__ent_coef0.01__exp2,0830-172041__NetHackChallenge-v0__exp2,NetHackChallenge-v0,both,grammar,0,10000000,5000,0,0.999,primitive,exp2,16,614285.8406788855,22.552677090118117,18.978605382969725,31.523000152821393,median-range,5,9999456
0830-172041__NetHackChallenge-v0__exp2/NetHackChallenge-v0__both__grammar__n16__os0__max_episode_steps5000__discountprimitive__ent_coef0.01__exp2,0830-172041__NetHackChallenge-v0__exp2,NetHackChallenge-v0,both,grammar,0,10000000,5000,0,0.999,primitive,exp2,16,633846.4378935664,22.837378386345105,19.48942589617774,32.536090954299894,median-range,5,9999456
0830-172041__NetHackChallenge-v0__exp2/NetHackChallenge-v0__both__grammar__n16__os0__max_episode_steps5000__discountprimitive__ent_coef0.01__exp2,0830-172041__NetHackChallenge-v0__exp2,NetHackChallenge-v0,both,grammar,0,10000000,5000,0,0.999,primitive,exp2,16,654029.8998042217,24.328443496503052,17.909543620118157,31.34809780086048,median-range,5,9999456
0830-172041__NetHackChallenge-v0__exp2/NetHackChallenge-v0__both__grammar__n16__os0__max_episode_steps5000__discountprimitive__ent_coef0.01__exp2,0830-172041__NetHackChallenge-v0__exp2,NetHackChallenge-v0,both,grammar,0,10000000,5000,0,0.999,primitive,exp2,16,674856.0601830594,23.4943645586576,17.852980027111528,30.661044290994084,median-range,5,9999456
0830-172041__NetHackChallenge-v0__exp2/NetHackChallenge-v0__both__grammar__n16__os0__max_episode_steps5000__discountprimitive__ent_coef0.01__exp2,0830-172041__NetHackChallenge-v0__exp2,NetHackChallenge-v0,both,grammar,0,10000000,5000,0,0.999,primitive,exp2,16,696345.3843656571,23.49398606951166,18.8413691022614,29.01179914244039,median-range,5,9999456
0830-172041__NetHackChallenge-v0__exp2/NetHackChallenge-v0__both__grammar__n16__os0__max_episode_steps5000__discountprimitive__ent_coef0.01__exp2,0830-172041__NetHackChallenge-v0__exp2,NetHackChallenge-v0,both,grammar,0,10000000,5000,0,0.999,primitive,exp2,16,718518.989361705,23.23672807249942,21.34999691643624,28.785474413057003,median-range,5,9999456
0830-172041__NetHackChallenge-v0__exp2/NetHackChallenge-v0__both__grammar__n16__os0__max_episode_steps5000__discountprimitive__ent_coef0.01__exp2,0830-172041__NetHackChallenge-v0__exp2,NetHackChallenge-v0,both,grammar,0,10000000,5000,0,0.999,primitive,exp2,16,741398.6646061664,23.801926114173515,21.751626332275784,27.28803575207863,median-range,5,9999456
0830-172041__NetHackChallenge-v0__exp2/NetHackChallenge-v0__both__grammar__n16__os0__max_episode_steps5000__discountprimitive__ent_coef0.01__exp2,0830-172041__NetHackChallenge-v0__exp2,NetHackChallenge-v0,both,grammar,0,10000000,5000,0,0.999,primitive,exp2,16,765006.8933711941,24.271147537403216,21.156700505812335,26.53008614724892,median-range,5,9999456
0830-172041__NetHackChallenge-v0__exp2/NetHackChallenge-v0__both__grammar__n16__os0__max_episode_steps5000__discountprimitive__ent_coef0.01__exp2,0830-172041__NetHackChallenge-v0__exp2,NetHackChallenge-v0,both,grammar,0,10000000,5000,0,0.999,primitive,exp2,16,789366.8748598618,25.807333021360865,22.491528094185565,27.25359577532896,median-range,5,9999456
0830-172041__NetHackChallenge-v0__exp2/NetHackChallenge-v0__both__grammar__n16__os0__max_episode_steps5000__discountprimitive__ent_coef0.01__exp2,0830-172041__NetHackChallenge-v0__exp2,NetHackChallenge-v0,both,grammar,0,10000000,5000,0,0.999,primitive,exp2,16,814502.5470034373,24.03723399616632,23.12579006041402,27.07863277973446,median-range,5,9999456
0830-172041__NetHackChallenge-v0__exp2/NetHackChallenge-v0__both__grammar__n16__os0__max_episode_steps5000__discountprimitive__ent_coef0.01__exp2,0830-172041__NetHackChallenge-v0__exp2,NetHackChallenge-v0,both,grammar,0,10000000,5000,0,0.999,primitive,exp2,16,840438.6099845705,25.45004593239181,23.085461684398542,26.172935316058485,median-range,5,9999456
0830-172041__NetHackChallenge-v0__exp2/NetHackChallenge-v0__both__grammar__n16__os0__max_episode_steps5000__discountprimitive__ent_coef0.01__exp2,0830-172041__NetHackChallenge-v0__exp2,NetHackChallenge-v0,both,grammar,0,10000000,5000,0,0.999,primitive,exp2,16,867200.5505095323,24.755510256749247,22.66441533593697,28.39290925934953,median-range,5,9999456
0830-172041__NetHackChallenge-v0__exp2/NetHackChallenge-v0__both__grammar__n16__os0__max_episode_steps5000__discountprimitive__ent_coef0.01__exp2,0830-172041__NetHackChallenge-v0__exp2,NetHackChallenge-v0,both,grammar,0,10000000,5000,0,0.999,primitive,exp2,16,894814.6668533518,26.106981615707554,21.999501634319536,28.763803248106594,median-range,5,9999456
0830-172041__NetHackChallenge-v0__exp2/NetHackChallenge-v0__both__grammar__n16__os0__max_episode_steps5000__discountprimitive__ent_coef0.01__exp2,0830-172041__NetHackChallenge-v0__exp2,NetHackChallenge-v0,both,grammar,0,10000000,5000,0,0.999,primitive,exp2,16,923308.0947024513,26.326033812984836,23.467782045770868,27.752498203638346,median-range,5,9999456
0830-172041__NetHackChallenge-v0__exp2/NetHackChallenge-v0__both__grammar__n16__os0__max_episode_steps5000__discountprimitive__ent_coef0.01__exp2,0830-172041__NetHackChallenge-v0__exp2,NetHackChallenge-v0,both,grammar,0,10000000,5000,0,0.999,primitive,exp2,16,952708.8338202037,25.082747526914993,24.315719350699606,26.457029452370033,median-range,5,9999456
0830-172041__NetHackChallenge-v0__exp2/NetHackChallenge-v0__both__grammar__n16__os0__max_episode_steps5000__discountprimitive__ent_coef0.01__exp2,0830-172041__NetHackChallenge-v0__exp2,NetHackChallenge-v0,both,grammar,0,10000000,5000,0,0.999,primitive,exp2,16,983045.7755615761,25.39765684558777,23.53,26.87,median-range,5,9999456
0830-172041__NetHackChallenge-v0__exp2/NetHackChallenge-v0__both__grammar__n16__os0__max_episode_steps5000__discountprimitive__ent_coef0.01__exp2,0830-172041__NetHackChallenge-v0__exp2,NetHackChallenge-v0,both,grammar,0,10000000,5000,0,0.999,primitive,exp2,16,1014348.7312639287,24.772892035303222,22.392280001109487,26.439628301919427,median-range,5,9999456
0830-172041__NetHackChallenge-v0__exp2/NetHackChallenge-v0__both__grammar__n16__os0__max_episode_steps5000__discountprimitive__ent_coef0.01__exp2,0830-172041__NetHackChallenge-v0__exp2,NetHackChallenge-v0,both,grammar,0,10000000,5000,0,0.999,primitive,exp2,16,1046648.4615418557,22.85276294136107,20.449263848220752,27.613116157792017,median-range,5,9999456
0830-172041__NetHackChallenge-v0__exp2/NetHackChallenge-v0__both__grammar__n16__os0__max_episode_steps5000__discountprimitive__ent_coef0.01__exp2,0830-172041__NetHackChallenge-v0__exp2,NetHackChallenge-v0,both,grammar,0,10000000,5000,0,0.999,primitive,exp2,16,1079976.7065148468,25.681959092243385,18.872441146737973,28.807013777538316,median-range,5,9999456
0830-172041__NetHackChallenge-v0__exp2/NetHackChallenge-v0__both__grammar__n16__os0__max_episode_steps5000__discountprimitive__ent_coef0.01__exp2,0830-172041__NetHackChallenge-v0__exp2,NetHackChallenge-v0,both,grammar,0,10000000,5000,0,0.999,primitive,exp2,16,1114366.2169975042,26.00388899132699,16.38714598664813,27.441405539316467,median-range,5,9999456
0830-172041__NetHackChallenge-v0__exp2/NetHackChallenge-v0__both__grammar__n16__os0__max_episode_steps5000__discountprimitive__ent_coef0.01__exp2,0830-172041__NetHackChallenge-v0__exp2,NetHackChallenge-v0,both,grammar,0,10000000,5000,0,0.999,primitive,exp2,16,1149850.7866829252,25.380269429612973,17.335083109733045,29.465169154546537,median-range,5,9999456
0830-172041__NetHackChallenge-v0__exp2/NetHackChallenge-v0__both__grammar__n16__os0__max_episode_steps5000__discountprimitive__ent_coef0.01__exp2,0830-172041__NetHackChallenge-v0__exp2,NetHackChallenge-v0,both,grammar,0,10000000,5000,0,0.999,primitive,exp2,16,1186465.2853508932,27.020008004976415,18.93987057472901,30.49161733396047,median-range,5,9999456
0830-172041__NetHackChallenge-v0__exp2/NetHackChallenge-v0__both__grammar__n16__os0__max_episode_steps5000__discountprimitive__ent_coef0.01__exp2,0830-172041__NetHackChallenge-v0__exp2,NetHackChallenge-v0,both,grammar,0,10000000,5000,0,0.999,primitive,exp2,16,1224245.6931335335,25.637280239025433,21.285316331617356,32.75,median-range,5,9999456
0830-172041__NetHackChallenge-v0__exp2/NetHackChallenge-v0__both__grammar__n16__os0__max_episode_steps5000__discountprimitive__ent_coef0.01__exp2,0830-172041__NetHackChallenge-v0__exp2,NetHackChallenge-v0,both,grammar,0,10000000,5000,0,0.999,primitive,exp2,16,1263229.13587206,24.00576018910567,20.955281166356333,30.889917998597166,median-range,5,9999456
0830-172041__NetHackChallenge-v0__exp2/NetHackChallenge-v0__both__grammar__n16__os0__max_episode_steps5000__discountprimitive__ent_coef0.01__exp2,0830-172041__NetHackChallenge-v0__exp2,NetHackChallenge-v0,both,grammar,0,10000000,5000,0,0.999,primitive,exp2,16,1303453.9215993928,25.198656302322586,20.379056157888076,32.5672608541835,median-range,5,9999456
0830-172041__NetHackChallenge-v0__exp2/NetHackChallenge-v0__both__grammar__n16__os0__max_episode_steps5000__discountprimitive__ent_coef0.01__exp2,0830-172041__NetHackChallenge-v0__exp2,NetHackChallenge-v0,both,grammar,0,10000000,5000,0,0.999,primitive,exp2,16,1344959.578184487,25.708215665750405,20.073110982603954,32.06054360207151,median-range,5,9999456
0830-172041__NetHackChallenge-v0__exp2/NetHackChallenge-v0__both__grammar__n16__os0__max_episode_steps5000__discountprimitive__ent_coef0.01__exp2,0830-172041__NetHackChallenge-v0__exp2,NetHackChallenge-v0,both,grammar,0,10000000,5000,0,0.999,primitive,exp2,16,1387786.8921753468,26.79104100499602,19.981119419750538,31.97218938092624,median-range,5,9999456
0830-172041__NetHackChallenge-v0__exp2/NetHackChallenge-v0__both__grammar__n16__os0__max_episode_steps5000__discountprimitive__ent_coef0.01__exp2,0830-172041__NetHackChallenge-v0__exp2,NetHackChallenge-v0,both,grammar,0,10000000,5000,0,0.999,primitive,exp2,16,1431977.9488789411,24.899914465796204,21.70651921795887,32.54691049599548,median-range,5,9999456
0830-172041__NetHackChallenge-v0__exp2/NetHackChallenge-v0__both__grammar__n16__os0__max_episode_steps5000__discountprimitive__ent_coef0.01__exp2,0830-172041__NetHackChallenge-v0__exp2,NetHackChallenge-v0,both,grammar,0,10000000,5000,0,0.999,primitive,exp2,16,1477576.1737173484,26.10231384369675,21.754813251555117,29.274718137763774,median-range,5,9999456
0830-172041__NetHackChallenge-v0__exp2/NetHackChallenge-v0__both__grammar__n16__os0__max_episode_steps5000__discountprimitive__ent_coef0.01__exp2,0830-172041__NetHackChallenge-v0__exp2,NetHackChallenge-v0,both,grammar,0,10000000,5000,0,0.999,primitive,exp2,16,1524626.3749008118,25.77719921180652,20.564503031902923,26.635819456923766,median-range,5,9999456
0830-172041__NetHackChallenge-v0__exp2/NetHackChallenge-v0__both__grammar__n16__os0__max_episode_steps5000__discountprimitive__ent_coef0.01__exp2,0830-172041__NetHackChallenge-v0__exp2,NetHackChallenge-v0,both,grammar,0,10000000,5000,0,0.999,primitive,exp2,16,1573174.7874596247,25.495102205066146,20.071479930709465,28.254443599113284,median-range,5,9999456
0830-172041__NetHackChallenge-v0__exp2/NetHackChallenge-v0__both__grammar__n16__os0__max_episode_steps5000__discountprimitive__ent_coef0.01__exp2,0830-172041__NetHackChallenge-v0__exp2,NetHackChallenge-v0,both,grammar,0,10000000,5000,0,0.999,primitive,exp2,16,1623269.1186781023,26.167065890681375,22.07036352463506,28.069515239550856,median-range,5,9999456
0830-172041__NetHackChallenge-v0__exp2/NetHackChallenge-v0__both__grammar__n16__os0__max_episode_steps5000__discountprimitive__ent_coef0.01__exp2,0830-172041__NetHackChallenge-v0__exp2,NetHackChallenge-v0,both,grammar,0,10000000,5000,0,0.999,primitive,exp2,16,1674958.5949753276,24.410549262445414,21.982794452416936,28.846250487251726,median-range,5,9999456
0830-172041__NetHackChallenge-v0__exp2/NetHackChallenge-v0__both__grammar__n16__os0__max_episode_steps5000__discountprimitive__ent_coef0.01__exp2,0830-172041__NetHackChallenge-v0__exp2,NetHackChallenge-v0,both,grammar,0,10000000,5000,0,0.999,primitive,exp2,16,1728294.0102786883,25.458050349035428,20.4471576258076,27.54214397014819,median-range,5,9999456
0830-172041__NetHackChallenge-v0__exp2/NetHackChallenge-v0__both__grammar__n16__os0__max_episode_steps5000__discountprimitive__ent_coef0.01__exp2,0830-172041__NetHackChallenge-v0__exp2,NetHackChallenge-v0,both,grammar,0,10000000,5000,0,0.999,primitive,exp2,16,1783327.7759377554,27.275782233749005,23.077718520632807,29.96772817019105,median-range,5,9999456
0830-172041__NetHackChallenge-v0__exp2/NetHackChallenge-v0__both__grammar__n16__os0__max_episode_steps5000__discountprimitive__ent_coef0.01__exp2,0830-172041__NetHackChallenge-v0__exp2,NetHackChallenge-v0,both,grammar,0,10000000,5000,0,0.999,primitive,exp2,16,1840113.9722276162,26.684717884932272,23.700465680171902,29.283715709789753,median-range,5,9999456
0830-172041__NetHackChallenge-v0__exp2/NetHackChallenge-v0__both__grammar__n16__os0__max_episode_steps5000__discountprimitive__ent_coef0.01__exp2,0830-172041__NetHackChallenge-v0__exp2,NetHackChallenge-v0,both,grammar,0,10000000,5000,0,0.999,primitive,exp2,16,1898708.4014921293,25.626053953909903,21.9352270991032,29.066905567506982,median-range,5,9999456
0830-172041__NetHackChallenge-v0__exp2/NetHackChallenge-v0__both__grammar__n16__os0__max_episode_steps5000__discountprimitive__ent_coef0.01__exp2,0830-172041__NetHackChallenge-v0__exp2,NetHackChallenge-v0,both,grammar,0,10000000,5000,0,0.999,primitive,exp2,16,1959168.6429795006,25.45381948409741,23.944373929369902,28.133791337460544,median-range,5,9999456
0830-172041__NetHackChallenge-v0__exp2/NetHackChallenge-v0__both__grammar__n16__os0__max_episode_steps5000__discountprimitive__ent_coef0.01__exp2,0830-172041__NetHackChallenge-v0__exp2,NetHackChallenge-v0,both,grammar,0,10000000,5000,0,0.999,primitive,exp2,16,2021554.1094239247,25.607903000141658,22.02527141642461,26.674600439584562,median-range,5,9999456
0830-172041__NetHackChallenge-v0__exp2/NetHackChallenge-v0__both__grammar__n16__os0__max_episode_steps5000__discountprimitive__ent_coef0.01__exp2,0830-172041__NetHackChallenge-v0__exp2,NetHackChallenge-v0,both,grammar,0,10000000,5000,0,0.999,primitive,exp2,16,2085926.1054289492,26.28169789247793,19.542018778013084,28.522181170712887,median-range,5,9999456
0830-172041__NetHackChallenge-v0__exp2/NetHackChallenge-v0__both__grammar__n16__os0__max_episode_steps5000__discountprimitive__ent_coef0.01__exp2,0830-172041__NetHackChallenge-v0__exp2,NetHackChallenge-v0,both,grammar,0,10000000,5000,0,0.999,primitive,exp2,16,2152347.887709965,25.40308893014062,20.341218561933225,29.40060912238446,median-range,5,9999456
0830-172041__NetHackChallenge-v0__exp2/NetHackChallenge-v0__both__grammar__n16__os0__max_episode_steps5000__discountprimitive__ent_coef0.01__exp2,0830-172041__NetHackChallenge-v0__exp2,NetHackChallenge-v0,both,grammar,0,10000000,5000,0,0.999,primitive,exp2,16,2220884.727254948,26.922760947470696,22.716483494358123,27.361828794832153,median-range,5,9999456
0830-172041__NetHackChallenge-v0__exp2/NetHackChallenge-v0__both__grammar__n16__os0__max_episode_steps5000__discountprimitive__ent_coef0.01__exp2,0830-172041__NetHackChallenge-v0__exp2,NetHackChallenge-v0,both,grammar,0,10000000,5000,0,0.999,primitive,exp2,16,2291603.9734645956,26.498641150163834,21.849134456694024,27.58625991855519,median-range,5,9999456
0830-172041__NetHackChallenge-v0__exp2/NetHackChallenge-v0__both__grammar__n16__os0__max_episode_steps5000__discountprimitive__ent_coef0.01__exp2,0830-172041__NetHackChallenge-v0__exp2,NetHackChallenge-v0,both,grammar,0,10000000,5000,0,0.999,primitive,exp2,16,2364575.120334866,27.406787911891847,20.39435638728324,30.690577332266017,median-range,5,9999456
0830-172041__NetHackChallenge-v0__exp2/NetHackChallenge-v0__both__grammar__n16__os0__max_episode_steps5000__discountprimitive__ent_coef0.01__exp2,0830-172041__NetHackChallenge-v0__exp2,NetHackChallenge-v0,both,grammar,0,10000000,5000,0,0.999,primitive,exp2,16,2439869.8747469313,24.630033488845747,20.084549719250663,26.73635444794731,median-range,5,9999456
0830-172041__NetHackChallenge-v0__exp2/NetHackChallenge-v0__both__grammar__n16__os0__max_episode_steps5000__discountprimitive__ent_coef0.01__exp2,0830-172041__NetHackChallenge-v0__exp2,NetHackChallenge-v0,both,grammar,0,10000000,5000,0,0.999,primitive,exp2,16,2517562.2269317294,20.825545970720786,18.769044597669623,26.64148557486323,median-range,5,9999456
0830-172041__NetHackChallenge-v0__exp2/NetHackChallenge-v0__both__grammar__n16__os0__max_episode_steps5000__discountprimitive__ent_coef0.01__exp2,0830-172041__NetHackChallenge-v0__exp2,NetHackChallenge-v0,both,grammar,0,10000000,5000,0,0.999,primitive,exp2,16,2597728.5231782557,23.116430712374676,17.206578410199484,27.417883492981115,median-range,5,9999456
0830-172041__NetHackChallenge-v0__exp2/NetHackChallenge-v0__both__grammar__n16__os0__max_episode_steps5000__discountprimitive__ent_coef0.01__exp2,0830-172041__NetHackChallenge-v0__exp2,NetHackChallenge-v0,both,grammar,0,10000000,5000,0,0.999,primitive,exp2,16,2680447.54085709,23.19312236910801,19.344565001375038,25.94,median-range,5,9999456
0830-172041__NetHackChallenge-v0__exp2/NetHackChallenge-v0__both__grammar__n16__os0__max_episode_steps5000__discountprimitive__ent_coef0.01__exp2,0830-172041__NetHackChallenge-v0__exp2,NetHackChallenge-v0,both,grammar,0,10000000,5000,0,0.999,primitive,exp2,16,2765800.5658329646,22.023783685921842,20.94819278010512,24.629176017162305,median-range,5,9999456
0830-172041__NetHackChallenge-v0__exp2/NetHackChallenge-v0__both__grammar__n16__os0__max_episode_steps5000__discountprimitive__ent_coef0.01__exp2,0830-172041__NetHackChallenge-v0__exp2,NetHackChallenge-v0,both,grammar,0,10000000,5000,0,0.999,primitive,exp2,16,2853871.472342229,22.181076691757966,20.039689817037004,24.42,median-range,5,9999456
0830-172041__NetHackChallenge-v0__exp2/NetHackChallenge-v0__both__grammar__n16__os0__max_episode_steps5000__discountprimitive__ent_coef0.01__exp2,0830-172041__NetHackChallenge-v0__exp2,NetHackChallenge-v0,both,grammar,0,10000000,5000,0,0.999,primitive,exp2,16,2944746.8054139805,21.75353619693264,21.408262444649104,25.6377753350237,median-range,5,9999456
0830-172041__NetHackChallenge-v0__exp2/NetHackChallenge-v0__both__grammar__n16__os0__max_episode_steps5000__discountprimitive__ent_coef0.01__exp2,0830-172041__NetHackChallenge-v0__exp2,NetHackChallenge-v0,both,grammar,0,10000000,5000,0,0.999,primitive,exp2,16,3038515.86591563,22.992165622073863,21.62029653918065,28.98586235890253,median-range,5,9999456
0830-172041__NetHackChallenge-v0__exp2/NetHackChallenge-v0__both__grammar__n16__os0__max_episode_steps5000__discountprimitive__ent_coef0.01__exp2,0830-172041__NetHackChallenge-v0__exp2,NetHackChallenge-v0,both,grammar,0,10000000,5000,0,0.999,primitive,exp2,16,3135270.798306557,21.91173601576633,19.47997571385695,30.042398207169395,median-range,5,9999456
0830-172041__NetHackChallenge-v0__exp2/NetHackChallenge-v0__both__grammar__n16__os0__max_episode_steps5000__discountprimitive__ent_coef0.01__exp2,0830-172041__NetHackChallenge-v0__exp2,NetHackChallenge-v0,both,grammar,0,10000000,5000,0,0.999,primitive,exp2,16,3235106.6811861824,24.45458437513097,19.353914378806962,26.297943797749394,median-range,5,9999456
0830-172041__NetHackChallenge-v0__exp2/NetHackChallenge-v0__both__grammar__n16__os0__max_episode_steps5000__discountprimitive__ent_coef0.01__exp2,0830-172041__NetHackChallenge-v0__exp2,NetHackChallenge-v0,both,grammar,0,10000000,5000,0,0.999,primitive,exp2,16,3338121.6207251935,23.513296017074595,19.708780752441065,29.29457087357691,median-range,5,9999456
0830-172041__NetHackChallenge-v0__exp2/NetHackChallenge-v0__both__grammar__n16__os0__max_episode_steps5000__discountprimitive__ent_coef0.01__exp2,0830-172041__NetHackChallenge-v0__exp2,NetHackChallenge-v0,both,grammar,0,10000000,5000,0,0.999,primitive,exp2,16,3444416.8470720374,24.52888280032286,20.106135468509017,27.610304112956634,median-range,5,9999456
0830-172041__NetHackChallenge-v0__exp2/NetHackChallenge-v0__both__grammar__n16__os0__max_episode_steps5000__discountprimitive__ent_coef0.01__exp2,0830-172041__NetHackChallenge-v0__exp2,NetHackChallenge-v0,both,grammar,0,10000000,5000,0,0.999,primitive,exp2,16,3554096.813829177,23.275492431320743,20.957851346709912,26.325237115556632,median-range,5,9999456
0830-172041__NetHackChallenge-v0__exp2/NetHackChallenge-v0__both__grammar__n16__os0__max_episode_steps5000__discountprimitive__ent_coef0.01__exp2,0830-172041__NetHackChallenge-v0__exp2,NetHackChallenge-v0,both,grammar,0,10000000,5000,0,0.999,primitive,exp2,16,3667269.300696955,25.07420810895087,18.03003070325118,28.71774843100616,median-range,5,9999456
0830-172041__NetHackChallenge-v0__exp2/NetHackChallenge-v0__both__grammar__n16__os0__max_episode_steps5000__discountprimitive__ent_coef0.01__exp2,0830-172041__NetHackChallenge-v0__exp2,NetHackChallenge-v0,both,grammar,0,10000000,5000,0,0.999,primitive,exp2,16,3784045.5193859944,25.955247407436662,19.253161662298638,30.766828113923115,median-range,5,9999456
0830-172041__NetHackChallenge-v0__exp2/NetHackChallenge-v0__both__grammar__n16__os0__max_episode_steps5000__discountprimitive__ent_coef0.01__exp2,0830-172041__NetHackChallenge-v0__exp2,NetHackChallenge-v0,both,grammar,0,10000000,5000,0,0.999,primitive,exp2,16,3904540.222902081,24.754707271421537,20.778624987554306,27.317765139007836,median-range,5,9999456
0830-172041__NetHackChallenge-v0__exp2/NetHackChallenge-v0__both__grammar__n16__os0__max_episode_steps5000__discountprimitive__ent_coef0.01__exp2,0830-172041__NetHackChallenge-v0__exp2,NetHackChallenge-v0,both,grammar,0,10000000,5000,0,0.999,primitive,exp2,16,4028871.81831098,24.27,21.351769391262376,25.81556362160226,median-range,5,9999456
0830-172041__NetHackChallenge-v0__exp2/NetHackChallenge-v0__both__grammar__n16__os0__max_episode_steps5000__discountprimitive__ent_coef0.01__exp2,0830-172041__NetHackChallenge-v0__exp2,NetHackChallenge-v0,both,grammar,0,10000000,5000,0,0.999,primitive,exp2,16,4157162.4830941223,22.94867825850042,17.417441973580456,24.698286754626835,median-range,5,9999456
0830-172041__NetHackChallenge-v0__exp2/NetHackChallenge-v0__both__grammar__n16__os0__max_episode_steps5000__discountprimitive__ent_coef0.01__exp2,0830-172041__NetHackChallenge-v0__exp2,NetHackChallenge-v0,both,grammar,0,10000000,5000,0,0.999,primitive,exp2,16,4289538.285209175,24.71001663149403,17.88594782287676,24.96498116120668,median-range,5,9999456
0830-172041__NetHackChallenge-v0__exp2/NetHackChallenge-v0__both__grammar__n16__os0__max_episode_steps5000__discountprimitive__ent_coef0.01__exp2,0830-172041__NetHackChallenge-v0__exp2,NetHackChallenge-v0,both,grammar,0,10000000,5000,0,0.999,primitive,exp2,16,4426129.306973896,23.218247030026617,21.422106932338895,31.70611500404548,median-range,5,9999456
0830-172041__NetHackChallenge-v0__exp2/NetHackChallenge-v0__both__grammar__n16__os0__max_episode_steps5000__discountprimitive__ent_coef0.01__exp2,0830-172041__NetHackChallenge-v0__exp2,NetHackChallenge-v0,both,grammar,0,10000000,5000,0,0.999,primitive,exp2,16,4567069.77289467,25.971557976589622,21.84,36.27809997812961,median-range,5,9999456
0830-172041__NetHackChallenge-v0__exp2/NetHackChallenge-v0__both__grammar__n16__os0__max_episode_steps5000__discountprimitive__ent_coef0.01__exp2,0830-172041__NetHackChallenge-v0__exp2,NetHackChallenge-v0,both,grammar,0,10000000,5000,0,0.999,primitive,exp2,16,4712498.1815654645,25.59934388592708,21.893935428576174,29.814567797263486,median-range,5,9999456
0830-172041__NetHackChallenge-v0__exp2/NetHackChallenge-v0__both__grammar__n16__os0__max_episode_steps5000__discountprimitive__ent_coef0.01__exp2,0830-172041__NetHackChallenge-v0__exp2,NetHackChallenge-v0,both,grammar,0,10000000,5000,0,0.999,primitive,exp2,16,4862557.441766955,25.21339982504401,23.26378769368526,26.44252718542846,median-range,5,9999456
0830-172041__NetHackChallenge-v0__exp2/NetHackChallenge-v0__both__grammar__n16__os0__max_episode_steps5000__discountprimitive__ent_coef0.01__exp2,0830-172041__NetHackChallenge-v0__exp2,NetHackChallenge-v0,both,grammar,0,10000000,5000,0,0.999,primitive,exp2,16,5017395.012899208,23.390414456799835,20.127343432400682,28.57846919539642,median-range,5,9999456
0830-172041__NetHackChallenge-v0__exp2/NetHackChallenge-v0__both__grammar__n16__os0__max_episode_steps5000__discountprimitive__ent_coef0.01__exp2,0830-172041__NetHackChallenge-v0__exp2,NetHackChallenge-v0,both,grammar,0,10000000,5000,0,0.999,primitive,exp2,16,5177163.049886363,30.0463882987772,23.21821455405831,33.435863982460674,median-range,5,9999456
0830-172041__NetHackChallenge-v0__exp2/NetHackChallenge-v0__both__grammar__n16__os0__max_episode_steps5000__discountprimitive__ent_coef0.01__exp2,0830-172041__NetHackChallenge-v0__exp2,NetHackChallenge-v0,both,grammar,0,10000000,5000,0,0.999,primitive,exp2,16,5342018.552695356,28.18710964457371,24.25844523236058,33.905074943955164,median-range,5,9999456
0830-172041__NetHackChallenge-v0__exp2/NetHackChallenge-v0__both__grammar__n16__os0__max_episode_steps5000__discountprimitive__ent_coef0.01__exp2,0830-172041__NetHackChallenge-v0__exp2,NetHackChallenge-v0,both,grammar,0,10000000,5000,0,0.999,primitive,exp2,16,5512123.520615738,25.715158270238724,24.12526846220828,29.61381871030345,median-range,5,9999456
0830-172041__NetHackChallenge-v0__exp2/NetHackChallenge-v0__both__grammar__n16__os0__max_episode_steps5000__discountprimitive__ent_coef0.01__exp2,0830-172041__NetHackChallenge-v0__exp2,NetHackChallenge-v0,both,grammar,0,10000000,5000,0,0.999,primitive,exp2,16,5687645.111452301,25.483626906034697,20.88462148171758,28.094021436385418,median-range,5,9999456
0830-172041__NetHackChallenge-v0__exp2/NetHackChallenge-v0__both__grammar__n16__os0__max_episode_steps5000__discountprimitive__ent_coef0.01__exp2,0830-172041__NetHackChallenge-v0__exp2,NetHackChallenge-v0,both,grammar,0,10000000,5000,0,0.999,primitive,exp2,16,5868755.805786739,29.363480404363475,23.247540281435125,31.81088620403131,median-range,5,9999456
0830-172041__NetHackChallenge-v0__exp2/NetHackChallenge-v0__both__grammar__n16__os0__max_episode_steps5000__discountprimitive__ent_coef0.01__exp2,0830-172041__NetHackChallenge-v0__exp2,NetHackChallenge-v0,both,grammar,0,10000000,5000,0,0.999,primitive,exp2,16,6055633.5764699215,24.032612302273137,22.1960523924072,30.998655661535565,median-range,5,9999456
0830-172041__NetHackChallenge-v0__exp2/NetHackChallenge-v0__both__grammar__n16__os0__max_episode_steps5000__discountprimitive__ent_coef0.01__exp2,0830-172041__NetHackChallenge-v0__exp2,NetHackChallenge-v0,both,grammar,0,10000000,5000,0,0.999,primitive,exp2,16,6248462.063511272,25.314713594233837,22.66585093931068,33.71183001673775,median-range,5,9999456
0830-172041__NetHackChallenge-v0__exp2/NetHackChallenge-v0__both__grammar__n16__os0__max_episode_steps5000__discountprimitive__ent_coef0.01__exp2,0830-172041__NetHackChallenge-v0__exp2,NetHackChallenge-v0,both,grammar,0,10000000,5000,0,0.999,primitive,exp2,16,6447430.754537067,25.627421978757635,24.948878435067673,28.879320911828763,median-range,5,9999456
0830-172041__NetHackChallenge-v0__exp2/NetHackChallenge-v0__both__grammar__n16__os0__max_episode_steps5000__discountprimitive__ent_coef0.01__exp2,0830-172041__NetHackChallenge-v0__exp2,NetHackChallenge-v0,both,grammar,0,10000000,5000,0,0.999,primitive,exp2,16,6652735.170995157,26.53252436320901,22.87044778074797,31.831926679654874,median-range,5,9999456
0830-172041__NetHackChallenge-v0__exp2/NetHackChallenge-v0__both__grammar__n16__os0__max_episode_steps5000__discountprimitive__ent_coef0.01__exp2,0830-172041__NetHackChallenge-v0__exp2,NetHackChallenge-v0,both,grammar,0,10000000,5000,0,0.999,primitive,exp2,16,6864577.06028886,30.757140326763125,26.29539296481839,33.946068178184845,median-range,5,9999456
0830-172041__NetHackChallenge-v0__exp2/NetHackChallenge-v0__both__grammar__n16__os0__max_episode_steps5000__discountprimitive__ent_coef0.01__exp2,0830-172041__NetHackChallenge-v0__exp2,NetHackChallenge-v0,both,grammar,0,10000000,5000,0,0.999,primitive,exp2,16,7083164.594028925,24.779348517539308,23.838328925209222,31.550762232645358,median-range,5,9999456
0830-172041__NetHackChallenge-v0__exp2/NetHackChallenge-v0__both__grammar__n16__os0__max_episode_steps5000__discountprimitive__ent_coef0.01__exp2,0830-172041__NetHackChallenge-v0__exp2,NetHackChallenge-v0,both,grammar,0,10000000,5000,0,0.999,primitive,exp2,16,7308712.572598603,28.82035590557845,24.537734015934628,34.27012625369489,median-range,5,9999456
0830-172041__NetHackChallenge-v0__exp2/NetHackChallenge-v0__both__grammar__n16__os0__max_episode_steps5000__discountprimitive__ent_coef0.01__exp2,0830-172041__NetHackChallenge-v0__exp2,NetHackChallenge-v0,both,grammar,0,10000000,5000,0,0.999,primitive,exp2,16,7541442.636232299,26.466696719764236,25.631023635165445,32.39129492478851,median-range,5,9999456
0830-172041__NetHackChallenge-v0__exp2/NetHackChallenge-v0__both__grammar__n16__os0__max_episode_steps5000__discountprimitive__ent_coef0.01__exp2,0830-172041__NetHackChallenge-v0__exp2,NetHackChallenge-v0,both,grammar,0,10000000,5000,0,0.999,primitive,exp2,16,7781583.482815924,28.357158201807955,23.67404584666631,34.03074240794615,median-range,5,9999456
0830-172041__NetHackChallenge-v0__exp2/NetHackChallenge-v0__both__grammar__n16__os0__max_episode_steps5000__discountprimitive__ent_coef0.01__exp2,0830-172041__NetHackChallenge-v0__exp2,NetHackChallenge-v0,both,grammar,0,10000000,5000,0,0.999,primitive,exp2,16,8029371.092622406,27.517100333942867,23.830737752285728,29.904958907721173,median-range,5,9999456
0830-172041__NetHackChallenge-v0__exp2/NetHackChallenge-v0__both__grammar__n16__os0__max_episode_steps5000__discountprimitive__ent_coef0.01__exp2,0830-172041__NetHackChallenge-v0__exp2,NetHackChallenge-v0,both,grammar,0,10000000,5000,0,0.999,primitive,exp2,16,8285048.960203405,28.19322410720753,24.4897455348747,29.66979258081763,median-range,5,9999456
0830-172041__NetHackChallenge-v0__exp2/NetHackChallenge-v0__both__grammar__n16__os0__max_episode_steps5000__discountprimitive__ent_coef0.01__exp2,0830-172041__NetHackChallenge-v0__exp2,NetHackChallenge-v0,both,grammar,0,10000000,5000,0,0.999,primitive,exp2,16,8548868.333665371,26.956746038943425,23.759521500847164,32.81343856557201,median-range,5,9999456
0830-172041__NetHackChallenge-v0__exp2/NetHackChallenge-v0__both__grammar__n16__os0__max_episode_steps5000__discountprimitive__ent_coef0.01__exp2,0830-172041__NetHackChallenge-v0__exp2,NetHackChallenge-v0,both,grammar,0,10000000,5000,0,0.999,primitive,exp2,16,8821088.4615644,25.74748212836949,23.250997907948808,33.03502123097648,median-range,5,9999456
0830-172041__NetHackChallenge-v0__exp2/NetHackChallenge-v0__both__grammar__n16__os0__max_episode_steps5000__discountprimitive__ent_coef0.01__exp2,0830-172041__NetHackChallenge-v0__exp2,NetHackChallenge-v0,both,grammar,0,10000000,5000,0,0.999,primitive,exp2,16,9101976.84766335,28.42685048311487,24.609092265597404,30.468186705988757,median-range,5,9999456
0830-172041__NetHackChallenge-v0__exp2/NetHackChallenge-v0__both__grammar__n16__os0__max_episode_steps5000__discountprimitive__ent_coef0.01__exp2,0830-172041__NetHackChallenge-v0__exp2,NetHackChallenge-v0,both,grammar,0,10000000,5000,0,0.999,primitive,exp2,16,9391809.513800899,29.515703301359093,25.93650087649156,31.08625419619669,median-range,5,9999456
0830-172041__NetHackChallenge-v0__exp2/NetHackChallenge-v0__both__grammar__n16__os0__max_episode_steps5000__discountprimitive__ent_coef0.01__exp2,0830-172041__NetHackChallenge-v0__exp2,NetHackChallenge-v0,both,grammar,0,10000000,5000,0,0.999,primitive,exp2,16,9690871.271131067,28.466029410841745,24.05645361210747,33.07140049827296,median-range,5,9999456
0830-172041__NetHackChallenge-v0__exp2/NetHackChallenge-v0__both__grammar__n16__os0__max_episode_steps5000__discountprimitive__ent_coef0.01__exp2,0830-172041__NetHackChallenge-v0__exp2,NetHackChallenge-v0,both,grammar,0,10000000,5000,0,0.999,primitive,exp2,16,9999456.0,25.445483870967742,23.83788888888889,37.845625227852715,median-range,5,9999456
0830-172041__NetHackChallenge-v0__exp2/NetHackChallenge-v0__both__grammar__n227__os0__max_episode_steps5000__discountprimitive__ent_coef0.01__exp2,0830-172041__NetHackChallenge-v0__exp2,NetHackChallenge-v0,both,grammar,0,10000000,5000,0,0.999,primitive,exp2,227,21715.0,14.589636688505063,0.0,30.701673418392456,median-range,5,9998303
0830-172041__NetHackChallenge-v0__exp2/NetHackChallenge-v0__both__grammar__n227__os0__max_episode_steps5000__discountprimitive__ent_coef0.01__exp2,0830-172041__NetHackChallenge-v0__exp2,NetHackChallenge-v0,both,grammar,0,10000000,5000,0,0.999,primitive,exp2,227,22394.56235767122,13.942048974226353,0.9875992741242651,30.621915598047142,median-range,5,9998303
0830-172041__NetHackChallenge-v0__exp2/NetHackChallenge-v0__both__grammar__n227__os0__max_episode_steps5000__discountprimitive__ent_coef0.01__exp2,0830-172041__NetHackChallenge-v0__exp2,NetHackChallenge-v0,both,grammar,0,10000000,5000,0,0.999,primitive,exp2,227,23095.391351214534,13.2741952579254,2.0061050778896337,30.539661788181384,median-range,5,9998303
0830-172041__NetHackChallenge-v0__exp2/NetHackChallenge-v0__both__grammar__n227__os0__max_episode_steps5000__discountprimitive__ent_coef0.01__exp2,0830-172041__NetHackChallenge-v0__exp2,NetHackChallenge-v0,both,grammar,0,10000000,5000,0,0.999,primitive,exp2,227,23818.152511609223,13.884517899842866,3.0564846189476604,30.454833877787884,median-range,5,9998303
0830-172041__NetHackChallenge-v0__exp2/NetHackChallenge-v0__both__grammar__n227__os0__max_episode_steps5000__discountprimitive__ent_coef0.01__exp2,0830-172041__NetHackChallenge-v0__exp2,NetHackChallenge-v0,both,grammar,0,10000000,5000,0,0.999,primitive,exp2,227,24563.532197363853,13.45998338776308,4.1397353733315505,30.367351311406203,median-range,5,9998303
0830-172041__NetHackChallenge-v0__exp2/NetHackChallenge-v0__both__grammar__n227__os0__max_episode_steps5000__discountprimitive__ent_coef0.01__exp2,0830-172041__NetHackChallenge-v0__exp2,NetHackChallenge-v0,both,grammar,0,10000000,5000,0,0.999,primitive,exp2,227,25332.2382463057,12.931257072500784,5.256886032693405,30.277131012624555,median-range,5,9998303
0830-172041__NetHackChallenge-v0__exp2/NetHackChallenge-v0__both__grammar__n227__os0__max_episode_steps5000__discountprimitive__ent_coef0.01__exp2,0830-172041__NetHackChallenge-v0__exp2,NetHackChallenge-v0,both,grammar,0,10000000,5000,0,0.999,primitive,exp2,227,26125.00064776775,12.991085375049687,6.408997481184963,30.184087305187596,median-range,5,9998303
0830-172041__NetHackChallenge-v0__exp2/NetHackChallenge-v0__both__grammar__n227__os0__max_episode_steps5000__discountprimitive__ent_coef0.01__exp2,0830-172041__NetHackChallenge-v0__exp2,NetHackChallenge-v0,both,grammar,0,10000000,5000,0,0.999,primitive,exp2,227,26942.572235810992,13.052785980722494,7.5971638029087085,30.088131831635405,median-range,5,9998303
0830-172041__NetHackChallenge-v0__exp2/NetHackChallenge-v0__both__grammar__n227__os0__max_episode_steps5000__discountprimitive__ent_coef0.01__exp2,0830-172041__NetHackChallenge-v0__exp2,NetHackChallenge-v0,both,grammar,0,10000000,5000,0,0.999,primitive,exp2,227,27785.72940414134,13.116417482506776,8.82251332089745,29.9891734693962,median-range,5,9998303
0830-172041__NetHackChallenge-v0__exp2/NetHackChallenge-v0__both__grammar__n227__os0__max_episode_steps5000__discountprimitive__ent_coef0.01__exp2,0830-172041__NetHackChallenge-v0__exp2,NetHackChallenge-v0,both,grammar,0,10000000,5000,0,0.999,primitive,exp2,227,28655.27284339958,13.182040307034542,10.086209668608387,29.88711824425326,median-range,5,9998303
0830-172041__NetHackChallenge-v0__exp2/NetHackChallenge-v0__both__grammar__n227__os0__max_episode_steps5000__discountprimitive__ent_coef0.01__exp2,0830-172041__NetHackChallenge-v0__exp2,NetHackChallenge-v0,both,grammar,0,10000000,5000,0,0.999,primitive,exp2,227,29552.028301524035,13.249716771965401,9.74280697937995,29.78186924110383,median-range,5,9998303
0830-172041__NetHackChallenge-v0__exp2/NetHackChallenge-v0__both__grammar__n227__os0__max_episode_steps5000__discountprimitive__ent_coef0.01__exp2,0830-172041__NetHackChallenge-v0__exp2,NetHackChallenge-v0,both,grammar,0,10000000,5000,0,0.999,primitive,exp2,227,30476.847367909028,13.319511145165533,8.598633514428563,29.673326511925264,median-range,5,9998303
0830-172041__NetHackChallenge-v0__exp2/NetHackChallenge-v0__both__grammar__n227__os0__max_episode_steps5000__discountprimitive__ent_coef0.01__exp2,0830-172041__NetHackChallenge-v0__exp2,NetHackChallenge-v0,both,grammar,0,10000000,5000,0,0.999,primitive,exp2,227,31430.60828210293,12.92652424250326,7.418653592308145,29.561386980860973,median-range,5,9998303
0830-172041__NetHackChallenge-v0__exp2/NetHackChallenge-v0__both__grammar__n227__os0__max_episode_steps5000__discountprimitive__ent_coef0.01__exp2,0830-172041__NetHackChallenge-v0__exp2,NetHackChallenge-v0,both,grammar,0,10000000,5000,0,0.999,primitive,exp2,227,32414.216767814476,12.574602194125971,8.778068943339928,29.445944346336088,median-range,5,9998303
0830-172041__NetHackChallenge-v0__exp2/NetHackChallenge-v0__both__grammar__n227__os0__max_episode_steps5000__discountprimitive__ent_coef0.01__exp2,0830-172041__NetHackChallenge-v0__exp2,NetHackChallenge-v0,both,grammar,0,10000000,5000,0,0.999,primitive,exp2,227,33428.60689301834,12.289363916659752,10.543829250203528,29.326888980109914,median-range,5,9998303
0830-172041__NetHackChallenge-v0__exp2/NetHackChallenge-v0__both__grammar__n227__os0__max_episode_steps5000__discountprimitive__ent_coef0.01__exp2,0830-172041__NetHackChallenge-v0__exp2,NetHackChallenge-v0,both,grammar,0,10000000,5000,0,0.999,primitive,exp2,227,34474.741956977916,14.456402223845444,10.621746187636676,29.204107823169213,median-range,5,9998303
0830-172041__NetHackChallenge-v0__exp2/NetHackChallenge-v0__both__grammar__n227__os0__max_episode_steps5000__discountprimitive__ent_coef0.01__exp2,0830-172041__NetHackChallenge-v0__exp2,NetHackChallenge-v0,both,grammar,0,10000000,5000,0,0.999,primitive,exp2,227,35553.615405027216,14.092818572937382,10.702101504885837,29.077484278363517,median-range,5,9998303
0830-172041__NetHackChallenge-v0__exp2/NetHackChallenge-v0__both__grammar__n227__os0__max_episode_steps5000__discountprimitive__ent_coef0.01__exp2,0830-172041__NetHackChallenge-v0__exp2,NetHackChallenge-v0,both,grammar,0,10000000,5000,0,0.999,primitive,exp2,227,36666.25177197983,12.947916792162948,10.78497151008532,28.946898099680556,median-range,5,9998303
0830-172041__NetHackChallenge-v0__exp2/NetHackChallenge-v0__both__grammar__n227__os0__max_episode_steps5000__discountprimitive__ent_coef0.01__exp2,0830-172041__NetHackChallenge-v0__exp2,NetHackChallenge-v0,both,grammar,0,10000000,5000,0,0.999,primitive,exp2,227,37813.707655062084,13.238368652967374,10.870434899402394,28.812225278056545,median-range,5,9998303
0830-172041__NetHackChallenge-v0__exp2/NetHackChallenge-v0__both__grammar__n227__os0__max_episode_steps5000__discountprimitive__ent_coef0.01__exp2,0830-172041__NetHackChallenge-v0__exp2,NetHackChallenge-v0,both,grammar,0,10000000,5000,0,0.999,primitive,exp2,227,38997.07271729391,13.755202559417086,11.279414121198798,28.67333792361295,median-range,5,9998303
0830-172041__NetHackChallenge-v0__exp2/NetHackChallenge-v0__both__grammar__n227__os0__max_episode_steps5000__discountprimitive__ent_coef0.01__exp2,0830-172041__NetHackChallenge-v0__exp2,NetHackChallenge-v0,both,grammar,0,10000000,5000,0,0.999,primitive,exp2,227,40217.470722269274,14.288210579060047,11.032207590807989,28.530104144207975,median-range,5,9998303
0830-172041__NetHackChallenge-v0__exp2/NetHackChallenge-v0__both__grammar__n227__os0__max_episode_steps5000__discountprimitive__ent_coef0.01__exp2,0830-172041__NetHackChallenge-v0__exp2,NetHackChallenge-v0,both,grammar,0,10000000,5000,0,0.999,primitive,exp2,227,41476.06060132046,14.720021694693314,13.342252738948476,28.290773358501344,median-range,5,9998303
0830-172041__NetHackChallenge-v0__exp2/NetHackChallenge-v0__both__grammar__n227__os0__max_episode_steps5000__discountprimitive__ent_coef0.01__exp2,0830-172041__NetHackChallenge-v0__exp2,NetHackChallenge-v0,both,grammar,0,10000000,5000,0,0.999,primitive,exp2,227,42774.03755407881,14.998856099954594,13.188676290189846,27.345997301062457,median-range,5,9998303
0830-172041__NetHackChallenge-v0__exp2/NetHackChallenge-v0__both__grammar__n227__os0__max_episode_steps5000__discountprimitive__ent_coef0.01__exp2,0830-172041__NetHackChallenge-v0__exp2,NetHackChallenge-v0,both,grammar,0,10000000,5000,0,0.999,primitive,exp2,227,44112.63418347631,15.5890465002212,12.752405102758203,26.371654849653304,median-range,5,9998303
0830-172041__NetHackChallenge-v0__exp2/NetHackChallenge-v0__both__grammar__n227__os0__max_episode_steps5000__discountprimitive__ent_coef0.01__exp2,0830-172041__NetHackChallenge-v0__exp2,NetHackChallenge-v0,both,grammar,0,10000000,5000,0,0.999,primitive,exp2,227,45493.121666267514,15.970151854602769,12.289509930789606,25.366820735639546,median-range,5,9998303
0830-172041__NetHackChallenge-v0__exp2/NetHackChallenge-v0__both__grammar__n227__os0__max_episode_steps5000__discountprimitive__ent_coef0.01__exp2,0830-172041__NetHackChallenge-v0__exp2,NetHackChallenge-v0,both,grammar,0,10000000,5000,0,0.999,primitive,exp2,227,46916.81096018186,14.873445438223838,12.175743302565639,24.5527459334734,median-range,5,9998303
0830-172041__NetHackChallenge-v0__exp2/NetHackChallenge-v0__both__grammar__n227__os0__max_episode_steps5000__discountprimitive__ent_coef0.01__exp2,0830-172041__NetHackChallenge-v0__exp2,NetHackChallenge-v0,both,grammar,0,10000000,5000,0,0.999,primitive,exp2,227,48385.054048854014,15.36711149429411,12.343496096888838,24.88539286821128,median-range,5,9998303
0830-172041__NetHackChallenge-v0__exp2/NetHackChallenge-v0__both__grammar__n227__os0__max_episode_steps5000__discountprimitive__ent_coef0.01__exp2,0830-172041__NetHackChallenge-v0__exp2,NetHackChallenge-v0,both,grammar,0,10000000,5000,0,0.999,primitive,exp2,227,49899.245225712795,14.833962070442475,12.516498648726024,26.799052961463417,median-range,5,9998303
0830-172041__NetHackChallenge-v0__exp2/NetHackChallenge-v0__both__grammar__n227__os0__max_episode_steps5000__discountprimitive__ent_coef0.01__exp2,0830-172041__NetHackChallenge-v0__exp2,NetHackChallenge-v0,both,grammar,0,10000000,5000,0,0.999,primitive,exp2,227,51460.82241804976,14.828041037801807,12.698359857059032,32.58171259724659,median-range,5,9998303
0830-172041__NetHackChallenge-v0__exp2/NetHackChallenge-v0__both__grammar__n227__os0__max_episode_steps5000__discountprimitive__ent_coef0.01__exp2,0830-172041__NetHackChallenge-v0__exp2,NetHackChallenge-v0,both,grammar,0,10000000,5000,0,0.999,primitive,exp2,227,53071.26855252407,15.120760046038201,13.125426143714057,34.596460547442966,median-range,5,9998303
0830-172041__NetHackChallenge-v0__exp2/NetHackChallenge-v0__both__grammar__n227__os0__max_episode_steps5000__discountprimitive__ent_coef0.01__exp2,0830-172041__NetHackChallenge-v0__exp2,NetHackChallenge-v0,both,grammar,0,10000000,5000,0,0.999,primitive,exp2,227,54732.11296339928,14.888999329992245,12.808897098178907,34.52730162321866,median-range,5,9998303
0830-172041__NetHackChallenge-v0__exp2/NetHackChallenge-v0__both__grammar__n227__os0__max_episode_steps5000__discountprimitive__ent_coef0.01__exp2,0830-172041__NetHackChallenge-v0__exp2,NetHackChallenge-v0,both,grammar,0,10000000,5000,0,0.999,primitive,exp2,227,56444.932844851384,15.913908162223503,12.450293402227167,34.455978397746385,median-range,5,9998303
0830-172041__NetHackChallenge-v0__exp2/NetHackChallenge-v0__both__grammar__n227__os0__max_episode_steps5000__discountprimitive__ent_coef0.01__exp2,0830-172041__NetHackChallenge-v0__exp2,NetHackChallenge-v0,both,grammar,0,10000000,5000,0,0.999,primitive,exp2,227,58211.35474872615,18.81262759040358,12.092864910335717,33.81912031516753,median-range,5,9998303
0830-172041__NetHackChallenge-v0__exp2/NetHackChallenge-v0__both__grammar__n227__os0__max_episode_steps5000__discountprimitive__ent_coef0.01__exp2,0830-172041__NetHackChallenge-v0__exp2,NetHackChallenge-v0,both,grammar,0,10000000,5000,0,0.999,primitive,exp2,227,60033.05612916731,18.855181783488668,12.223660284835672,32.49542027562895,median-range,5,9998303
0830-172041__NetHackChallenge-v0__exp2/NetHackChallenge-v0__both__grammar__n227__os0__max_episode_steps5000__discountprimitive__ent_coef0.01__exp2,0830-172041__NetHackChallenge-v0__exp2,NetHackChallenge-v0,both,grammar,0,10000000,5000,0,0.999,primitive,exp2,227,61911.766935584186,19.003433399970415,15.694719511471938,31.665366183110994,median-range,5,9998303
0830-172041__NetHackChallenge-v0__exp2/NetHackChallenge-v0__both__grammar__n227__os0__max_episode_steps5000__discountprimitive__ent_coef0.01__exp2,0830-172041__NetHackChallenge-v0__exp2,NetHackChallenge-v0,both,grammar,0,10000000,5000,0,0.999,primitive,exp2,227,63849.27125547073,19.274404167151467,15.760721531950308,31.05328950396006,median-range,5,9998303
0830-172041__NetHackChallenge-v0__exp2/NetHackChallenge-v0__both__grammar__n227__os0__max_episode_steps5000__discountprimitive__ent_coef0.01__exp2,0830-172041__NetHackChallenge-v0__exp2,NetHackChallenge-v0,both,grammar,0,10000000,5000,0,0.999,primitive,exp2,227,65847.40900863474,19.934232043116726,15.395106822616427,30.422058126620804,median-range,5,9998303
0830-172041__NetHackChallenge-v0__exp2/NetHackChallenge-v0__both__grammar__n227__os0__max_episode_steps5000__discountprimitive__ent_coef0.01__exp2,0830-172041__NetHackChallenge-v0__exp2,NetHackChallenge-v0,both,grammar,0,10000000,5000,0,0.999,primitive,exp2,227,67908.0776944485,21.35880390805187,15.186397423742863,29.9802104679426,median-range,5,9998303
0830-172041__NetHackChallenge-v0__exp2/NetHackChallenge-v0__both__grammar__n227__os0__max_episode_steps5000__discountprimitive__ent_coef0.01__exp2,0830-172041__NetHackChallenge-v0__exp2,NetHackChallenge-v0,both,grammar,0,10000000,5000,0,0.999,primitive,exp2,227,70033.23419377889,22.199343671412194,14.710616175756588,29.58167611557856,median-range,5,9998303
0830-172041__NetHackChallenge-v0__exp2/NetHackChallenge-v0__both__grammar__n227__os0__max_episode_steps5000__discountprimitive__ent_coef0.01__exp2,0830-172041__NetHackChallenge-v0__exp2,NetHackChallenge-v0,both,grammar,0,10000000,5000,0,0.999,primitive,exp2,227,72224.89662730708,24.435846653019222,15.230523958361024,29.039254866057327,median-range,5,9998303
0830-172041__NetHackChallenge-v0__exp2/NetHackChallenge-v0__both__grammar__n227__os0__max_episode_steps5000__discountprimitive__ent_coef0.01__exp2,0830-172041__NetHackChallenge-v0__exp2,NetHackChallenge-v0,both,grammar,0,10000000,5000,0,0.999,primitive,exp2,227,74485.14627200471,24.168514658686938,16.52158414298854,29.99920331152117,median-range,5,9998303
0830-172041__NetHackChallenge-v0__exp2/NetHackChallenge-v0__both__grammar__n227__os0__max_episode_steps5000__discountprimitive__ent_coef0.01__exp2,0830-172041__NetHackChallenge-v0__exp2,NetHackChallenge-v0,both,grammar,0,10000000,5000,0,0.999,primitive,exp2,227,76816.1295375856,23.755916140058034,17.855173082804164,29.442649805576554,median-range,5,9998303
0830-172041__NetHackChallenge-v0__exp2/NetHackChallenge-v0__both__grammar__n227__os0__max_episode_steps5000__discountprimitive__ent_coef0.01__exp2,0830-172041__NetHackChallenge-v0__exp2,NetHackChallenge-v0,both,grammar,0,10000000,5000,0,0.999,primitive,exp2,227,79220.06000480821,23.21967214564215,17.72503752487393,29.38151133378341,median-range,5,9998303
0830-172041__NetHackChallenge-v0__exp2/NetHackChallenge-v0__both__grammar__n227__os0__max_episode_steps5000__discountprimitive__ent_coef0.01__exp2,0830-172041__NetHackChallenge-v0__exp2,NetHackChallenge-v0,both,grammar,0,10000000,5000,0,0.999,primitive,exp2,227,81699.22052756771,24.47562389991246,17.425726377515325,30.279682219946174,median-range,5,9998303
0830-172041__NetHackChallenge-v0__exp2/NetHackChallenge-v0__both__grammar__n227__os0__max_episode_steps5000__discountprimitive__ent_coef0.01__exp2,0830-172041__NetHackChallenge-v0__exp2,NetHackChallenge-v0,both,grammar,0,10000000,5000,0,0.999,primitive,exp2,227,84255.96540077105,24.235122401003455,16.070131837814998,31.124480171082688,median-range,5,9998303
0830-172041__NetHackChallenge-v0__exp2/NetHackChallenge-v0__both__grammar__n227__os0__max_episode_steps5000__discountprimitive__ent_coef0.01__exp2,0830-172041__NetHackChallenge-v0__exp2,NetHackChallenge-v0,both,grammar,0,10000000,5000,0,0.999,primitive,exp2,227,86892.72259605597,24.16281565971903,16.752082124376386,31.770155857594457,median-range,5,9998303
0830-172041__NetHackChallenge-v0__exp2/NetHackChallenge-v0__both__grammar__n227__os0__max_episode_steps5000__discountprimitive__ent_coef0.01__exp2,0830-172041__NetHackChallenge-v0__exp2,NetHackChallenge-v0,both,grammar,0,10000000,5000,0,0.999,primitive,exp2,227,89611.9960674742,23.930447834539812,18.06168518781663,32.752908945171875,median-range,5,9998303
0830-172041__NetHackChallenge-v0__exp2/NetHackChallenge-v0__both__grammar__n227__os0__max_episode_steps5000__discountprimitive__ent_coef0.01__exp2,0830-172041__NetHackChallenge-v0__exp2,NetHackChallenge-v0,both,grammar,0,10000000,5000,0,0.999,primitive,exp2,227,92416.36812933155,24.00248387263347,17.83295651141404,32.262434624873286,median-range,5,9998303
0830-172041__NetHackChallenge-v0__exp2/NetHackChallenge-v0__both__grammar__n227__os0__max_episode_steps5000__discountprimitive__ent_coef0.01__exp2,0830-172041__NetHackChallenge-v0__exp2,NetHackChallenge-v0,both,grammar,0,10000000,5000,0,0.999,primitive,exp2,227,95308.5019084418,25.28417395246693,17.616676327768914,30.42052148019577,median-range,5,9998303
0830-172041__NetHackChallenge-v0__exp2/NetHackChallenge-v0__both__grammar__n227__os0__max_episode_steps5000__discountprimitive__ent_coef0.01__exp2,0830-172041__NetHackChallenge-v0__exp2,NetHackChallenge-v0,both,grammar,0,10000000,5000,0,0.999,primitive,exp2,227,98291.14387312115,25.11195863461483,17.84691511449755,30.188875341658868,median-range,5,9998303
0830-172041__NetHackChallenge-v0__exp2/NetHackChallenge-v0__both__grammar__n227__os0__max_episode_steps5000__discountprimitive__ent_coef0.01__exp2,0830-172041__NetHackChallenge-v0__exp2,NetHackChallenge-v0,both,grammar,0,10000000,5000,0,0.999,primitive,exp2,227,101367.12644132812,24.72481722449448,18.735897158529884,29.949979928608993,median-range,5,9998303
0830-172041__NetHackChallenge-v0__exp2/NetHackChallenge-v0__both__grammar__n227__os0__max_episode_steps5000__discountprimitive__ent_coef0.01__exp2,0830-172041__NetHackChallenge-v0__exp2,NetHackChallenge-v0,both,grammar,0,10000000,5000,0,0.999,primitive,exp2,227,104539.37067042437,24.071878033807224,19.704740907223844,29.70360837786032,median-range,5,9998303
0830-172041__NetHackChallenge-v0__exp2/NetHackChallenge-v0__both__grammar__n227__os0__max_episode_steps5000__discountprimitive__ent_coef0.01__exp2,0830-172041__NetHackChallenge-v0__exp2,NetHackChallenge-v0,both,grammar,0,10000000,5000,0,0.999,primitive,exp2,227,107810.88903110863,23.772331375836007,19.44708284479278,29.40461796617417,median-range,5,9998303
0830-172041__NetHackChallenge-v0__exp2/NetHackChallenge-v0__both__grammar__n227__os0__max_episode_steps5000__discountprimitive__ent_coef0.01__exp2,0830-172041__NetHackChallenge-v0__exp2,NetHackChallenge-v0,both,grammar,0,10000000,5000,0,0.999,primitive,exp2,227,111184.78826816157,23.174239933091275,20.71686350447327,29.74026114738829,median-range,5,9998303
0830-172041__NetHackChallenge-v0__exp2/NetHackChallenge-v0__both__grammar__n227__os0__max_episode_steps5000__discountprimitive__ent_coef0.01__exp2,0830-172041__NetHackChallenge-v0__exp2,NetHackChallenge-v0,both,grammar,0,10000000,5000,0,0.999,primitive,exp2,227,114664.2723507168,23.2969131766108,21.835137830373302,30.08004909284339,median-range,5,9998303
0830-172041__NetHackChallenge-v0__exp2/NetHackChallenge-v0__both__grammar__n227__os0__max_episode_steps5000__discountprimitive__ent_coef0.01__exp2,0830-172041__NetHackChallenge-v0__exp2,NetHackChallenge-v0,both,grammar,0,10000000,5000,0,0.999,primitive,exp2,227,118252.64551485713,23.501835209084092,21.23440665727473,29.980853784846712,median-range,5,9998303
0830-172041__NetHackChallenge-v0__exp2/NetHackChallenge-v0__both__grammar__n227__os0__max_episode_steps5000__discountprimitive__ent_coef0.01__exp2,0830-172041__NetHackChallenge-v0__exp2,NetHackChallenge-v0,both,grammar,0,10000000,5000,0,0.999,primitive,exp2,227,121953.31540143021,23.179492815776374,21.22063850128379,28.530949261727613,median-range,5,9998303
0830-172041__NetHackChallenge-v0__exp2/NetHackChallenge-v0__both__grammar__n227__os0__max_episode_steps5000__discountprimitive__ent_coef0.01__exp2,0830-172041__NetHackChallenge-v0__exp2,NetHackChallenge-v0,both,grammar,0,10000000,5000,0,0.999,primitive,exp2,227,125769.79629205934,24.079365900663912,22.00396929794352,26.647793141436082,median-range,5,9998303
0830-172041__NetHackChallenge-v0__exp2/NetHackChallenge-v0__both__grammar__n227__os0__max_episode_steps5000__discountprimitive__ent_coef0.01__exp2,0830-172041__NetHackChallenge-v0__exp2,NetHackChallenge-v0,both,grammar,0,10000000,5000,0,0.999,primitive,exp2,227,129705.71244642546,23.773668967937333,21.96486796424565,28.592581817413766,median-range,5,9998303
0830-172041__NetHackChallenge-v0__exp2/NetHackChallenge-v0__both__grammar__n227__os0__max_episode_steps5000__discountprimitive__ent_coef0.01__exp2,0830-172041__NetHackChallenge-v0__exp2,NetHackChallenge-v0,both,grammar,0,10000000,5000,0,0.999,primitive,exp2,227,133764.8015439853,23.448298142044518,21.779880698504805,28.017690967149925,median-range,5,9998303
0830-172041__NetHackChallenge-v0__exp2/NetHackChallenge-v0__both__grammar__n227__os0__max_episode_steps5000__discountprimitive__ent_coef0.01__exp2,0830-172041__NetHackChallenge-v0__exp2,NetHackChallenge-v0,both,grammar,0,10000000,5000,0,0.999,primitive,exp2,227,137950.91823340056,24.37646729190235,20.54156449671866,27.7154287283795,median-range,5,9998303
0830-172041__NetHackChallenge-v0__exp2/NetHackChallenge-v0__both__grammar__n227__os0__max_episode_steps5000__discountprimitive__ent_coef0.01__exp2,0830-172041__NetHackChallenge-v0__exp2,NetHackChallenge-v0,both,grammar,0,10000000,5000,0,0.999,primitive,exp2,227,142268.0377930413,24.12148501681707,20.99730648598725,26.541095561566348,median-range,5,9998303
0830-172041__NetHackChallenge-v0__exp2/NetHackChallenge-v0__both__grammar__n227__os0__max_episode_steps5000__discountprimitive__ent_coef0.01__exp2,0830-172041__NetHackChallenge-v0__exp2,NetHackChallenge-v0,both,grammar,0,10000000,5000,0,0.999,primitive,exp2,227,146720.25990604598,25.504916967731283,20.984995769392583,27.98143602033022,median-range,5,9998303
0830-172041__NetHackChallenge-v0__exp2/NetHackChallenge-v0__both__grammar__n227__os0__max_episode_steps5000__discountprimitive__ent_coef0.01__exp2,0830-172041__NetHackChallenge-v0__exp2,NetHackChallenge-v0,both,grammar,0,10000000,5000,0,0.999,primitive,exp2,227,151311.81255351912,24.555398118735567,20.85885791009458,27.49175199050119,median-range,5,9998303
0830-172041__NetHackChallenge-v0__exp2/NetHackChallenge-v0__both__grammar__n227__os0__max_episode_steps5000__discountprimitive__ent_coef0.01__exp2,0830-172041__NetHackChallenge-v0__exp2,NetHackChallenge-v0,both,grammar,0,10000000,5000,0,0.999,primitive,exp2,227,156047.05602956674,24.721308965776128,21.047513986281924,29.443334250912955,median-range,5,9998303
0830-172041__NetHackChallenge-v0__exp2/NetHackChallenge-v0__both__grammar__n227__os0__max_episode_steps5000__discountprimitive__ent_coef0.01__exp2,0830-172041__NetHackChallenge-v0__exp2,NetHackChallenge-v0,both,grammar,0,10000000,5000,0,0.999,primitive,exp2,227,160930.4870819777,24.43966905975583,21.02692040711626,29.708981244291127,median-range,5,9998303
0830-172041__NetHackChallenge-v0__exp2/NetHackChallenge-v0__both__grammar__n227__os0__max_episode_steps5000__discountprimitive__ent_coef0.01__exp2,0830-172041__NetHackChallenge-v0__exp2,NetHackChallenge-v0,both,grammar,0,10000000,5000,0,0.999,primitive,exp2,227,165966.7431824888,23.55388463635706,21.245976528153236,29.33706402772056,median-range,5,9998303
0830-172041__NetHackChallenge-v0__exp2/NetHackChallenge-v0__both__grammar__n227__os0__max_episode_steps5000__discountprimitive__ent_coef0.01__exp2,0830-172041__NetHackChallenge-v0__exp2,NetHackChallenge-v0,both,grammar,0,10000000,5000,0,0.999,primitive,exp2,227,171160.60693068613,24.615037029392656,21.407208553131007,29.271592062234035,median-range,5,9998303
0830-172041__NetHackChallenge-v0__exp2/NetHackChallenge-v0__both__grammar__n227__os0__max_episode_steps5000__discountprimitive__ent_coef0.01__exp2,0830-172041__NetHackChallenge-v0__exp2,NetHackChallenge-v0,both,grammar,0,10000000,5000,0,0.999,primitive,exp2,227,176517.01059572195,24.083970119253667,20.40610545751996,29.70021359246027,median-range,5,9998303
0830-172041__NetHackChallenge-v0__exp2/NetHackChallenge-v0__both__grammar__n227__os0__max_episode_steps5000__discountprimitive__ent_coef0.01__exp2,0830-172041__NetHackChallenge-v0__exp2,NetHackChallenge-v0,both,grammar,0,10000000,5000,0,0.999,primitive,exp2,227,182041.04080016605,24.791567272549507,20.868918928084536,29.392275921001158,median-range,5,9998303
0830-172041__NetHackChallenge-v0__exp2/NetHackChallenge-v0__both__grammar__n227__os0__max_episode_steps5000__discountprimitive__ent_coef0.01__exp2,0830-172041__NetHackChallenge-v0__exp2,NetHackChallenge-v0,both,grammar,0,10000000,5000,0,0.999,primitive,exp2,227,187737.94335043427,24.935647139710483,21.03199993433808,28.647370788217412,median-range,5,9998303
0830-172041__NetHackChallenge-v0__exp2/NetHackChallenge-v0__both__grammar__n227__os0__max_episode_steps5000__discountprimitive__ent_coef0.01__exp2,0830-172041__NetHackChallenge-v0__exp2,NetHackChallenge-v0,both,grammar,0,10000000,5000,0,0.999,primitive,exp2,227,193613.12821838574,25.338288200798875,20.465725410489778,27.84874389621424,median-range,5,9998303
0830-172041__NetHackChallenge-v0__exp2/NetHackChallenge-v0__both__grammar__n227__os0__max_episode_steps5000__discountprimitive__ent_coef0.01__exp2,0830-172041__NetHackChallenge-v0__exp2,NetHackChallenge-v0,both,grammar,0,10000000,5000,0,0.999,primitive,exp2,227,199672.1746788129,24.752028289367463,20.573215537997868,26.776752230786805,median-range,5,9998303
0830-172041__NetHackChallenge-v0__exp2/NetHackChallenge-v0__both__grammar__n227__os0__max_episode_steps5000__discountprimitive__ent_coef0.01__exp2,0830-172041__NetHackChallenge-v0__exp2,NetHackChallenge-v0,both,grammar,0,10000000,5000,0,0.999,primitive,exp2,227,205920.83660771334,24.415407005833963,20.264642519734398,26.157963537826895,median-range,5,9998303
0830-172041__NetHackChallenge-v0__exp2/NetHackChallenge-v0__both__grammar__n227__os0__max_episode_steps5000__discountprimitive__ent_coef0.01__exp2,0830-172041__NetHackChallenge-v0__exp2,NetHackChallenge-v0,both,grammar,0,10000000,5000,0,0.999,primitive,exp2,227,212365.0479463625,24.24341391986607,20.46057422887737,26.687051031553693,median-range,5,9998303
0830-172041__NetHackChallenge-v0__exp2/NetHackChallenge-v0__both__grammar__n227__os0__max_episode_steps5000__discountprimitive__ent_coef0.01__exp2,0830-172041__NetHackChallenge-v0__exp2,NetHackChallenge-v0,both,grammar,0,10000000,5000,0,0.999,primitive,exp2,227,219010.92833638738,24.20018652005747,20.173392781463654,26.734154618016284,median-range,5,9998303
0830-172041__NetHackChallenge-v0__exp2/NetHackChallenge-v0__both__grammar__n227__os0__max_episode_steps5000__discountprimitive__ent_coef0.01__exp2,0830-172041__NetHackChallenge-v0__exp2,NetHackChallenge-v0,both,grammar,0,10000000,5000,0,0.999,primitive,exp2,227,225864.78893118486,24.781391690836315,19.720393778126954,26.475310147709365,median-range,5,9998303
0830-172041__NetHackChallenge-v0__exp2/NetHackChallenge-v0__both__grammar__n227__os0__max_episode_steps5000__discountprimitive__ent_coef0.01__exp2,0830-172041__NetHackChallenge-v0__exp2,NetHackChallenge-v0,both,grammar,0,10000000,5000,0,0.999,primitive,exp2,227,232933.13838920865,24.50359421527162,19.205887995216955,28.567192825545106,median-range,5,9998303
0830-172041__NetHackChallenge-v0__exp2/NetHackChallenge-v0__both__grammar__n227__os0__max_episode_steps5000__discountprimitive__ent_coef0.01__exp2,0830-172041__NetHackChallenge-v0__exp2,NetHackChallenge-v0,both,grammar,0,10000000,5000,0,0.999,primitive,exp2,227,240222.68905480916,25.56634657378111,19.344314337245283,29.23,median-range,5,9998303
0830-172041__NetHackChallenge-v0__exp2/NetHackChallenge-v0__both__grammar__n227__os0__max_episode_steps5000__discountprimitive__ent_coef0.01__exp2,0830-172041__NetHackChallenge-v0__exp2,NetHackChallenge-v0,both,grammar,0,10000000,5000,0,0.999,primitive,exp2,227,247740.36333250685,25.53736824015253,19.814372443252257,29.862867561410315,median-range,5,9998303
0830-172041__NetHackChallenge-v0__exp2/NetHackChallenge-v0__both__grammar__n227__os0__max_episode_steps5000__discountprimitive__ent_coef0.01__exp2,0830-172041__NetHackChallenge-v0__exp2,NetHackChallenge-v0,both,grammar,0,10000000,5000,0,0.999,primitive,exp2,227,255493.30026073902,26.78368370233732,19.960950438658315,29.456113951938995,median-range,5,9998303
0830-172041__NetHackChallenge-v0__exp2/NetHackChallenge-v0__both__grammar__n227__os0__max_episode_steps5000__discountprimitive__ent_coef0.01__exp2,0830-172041__NetHackChallenge-v0__exp2,NetHackChallenge-v0,both,grammar,0,10000000,5000,0,0.999,primitive,exp2,227,263488.8622913348,27.09843926618822,20.95501891832441,31.050989684553898,median-range,5,9998303
0830-172041__NetHackChallenge-v0__exp2/NetHackChallenge-v0__both__grammar__n227__os0__max_episode_steps5000__discountprimitive__ent_coef0.01__exp2,0830-172041__NetHackChallenge-v0__exp2,NetHackChallenge-v0,both,grammar,0,10000000,5000,0,0.999,primitive,exp2,227,271734.6422811485,26.991068949160404,21.455505098405997,29.93204895488868,median-range,5,9998303
0830-172041__NetHackChallenge-v0__exp2/NetHackChallenge-v0__both__grammar__n227__os0__max_episode_steps5000__discountprimitive__ent_coef0.01__exp2,0830-172041__NetHackChallenge-v0__exp2,NetHackChallenge-v0,both,grammar,0,10000000,5000,0,0.999,primitive,exp2,227,280238.4707024936,27.640939866484114,18.892040455923922,33.22116363117387,median-range,5,9998303
0830-172041__NetHackChallenge-v0__exp2/NetHackChallenge-v0__both__grammar__n227__os0__max_episode_steps5000__discountprimitive__ent_coef0.01__exp2,0830-172041__NetHackChallenge-v0__exp2,NetHackChallenge-v0,both,grammar,0,10000000,5000,0,0.999,primitive,exp2,227,289008.42307922686,26.92,19.14999417644573,33.7085368224671,median-range,5,9998303
0830-172041__NetHackChallenge-v0__exp2/NetHackChallenge-v0__both__grammar__n227__os0__max_episode_steps5000__discountprimitive__ent_coef0.01__exp2,0830-172041__NetHackChallenge-v0__exp2,NetHackChallenge-v0,both,grammar,0,10000000,5000,0,0.999,primitive,exp2,227,298052.82765553566,26.08091793341215,19.384928068064095,34.235495069967534,median-range,5,9998303
0830-172041__NetHackChallenge-v0__exp2/NetHackChallenge-v0__both__grammar__n227__os0__max_episode_steps5000__discountprimitive__ent_coef0.01__exp2,0830-172041__NetHackChallenge-v0__exp2,NetHackChallenge-v0,both,grammar,0,10000000,5000,0,0.999,primitive,exp2,227,307380.273304726,26.516111655460573,18.78807273330411,35.30958693572013,median-range,5,9998303
0830-172041__NetHackChallenge-v0__exp2/NetHackChallenge-v0__both__grammar__n227__os0__max_episode_steps5000__discountprimitive__ent_coef0.01__exp2,0830-172041__NetHackChallenge-v0__exp2,NetHackChallenge-v0,both,grammar,0,10000000,5000,0,0.999,primitive,exp2,227,316999.61768550344,28.497726637359165,19.23945498574037,35.17797932527877,median-range,5,9998303
0830-172041__NetHackChallenge-v0__exp2/NetHackChallenge-v0__both__grammar__n227__os0__max_episode_steps5000__discountprimitive__ent_coef0.01__exp2,0830-172041__NetHackChallenge-v0__exp2,NetHackChallenge-v0,both,grammar,0,10000000,5000,0,0.999,primitive,exp2,227,326919.9956535087,27.04957283532014,20.526910689602186,35.273380339509025,median-range,5,9998303
0830-172041__NetHackChallenge-v0__exp2/NetHackChallenge-v0__both__grammar__n227__os0__max_episode_steps5000__discountprimitive__ent_coef0.01__exp2,0830-172041__NetHackChallenge-v0__exp2,NetHackChallenge-v0,both,grammar,0,10000000,5000,0,0.999,primitive,exp2,227,337150.82793608506,26.030235404391256,20.001707586973883,35.77243844053621,median-range,5,9998303
0830-172041__NetHackChallenge-v0__exp2/NetHackChallenge-v0__both__grammar__n227__os0__max_episode_steps5000__discountprimitive__ent_coef0.01__exp2,0830-172041__NetHackChallenge-v0__exp2,NetHackChallenge-v0,both,grammar,0,10000000,5000,0,0.999,primitive,exp2,227,347701.8300785234,26.381414860119264,20.86308978498536,35.98432497359925,median-range,5,9998303
0830-172041__NetHackChallenge-v0__exp2/NetHackChallenge-v0__both__grammar__n227__os0__max_episode_steps5000__discountprimitive__ent_coef0.01__exp2,0830-172041__NetHackChallenge-v0__exp2,NetHackChallenge-v0,both,grammar,0,10000000,5000,0,0.999,primitive,exp2,227,358583.0216702683,26.42334712600607,20.28554135104165,38.541330493578755,median-range,5,9998303
0830-172041__NetHackChallenge-v0__exp2/NetHackChallenge-v0__both__grammar__n227__os0__max_episode_steps5000__discountprimitive__ent_coef0.01__exp2,0830-172041__NetHackChallenge-v0__exp2,NetHackChallenge-v0,both,grammar,0,10000000,5000,0,0.999,primitive,exp2,227,369804.7358598661,26.447173174984073,20.209229714883158,39.06673168452053,median-range,5,9998303
0830-172041__NetHackChallenge-v0__exp2/NetHackChallenge-v0__both__grammar__n227__os0__max_episode_steps5000__discountprimitive__ent_coef0.01__exp2,0830-172041__NetHackChallenge-v0__exp2,NetHackChallenge-v0,both,grammar,0,10000000,5000,0,0.999,primitive,exp2,227,381377.62916766765,24.97472008339655,20.27116326092179,40.19465764570661,median-range,5,9998303
0830-172041__NetHackChallenge-v0__exp2/NetHackChallenge-v0__both__grammar__n227__os0__max_episode_steps5000__discountprimitive__ent_coef0.01__exp2,0830-172041__NetHackChallenge-v0__exp2,NetHackChallenge-v0,both,grammar,0,10000000,5000,0,0.999,primitive,exp2,227,393312.69160562474,23.87651370533935,18.85937378678044,38.162083331768955,median-range,5,9998303
0830-172041__NetHackChallenge-v0__exp2/NetHackChallenge-v0__both__grammar__n227__os0__max_episode_steps5000__discountprimitive__ent_coef0.01__exp2,0830-172041__NetHackChallenge-v0__exp2,NetHackChallenge-v0,both,grammar,0,10000000,5000,0,0.999,primitive,exp2,227,405621.25711377634,25.01108553361838,18.881777151855374,37.281743099682664,median-range,5,9998303
0830-172041__NetHackChallenge-v0__exp2/NetHackChallenge-v0__both__grammar__n227__os0__max_episode_steps5000__discountprimitive__ent_coef0.01__exp2,0830-172041__NetHackChallenge-v0__exp2,NetHackChallenge-v0,both,grammar,0,10000000,5000,0,0.999,primitive,exp2,227,418315.01432334573,24.321347112681728,20.180091402570255,37.893037697302724,median-range,5,9998303
0830-172041__NetHackChallenge-v0__exp2/NetHackChallenge-v0__both__grammar__n227__os0__max_episode_steps5000__discountprimitive__ent_coef0.01__exp2,0830-172041__NetHackChallenge-v0__exp2,NetHackChallenge-v0,both,grammar,0,10000000,5000,0,0.999,primitive,exp2,227,431406.0176566564,24.11,21.059593328484066,36.08212658358856,median-range,5,9998303
0830-172041__NetHackChallenge-v0__exp2/NetHackChallenge-v0__both__grammar__n227__os0__max_episode_steps5000__discountprimitive__ent_coef0.01__exp2,0830-172041__NetHackChallenge-v0__exp2,NetHackChallenge-v0,both,grammar,0,10000000,5000,0,0.999,primitive,exp2,227,444906.69877442234,22.67,21.683746101657867,36.49752297800127,median-range,5,9998303
0830-172041__NetHackChallenge-v0__exp2/NetHackChallenge-v0__both__grammar__n227__os0__max_episode_steps5000__discountprimitive__ent_coef0.01__exp2,0830-172041__NetHackChallenge-v0__exp2,NetHackChallenge-v0,both,grammar,0,10000000,5000,0,0.999,primitive,exp2,227,458829.8783812776,23.349417305662705,20.798058141209484,37.93049836859402,median-range,5,9998303
0830-172041__NetHackChallenge-v0__exp2/NetHackChallenge-v0__both__grammar__n227__os0__max_episode_steps5000__discountprimitive__ent_coef0.01__exp2,0830-172041__NetHackChallenge-v0__exp2,NetHackChallenge-v0,both,grammar,0,10000000,5000,0,0.999,primitive,exp2,227,473188.778400747,23.788279795608194,20.11014486949562,39.03987170681348,median-range,5,9998303
0830-172041__NetHackChallenge-v0__exp2/NetHackChallenge-v0__both__grammar__n227__os0__max_episode_steps5000__discountprimitive__ent_coef0.01__exp2,0830-172041__NetHackChallenge-v0__exp2,NetHackChallenge-v0,both,grammar,0,10000000,5000,0,0.999,primitive,exp2,227,487997.0345312362,24.487170522153185,20.643382831919624,40.70093877318326,median-range,5,9998303
0830-172041__NetHackChallenge-v0__exp2/NetHackChallenge-v0__both__grammar__n227__os0__max_episode_steps5000__discountprimitive__ent_coef0.01__exp2,0830-172041__NetHackChallenge-v0__exp2,NetHackChallenge-v0,both,grammar,0,10000000,5000,0,0.999,primitive,exp2,227,503268.70919495187,23.51191077386497,19.420352006954264,43.18196491031702,median-range,5,9998303
0830-172041__NetHackChallenge-v0__exp2/NetHackChallenge-v0__both__grammar__n227__os0__max_episode_steps5000__discountprimitive__ent_coef0.01__exp2,0830-172041__NetHackChallenge-v0__exp2,NetHackChallenge-v0,both,grammar,0,10000000,5000,0,0.999,primitive,exp2,227,519018.3048920585,22.600961105819582,20.022323900872973,44.06326324682263,median-range,5,9998303
0830-172041__NetHackChallenge-v0__exp2/NetHackChallenge-v0__both__grammar__n227__os0__max_episode_steps5000__discountprimitive__ent_coef0.01__exp2,0830-172041__NetHackChallenge-v0__exp2,NetHackChallenge-v0,both,grammar,0,10000000,5000,0,0.999,primitive,exp2,227,535260.7779727373,23.889687038413708,21.357520364910417,46.469420534367735,median-range,5,9998303
0830-172041__NetHackChallenge-v0__exp2/NetHackChallenge-v0__both__grammar__n227__os0__max_episode_steps5000__discountprimitive__ent_coef0.01__exp2,0830-172041__NetHackChallenge-v0__exp2,NetHackChallenge-v0,both,grammar,0,10000000,5000,0,0.999,primitive,exp2,227,552011.552840252,26.074202999671144,20.17462125989809,48.1876258823369,median-range,5,9998303
0830-172041__NetHackChallenge-v0__exp2/NetHackChallenge-v0__both__grammar__n227__os0__max_episode_steps5000__discountprimitive__ent_coef0.01__exp2,0830-172041__NetHackChallenge-v0__exp2,NetHackChallenge-v0,both,grammar,0,10000000,5000,0,0.999,primitive,exp2,227,569286.5365984776,25.32,21.22995403591753,47.38586462153919,median-range,5,9998303
0830-172041__NetHackChallenge-v0__exp2/NetHackChallenge-v0__both__grammar__n227__os0__max_episode_steps5000__discountprimitive__ent_coef0.01__exp2,0830-172041__NetHackChallenge-v0__exp2,NetHackChallenge-v0,both,grammar,0,10000000,5000,0,0.999,primitive,exp2,227,587102.1341578303,25.657936891502587,21.211050987853667,49.421515715303435,median-range,5,9998303
0830-172041__NetHackChallenge-v0__exp2/NetHackChallenge-v0__both__grammar__n227__os0__max_episode_steps5000__discountprimitive__ent_coef0.01__exp2,0830-172041__NetHackChallenge-v0__exp2,NetHackChallenge-v0,both,grammar,0,10000000,5000,0,0.999,primitive,exp2,227,605475.2638139237,25.189114995573497,20.664647677836854,49.97544126777213,median-range,5,9998303
0830-172041__NetHackChallenge-v0__exp2/NetHackChallenge-v0__both__grammar__n227__os0__max_episode_steps5000__discountprimitive__ent_coef0.01__exp2,0830-172041__NetHackChallenge-v0__exp2,NetHackChallenge-v0,both,grammar,0,10000000,5000,0,0.999,primitive,exp2,227,624423.3733137621,26.0690548061165,22.012286855647318,48.51983266413082,median-range,5,9998303
0830-172041__NetHackChallenge-v0__exp2/NetHackChallenge-v0__both__grammar__n227__os0__max_episode_steps5000__discountprimitive__ent_coef0.01__exp2,0830-172041__NetHackChallenge-v0__exp2,NetHackChallenge-v0,both,grammar,0,10000000,5000,0,0.999,primitive,exp2,227,643964.4564247031,26.8981260308648,21.433021240604376,45.77631109504388,median-range,5,9998303
0830-172041__NetHackChallenge-v0__exp2/NetHackChallenge-v0__both__grammar__n227__os0__max_episode_steps5000__discountprimitive__ent_coef0.01__exp2,0830-172041__NetHackChallenge-v0__exp2,NetHackChallenge-v0,both,grammar,0,10000000,5000,0,0.999,primitive,exp2,227,664117.07002196,26.419426808796675,21.351580135224943,44.04885049995461,median-range,5,9998303
0830-172041__NetHackChallenge-v0__exp2/NetHackChallenge-v0__both__grammar__n227__os0__max_episode_steps5000__discountprimitive__ent_coef0.01__exp2,0830-172041__NetHackChallenge-v0__exp2,NetHackChallenge-v0,both,grammar,0,10000000,5000,0,0.999,primitive,exp2,227,684900.3517108305,25.38010407484103,21.69,44.61517529541651,median-range,5,9998303
0830-172041__NetHackChallenge-v0__exp2/NetHackChallenge-v0__both__grammar__n227__os0__max_episode_steps5000__discountprimitive__ent_coef0.01__exp2,0830-172041__NetHackChallenge-v0__exp2,NetHackChallenge-v0,both,grammar,0,10000000,5000,0,0.999,primitive,exp2,227,706334.0380004208,24.980232394673827,22.99688505884297,44.56946240946337,median-range,5,9998303
0830-172041__NetHackChallenge-v0__exp2/NetHackChallenge-v0__both__grammar__n227__os0__max_episode_steps5000__discountprimitive__ent_coef0.01__exp2,0830-172041__NetHackChallenge-v0__exp2,NetHackChallenge-v0,both,grammar,0,10000000,5000,0,0.999,primitive,exp2,227,728438.4830461033,26.371608213825237,23.539773747155596,45.43609455315187,median-range,5,9998303
0830-172041__NetHackChallenge-v0__exp2/NetHackChallenge-v0__both__grammar__n227__os0__max_episode_steps5000__discountprimitive__ent_coef0.01__exp2,0830-172041__NetHackChallenge-v0__exp2,NetHackChallenge-v0,both,grammar,0,10000000,5000,0,0.999,primitive,exp2,227,751234.6779785104,27.846595895471506,22.6,51.833568419694274,median-range,5,9998303
0830-172041__NetHackChallenge-v0__exp2/NetHackChallenge-v0__both__grammar__n227__os0__max_episode_steps5000__discountprimitive__ent_coef0.01__exp2,0830-172041__NetHackChallenge-v0__exp2,NetHackChallenge-v0,both,grammar,0,10000000,5000,0,0.999,primitive,exp2,227,774744.2708374306,27.778234326687766,22.772136288997764,56.461937059004164,median-range,5,9998303
0830-172041__NetHackChallenge-v0__exp2/NetHackChallenge-v0__both__grammar__n227__os0__max_episode_steps5000__discountprimitive__ent_coef0.01__exp2,0830-172041__NetHackChallenge-v0__exp2,NetHackChallenge-v0,both,grammar,0,10000000,5000,0,0.999,primitive,exp2,227,798989.5871295105,29.222681230041466,24.37548094229017,56.21891710905864,median-range,5,9998303
0830-172041__NetHackChallenge-v0__exp2/NetHackChallenge-v0__both__grammar__n227__os0__max_episode_steps5000__discountprimitive__ent_coef0.01__exp2,0830-172041__NetHackChallenge-v0__exp2,NetHackChallenge-v0,both,grammar,0,10000000,5000,0,0.999,primitive,exp2,227,823993.6510293253,27.514607756411735,22.023026325228162,57.6933805246653,median-range,5,9998303
0830-172041__NetHackChallenge-v0__exp2/NetHackChallenge-v0__both__grammar__n227__os0__max_episode_steps5000__discountprimitive__ent_coef0.01__exp2,0830-172041__NetHackChallenge-v0__exp2,NetHackChallenge-v0,both,grammar,0,10000000,5000,0,0.999,primitive,exp2,227,849780.207243905,29.115479665927886,22.269045577943494,61.21434863143611,median-range,5,9998303
0830-172041__NetHackChallenge-v0__exp2/NetHackChallenge-v0__both__grammar__n227__os0__max_episode_steps5000__discountprimitive__ent_coef0.01__exp2,0830-172041__NetHackChallenge-v0__exp2,NetHackChallenge-v0,both,grammar,0,10000000,5000,0,0.999,primitive,exp2,227,876373.7435615197,32.10317396733841,23.513993880584014,56.20961996619994,median-range,5,9998303
0830-172041__NetHackChallenge-v0__exp2/NetHackChallenge-v0__both__grammar__n227__os0__max_episode_steps5000__discountprimitive__ent_coef0.01__exp2,0830-172041__NetHackChallenge-v0__exp2,NetHackChallenge-v0,both,grammar,0,10000000,5000,0,0.999,primitive,exp2,227,903799.5141061099,30.435993183024593,22.538439562628945,60.890812178964765,median-range,5,9998303
0830-172041__NetHackChallenge-v0__exp2/NetHackChallenge-v0__both__grammar__n227__os0__max_episode_steps5000__discountprimitive__ent_coef0.01__exp2,0830-172041__NetHackChallenge-v0__exp2,NetHackChallenge-v0,both,grammar,0,10000000,5000,0,0.999,primitive,exp2,227,932083.5633194668,30.095449836366452,21.699062529059105,58.91886330884298,median-range,5,9998303
0830-172041__NetHackChallenge-v0__exp2/NetHackChallenge-v0__both__grammar__n227__os0__max_episode_steps5000__discountprimitive__ent_coef0.01__exp2,0830-172041__NetHackChallenge-v0__exp2,NetHackChallenge-v0,both,grammar,0,10000000,5000,0,0.999,primitive,exp2,227,961252.7506939047,28.835142426258084,22.28557978288289,61.34150212684329,median-range,5,9998303
0830-172041__NetHackChallenge-v0__exp2/NetHackChallenge-v0__both__grammar__n227__os0__max_episode_steps5000__discountprimitive__ent_coef0.01__exp2,0830-172041__NetHackChallenge-v0__exp2,NetHackChallenge-v0,both,grammar,0,10000000,5000,0,0.999,primitive,exp2,227,991334.7762789606,29.59515760153132,23.457124797479445,59.2811517175416,median-range,5,9998303
0830-172041__NetHackChallenge-v0__exp2/NetHackChallenge-v0__both__grammar__n227__os0__max_episode_steps5000__discountprimitive__ent_coef0.01__exp2,0830-172041__NetHackChallenge-v0__exp2,NetHackChallenge-v0,both,grammar,0,10000000,5000,0,0.999,primitive,exp2,227,1022358.2069862873,28.711690546946734,23.0437926170006,64.32024891870144,median-range,5,9998303
0830-172041__NetHackChallenge-v0__exp2/NetHackChallenge-v0__both__grammar__n227__os0__max_episode_steps5000__discountprimitive__ent_coef0.01__exp2,0830-172041__NetHackChallenge-v0__exp2,NetHackChallenge-v0,both,grammar,0,10000000,5000,0,0.999,primitive,exp2,227,1054352.5037177685,27.929105626504434,22.679795122793234,65.51171562814277,median-range,5,9998303
0830-172041__NetHackChallenge-v0__exp2/NetHackChallenge-v0__both__grammar__n227__os0__max_episode_steps5000__discountprimitive__ent_coef0.01__exp2,0830-172041__NetHackChallenge-v0__exp2,NetHackChallenge-v0,both,grammar,0,10000000,5000,0,0.999,primitive,exp2,227,1087348.0493425876,30.59206670215722,20.932511097350233,66.28718144707433,median-range,5,9998303
0830-172041__NetHackChallenge-v0__exp2/NetHackChallenge-v0__both__grammar__n227__os0__max_episode_steps5000__discountprimitive__ent_coef0.01__exp2,0830-172041__NetHackChallenge-v0__exp2,NetHackChallenge-v0,both,grammar,0,10000000,5000,0,0.999,primitive,exp2,227,1121376.177549838,32.10155226375165,21.962813767490736,59.58714161067676,median-range,5,9998303
0830-172041__NetHackChallenge-v0__exp2/NetHackChallenge-v0__both__grammar__n227__os0__max_episode_steps5000__discountprimitive__ent_coef0.01__exp2,0830-172041__NetHackChallenge-v0__exp2,NetHackChallenge-v0,both,grammar,0,10000000,5000,0,0.999,primitive,exp2,227,1156469.202604045,35.35274749196833,25.905170491912138,50.12102695172164,median-range,5,9998303
0830-172041__NetHackChallenge-v0__exp2/NetHackChallenge-v0__both__grammar__n227__os0__max_episode_steps5000__discountprimitive__ent_coef0.01__exp2,0830-172041__NetHackChallenge-v0__exp2,NetHackChallenge-v0,both,grammar,0,10000000,5000,0,0.999,primitive,exp2,227,1192660.4500318922,37.45536481641766,27.837845247454716,49.39745563386522,median-range,5,9998303
0830-172041__NetHackChallenge-v0__exp2/NetHackChallenge-v0__both__grammar__n227__os0__max_episode_steps5000__discountprimitive__ent_coef0.01__exp2,0830-172041__NetHackChallenge-v0__exp2,NetHackChallenge-v0,both,grammar,0,10000000,5000,0,0.999,primitive,exp2,227,1229984.2882692802,37.77696640088581,29.3053920501945,49.609879285733896,median-range,5,9998303
0830-172041__NetHackChallenge-v0__exp2/NetHackChallenge-v0__both__grammar__n227__os0__max_episode_steps5000__discountprimitive__ent_coef0.01__exp2,0830-172041__NetHackChallenge-v0__exp2,NetHackChallenge-v0,both,grammar,0,10000000,5000,0,0.999,primitive,exp2,227,1268476.1612987448,37.761676672701434,34.55030739182318,55.649562910250374,median-range,5,9998303
0830-172041__NetHackChallenge-v0__exp2/NetHackChallenge-v0__both__grammar__n227__os0__max_episode_steps5000__discountprimitive__ent_coef0.01__exp2,0830-172041__NetHackChallenge-v0__exp2,NetHackChallenge-v0,both,grammar,0,10000000,5000,0,0.999,primitive,exp2,227,1308172.622308273,35.51811417309152,34.98699223363999,57.18934670715474,median-range,5,9998303
0830-172041__NetHackChallenge-v0__exp2/NetHackChallenge-v0__both__grammar__n227__os0__max_episode_steps5000__discountprimitive__ent_coef0.01__exp2,0830-172041__NetHackChallenge-v0__exp2,NetHackChallenge-v0,both,grammar,0,10000000,5000,0,0.999,primitive,exp2,227,1349111.3684034462,37.87898327025051,32.47801993922356,58.041264940454674,median-range,5,9998303
0830-172041__NetHackChallenge-v0__exp2/NetHackChallenge-v0__both__grammar__n227__os0__max_episode_steps5000__discountprimitive__ent_coef0.01__exp2,0830-172041__NetHackChallenge-v0__exp2,NetHackChallenge-v0,both,grammar,0,10000000,5000,0,0.999,primitive,exp2,227,1391331.2764059,38.87468351947924,32.228893615428966,56.4704181018064,median-range,5,9998303
0830-172041__NetHackChallenge-v0__exp2/NetHackChallenge-v0__both__grammar__n227__os0__max_episode_steps5000__discountprimitive__ent_coef0.01__exp2,0830-172041__NetHackChallenge-v0__exp2,NetHackChallenge-v0,both,grammar,0,10000000,5000,0,0.999,primitive,exp2,227,1434872.4397720539,39.9045163348043,33.17320933318111,54.033927613877374,median-range,5,9998303
0830-172041__NetHackChallenge-v0__exp2/NetHackChallenge-v0__both__grammar__n227__os0__max_episode_steps5000__discountprimitive__ent_coef0.01__exp2,0830-172041__NetHackChallenge-v0__exp2,NetHackChallenge-v0,both,grammar,0,10000000,5000,0,0.999,primitive,exp2,227,1479776.2066672388,39.96423662570238,36.8197798970862,55.07102368198849,median-range,5,9998303
0830-172041__NetHackChallenge-v0__exp2/NetHackChallenge-v0__both__grammar__n227__os0__max_episode_steps5000__discountprimitive__ent_coef0.01__exp2,0830-172041__NetHackChallenge-v0__exp2,NetHackChallenge-v0,both,grammar,0,10000000,5000,0,0.999,primitive,exp2,227,1526085.2192312984,42.900359119001216,39.490745476314,55.94457711380649,median-range,5,9998303
0830-172041__NetHackChallenge-v0__exp2/NetHackChallenge-v0__both__grammar__n227__os0__max_episode_steps5000__discountprimitive__ent_coef0.01__exp2,0830-172041__NetHackChallenge-v0__exp2,NetHackChallenge-v0,both,grammar,0,10000000,5000,0,0.999,primitive,exp2,227,1573843.4540730214,43.49636193768122,38.25598838119971,64.61407906127735,median-range,5,9998303
0830-172041__NetHackChallenge-v0__exp2/NetHackChallenge-v0__both__grammar__n227__os0__max_episode_steps5000__discountprimitive__ent_coef0.01__exp2,0830-172041__NetHackChallenge-v0__exp2,NetHackChallenge-v0,both,grammar,0,10000000,5000,0,0.999,primitive,exp2,227,1623096.2640318146,40.4556822289996,34.92413966267517,64.09417026205409,median-range,5,9998303
0830-172041__NetHackChallenge-v0__exp2/NetHackChallenge-v0__both__grammar__n227__os0__max_episode_steps5000__discountprimitive__ent_coef0.01__exp2,0830-172041__NetHackChallenge-v0__exp2,NetHackChallenge-v0,both,grammar,0,10000000,5000,0,0.999,primitive,exp2,227,1673890.4212463116,38.47364707180514,35.09946488245963,64.23793688995465,median-range,5,9998303
0830-172041__NetHackChallenge-v0__exp2/NetHackChallenge-v0__both__grammar__n227__os0__max_episode_steps5000__discountprimitive__ent_coef0.01__exp2,0830-172041__NetHackChallenge-v0__exp2,NetHackChallenge-v0,both,grammar,0,10000000,5000,0,0.999,primitive,exp2,227,1726274.161570757,40.61960560596619,33.971176566470845,64.50843582170916,median-range,5,9998303
0830-172041__NetHackChallenge-v0__exp2/NetHackChallenge-v0__both__grammar__n227__os0__max_episode_steps5000__discountprimitive__ent_coef0.01__exp2,0830-172041__NetHackChallenge-v0__exp2,NetHackChallenge-v0,both,grammar,0,10000000,5000,0,0.999,primitive,exp2,227,1780297.230381437,43.43603757791509,32.26673885645013,67.41728347216424,median-range,5,9998303
0830-172041__NetHackChallenge-v0__exp2/NetHackChallenge-v0__both__grammar__n227__os0__max_episode_steps5000__discountprimitive__ent_coef0.01__exp2,0830-172041__NetHackChallenge-v0__exp2,NetHackChallenge-v0,both,grammar,0,10000000,5000,0,0.999,primitive,exp2,227,1836010.9298165531,42.568833346126,34.38567390055418,69.02602955025606,median-range,5,9998303
0830-172041__NetHackChallenge-v0__exp2/NetHackChallenge-v0__both__grammar__n227__os0__max_episode_steps5000__discountprimitive__ent_coef0.01__exp2,0830-172041__NetHackChallenge-v0__exp2,NetHackChallenge-v0,both,grammar,0,10000000,5000,0,0.999,primitive,exp2,227,1893468.1674944833,43.16048220657681,37.51419884432311,67.61716737069274,median-range,5,9998303
0830-172041__NetHackChallenge-v0__exp2/NetHackChallenge-v0__both__grammar__n227__os0__max_episode_steps5000__discountprimitive__ent_coef0.01__exp2,0830-172041__NetHackChallenge-v0__exp2,NetHackChallenge-v0,both,grammar,0,10000000,5000,0,0.999,primitive,exp2,227,1952723.5067566498,44.38513755051455,40.73314534489623,67.55666809099337,median-range,5,9998303
0830-172041__NetHackChallenge-v0__exp2/NetHackChallenge-v0__both__grammar__n227__os0__max_episode_steps5000__discountprimitive__ent_coef0.01__exp2,0830-172041__NetHackChallenge-v0__exp2,NetHackChallenge-v0,both,grammar,0,10000000,5000,0,0.999,primitive,exp2,227,2013833.2184827127,46.63414952446639,44.64090834976054,68.19983442960616,median-range,5,9998303
0830-172041__NetHackChallenge-v0__exp2/NetHackChallenge-v0__both__grammar__n227__os0__max_episode_steps5000__discountprimitive__ent_coef0.01__exp2,0830-172041__NetHackChallenge-v0__exp2,NetHackChallenge-v0,both,grammar,0,10000000,5000,0,0.999,primitive,exp2,227,2076855.3345273235,48.577958311195054,41.54256122523601,55.49406970761833,median-range,5,9998303
0830-172041__NetHackChallenge-v0__exp2/NetHackChallenge-v0__both__grammar__n227__os0__max_episode_steps5000__discountprimitive__ent_coef0.01__exp2,0830-172041__NetHackChallenge-v0__exp2,NetHackChallenge-v0,both,grammar,0,10000000,5000,0,0.999,primitive,exp2,227,2141849.702829112,41.62333848101236,38.28921008985548,51.8102749268454,median-range,5,9998303
0830-172041__NetHackChallenge-v0__exp2/NetHackChallenge-v0__both__grammar__n227__os0__max_episode_steps5000__discountprimitive__ent_coef0.01__exp2,0830-172041__NetHackChallenge-v0__exp2,NetHackChallenge-v0,both,grammar,0,10000000,5000,0,0.999,primitive,exp2,227,2208878.044244352,43.96316751578116,38.96379066009671,54.606900924424885,median-range,5,9998303
0830-172041__NetHackChallenge-v0__exp2/NetHackChallenge-v0__both__grammar__n227__os0__max_episode_steps5000__discountprimitive__ent_coef0.01__exp2,0830-172041__NetHackChallenge-v0__exp2,NetHackChallenge-v0,both,grammar,0,10000000,5000,0,0.999,primitive,exp2,227,2278004.0111591513,45.110661601481226,41.65962496096331,54.32358619495194,median-range,5,9998303
0830-172041__NetHackChallenge-v0__exp2/NetHackChallenge-v0__both__grammar__n227__os0__max_episode_steps5000__discountprimitive__ent_coef0.01__exp2,0830-172041__NetHackChallenge-v0__exp2,NetHackChallenge-v0,both,grammar,0,10000000,5000,0,0.999,primitive,exp2,227,2349293.247935932,44.777842356225484,38.41289950656603,54.91856595950068,median-range,5,9998303
0830-172041__NetHackChallenge-v0__exp2/NetHackChallenge-v0__both__grammar__n227__os0__max_episode_steps5000__discountprimitive__ent_coef0.01__exp2,0830-172041__NetHackChallenge-v0__exp2,NetHackChallenge-v0,both,grammar,0,10000000,5000,0,0.999,primitive,exp2,227,2422813.4532515346,47.658757330190575,38.75875732769308,56.06929795541516,median-range,5,9998303
0830-172041__NetHackChallenge-v0__exp2/NetHackChallenge-v0__both__grammar__n227__os0__max_episode_steps5000__discountprimitive__ent_coef0.01__exp2,0830-172041__NetHackChallenge-v0__exp2,NetHackChallenge-v0,both,grammar,0,10000000,5000,0,0.999,primitive,exp2,227,2498634.444386195,41.562977070564806,35.66842864886465,46.11146121115277,median-range,5,9998303
0830-172041__NetHackChallenge-v0__exp2/NetHackChallenge-v0__both__grammar__n227__os0__max_episode_steps5000__discountprimitive__ent_coef0.01__exp2,0830-172041__NetHackChallenge-v0__exp2,NetHackChallenge-v0,both,grammar,0,10000000,5000,0,0.999,primitive,exp2,227,2576828.2235243698,40.484727787093334,34.757874288934076,48.72595056389743,median-range,5,9998303
0830-172041__NetHackChallenge-v0__exp2/NetHackChallenge-v0__both__grammar__n227__os0__max_episode_steps5000__discountprimitive__ent_coef0.01__exp2,0830-172041__NetHackChallenge-v0__exp2,NetHackChallenge-v0,both,grammar,0,10000000,5000,0,0.999,primitive,exp2,227,2657469.0461304924,45.69024676807768,35.087034222404874,50.508969680859416,median-range,5,9998303
0830-172041__NetHackChallenge-v0__exp2/NetHackChallenge-v0__both__grammar__n227__os0__max_episode_steps5000__discountprimitive__ent_coef0.01__exp2,0830-172041__NetHackChallenge-v0__exp2,NetHackChallenge-v0,both,grammar,0,10000000,5000,0,0.999,primitive,exp2,227,2740633.4914644416,40.14626165283333,36.432256795486495,51.839599527149765,median-range,5,9998303
0830-172041__NetHackChallenge-v0__exp2/NetHackChallenge-v0__both__grammar__n227__os0__max_episode_steps5000__discountprimitive__ent_coef0.01__exp2,0830-172041__NetHackChallenge-v0__exp2,NetHackChallenge-v0,both,grammar,0,10000000,5000,0,0.999,primitive,exp2,227,2826400.5353038274,42.46638174840795,36.973319058564606,47.876498445194,median-range,5,9998303
0830-172041__NetHackChallenge-v0__exp2/NetHackChallenge-v0__both__grammar__n227__os0__max_episode_steps5000__discountprimitive__ent_coef0.01__exp2,0830-172041__NetHackChallenge-v0__exp2,NetHackChallenge-v0,both,grammar,0,10000000,5000,0,0.999,primitive,exp2,227,2914851.6249420615,45.73865121020858,39.246275344048016,48.12366321930429,median-range,5,9998303
0830-172041__NetHackChallenge-v0__exp2/NetHackChallenge-v0__both__grammar__n227__os0__max_episode_steps5000__discountprimitive__ent_coef0.01__exp2,0830-172041__NetHackChallenge-v0__exp2,NetHackChallenge-v0,both,grammar,0,10000000,5000,0,0.999,primitive,exp2,227,3006070.756533462,43.86868794087719,40.37805451828732,53.40819960613688,median-range,5,9998303
0830-172041__NetHackChallenge-v0__exp2/NetHackChallenge-v0__both__grammar__n227__os0__max_episode_steps5000__discountprimitive__ent_coef0.01__exp2,0830-172041__NetHackChallenge-v0__exp2,NetHackChallenge-v0,both,grammar,0,10000000,5000,0,0.999,primitive,exp2,227,3100144.55485887,46.55052241410407,39.7369218610074,50.30216780995221,median-range,5,9998303
0830-172041__NetHackChallenge-v0__exp2/NetHackChallenge-v0__both__grammar__n227__os0__max_episode_steps5000__discountprimitive__ent_coef0.01__exp2,0830-172041__NetHackChallenge-v0__exp2,NetHackChallenge-v0,both,grammar,0,10000000,5000,0,0.999,primitive,exp2,227,3197162.355587466,50.107857384087644,42.99203611819895,51.10556925413802,median-range,5,9998303
0830-172041__NetHackChallenge-v0__exp2/NetHackChallenge-v0__both__grammar__n227__os0__max_episode_steps5000__discountprimitive__ent_coef0.01__exp2,0830-172041__NetHackChallenge-v0__exp2,NetHackChallenge-v0,both,grammar,0,10000000,5000,0,0.999,primitive,exp2,227,3297216.2901129406,43.258006526059795,37.58740962588688,53.131609231066584,median-range,5,9998303
0830-172041__NetHackChallenge-v0__exp2/NetHackChallenge-v0__both__grammar__n227__os0__max_episode_steps5000__discountprimitive__ent_coef0.01__exp2,0830-172041__NetHackChallenge-v0__exp2,NetHackChallenge-v0,both,grammar,0,10000000,5000,0,0.999,primitive,exp2,227,3400401.3730446044,45.51526148200552,42.67520392928865,52.85031087877252,median-range,5,9998303
0830-172041__NetHackChallenge-v0__exp2/NetHackChallenge-v0__both__grammar__n227__os0__max_episode_steps5000__discountprimitive__ent_coef0.01__exp2,0830-172041__NetHackChallenge-v0__exp2,NetHackChallenge-v0,both,grammar,0,10000000,5000,0,0.999,primitive,exp2,227,3506815.592436482,44.86716157358605,42.09628667625051,47.8791121239244,median-range,5,9998303
0830-172041__NetHackChallenge-v0__exp2/NetHackChallenge-v0__both__grammar__n227__os0__max_episode_steps5000__discountprimitive__ent_coef0.01__exp2,0830-172041__NetHackChallenge-v0__exp2,NetHackChallenge-v0,both,grammar,0,10000000,5000,0,0.999,primitive,exp2,227,3616560.002840081,49.89356548846214,48.03069619855148,50.232173112188356,median-range,5,9998303
0830-172041__NetHackChallenge-v0__exp2/NetHackChallenge-v0__both__grammar__n227__os0__max_episode_steps5000__discountprimitive__ent_coef0.01__exp2,0830-172041__NetHackChallenge-v0__exp2,NetHackChallenge-v0,both,grammar,0,10000000,5000,0,0.999,primitive,exp2,227,3729738.821269251,47.01543615586113,44.50087146894721,57.847907678440635,median-range,5,9998303
0830-172041__NetHackChallenge-v0__exp2/NetHackChallenge-v0__both__grammar__n227__os0__max_episode_steps5000__discountprimitive__ent_coef0.01__exp2,0830-172041__NetHackChallenge-v0__exp2,NetHackChallenge-v0,both,grammar,0,10000000,5000,0,0.999,primitive,exp2,227,3846459.526168142,48.240648383660336,43.14169377366161,50.555143752786094,median-range,5,9998303
0830-172041__NetHackChallenge-v0__exp2/NetHackChallenge-v0__both__grammar__n227__os0__max_episode_steps5000__discountprimitive__ent_coef0.01__exp2,0830-172041__NetHackChallenge-v0__exp2,NetHackChallenge-v0,both,grammar,0,10000000,5000,0,0.999,primitive,exp2,227,3966832.959476441,45.948166392230576,40.54109043400248,54.79499966930402,median-range,5,9998303
0830-172041__NetHackChallenge-v0__exp2/NetHackChallenge-v0__both__grammar__n227__os0__max_episode_steps5000__discountprimitive__ent_coef0.01__exp2,0830-172041__NetHackChallenge-v0__exp2,NetHackChallenge-v0,both,grammar,0,10000000,5000,0,0.999,primitive,exp2,227,4090973.4318885845,48.96327641033905,42.80130896525903,55.912402390781715,median-range,5,9998303
0830-172041__NetHackChallenge-v0__exp2/NetHackChallenge-v0__both__grammar__n227__os0__max_episode_steps5000__discountprimitive__ent_coef0.01__exp2,0830-172041__NetHackChallenge-v0__exp2,NetHackChallenge-v0,both,grammar,0,10000000,5000,0,0.999,primitive,exp2,227,4218998.831407097,46.32941995095677,45.05368302361409,53.50282868876703,median-range,5,9998303
0830-172041__NetHackChallenge-v0__exp2/NetHackChallenge-v0__both__grammar__n227__os0__max_episode_steps5000__discountprimitive__ent_coef0.01__exp2,0830-172041__NetHackChallenge-v0__exp2,NetHackChallenge-v0,both,grammar,0,10000000,5000,0,0.999,primitive,exp2,227,4351030.735293024,48.84778650681378,46.483676631965935,52.98362524797481,median-range,5,9998303
0830-172041__NetHackChallenge-v0__exp2/NetHackChallenge-v0__both__grammar__n227__os0__max_episode_steps5000__discountprimitive__ent_coef0.01__exp2,0830-172041__NetHackChallenge-v0__exp2,NetHackChallenge-v0,both,grammar,0,10000000,5000,0,0.999,primitive,exp2,227,4487194.525519856,51.48491282845987,50.41718693819723,61.467187245880325,median-range,5,9998303
0830-172041__NetHackChallenge-v0__exp2/NetHackChallenge-v0__both__grammar__n227__os0__max_episode_steps5000__discountprimitive__ent_coef0.01__exp2,0830-172041__NetHackChallenge-v0__exp2,NetHackChallenge-v0,both,grammar,0,10000000,5000,0,0.999,primitive,exp2,227,4627619.507840438,48.26125815935193,42.239974662873756,71.02528319995024,median-range,5,9998303
0830-172041__NetHackChallenge-v0__exp2/NetHackChallenge-v0__both__grammar__n227__os0__max_episode_steps5000__discountprimitive__ent_coef0.01__exp2,0830-172041__NetHackChallenge-v0__exp2,NetHackChallenge-v0,both,grammar,0,10000000,5000,0,0.999,primitive,exp2,227,4772439.034580173,49.274619184815755,46.861464741169705,60.90664917900052,median-range,5,9998303
0830-172041__NetHackChallenge-v0__exp2/NetHackChallenge-v0__both__grammar__n227__os0__max_episode_steps5000__discountprimitive__ent_coef0.01__exp2,0830-172041__NetHackChallenge-v0__exp2,NetHackChallenge-v0,both,grammar,0,10000000,5000,0,0.999,primitive,exp2,227,4921790.631272848,55.89550077592496,46.62955717845695,63.65399603664561,median-range,5,9998303
0830-172041__NetHackChallenge-v0__exp2/NetHackChallenge-v0__both__grammar__n227__os0__max_episode_steps5000__discountprimitive__ent_coef0.01__exp2,0830-172041__NetHackChallenge-v0__exp2,NetHackChallenge-v0,both,grammar,0,10000000,5000,0,0.999,primitive,exp2,227,5075816.1272595795,57.930147523728266,44.129337398797766,59.28040896601436,median-range,5,9998303
0830-172041__NetHackChallenge-v0__exp2/NetHackChallenge-v0__both__grammar__n227__os0__max_episode_steps5000__discountprimitive__ent_coef0.01__exp2,0830-172041__NetHackChallenge-v0__exp2,NetHackChallenge-v0,both,grammar,0,10000000,5000,0,0.999,primitive,exp2,227,5234661.790374757,47.48954752046799,43.84758369600249,64.58106505054243,median-range,5,9998303
0830-172041__NetHackChallenge-v0__exp2/NetHackChallenge-v0__both__grammar__n227__os0__max_episode_steps5000__discountprimitive__ent_coef0.01__exp2,0830-172041__NetHackChallenge-v0__exp2,NetHackChallenge-v0,both,grammar,0,10000000,5000,0,0.999,primitive,exp2,227,5398478.465846931,57.36988821725522,46.313264540774895,63.068924740030695,median-range,5,9998303
0830-172041__NetHackChallenge-v0__exp2/NetHackChallenge-v0__both__grammar__n227__os0__max_episode_steps5000__discountprimitive__ent_coef0.01__exp2,0830-172041__NetHackChallenge-v0__exp2,NetHackChallenge-v0,both,grammar,0,10000000,5000,0,0.999,primitive,exp2,227,5567421.719546596,52.12249385677662,46.51,57.71937590157291,median-range,5,9998303
0830-172041__NetHackChallenge-v0__exp2/NetHackChallenge-v0__both__grammar__n227__os0__max_episode_steps5000__discountprimitive__ent_coef0.01__exp2,0830-172041__NetHackChallenge-v0__exp2,NetHackChallenge-v0,both,grammar,0,10000000,5000,0,0.999,primitive,exp2,227,5741651.985716743,53.52830659075082,45.49509261109831,66.41078452238109,median-range,5,9998303
0830-172041__NetHackChallenge-v0__exp2/NetHackChallenge-v0__both__grammar__n227__os0__max_episode_steps5000__discountprimitive__ent_coef0.01__exp2,0830-172041__NetHackChallenge-v0__exp2,NetHackChallenge-v0,both,grammar,0,10000000,5000,0,0.999,primitive,exp2,227,5921334.719326749,53.61876916509194,42.86140466880909,58.900137725413614,median-range,5,9998303
0830-172041__NetHackChallenge-v0__exp2/NetHackChallenge-v0__both__grammar__n227__os0__max_episode_steps5000__discountprimitive__ent_coef0.01__exp2,0830-172041__NetHackChallenge-v0__exp2,NetHackChallenge-v0,both,grammar,0,10000000,5000,0,0.999,primitive,exp2,227,6106640.553193943,56.504127904838185,49.040620190522766,64.34574763133882,median-range,5,9998303
0830-172041__NetHackChallenge-v0__exp2/NetHackChallenge-v0__both__grammar__n227__os0__max_episode_steps5000__discountprimitive__ent_coef0.01__exp2,0830-172041__NetHackChallenge-v0__exp2,NetHackChallenge-v0,both,grammar,0,10000000,5000,0,0.999,primitive,exp2,227,6297745.460022362,54.17515328468187,50.105969160512046,61.824796511256174,median-range,5,9998303
0830-172041__NetHackChallenge-v0__exp2/NetHackChallenge-v0__both__grammar__n227__os0__max_episode_steps5000__discountprimitive__ent_coef0.01__exp2,0830-172041__NetHackChallenge-v0__exp2,NetHackChallenge-v0,both,grammar,0,10000000,5000,0,0.999,primitive,exp2,227,6494830.919512377,60.77899978698722,44.81726470632536,67.997250978294,median-range,5,9998303
0830-172041__NetHackChallenge-v0__exp2/NetHackChallenge-v0__both__grammar__n227__os0__max_episode_steps5000__discountprimitive__ent_coef0.01__exp2,0830-172041__NetHackChallenge-v0__exp2,NetHackChallenge-v0,both,grammar,0,10000000,5000,0,0.999,primitive,exp2,227,6698084.090700023,62.09906668977895,49.071604562421584,63.90719847568694,median-range,5,9998303
0830-172041__NetHackChallenge-v0__exp2/NetHackChallenge-v0__both__grammar__n227__os0__max_episode_steps5000__discountprimitive__ent_coef0.01__exp2,0830-172041__NetHackChallenge-v0__exp2,NetHackChallenge-v0,both,grammar,0,10000000,5000,0,0.999,primitive,exp2,227,6907697.98968947,59.71605426589946,49.75817490881142,61.49201833300584,median-range,5,9998303
0830-172041__NetHackChallenge-v0__exp2/NetHackChallenge-v0__both__grammar__n227__os0__max_episode_steps5000__discountprimitive__ent_coef0.01__exp2,0830-172041__NetHackChallenge-v0__exp2,NetHackChallenge-v0,both,grammar,0,10000000,5000,0,0.999,primitive,exp2,227,7123871.672947776,58.983943912069435,55.30045665356149,66.28693595137938,median-range,5,9998303
0830-172041__NetHackChallenge-v0__exp2/NetHackChallenge-v0__both__grammar__n227__os0__max_episode_steps5000__discountprimitive__ent_coef0.01__exp2,0830-172041__NetHackChallenge-v0__exp2,NetHackChallenge-v0,both,grammar,0,10000000,5000,0,0.999,primitive,exp2,227,7346810.426335552,61.51987260739903,54.196911331437015,69.11965426464688,median-range,5,9998303
0830-172041__NetHackChallenge-v0__exp2/NetHackChallenge-v0__both__grammar__n227__os0__max_episode_steps5000__discountprimitive__ent_coef0.01__exp2,0830-172041__NetHackChallenge-v0__exp2,NetHackChallenge-v0,both,grammar,0,10000000,5000,0,0.999,primitive,exp2,227,7576725.960053445,58.67035002051936,53.16169367901857,61.20853702139412,median-range,5,9998303
0830-172041__NetHackChallenge-v0__exp2/NetHackChallenge-v0__both__grammar__n227__os0__max_episode_steps5000__discountprimitive__ent_coef0.01__exp2,0830-172041__NetHackChallenge-v0__exp2,NetHackChallenge-v0,both,grammar,0,10000000,5000,0,0.999,primitive,exp2,227,7813836.609689301,57.64969294514174,53.842491054160966,64.46208525590326,median-range,5,9998303
0830-172041__NetHackChallenge-v0__exp2/NetHackChallenge-v0__both__grammar__n227__os0__max_episode_steps5000__discountprimitive__ent_coef0.01__exp2,0830-172041__NetHackChallenge-v0__exp2,NetHackChallenge-v0,both,grammar,0,10000000,5000,0,0.999,primitive,exp2,227,8058367.54355703,59.21666516371985,57.23217158814005,78.7096266560348,median-range,5,9998303
0830-172041__NetHackChallenge-v0__exp2/NetHackChallenge-v0__both__grammar__n227__os0__max_episode_steps5000__discountprimitive__ent_coef0.01__exp2,0830-172041__NetHackChallenge-v0__exp2,NetHackChallenge-v0,both,grammar,0,10000000,5000,0,0.999,primitive,exp2,227,8310550.976524124,66.72436053100017,47.38,85.08524804041113,median-range,5,9998303
0830-172041__NetHackChallenge-v0__exp2/NetHackChallenge-v0__both__grammar__n227__os0__max_episode_steps5000__discountprimitive__ent_coef0.01__exp2,0830-172041__NetHackChallenge-v0__exp2,NetHackChallenge-v0,both,grammar,0,10000000,5000,0,0.999,primitive,exp2,227,8570626.390530733,57.47967458986258,49.02,70.41589222840274,median-range,5,9998303
0830-172041__NetHackChallenge-v0__exp2/NetHackChallenge-v0__both__grammar__n227__os0__max_episode_steps5000__discountprimitive__ent_coef0.01__exp2,0830-172041__NetHackChallenge-v0__exp2,NetHackChallenge-v0,both,grammar,0,10000000,5000,0,0.999,primitive,exp2,227,8838840.762009813,65.8762996077876,53.26689484106509,71.70669010337272,median-range,5,9998303
0830-172041__NetHackChallenge-v0__exp2/NetHackChallenge-v0__both__grammar__n227__os0__max_episode_steps5000__discountprimitive__ent_coef0.01__exp2,0830-172041__NetHackChallenge-v0__exp2,NetHackChallenge-v0,both,grammar,0,10000000,5000,0,0.999,primitive,exp2,227,9115448.796424357,64.23234445969133,53.29023909313833,77.21296163613326,median-range,5,9998303
0830-172041__NetHackChallenge-v0__exp2/NetHackChallenge-v0__both__grammar__n227__os0__max_episode_steps5000__discountprimitive__ent_coef0.01__exp2,0830-172041__NetHackChallenge-v0__exp2,NetHackChallenge-v0,both,grammar,0,10000000,5000,0,0.999,primitive,exp2,227,9400713.170144336,69.34395324165654,55.328442788015096,85.13987788803989,median-range,5,9998303
0830-172041__NetHackChallenge-v0__exp2/NetHackChallenge-v0__both__grammar__n227__os0__max_episode_steps5000__discountprimitive__ent_coef0.01__exp2,0830-172041__NetHackChallenge-v0__exp2,NetHackChallenge-v0,both,grammar,0,10000000,5000,0,0.999,primitive,exp2,227,9694904.779893069,64.09041437513015,52.05350705819256,95.10111554096292,median-range,5,9998303
0830-172041__NetHackChallenge-v0__exp2/NetHackChallenge-v0__both__grammar__n227__os0__max_episode_steps5000__discountprimitive__ent_coef0.01__exp2,0830-172041__NetHackChallenge-v0__exp2,NetHackChallenge-v0,both,grammar,0,10000000,5000,0,0.999,primitive,exp2,227,9998303.0,71.78,64.03186046511628,89.32484061393153,median-range,5,9998303
0830-172041__NetHackChallenge-v0__exp2/NetHackChallenge-v0__both__grammar__n32__os0__max_episode_steps5000__discountprimitive__ent_coef0.01__exp2,0830-172041__NetHackChallenge-v0__exp2,NetHackChallenge-v0,both,grammar,0,10000000,5000,0,0.999,primitive,exp2,32,16683.0,4.3567348208478265,0.5100676183320811,24.0,median-range,5,10001618
0830-172041__NetHackChallenge-v0__exp2/NetHackChallenge-v0__both__grammar__n32__os0__max_episode_steps5000__discountprimitive__ent_coef0.01__exp2,0830-172041__NetHackChallenge-v0__exp2,NetHackChallenge-v0,both,grammar,0,10000000,5000,0,0.999,primitive,exp2,32,17227.923087857886,4.626414808334408,0.6328902527102672,24.43593847028631,median-range,5,10001618
0830-172041__NetHackChallenge-v0__exp2/NetHackChallenge-v0__both__grammar__n32__os0__max_episode_steps5000__discountprimitive__ent_coef0.01__exp2,0830-172041__NetHackChallenge-v0__exp2,NetHackChallenge-v0,both,grammar,0,10000000,5000,0,0.999,primitive,exp2,32,17790.64520296995,4.904903454426462,0.759724688873768,24.88611616237596,median-range,5,10001618
0830-172041__NetHackChallenge-v0__exp2/NetHackChallenge-v0__both__grammar__n32__os0__max_episode_steps5000__discountprimitive__ent_coef0.01__exp2,0830-172041__NetHackChallenge-v0__exp2,NetHackChallenge-v0,both,grammar,0,10000000,5000,0,0.999,primitive,exp2,32,18371.74772164086,5.192488479644666,0.8907019658093597,25.350998177312686,median-range,5,10001618
0830-172041__NetHackChallenge-v0__exp2/NetHackChallenge-v0__both__grammar__n32__os0__max_episode_steps5000__discountprimitive__ent_coef0.01__exp2,0830-172041__NetHackChallenge-v0__exp2,NetHackChallenge-v0,both,grammar,0,10000000,5000,0,0.999,primitive,exp2,32,18971.831009887752,5.4894670024330665,1.0259574026794331,25.831064807910202,median-range,5,10001618
0830-172041__NetHackChallenge-v0__exp2/NetHackChallenge-v0__both__grammar__n32__os0__max_episode_steps5000__discountprimitive__ent_coef0.01__exp2,0830-172041__NetHackChallenge-v0__exp2,NetHackChallenge-v0,both,grammar,0,10000000,5000,0,0.999,primitive,exp2,32,19591.515043708187,5.796145846126899,1.1656307386269391,26.32681203496655,median-range,5,10001618
0830-172041__NetHackChallenge-v0__exp2/NetHackChallenge-v0__both__grammar__n32__os0__max_episode_steps5000__discountprimitive__ent_coef0.01__exp2,0830-172041__NetHackChallenge-v0__exp2,NetHackChallenge-v0,both,grammar,0,10000000,5000,0,0.999,primitive,exp2,32,20231.440049608365,6.112841855947128,1.3098662771468894,26.838752039686693,median-range,5,10001618
0830-172041__NetHackChallenge-v0__exp2/NetHackChallenge-v0__both__grammar__n32__os0__max_episode_steps5000__discountprimitive__ent_coef0.01__exp2,0830-172041__NetHackChallenge-v0__exp2,NetHackChallenge-v0,both,grammar,0,10000000,5000,0,0.999,primitive,exp2,32,20892.26716605293,6.439882226348979,1.458813035173463,27.367413732842344,median-range,5,10001618
0830-172041__NetHackChallenge-v0__exp2/NetHackChallenge-v0__both__grammar__n32__os0__max_episode_steps5000__discountprimitive__ent_coef0.01__exp2,0830-172041__NetHackChallenge-v0__exp2,NetHackChallenge-v0,both,grammar,0,10000000,5000,0,0.999,primitive,exp2,32,21574.67912652034,6.7776048390629775,1.5579701060977702,27.913343301216273,median-range,5,10001618
0830-172041__NetHackChallenge-v0__exp2/NetHackChallenge-v0__both__grammar__n32__os0__max_episode_steps5000__discountprimitive__ent_coef0.01__exp2,0830-172041__NetHackChallenge-v0__exp2,NetHackChallenge-v0,both,grammar,0,10000000,5000,0,0.999,primitive,exp2,32,22279.38096486877,7.126358612177356,1.639725853272631,28.477104771895018,median-range,5,10001618
0830-172041__NetHackChallenge-v0__exp2/NetHackChallenge-v0__both__grammar__n32__os0__max_episode_steps5000__discountprimitive__ent_coef0.01__exp2,0830-172041__NetHackChallenge-v0__exp2,NetHackChallenge-v0,both,grammar,0,10000000,5000,0,0.999,primitive,exp2,32,23007.100743741856,7.48650386062279,1.724152019089268,29.059280594993485,median-range,5,10001618
0830-172041__NetHackChallenge-v0__exp2/NetHackChallenge-v0__both__grammar__n32__os0__max_episode_steps5000__discountprimitive__ent_coef0.01__exp2,0830-172041__NetHackChallenge-v0__exp2,NetHackChallenge-v0,both,grammar,0,10000000,5000,0,0.999,primitive,exp2,32,23758.59030676635,7.858412668431637,1.8113358284336105,29.66047224541308,median-range,5,10001618
0830-172041__NetHackChallenge-v0__exp2/NetHackChallenge-v0__both__grammar__n32__os0__max_episode_steps5000__discountprimitive__ent_coef0.01__exp2,0830-172041__NetHackChallenge-v0__exp2,NetHackChallenge-v0,both,grammar,0,10000000,5000,0,0.999,primitive,exp2,32,24534.626055319604,8.242469273156672,1.901367355250778,30.281300844255682,median-range,5,10001618
0830-172041__NetHackChallenge-v0__exp2/NetHackChallenge-v0__both__grammar__n32__os0__max_episode_steps5000__discountprimitive__ent_coef0.01__exp2,0830-172041__NetHackChallenge-v0__exp2,NetHackChallenge-v0,both,grammar,0,10000000,5000,0,0.999,primitive,exp2,32,25336.009750668385,8.498174194330009,1.9943396156049453,30.922407800534707,median-range,5,10001618
0830-172041__NetHackChallenge-v0__exp2/NetHackChallenge-v0__both__grammar__n32__os0__max_episode_steps5000__discountprimitive__ent_coef0.01__exp2,0830-172041__NetHackChallenge-v0__exp2,NetHackChallenge-v0,both,grammar,0,10000000,5000,0,0.999,primitive,exp2,32,26163.56934230856,8.492797288400308,2.0903486637788946,29.62789564257574,median-range,5,10001618
0830-172041__NetHackChallenge-v0__exp2/NetHackChallenge-v0__both__grammar__n32__os0__max_episode_steps5000__discountprimitive__ent_coef0.01__exp2,0830-172041__NetHackChallenge-v0__exp2,NetHackChallenge-v0,both,grammar,0,10000000,5000,0,0.999,primitive,exp2,32,27018.15982336084,8.487244754575006,2.1894936915124648,28.022863436926638,median-range,5,10001618
0830-172041__NetHackChallenge-v0__exp2/NetHackChallenge-v0__both__grammar__n32__os0__max_episode_steps5000__discountprimitive__ent_coef0.01__exp2,0830-172041__NetHackChallenge-v0__exp2,NetHackChallenge-v0,both,grammar,0,10000000,5000,0,0.999,primitive,exp2,32,27900.664113907147,8.481510856254259,2.291877130482522,26.365405462194424,median-range,5,10001618
0830-172041__NetHackChallenge-v0__exp2/NetHackChallenge-v0__both__grammar__n32__os0__max_episode_steps5000__discountprimitive__ent_coef0.01__exp2,0830-172041__NetHackChallenge-v0__exp2,NetHackChallenge-v0,both,grammar,0,10000000,5000,0,0.999,primitive,exp2,32,28811.993973179306,8.475589669461508,2.2417078297832167,24.65380931581516,median-range,5,10001618
0830-172041__NetHackChallenge-v0__exp2/NetHackChallenge-v0__both__grammar__n32__os0__max_episode_steps5000__discountprimitive__ent_coef0.01__exp2,0830-172041__NetHackChallenge-v0__exp2,NetHackChallenge-v0,both,grammar,0,10000000,5000,0,0.999,primitive,exp2,32,29753.0909415428,8.469475076723132,2.086059054182034,22.88630666237788,median-range,5,10001618
0830-172041__NetHackChallenge-v0__exp2/NetHackChallenge-v0__both__grammar__n32__os0__max_episode_steps5000__discountprimitive__ent_coef0.01__exp2,0830-172041__NetHackChallenge-v0__exp2,NetHackChallenge-v0,both,grammar,0,10000000,5000,0,0.999,primitive,exp2,32,30724.927313249475,8.463160760748169,1.925326264229602,22.53395825254501,median-range,5,10001618
0830-172041__NetHackChallenge-v0__exp2/NetHackChallenge-v0__both__grammar__n32__os0__max_episode_steps5000__discountprimitive__ent_coef0.01__exp2,0830-172041__NetHackChallenge-v0__exp2,NetHackChallenge-v0,both,grammar,0,10000000,5000,0,0.999,primitive,exp2,32,31728.507140963047,8.456640197901612,1.759343398857827,23.605853539906416,median-range,5,10001618
0830-172041__NetHackChallenge-v0__exp2/NetHackChallenge-v0__both__grammar__n32__os0__max_episode_steps5000__discountprimitive__ent_coef0.01__exp2,0830-172041__NetHackChallenge-v0__exp2,NetHackChallenge-v0,both,grammar,0,10000000,5000,0,0.999,primitive,exp2,32,32764.867273096126,8.449906651464518,2.107166301153691,24.7127605451753,median-range,5,10001618
0830-172041__NetHackChallenge-v0__exp2/NetHackChallenge-v0__both__grammar__n32__os0__max_episode_steps5000__discountprimitive__ent_coef0.01__exp2,0830-172041__NetHackChallenge-v0__exp2,NetHackChallenge-v0,both,grammar,0,10000000,5000,0,0.999,primitive,exp2,32,33835.078425029824,8.442953164673966,2.4972633776503885,25.855822869228664,median-range,5,10001618
0830-172041__NetHackChallenge-v0__exp2/NetHackChallenge-v0__both__grammar__n32__os0__max_episode_steps5000__discountprimitive__ent_coef0.01__exp2,0830-172041__NetHackChallenge-v0__exp2,NetHackChallenge-v0,both,grammar,0,10000000,5000,0,0.999,primitive,exp2,32,34940.24628532363,8.43577255353568,2.900102341307004,27.036221466808204,median-range,5,10001618
0830-172041__NetHackChallenge-v0__exp2/NetHackChallenge-v0__both__grammar__n32__os0__max_episode_steps5000__discountprimitive__ent_coef0.01__exp2,0830-172041__NetHackChallenge-v0__exp2,NetHackChallenge-v0,both,grammar,0,10000000,5000,0,0.999,primitive,exp2,32,36081.512658057196,8.107931522333196,3.167369685434018,28.255175866623322,median-range,5,10001618
0830-172041__NetHackChallenge-v0__exp2/NetHackChallenge-v0__both__grammar__n32__os0__max_episode_steps5000__discountprimitive__ent_coef0.01__exp2,0830-172041__NetHackChallenge-v0__exp2,NetHackChallenge-v0,both,grammar,0,10000000,5000,0,0.999,primitive,exp2,32,37260.05664248529,7.1702124927183295,3.046632691255189,29.4634041849581,median-range,5,10001618
0830-172041__NetHackChallenge-v0__exp2/NetHackChallenge-v0__both__grammar__n32__os0__max_episode_steps5000__discountprimitive__ent_coef0.01__exp2,0830-172041__NetHackChallenge-v0__exp2,NetHackChallenge-v0,both,grammar,0,10000000,5000,0,0.999,primitive,exp2,32,38477.09585122373,8.412792568051305,2.9219520193393542,26.05222540512115,median-range,5,10001618
0830-172041__NetHackChallenge-v0__exp2/NetHackChallenge-v0__both__grammar__n32__os0__max_episode_steps5000__discountprimitive__ent_coef0.01__exp2,0830-172041__NetHackChallenge-v0__exp2,NetHackChallenge-v0,both,grammar,0,10000000,5000,0,0.999,primitive,exp2,32,39733.88766822626,8.404626810030367,2.793198855861056,23.666997836530925,median-range,5,10001618
0830-172041__NetHackChallenge-v0__exp2/NetHackChallenge-v0__both__grammar__n32__os0__max_episode_steps5000__discountprimitive__ent_coef0.01__exp2,0830-172041__NetHackChallenge-v0__exp2,NetHackChallenge-v0,both,grammar,0,10000000,5000,0,0.999,primitive,exp2,32,41031.73054785037,8.365206094408075,2.7066331048638728,23.89468956979831,median-range,5,10001618
0830-172041__NetHackChallenge-v0__exp2/NetHackChallenge-v0__both__grammar__n32__os0__max_episode_steps5000__discountprimitive__ent_coef0.01__exp2,0830-172041__NetHackChallenge-v0__exp2,NetHackChallenge-v0,both,grammar,0,10000000,5000,0,0.999,primitive,exp2,32,42371.9653563554,8.285592689286423,3.5605139249649067,24.12981848357112,median-range,5,10001618
0830-172041__NetHackChallenge-v0__exp2/NetHackChallenge-v0__both__grammar__n32__os0__max_episode_steps5000__discountprimitive__ent_coef0.01__exp2,0830-172041__NetHackChallenge-v0__exp2,NetHackChallenge-v0,both,grammar,0,10000000,5000,0,0.999,primitive,exp2,32,43755.97675721815,8.203378841645222,4.442285374638032,24.19281212295743,median-range,5,10001618
0830-172041__NetHackChallenge-v0__exp2/NetHackChallenge-v0__both__grammar__n32__os0__max_episode_steps5000__discountprimitive__ent_coef0.01__exp2,0830-172041__NetHackChallenge-v0__exp2,NetHackChallenge-v0,both,grammar,0,10000000,5000,0,0.999,primitive,exp2,32,45185.194641698276,10.320606189272654,5.352858455980569,23.427261709747395,median-range,5,10001618
0830-172041__NetHackChallenge-v0__exp2/NetHackChallenge-v0__both__grammar__n32__os0__max_episode_steps5000__discountprimitive__ent_coef0.01__exp2,0830-172041__NetHackChallenge-v0__exp2,NetHackChallenge-v0,both,grammar,0,10000000,5000,0,0.999,primitive,exp2,32,46661.095606130104,10.1523470347611,5.85274781756089,22.54145924166295,median-range,5,10001618
0830-172041__NetHackChallenge-v0__exp2/NetHackChallenge-v0__both__grammar__n32__os0__max_episode_steps5000__discountprimitive__ent_coef0.01__exp2,0830-172041__NetHackChallenge-v0__exp2,NetHackChallenge-v0,both,grammar,0,10000000,5000,0,0.999,primitive,exp2,32,48185.204477467705,9.301404883104583,5.954904451324972,27.415618664446594,median-range,5,10001618
0830-172041__NetHackChallenge-v0__exp2/NetHackChallenge-v0__both__grammar__n32__os0__max_episode_steps5000__discountprimitive__ent_coef0.01__exp2,0830-172041__NetHackChallenge-v0__exp2,NetHackChallenge-v0,both,grammar,0,10000000,5000,0,0.999,primitive,exp2,32,49759.095888660304,8.63787293561097,6.194573114338396,27.51546283494921,median-range,5,10001618
0830-172041__NetHackChallenge-v0__exp2/NetHackChallenge-v0__both__grammar__n32__os0__max_episode_steps5000__discountprimitive__ent_coef0.01__exp2,0830-172041__NetHackChallenge-v0__exp2,NetHackChallenge-v0,both,grammar,0,10000000,5000,0,0.999,primitive,exp2,32,51384.39590548378,8.90904690465905,6.545523207427555,27.618568253050878,median-range,5,10001618
0830-172041__NetHackChallenge-v0__exp2/NetHackChallenge-v0__both__grammar__n32__os0__max_episode_steps5000__discountprimitive__ent_coef0.01__exp2,0830-172041__NetHackChallenge-v0__exp2,NetHackChallenge-v0,both,grammar,0,10000000,5000,0,0.999,primitive,exp2,32,53062.783706510534,10.562471546584563,6.182892788089766,27.72504144210542,median-range,5,10001618
0830-172041__NetHackChallenge-v0__exp2/NetHackChallenge-v0__both__grammar__n32__os0__max_episode_steps5000__discountprimitive__ent_coef0.01__exp2,0830-172041__NetHackChallenge-v0__exp2,NetHackChallenge-v0,both,grammar,0,10000000,5000,0,0.999,primitive,exp2,32,54795.99331795269,11.343130298541425,7.054766470741981,27.80008436042002,median-range,5,10001618
0830-172041__NetHackChallenge-v0__exp2/NetHackChallenge-v0__both__grammar__n32__os0__max_episode_steps5000__discountprimitive__ent_coef0.01__exp2,0830-172041__NetHackChallenge-v0__exp2,NetHackChallenge-v0,both,grammar,0,10000000,5000,0,0.999,primitive,exp2,32,56585.815405170804,12.602790456438775,7.327824145209339,27.677850223065857,median-range,5,10001618
0830-172041__NetHackChallenge-v0__exp2/NetHackChallenge-v0__both__grammar__n32__os0__max_episode_steps5000__discountprimitive__ent_coef0.01__exp2,0830-172041__NetHackChallenge-v0__exp2,NetHackChallenge-v0,both,grammar,0,10000000,5000,0,0.999,primitive,exp2,32,58434.0991227002,13.397360088920923,7.2715303256895485,27.551623506225475,median-range,5,10001618
0830-172041__NetHackChallenge-v0__exp2/NetHackChallenge-v0__both__grammar__n32__os0__max_episode_steps5000__discountprimitive__ent_coef0.01__exp2,0830-172041__NetHackChallenge-v0__exp2,NetHackChallenge-v0,both,grammar,0,10000000,5000,0,0.999,primitive,exp2,32,60342.754024704554,13.221527687755957,7.301856367212958,27.54616802491274,median-range,5,10001618
0830-172041__NetHackChallenge-v0__exp2/NetHackChallenge-v0__both__grammar__n32__os0__max_episode_steps5000__discountprimitive__ent_coef0.01__exp2,0830-172041__NetHackChallenge-v0__exp2,NetHackChallenge-v0,both,grammar,0,10000000,5000,0,0.999,primitive,exp2,32,62313.7520378312,13.039952006905796,6.999978043867885,27.28516095527217,median-range,5,10001618
0830-172041__NetHackChallenge-v0__exp2/NetHackChallenge-v0__both__grammar__n32__os0__max_episode_steps5000__discountprimitive__ent_coef0.01__exp2,0830-172041__NetHackChallenge-v0__exp2,NetHackChallenge-v0,both,grammar,0,10000000,5000,0,0.999,primitive,exp2,32,64349.12949850773,12.852445451471402,6.692412470511169,27.268921511473348,median-range,5,10001618
0830-172041__NetHackChallenge-v0__exp2/NetHackChallenge-v0__both__grammar__n32__os0__max_episode_steps5000__discountprimitive__ent_coef0.01__exp2,0830-172041__NetHackChallenge-v0__exp2,NetHackChallenge-v0,both,grammar,0,10000000,5000,0,0.999,primitive,exp2,32,66450.98925678231,12.484057964148228,6.43339821847645,27.251770401442133,median-range,5,10001618
0830-172041__NetHackChallenge-v0__exp2/NetHackChallenge-v0__both__grammar__n32__os0__max_episode_steps5000__discountprimitive__ent_coef0.01__exp2,0830-172041__NetHackChallenge-v0__exp2,NetHackChallenge-v0,both,grammar,0,10000000,5000,0,0.999,primitive,exp2,32,68621.50284888329,12.605644444959168,9.618702653422446,27.99376451743397,median-range,5,10001618
0830-172041__NetHackChallenge-v0__exp2/NetHackChallenge-v0__both__grammar__n32__os0__max_episode_steps5000__discountprimitive__ent_coef0.01__exp2,0830-172041__NetHackChallenge-v0__exp2,NetHackChallenge-v0,both,grammar,0,10000000,5000,0,0.999,primitive,exp2,32,70862.91274074106,12.731202350607672,9.277612494090947,26.838882546462674,median-range,5,10001618
0830-172041__NetHackChallenge-v0__exp2/NetHackChallenge-v0__both__grammar__n32__os0__max_episode_steps5000__discountprimitive__ent_coef0.01__exp2,0830-172041__NetHackChallenge-v0__exp2,NetHackChallenge-v0,both,grammar,0,10000000,5000,0,0.999,primitive,exp2,32,73177.53464479248,11.63674342502781,9.702290889767312,25.041944117762494,median-range,5,10001618
0830-172041__NetHackChallenge-v0__exp2/NetHackChallenge-v0__both__grammar__n32__os0__max_episode_steps5000__discountprimitive__ent_coef0.01__exp2,0830-172041__NetHackChallenge-v0__exp2,NetHackChallenge-v0,both,grammar,0,10000000,5000,0,0.999,primitive,exp2,32,75567.75991245845,11.588248142662952,10.311735821714013,24.524116912916323,median-range,5,10001618
0830-172041__NetHackChallenge-v0__exp2/NetHackChallenge-v0__both__grammar__n32__os0__max_episode_steps5000__discountprimitive__ent_coef0.01__exp2,0830-172041__NetHackChallenge-v0__exp2,NetHackChallenge-v0,both,grammar,0,10000000,5000,0,0.999,primitive,exp2,32,78036.05800476807,11.534429507404495,10.123146198187765,23.797226717888226,median-range,5,10001618
0830-172041__NetHackChallenge-v0__exp2/NetHackChallenge-v0__both__grammar__n32__os0__max_episode_steps5000__discountprimitive__ent_coef0.01__exp2,0830-172041__NetHackChallenge-v0__exp2,NetHackChallenge-v0,both,grammar,0,10000000,5000,0,0.999,primitive,exp2,32,80584.97904368294,12.311812419713911,10.39120426073211,23.16031855189473,median-range,5,10001618
0830-172041__NetHackChallenge-v0__exp2/NetHackChallenge-v0__both__grammar__n32__os0__max_episode_steps5000__discountprimitive__ent_coef0.01__exp2,0830-172041__NetHackChallenge-v0__exp2,NetHackChallenge-v0,both,grammar,0,10000000,5000,0,0.999,primitive,exp2,32,83217.15644675482,13.630735607514879,10.13796425006434,23.236472154856667,median-range,5,10001618
0830-172041__NetHackChallenge-v0__exp2/NetHackChallenge-v0__both__grammar__n32__os0__max_episode_steps5000__discountprimitive__ent_coef0.01__exp2,0830-172041__NetHackChallenge-v0__exp2,NetHackChallenge-v0,both,grammar,0,10000000,5000,0,0.999,primitive,exp2,32,85935.30964784093,13.9684377623565,10.378349503197809,23.315113191522226,median-range,5,10001618
0830-172041__NetHackChallenge-v0__exp2/NetHackChallenge-v0__both__grammar__n32__os0__max_episode_steps5000__discountprimitive__ent_coef0.01__exp2,0830-172041__NetHackChallenge-v0__exp2,NetHackChallenge-v0,both,grammar,0,10000000,5000,0,0.999,primitive,exp2,32,88742.24690668703,14.068853998999403,10.6906725743502,24.30620514235692,median-range,5,10001618
0830-172041__NetHackChallenge-v0__exp2/NetHackChallenge-v0__both__grammar__n32__os0__max_episode_steps5000__discountprimitive__ent_coef0.01__exp2,0830-172041__NetHackChallenge-v0__exp2,NetHackChallenge-v0,both,grammar,0,10000000,5000,0,0.999,primitive,exp2,32,91640.86821027992,16.271217391659526,11.402590091644777,25.558963198157034,median-range,5,10001618
0830-172041__NetHackChallenge-v0__exp2/NetHackChallenge-v0__both__grammar__n32__os0__max_episode_steps5000__discountprimitive__ent_coef0.01__exp2,0830-172041__NetHackChallenge-v0__exp2,NetHackChallenge-v0,both,grammar,0,10000000,5000,0,0.999,primitive,exp2,32,94634.1682689699,16.54423374148094,10.76087064021977,25.449246526603762,median-range,5,10001618
0830-172041__NetHackChallenge-v0__exp2/NetHackChallenge-v0__both__grammar__n32__os0__max_episode_steps5000__discountprimitive__ent_coef0.01__exp2,0830-172041__NetHackChallenge-v0__exp2,NetHackChallenge-v0,both,grammar,0,10000000,5000,0,0.999,primitive,exp2,32,97725.23961045493,16.62642203956878,10.158070637356667,24.790021353478423,median-range,5,10001618
0830-172041__NetHackChallenge-v0__exp2/NetHackChallenge-v0__both__grammar__n32__os0__max_episode_steps5000__discountprimitive__ent_coef0.01__exp2,0830-172041__NetHackChallenge-v0__exp2,NetHackChallenge-v0,both,grammar,0,10000000,5000,0,0.999,primitive,exp2,32,100917.2757748248,16.82258899912811,10.00281889064799,24.691839947327505,median-range,5,10001618
0830-172041__NetHackChallenge-v0__exp2/NetHackChallenge-v0__both__grammar__n32__os0__max_episode_steps5000__discountprimitive__ent_coef0.01__exp2,0830-172041__NetHackChallenge-v0__exp2,NetHackChallenge-v0,both,grammar,0,10000000,5000,0,0.999,primitive,exp2,32,104213.57461396794,17.923693650375746,10.752166853451916,24.941657642753476,median-range,5,10001618
0830-172041__NetHackChallenge-v0__exp2/NetHackChallenge-v0__both__grammar__n32__os0__max_episode_steps5000__discountprimitive__ent_coef0.01__exp2,0830-172041__NetHackChallenge-v0__exp2,NetHackChallenge-v0,both,grammar,0,10000000,5000,0,0.999,primitive,exp2,32,107617.54169874605,18.172953462910375,11.303693564833711,25.258072035728713,median-range,5,10001618
0830-172041__NetHackChallenge-v0__exp2/NetHackChallenge-v0__both__grammar__n32__os0__max_episode_steps5000__discountprimitive__ent_coef0.01__exp2,0830-172041__NetHackChallenge-v0__exp2,NetHackChallenge-v0,both,grammar,0,10000000,5000,0,0.999,primitive,exp2,32,111132.69383745977,17.60913105828143,10.900984670889136,24.8846370724867,median-range,5,10001618
0830-172041__NetHackChallenge-v0__exp2/NetHackChallenge-v0__both__grammar__n32__os0__max_episode_steps5000__discountprimitive__ent_coef0.01__exp2,0830-172041__NetHackChallenge-v0__exp2,NetHackChallenge-v0,both,grammar,0,10000000,5000,0,0.999,primitive,exp2,32,114762.66270923795,18.30035991754806,10.998091623601914,23.963374223778416,median-range,5,10001618
0830-172041__NetHackChallenge-v0__exp2/NetHackChallenge-v0__both__grammar__n32__os0__max_episode_steps5000__discountprimitive__ent_coef0.01__exp2,0830-172041__NetHackChallenge-v0__exp2,NetHackChallenge-v0,both,grammar,0,10000000,5000,0,0.999,primitive,exp2,32,118511.198616108,18.510652349296322,10.435563268220896,26.42231072226825,median-range,5,10001618
0830-172041__NetHackChallenge-v0__exp2/NetHackChallenge-v0__both__grammar__n32__os0__max_episode_steps5000__discountprimitive__ent_coef0.01__exp2,0830-172041__NetHackChallenge-v0__exp2,NetHackChallenge-v0,both,grammar,0,10000000,5000,0,0.999,primitive,exp2,32,122382.17435761941,18.328737612213875,10.313830283676037,26.10999056733883,median-range,5,10001618
0830-172041__NetHackChallenge-v0__exp2/NetHackChallenge-v0__both__grammar__n32__os0__max_episode_steps5000__discountprimitive__ent_coef0.01__exp2,0830-172041__NetHackChallenge-v0__exp2,NetHackChallenge-v0,both,grammar,0,10000000,5000,0,0.999,primitive,exp2,32,126379.58923202558,18.89089950193318,10.870083704478864,25.55888298915168,median-range,5,10001618
0830-172041__NetHackChallenge-v0__exp2/NetHackChallenge-v0__both__grammar__n32__os0__max_episode_steps5000__discountprimitive__ent_coef0.01__exp2,0830-172041__NetHackChallenge-v0__exp2,NetHackChallenge-v0,both,grammar,0,10000000,5000,0,0.999,primitive,exp2,32,130507.57316815988,19.206382808503356,12.086457670608626,25.680612672140843,median-range,5,10001618
0830-172041__NetHackChallenge-v0__exp2/NetHackChallenge-v0__both__grammar__n32__os0__max_episode_steps5000__discountprimitive__ent_coef0.01__exp2,0830-172041__NetHackChallenge-v0__exp2,NetHackChallenge-v0,both,grammar,0,10000000,5000,0,0.999,primitive,exp2,32,134770.39099227035,18.937099402534933,12.755776242860604,26.29655401882483,median-range,5,10001618
0830-172041__NetHackChallenge-v0__exp2/NetHackChallenge-v0__both__grammar__n32__os0__max_episode_steps5000__discountprimitive__ent_coef0.01__exp2,0830-172041__NetHackChallenge-v0__exp2,NetHackChallenge-v0,both,grammar,0,10000000,5000,0,0.999,primitive,exp2,32,139172.4468342247,17.660985366457478,13.53808142951234,26.544404626162446,median-range,5,10001618
0830-172041__NetHackChallenge-v0__exp2/NetHackChallenge-v0__both__grammar__n32__os0__max_episode_steps5000__discountprimitive__ent_coef0.01__exp2,0830-172041__NetHackChallenge-v0__exp2,NetHackChallenge-v0,both,grammar,0,10000000,5000,0,0.999,primitive,exp2,32,143718.2886776372,18.147774235664397,13.312238380006262,26.63005605644091,median-range,5,10001618
0830-172041__NetHackChallenge-v0__exp2/NetHackChallenge-v0__both__grammar__n32__os0__max_episode_steps5000__discountprimitive__ent_coef0.01__exp2,0830-172041__NetHackChallenge-v0__exp2,NetHackChallenge-v0,both,grammar,0,10000000,5000,0,0.999,primitive,exp2,32,148412.61305861612,18.355535358148416,13.200976342446037,25.95917344612358,median-range,5,10001618
0830-172041__NetHackChallenge-v0__exp2/NetHackChallenge-v0__both__grammar__n32__os0__max_episode_steps5000__discountprimitive__ent_coef0.01__exp2,0830-172041__NetHackChallenge-v0__exp2,NetHackChallenge-v0,both,grammar,0,10000000,5000,0,0.999,primitive,exp2,32,153260.2699179916,18.36528463016735,13.954600721433039,25.78416887716773,median-range,5,10001618
0830-172041__NetHackChallenge-v0__exp2/NetHackChallenge-v0__both__grammar__n32__os0__max_episode_steps5000__discountprimitive__ent_coef0.01__exp2,0830-172041__NetHackChallenge-v0__exp2,NetHackChallenge-v0,both,grammar,0,10000000,5000,0,0.999,primitive,exp2,32,158266.2676120306,18.479494399134385,14.163535771306112,25.739932822212,median-range,5,10001618
0830-172041__NetHackChallenge-v0__exp2/NetHackChallenge-v0__both__grammar__n32__os0__max_episode_steps5000__discountprimitive__ent_coef0.01__exp2,0830-172041__NetHackChallenge-v0__exp2,NetHackChallenge-v0,both,grammar,0,10000000,5000,0,0.999,primitive,exp2,32,163435.7780868189,19.764808016127528,16.510728160704865,26.119881793766424,median-range,5,10001618
0830-172041__NetHackChallenge-v0__exp2/NetHackChallenge-v0__both__grammar__n32__os0__max_episode_steps5000__discountprimitive__ent_coef0.01__exp2,0830-172041__NetHackChallenge-v0__exp2,NetHackChallenge-v0,both,grammar,0,10000000,5000,0,0.999,primitive,exp2,32,168774.14222165846,19.495996121268803,16.617721792965337,26.477557820191212,median-range,5,10001618
0830-172041__NetHackChallenge-v0__exp2/NetHackChallenge-v0__both__grammar__n32__os0__max_episode_steps5000__discountprimitive__ent_coef0.01__exp2,0830-172041__NetHackChallenge-v0__exp2,NetHackChallenge-v0,both,grammar,0,10000000,5000,0,0.999,primitive,exp2,32,174286.8753469953,19.287610328860108,16.668499785753387,26.65300574607282,median-range,5,10001618
0830-172041__NetHackChallenge-v0__exp2/NetHackChallenge-v0__both__grammar__n32__os0__max_episode_steps5000__discountprimitive__ent_coef0.01__exp2,0830-172041__NetHackChallenge-v0__exp2,NetHackChallenge-v0,both,grammar,0,10000000,5000,0,0.999,primitive,exp2,32,179979.67294258342,19.060684758463193,16.79562939587152,26.75394741027047,median-range,5,10001618
0830-172041__NetHackChallenge-v0__exp2/NetHackChallenge-v0__both__grammar__n32__os0__max_episode_steps5000__discountprimitive__ent_coef0.01__exp2,0830-172041__NetHackChallenge-v0__exp2,NetHackChallenge-v0,both,grammar,0,10000000,5000,0,0.999,primitive,exp2,32,185858.41652176747,19.18869312746597,17.845578082681342,26.579345646413408,median-range,5,10001618
0830-172041__NetHackChallenge-v0__exp2/NetHackChallenge-v0__both__grammar__n32__os0__max_episode_steps5000__discountprimitive__ent_coef0.01__exp2,0830-172041__NetHackChallenge-v0__exp2,NetHackChallenge-v0,both,grammar,0,10000000,5000,0,0.999,primitive,exp2,32,191929.1797079703,19.164739483920055,17.775184347863576,26.48622484851923,median-range,5,10001618
0830-172041__NetHackChallenge-v0__exp2/NetHackChallenge-v0__both__grammar__n32__os0__max_episode_steps5000__discountprimitive__ent_coef0.01__exp2,0830-172041__NetHackChallenge-v0__exp2,NetHackChallenge-v0,both,grammar,0,10000000,5000,0,0.999,primitive,exp2,32,198198.23450965516,18.825046581851687,17.944582835692977,25.63073887867962,median-range,5,10001618
0830-172041__NetHackChallenge-v0__exp2/NetHackChallenge-v0__both__grammar__n32__os0__max_episode_steps5000__discountprimitive__ent_coef0.01__exp2,0830-172041__NetHackChallenge-v0__exp2,NetHackChallenge-v0,both,grammar,0,10000000,5000,0,0.999,primitive,exp2,32,204672.05780024952,19.360760640030723,17.65273102152208,25.14630324508156,median-range,5,10001618
0830-172041__NetHackChallenge-v0__exp2/NetHackChallenge-v0__both__grammar__n32__os0__max_episode_steps5000__discountprimitive__ent_coef0.01__exp2,0830-172041__NetHackChallenge-v0__exp2,NetHackChallenge-v0,both,grammar,0,10000000,5000,0,0.999,primitive,exp2,32,211357.33800972882,19.560919845724623,17.566504361186087,25.06584266546657,median-range,5,10001618
0830-172041__NetHackChallenge-v0__exp2/NetHackChallenge-v0__both__grammar__n32__os0__max_episode_steps5000__discountprimitive__ent_coef0.01__exp2,0830-172041__NetHackChallenge-v0__exp2,NetHackChallenge-v0,both,grammar,0,10000000,5000,0,0.999,primitive,exp2,32,218260.98203476553,19.225951568536424,17.497567829987354,24.88379797520504,median-range,5,10001618
0830-172041__NetHackChallenge-v0__exp2/NetHackChallenge-v0__both__grammar__n32__os0__max_episode_steps5000__discountprimitive__ent_coef0.01__exp2,0830-172041__NetHackChallenge-v0__exp2,NetHackChallenge-v0,both,grammar,0,10000000,5000,0,0.999,primitive,exp2,32,225390.12237458947,19.23191698752075,17.040870460781544,25.595893543522898,median-range,5,10001618
0830-172041__NetHackChallenge-v0__exp2/NetHackChallenge-v0__both__grammar__n32__os0__max_episode_steps5000__discountprimitive__ent_coef0.01__exp2,0830-172041__NetHackChallenge-v0__exp2,NetHackChallenge-v0,both,grammar,0,10000000,5000,0,0.999,primitive,exp2,32,232752.12449992902,19.27831912552999,17.894459523280023,27.42817778162678,median-range,5,10001618
0830-172041__NetHackChallenge-v0__exp2/NetHackChallenge-v0__both__grammar__n32__os0__max_episode_steps5000__discountprimitive__ent_coef0.01__exp2,0830-172041__NetHackChallenge-v0__exp2,NetHackChallenge-v0,both,grammar,0,10000000,5000,0,0.999,primitive,exp2,32,240354.59446264486,20.17769634794893,18.01255668840274,28.62782376899449,median-range,5,10001618
0830-172041__NetHackChallenge-v0__exp2/NetHackChallenge-v0__both__grammar__n32__os0__max_episode_steps5000__discountprimitive__ent_coef0.01__exp2,0830-172041__NetHackChallenge-v0__exp2,NetHackChallenge-v0,both,grammar,0,10000000,5000,0,0.999,primitive,exp2,32,248205.38675392448,20.19908334939357,19.014421950135535,29.2180807393022,median-range,5,10001618
0830-172041__NetHackChallenge-v0__exp2/NetHackChallenge-v0__both__grammar__n32__os0__max_episode_steps5000__discountprimitive__ent_coef0.01__exp2,0830-172041__NetHackChallenge-v0__exp2,NetHackChallenge-v0,both,grammar,0,10000000,5000,0,0.999,primitive,exp2,32,256312.61241914792,20.012887355908546,19.493795196082367,28.8705897227295,median-range,5,10001618
0830-172041__NetHackChallenge-v0__exp2/NetHackChallenge-v0__both__grammar__n32__os0__max_episode_steps5000__discountprimitive__ent_coef0.01__exp2,0830-172041__NetHackChallenge-v0__exp2,NetHackChallenge-v0,both,grammar,0,10000000,5000,0,0.999,primitive,exp2,32,264684.64743781165,20.64109379913691,19.216662825148006,29.215492792863433,median-range,5,10001618
0830-172041__NetHackChallenge-v0__exp2/NetHackChallenge-v0__both__grammar__n32__os0__max_episode_steps5000__discountprimitive__ent_coef0.01__exp2,0830-172041__NetHackChallenge-v0__exp2,NetHackChallenge-v0,both,grammar,0,10000000,5000,0,0.999,primitive,exp2,32,273330.14137717464,20.42492995159687,19.841178296250284,29.13151562773377,median-range,5,10001618
0830-172041__NetHackChallenge-v0__exp2/NetHackChallenge-v0__both__grammar__n32__os0__max_episode_steps5000__discountprimitive__ent_coef0.01__exp2,0830-172041__NetHackChallenge-v0__exp2,NetHackChallenge-v0,both,grammar,0,10000000,5000,0,0.999,primitive,exp2,32,282258.02632855554,20.53347598948224,20.090954983924068,28.46,median-range,5,10001618
0830-172041__NetHackChallenge-v0__exp2/NetHackChallenge-v0__both__grammar__n32__os0__max_episode_steps5000__discountprimitive__ent_coef0.01__exp2,0830-172041__NetHackChallenge-v0__exp2,NetHackChallenge-v0,both,grammar,0,10000000,5000,0,0.999,primitive,exp2,32,291477.5261355233,20.991991156741918,20.37610143928507,28.04392057075818,median-range,5,10001618
0830-172041__NetHackChallenge-v0__exp2/NetHackChallenge-v0__both__grammar__n32__os0__max_episode_steps5000__discountprimitive__ent_coef0.01__exp2,0830-172041__NetHackChallenge-v0__exp2,NetHackChallenge-v0,both,grammar,0,10000000,5000,0,0.999,primitive,exp2,32,300998.1659235082,21.23415165626712,20.75691441384069,28.937600356837844,median-range,5,10001618
0830-172041__NetHackChallenge-v0__exp2/NetHackChallenge-v0__both__grammar__n32__os0__max_episode_steps5000__discountprimitive__ent_coef0.01__exp2,0830-172041__NetHackChallenge-v0__exp2,NetHackChallenge-v0,both,grammar,0,10000000,5000,0,0.999,primitive,exp2,32,310829.78194068756,21.68167697831112,20.57636413104363,27.876060470157665,median-range,5,10001618
0830-172041__NetHackChallenge-v0__exp2/NetHackChallenge-v0__both__grammar__n32__os0__max_episode_steps5000__discountprimitive__ent_coef0.01__exp2,0830-172041__NetHackChallenge-v0__exp2,NetHackChallenge-v0,both,grammar,0,10000000,5000,0,0.999,primitive,exp2,32,320982.53172030323,21.412934376209154,20.871611920283037,27.214561492057843,median-range,5,10001618
0830-172041__NetHackChallenge-v0__exp2/NetHackChallenge-v0__both__grammar__n32__os0__max_episode_steps5000__discountprimitive__ent_coef0.01__exp2,0830-172041__NetHackChallenge-v0__exp2,NetHackChallenge-v0,both,grammar,0,10000000,5000,0,0.999,primitive,exp2,32,331466.9045749142,22.34762500666708,20.838018868935098,26.89650523015036,median-range,5,10001618
0830-172041__NetHackChallenge-v0__exp2/NetHackChallenge-v0__both__grammar__n32__os0__max_episode_steps5000__discountprimitive__ent_coef0.01__exp2,0830-172041__NetHackChallenge-v0__exp2,NetHackChallenge-v0,both,grammar,0,10000000,5000,0,0.999,primitive,exp2,32,342293.73243343265,22.524437655418062,19.309763178426387,26.526786938909922,median-range,5,10001618
0830-172041__NetHackChallenge-v0__exp2/NetHackChallenge-v0__both__grammar__n32__os0__max_episode_steps5000__discountprimitive__ent_coef0.01__exp2,0830-172041__NetHackChallenge-v0__exp2,NetHackChallenge-v0,both,grammar,0,10000000,5000,0,0.999,primitive,exp2,32,353474.2010321279,24.073813880420033,18.897317460921723,26.456296462494556,median-range,5,10001618
0830-172041__NetHackChallenge-v0__exp2/NetHackChallenge-v0__both__grammar__n32__os0__max_episode_steps5000__discountprimitive__ent_coef0.01__exp2,0830-172041__NetHackChallenge-v0__exp2,NetHackChallenge-v0,both,grammar,0,10000000,5000,0,0.999,primitive,exp2,32,365019.86147116957,22.81363814204006,19.232558436964073,24.48532971324037,median-range,5,10001618
0830-172041__NetHackChallenge-v0__exp2/NetHackChallenge-v0__both__grammar__n32__os0__max_episode_steps5000__discountprimitive__ent_coef0.01__exp2,0830-172041__NetHackChallenge-v0__exp2,NetHackChallenge-v0,both,grammar,0,10000000,5000,0,0.999,primitive,exp2,32,376942.6421486464,23.260830832921343,20.12696841141191,25.23409351225611,median-range,5,10001618
0830-172041__NetHackChallenge-v0__exp2/NetHackChallenge-v0__both__grammar__n32__os0__max_episode_steps5000__discountprimitive__ent_coef0.01__exp2,0830-172041__NetHackChallenge-v0__exp2,NetHackChallenge-v0,both,grammar,0,10000000,5000,0,0.999,primitive,exp2,32,389254.86108438676,23.161893369223442,19.24730598504043,25.10490657969835,median-range,5,10001618
0830-172041__NetHackChallenge-v0__exp2/NetHackChallenge-v0__both__grammar__n32__os0__max_episode_steps5000__discountprimitive__ent_coef0.01__exp2,0830-172041__NetHackChallenge-v0__exp2,NetHackChallenge-v0,both,grammar,0,10000000,5000,0,0.999,primitive,exp2,32,401969.23864632426,23.134613086876886,20.287267059993475,26.308572661479452,median-range,5,10001618
0830-172041__NetHackChallenge-v0__exp2/NetHackChallenge-v0__both__grammar__n32__os0__max_episode_steps5000__discountprimitive__ent_coef0.01__exp2,0830-172041__NetHackChallenge-v0__exp2,NetHackChallenge-v0,both,grammar,0,10000000,5000,0,0.999,primitive,exp2,32,415098.9106925425,22.867746779569764,20.791566360312817,25.91593885712146,median-range,5,10001618
0830-172041__NetHackChallenge-v0__exp2/NetHackChallenge-v0__both__grammar__n32__os0__max_episode_steps5000__discountprimitive__ent_coef0.01__exp2,0830-172041__NetHackChallenge-v0__exp2,NetHackChallenge-v0,both,grammar,0,10000000,5000,0,0.999,primitive,exp2,32,428657.4421425834,22.73892405854467,20.728724565818485,25.1387723137183,median-range,5,10001618
0830-172041__NetHackChallenge-v0__exp2/NetHackChallenge-v0__both__grammar__n32__os0__max_episode_steps5000__discountprimitive__ent_coef0.01__exp2,0830-172041__NetHackChallenge-v0__exp2,NetHackChallenge-v0,both,grammar,0,10000000,5000,0,0.999,primitive,exp2,32,442658.8409920473,21.94233075939497,21.368628970503988,26.49338109040574,median-range,5,10001618
0830-172041__NetHackChallenge-v0__exp2/NetHackChallenge-v0__both__grammar__n32__os0__max_episode_steps5000__discountprimitive__ent_coef0.01__exp2,0830-172041__NetHackChallenge-v0__exp2,NetHackChallenge-v0,both,grammar,0,10000000,5000,0,0.999,primitive,exp2,32,457117.57278494944,21.60284682633239,20.554397256601018,25.897093926926438,median-range,5,10001618
0830-172041__NetHackChallenge-v0__exp2/NetHackChallenge-v0__both__grammar__n32__os0__max_episode_steps5000__discountprimitive__ent_coef0.01__exp2,0830-172041__NetHackChallenge-v0__exp2,NetHackChallenge-v0,both,grammar,0,10000000,5000,0,0.999,primitive,exp2,32,472048.5755587961,21.7099183509676,19.770317164284503,24.84884081444111,median-range,5,10001618
0830-172041__NetHackChallenge-v0__exp2/NetHackChallenge-v0__both__grammar__n32__os0__max_episode_steps5000__discountprimitive__ent_coef0.01__exp2,0830-172041__NetHackChallenge-v0__exp2,NetHackChallenge-v0,both,grammar,0,10000000,5000,0,0.999,primitive,exp2,32,487467.27527781785,22.368245866082212,19.755507347919234,25.627683595338876,median-range,5,10001618
0830-172041__NetHackChallenge-v0__exp2/NetHackChallenge-v0__both__grammar__n32__os0__max_episode_steps5000__discountprimitive__ent_coef0.01__exp2,0830-172041__NetHackChallenge-v0__exp2,NetHackChallenge-v0,both,grammar,0,10000000,5000,0,0.999,primitive,exp2,32,503389.60177029925,22.114416660081435,18.83248434060585,25.779060570878887,median-range,5,10001618
0830-172041__NetHackChallenge-v0__exp2/NetHackChallenge-v0__both__grammar__n32__os0__max_episode_steps5000__discountprimitive__ent_coef0.01__exp2,0830-172041__NetHackChallenge-v0__exp2,NetHackChallenge-v0,both,grammar,0,10000000,5000,0,0.999,primitive,exp2,32,519832.00518648635,23.07617606034641,19.388115360428298,26.753328987145245,median-range,5,10001618
0830-172041__NetHackChallenge-v0__exp2/NetHackChallenge-v0__both__grammar__n32__os0__max_episode_steps5000__discountprimitive__ent_coef0.01__exp2,0830-172041__NetHackChallenge-v0__exp2,NetHackChallenge-v0,both,grammar,0,10000000,5000,0,0.999,primitive,exp2,32,536811.47299405,23.0,20.601738913416828,26.130296841868915,median-range,5,10001618
0830-172041__NetHackChallenge-v0__exp2/NetHackChallenge-v0__both__grammar__n32__os0__max_episode_steps5000__discountprimitive__ent_coef0.01__exp2,0830-172041__NetHackChallenge-v0__exp2,NetHackChallenge-v0,both,grammar,0,10000000,5000,0,0.999,primitive,exp2,32,554345.547528694,23.820662975301268,20.433945982032597,25.97,median-range,5,10001618
0830-172041__NetHackChallenge-v0__exp2/NetHackChallenge-v0__both__grammar__n32__os0__max_episode_steps5000__discountprimitive__ent_coef0.01__exp2,0830-172041__NetHackChallenge-v0__exp2,NetHackChallenge-v0,both,grammar,0,10000000,5000,0,0.999,primitive,exp2,32,572452.3441180135,24.074501433205132,19.763811185516488,26.934939668985383,median-range,5,10001618
0830-172041__NetHackChallenge-v0__exp2/NetHackChallenge-v0__both__grammar__n32__os0__max_episode_steps5000__discountprimitive__ent_coef0.01__exp2,0830-172041__NetHackChallenge-v0__exp2,NetHackChallenge-v0,both,grammar,0,10000000,5000,0,0.999,primitive,exp2,32,591150.5697973446,24.42794406615279,21.158060641908794,28.366301692879144,median-range,5,10001618
0830-172041__NetHackChallenge-v0__exp2/NetHackChallenge-v0__both__grammar__n32__os0__max_episode_steps5000__discountprimitive__ent_coef0.01__exp2,0830-172041__NetHackChallenge-v0__exp2,NetHackChallenge-v0,both,grammar,0,10000000,5000,0,0.999,primitive,exp2,32,610459.5426369387,23.996799525211497,21.958675366882893,29.86524101620719,median-range,5,10001618
0830-172041__NetHackChallenge-v0__exp2/NetHackChallenge-v0__both__grammar__n32__os0__max_episode_steps5000__discountprimitive__ent_coef0.01__exp2,0830-172041__NetHackChallenge-v0__exp2,NetHackChallenge-v0,both,grammar,0,10000000,5000,0,0.999,primitive,exp2,32,630399.2117004192,24.49788845501217,22.021251268016673,26.61381718394312,median-range,5,10001618
0830-172041__NetHackChallenge-v0__exp2/NetHackChallenge-v0__both__grammar__n32__os0__max_episode_steps5000__discountprimitive__ent_coef0.01__exp2,0830-172041__NetHackChallenge-v0__exp2,NetHackChallenge-v0,both,grammar,0,10000000,5000,0,0.999,primitive,exp2,32,650990.1776551623,24.57434978807136,21.297931211649743,26.883665028594283,median-range,5,10001618
0830-172041__NetHackChallenge-v0__exp2/NetHackChallenge-v0__both__grammar__n32__os0__max_episode_steps5000__discountprimitive__ent_coef0.01__exp2,0830-172041__NetHackChallenge-v0__exp2,NetHackChallenge-v0,both,grammar,0,10000000,5000,0,0.999,primitive,exp2,32,672253.7140558719,25.46530036828525,21.808622313019836,27.199302935881814,median-range,5,10001618
0830-172041__NetHackChallenge-v0__exp2/NetHackChallenge-v0__both__grammar__n32__os0__max_episode_steps5000__discountprimitive__ent_coef0.01__exp2,0830-172041__NetHackChallenge-v0__exp2,NetHackChallenge-v0,both,grammar,0,10000000,5000,0,0.999,primitive,exp2,32,694211.7893233459,25.44,21.968105302368855,27.0558878635783,median-range,5,10001618
0830-172041__NetHackChallenge-v0__exp2/NetHackChallenge-v0__both__grammar__n32__os0__max_episode_steps5000__discountprimitive__ent_coef0.01__exp2,0830-172041__NetHackChallenge-v0__exp2,NetHackChallenge-v0,both,grammar,0,10000000,5000,0,0.999,primitive,exp2,32,716887.0894411567,25.426824712820853,23.41912068919018,28.51869695218319,median-range,5,10001618
0830-172041__NetHackChallenge-v0__exp2/NetHackChallenge-v0__both__grammar__n32__os0__max_episode_steps5000__discountprimitive__ent_coef0.01__exp2,0830-172041__NetHackChallenge-v0__exp2,NetHackChallenge-v0,both,grammar,0,10000000,5000,0,0.999,primitive,exp2,32,740303.0413936676,26.351441955487516,24.56034686338891,28.519482144859428,median-range,5,10001618
0830-172041__NetHackChallenge-v0__exp2/NetHackChallenge-v0__both__grammar__n32__os0__max_episode_steps5000__discountprimitive__ent_coef0.01__exp2,0830-172041__NetHackChallenge-v0__exp2,NetHackChallenge-v0,both,grammar,0,10000000,5000,0,0.999,primitive,exp2,32,764483.8373696211,25.335760854009045,23.359720773879474,27.445353358902956,median-range,5,10001618
0830-172041__NetHackChallenge-v0__exp2/NetHackChallenge-v0__both__grammar__n32__os0__max_episode_steps5000__discountprimitive__ent_coef0.01__exp2,0830-172041__NetHackChallenge-v0__exp2,NetHackChallenge-v0,both,grammar,0,10000000,5000,0,0.999,primitive,exp2,32,789454.4597562986,25.224384526252848,21.379395584401255,28.024863949893263,median-range,5,10001618
0830-172041__NetHackChallenge-v0__exp2/NetHackChallenge-v0__both__grammar__n32__os0__max_episode_steps5000__discountprimitive__ent_coef0.01__exp2,0830-172041__NetHackChallenge-v0__exp2,NetHackChallenge-v0,both,grammar,0,10000000,5000,0,0.999,primitive,exp2,32,815240.7069500644,24.50784832026407,22.142619818092292,27.84126524813967,median-range,5,10001618
0830-172041__NetHackChallenge-v0__exp2/NetHackChallenge-v0__both__grammar__n32__os0__max_episode_steps5000__discountprimitive__ent_coef0.01__exp2,0830-172041__NetHackChallenge-v0__exp2,NetHackChallenge-v0,both,grammar,0,10000000,5000,0,0.999,primitive,exp2,32,841869.2200099886,23.869591132722235,20.620873921278868,27.283560941159962,median-range,5,10001618
0830-172041__NetHackChallenge-v0__exp2/NetHackChallenge-v0__both__grammar__n32__os0__max_episode_steps5000__discountprimitive__ent_coef0.01__exp2,0830-172041__NetHackChallenge-v0__exp2,NetHackChallenge-v0,both,grammar,0,10000000,5000,0,0.999,primitive,exp2,32,869367.510182042,23.00312728043846,21.81993870852735,30.07492617417596,median-range,5,10001618
0830-172041__NetHackChallenge-v0__exp2/NetHackChallenge-v0__both__grammar__n32__os0__max_episode_steps5000__discountprimitive__ent_coef0.01__exp2,0830-172041__NetHackChallenge-v0__exp2,NetHackChallenge-v0,both,grammar,0,10000000,5000,0,0.999,primitive,exp2,32,897763.9873223486,23.364129021910614,22.186859700659713,26.64687320217731,median-range,5,10001618
0830-172041__NetHackChallenge-v0__exp2/NetHackChallenge-v0__both__grammar__n32__os0__max_episode_steps5000__discountprimitive__ent_coef0.01__exp2,0830-172041__NetHackChallenge-v0__exp2,NetHackChallenge-v0,both,grammar,0,10000000,5000,0,0.999,primitive,exp2,32,927087.9892488196,24.532580461457755,23.17175715870887,28.184097700674492,median-range,5,10001618
0830-172041__NetHackChallenge-v0__exp2/NetHackChallenge-v0__both__grammar__n32__os0__max_episode_steps5000__discountprimitive__ent_coef0.01__exp2,0830-172041__NetHackChallenge-v0__exp2,NetHackChallenge-v0,both,grammar,0,10000000,5000,0,0.999,primitive,exp2,32,957369.8120515195,26.288608155827674,24.231502921655935,27.088324345835353,median-range,5,10001618
0830-172041__NetHackChallenge-v0__exp2/NetHackChallenge-v0__both__grammar__n32__os0__max_episode_steps5000__discountprimitive__ent_coef0.01__exp2,0830-172041__NetHackChallenge-v0__exp2,NetHackChallenge-v0,both,grammar,0,10000000,5000,0,0.999,primitive,exp2,32,988640.74139307,26.4521028141127,25.283984777268138,28.314775807863896,median-range,5,10001618
0830-172041__NetHackChallenge-v0__exp2/NetHackChallenge-v0__both__grammar__n32__os0__max_episode_steps5000__discountprimitive__ent_coef0.01__exp2,0830-172041__NetHackChallenge-v0__exp2,NetHackChallenge-v0,both,grammar,0,10000000,5000,0,0.999,primitive,exp2,32,1020933.0848314227,26.21262156981037,22.12459426270596,32.18734802199546,median-range,5,10001618
0830-172041__NetHackChallenge-v0__exp2/NetHackChallenge-v0__both__grammar__n32__os0__max_episode_steps5000__discountprimitive__ent_coef0.01__exp2,0830-172041__NetHackChallenge-v0__exp2,NetHackChallenge-v0,both,grammar,0,10000000,5000,0,0.999,primitive,exp2,32,1054280.205198421,26.431409760673464,22.63551981313064,31.360591964121532,median-range,5,10001618
0830-172041__NetHackChallenge-v0__exp2/NetHackChallenge-v0__both__grammar__n32__os0__max_episode_steps5000__discountprimitive__ent_coef0.01__exp2,0830-172041__NetHackChallenge-v0__exp2,NetHackChallenge-v0,both,grammar,0,10000000,5000,0,0.999,primitive,exp2,32,1088716.5550686016,25.360862440522844,22.422035575703788,32.55794628368371,median-range,5,10001618
0830-172041__NetHackChallenge-v0__exp2/NetHackChallenge-v0__both__grammar__n32__os0__max_episode_steps5000__discountprimitive__ent_coef0.01__exp2,0830-172041__NetHackChallenge-v0__exp2,NetHackChallenge-v0,both,grammar,0,10000000,5000,0,0.999,primitive,exp2,32,1124277.7123538621,25.479540642676763,20.932675038663813,28.344207469370666,median-range,5,10001618
0830-172041__NetHackChallenge-v0__exp2/NetHackChallenge-v0__both__grammar__n32__os0__max_episode_steps5000__discountprimitive__ent_coef0.01__exp2,0830-172041__NetHackChallenge-v0__exp2,NetHackChallenge-v0,both,grammar,0,10000000,5000,0,0.999,primitive,exp2,32,1161000.4170607904,23.454735903597875,20.189043916682202,25.43283220213234,median-range,5,10001618
0830-172041__NetHackChallenge-v0__exp2/NetHackChallenge-v0__both__grammar__n32__os0__max_episode_steps5000__discountprimitive__ent_coef0.01__exp2,0830-172041__NetHackChallenge-v0__exp2,NetHackChallenge-v0,both,grammar,0,10000000,5000,0,0.999,primitive,exp2,32,1198922.609248591,26.068548043518447,21.69351601428547,31.71529634284422,median-range,5,10001618
0830-172041__NetHackChallenge-v0__exp2/NetHackChallenge-v0__both__grammar__n32__os0__max_episode_steps5000__discountprimitive__ent_coef0.01__exp2,0830-172041__NetHackChallenge-v0__exp2,NetHackChallenge-v0,both,grammar,0,10000000,5000,0,0.999,primitive,exp2,32,1238083.468226856,24.101984661127773,23.450853454727355,31.10161970038045,median-range,5,10001618
0830-172041__NetHackChallenge-v0__exp2/NetHackChallenge-v0__both__grammar__n32__os0__max_episode_steps5000__discountprimitive__ent_coef0.01__exp2,0830-172041__NetHackChallenge-v0__exp2,NetHackChallenge-v0,both,grammar,0,10000000,5000,0,0.999,primitive,exp2,32,1278523.453033668,26.594638761705415,23.262080511075997,30.60442101746344,median-range,5,10001618
0830-172041__NetHackChallenge-v0__exp2/NetHackChallenge-v0__both__grammar__n32__os0__max_episode_steps5000__discountprimitive__ent_coef0.01__exp2,0830-172041__NetHackChallenge-v0__exp2,NetHackChallenge-v0,both,grammar,0,10000000,5000,0,0.999,primitive,exp2,32,1320284.344235841,26.10247065013035,22.952769521565887,32.07686378144751,median-range,5,10001618
0830-172041__NetHackChallenge-v0__exp2/NetHackChallenge-v0__both__grammar__n32__os0__max_episode_steps5000__discountprimitive__ent_coef0.01__exp2,0830-172041__NetHackChallenge-v0__exp2,NetHackChallenge-v0,both,grammar,0,10000000,5000,0,0.999,primitive,exp2,32,1363409.2870945288,26.009192245574255,21.69219543307896,34.13507687288684,median-range,5,10001618
0830-172041__NetHackChallenge-v0__exp2/NetHackChallenge-v0__both__grammar__n32__os0__max_episode_steps5000__discountprimitive__ent_coef0.01__exp2,0830-172041__NetHackChallenge-v0__exp2,NetHackChallenge-v0,both,grammar,0,10000000,5000,0,0.999,primitive,exp2,32,1407942.836140725,26.677069096579423,18.69496515218442,32.791891402540614,median-range,5,10001618
0830-172041__NetHackChallenge-v0__exp2/NetHackChallenge-v0__both__grammar__n32__os0__max_episode_steps5000__discountprimitive__ent_coef0.01__exp2,0830-172041__NetHackChallenge-v0__exp2,NetHackChallenge-v0,both,grammar,0,10000000,5000,0,0.999,primitive,exp2,32,1453931.0012067931,25.127547260890047,19.63963065699914,36.22483091796815,median-range,5,10001618
0830-172041__NetHackChallenge-v0__exp2/NetHackChallenge-v0__both__grammar__n32__os0__max_episode_steps5000__discountprimitive__ent_coef0.01__exp2,0830-172041__NetHackChallenge-v0__exp2,NetHackChallenge-v0,both,grammar,0,10000000,5000,0,0.999,primitive,exp2,32,1501421.2949615098,22.746351310574816,18.33419325472072,35.90236153343332,median-range,5,10001618
0830-172041__NetHackChallenge-v0__exp2/NetHackChallenge-v0__both__grammar__n32__os0__max_episode_steps5000__discountprimitive__ent_coef0.01__exp2,0830-172041__NetHackChallenge-v0__exp2,NetHackChallenge-v0,both,grammar,0,10000000,5000,0,0.999,primitive,exp2,32,1550462.7819977764,22.494155523317655,20.008520786299556,30.826559690504528,median-range,5,10001618
0830-172041__NetHackChallenge-v0__exp2/NetHackChallenge-v0__both__grammar__n32__os0__max_episode_steps5000__discountprimitive__ent_coef0.01__exp2,0830-172041__NetHackChallenge-v0__exp2,NetHackChallenge-v0,both,grammar,0,10000000,5000,0,0.999,primitive,exp2,32,1601106.1295237031,22.843142963917987,18.881428620793397,29.30455542171872,median-range,5,10001618
0830-172041__NetHackChallenge-v0__exp2/NetHackChallenge-v0__both__grammar__n32__os0__max_episode_steps5000__discountprimitive__ent_coef0.01__exp2,0830-172041__NetHackChallenge-v0__exp2,NetHackChallenge-v0,both,grammar,0,10000000,5000,0,0.999,primitive,exp2,32,1653403.6597094175,22.451173810186678,19.988162753890567,26.102763657760253,median-range,5,10001618
0830-172041__NetHackChallenge-v0__exp2/NetHackChallenge-v0__both__grammar__n32__os0__max_episode_steps5000__discountprimitive__ent_coef0.01__exp2,0830-172041__NetHackChallenge-v0__exp2,NetHackChallenge-v0,both,grammar,0,10000000,5000,0,0.999,primitive,exp2,32,1707409.4037437285,21.587601038211933,20.66606271015769,28.216816341327448,median-range,5,10001618
0830-172041__NetHackChallenge-v0__exp2/NetHackChallenge-v0__both__grammar__n32__os0__max_episode_steps5000__discountprimitive__ent_coef0.01__exp2,0830-172041__NetHackChallenge-v0__exp2,NetHackChallenge-v0,both,grammar,0,10000000,5000,0,0.999,primitive,exp2,32,1763179.1576564368,22.21297824689655,17.174997292594355,26.83,median-range,5,10001618
0830-172041__NetHackChallenge-v0__exp2/NetHackChallenge-v0__both__grammar__n32__os0__max_episode_steps5000__discountprimitive__ent_coef0.01__exp2,0830-172041__NetHackChallenge-v0__exp2,NetHackChallenge-v0,both,grammar,0,10000000,5000,0,0.999,primitive,exp2,32,1820770.5399639858,21.186554979465473,17.48873893470571,29.22521542545105,median-range,5,10001618
0830-172041__NetHackChallenge-v0__exp2/NetHackChallenge-v0__both__grammar__n32__os0__max_episode_steps5000__discountprimitive__ent_coef0.01__exp2,0830-172041__NetHackChallenge-v0__exp2,NetHackChallenge-v0,both,grammar,0,10000000,5000,0,0.999,primitive,exp2,32,1880243.051198049,22.619958684531415,18.329011509025708,28.51241416259974,median-range,5,10001618
0830-172041__NetHackChallenge-v0__exp2/NetHackChallenge-v0__both__grammar__n32__os0__max_episode_steps5000__discountprimitive__ent_coef0.01__exp2,0830-172041__NetHackChallenge-v0__exp2,NetHackChallenge-v0,both,grammar,0,10000000,5000,0,0.999,primitive,exp2,32,1941658.1353784844,23.91703066565204,18.20872684936483,28.010384537478995,median-range,5,10001618
0830-172041__NetHackChallenge-v0__exp2/NetHackChallenge-v0__both__grammar__n32__os0__max_episode_steps5000__discountprimitive__ent_coef0.01__exp2,0830-172041__NetHackChallenge-v0__exp2,NetHackChallenge-v0,both,grammar,0,10000000,5000,0,0.999,primitive,exp2,32,2005079.2434942226,25.220805770223496,15.476834270673361,26.18355491314102,median-range,5,10001618
0830-172041__NetHackChallenge-v0__exp2/NetHackChallenge-v0__both__grammar__n32__os0__max_episode_steps5000__discountprimitive__ent_coef0.01__exp2,0830-172041__NetHackChallenge-v0__exp2,NetHackChallenge-v0,both,grammar,0,10000000,5000,0,0.999,primitive,exp2,32,2070571.8990576542,25.727442288310776,16.99881063137178,26.416352999526055,median-range,5,10001618
0830-172041__NetHackChallenge-v0__exp2/NetHackChallenge-v0__both__grammar__n32__os0__max_episode_steps5000__discountprimitive__ent_coef0.01__exp2,0830-172041__NetHackChallenge-v0__exp2,NetHackChallenge-v0,both,grammar,0,10000000,5000,0,0.999,primitive,exp2,32,2138203.7658002246,26.1191778182098,21.945349210296957,30.446794771456204,median-range,5,10001618
0830-172041__NetHackChallenge-v0__exp2/NetHackChallenge-v0__both__grammar__n32__os0__max_episode_steps5000__discountprimitive__ent_coef0.01__exp2,0830-172041__NetHackChallenge-v0__exp2,NetHackChallenge-v0,both,grammar,0,10000000,5000,0,0.999,primitive,exp2,32,2208044.717579241,25.269227014968454,24.749381135229118,27.13555433029815,median-range,5,10001618
0830-172041__NetHackChallenge-v0__exp2/NetHackChallenge-v0__both__grammar__n32__os0__max_episode_steps5000__discountprimitive__ent_coef0.01__exp2,0830-172041__NetHackChallenge-v0__exp2,NetHackChallenge-v0,both,grammar,0,10000000,5000,0,0.999,primitive,exp2,32,2280166.910568008,23.547047570470106,23.043120493454584,25.44373578250675,median-range,5,10001618
0830-172041__NetHackChallenge-v0__exp2/NetHackChallenge-v0__both__grammar__n32__os0__max_episode_steps5000__discountprimitive__ent_coef0.01__exp2,0830-172041__NetHackChallenge-v0__exp2,NetHackChallenge-v0,both,grammar,0,10000000,5000,0,0.999,primitive,exp2,32,2354644.857804005,25.580838813591505,23.060602373690834,28.612717027748218,median-range,5,10001618
0830-172041__NetHackChallenge-v0__exp2/NetHackChallenge-v0__both__grammar__n32__os0__max_episode_steps5000__discountprimitive__ent_coef0.01__exp2,0830-172041__NetHackChallenge-v0__exp2,NetHackChallenge-v0,both,grammar,0,10000000,5000,0,0.999,primitive,exp2,32,2431555.506172002,27.622487571268223,25.937706043491364,28.711183251340323,median-range,5,10001618
0830-172041__NetHackChallenge-v0__exp2/NetHackChallenge-v0__both__grammar__n32__os0__max_episode_steps5000__discountprimitive__ent_coef0.01__exp2,0830-172041__NetHackChallenge-v0__exp2,NetHackChallenge-v0,both,grammar,0,10000000,5000,0,0.999,primitive,exp2,32,2510978.3159017344,28.94420894513002,24.723437268645522,30.69586734711334,median-range,5,10001618
0830-172041__NetHackChallenge-v0__exp2/NetHackChallenge-v0__both__grammar__n32__os0__max_episode_steps5000__discountprimitive__ent_coef0.01__exp2,0830-172041__NetHackChallenge-v0__exp2,NetHackChallenge-v0,both,grammar,0,10000000,5000,0,0.999,primitive,exp2,32,2592995.342662234,25.77158892866361,24.04535308454857,29.619793281158742,median-range,5,10001618
0830-172041__NetHackChallenge-v0__exp2/NetHackChallenge-v0__both__grammar__n32__os0__max_episode_steps5000__discountprimitive__ent_coef0.01__exp2,0830-172041__NetHackChallenge-v0__exp2,NetHackChallenge-v0,both,grammar,0,10000000,5000,0,0.999,primitive,exp2,32,2677691.322337637,25.094515793063398,24.02966601986101,29.399455076650238,median-range,5,10001618
0830-172041__NetHackChallenge-v0__exp2/NetHackChallenge-v0__both__grammar__n32__os0__max_episode_steps5000__discountprimitive__ent_coef0.01__exp2,0830-172041__NetHackChallenge-v0__exp2,NetHackChallenge-v0,both,grammar,0,10000000,5000,0,0.999,primitive,exp2,32,2765153.758572039,27.75735061954468,23.05,29.264068961094473,median-range,5,10001618
0830-172041__NetHackChallenge-v0__exp2/NetHackChallenge-v0__both__grammar__n32__os0__max_episode_steps5000__discountprimitive__ent_coef0.01__exp2,0830-172041__NetHackChallenge-v0__exp2,NetHackChallenge-v0,both,grammar,0,10000000,5000,0,0.999,primitive,exp2,32,2855473.013173913,27.392560110572663,22.322092900116395,31.061281615785646,median-range,5,10001618
0830-172041__NetHackChallenge-v0__exp2/NetHackChallenge-v0__both__grammar__n32__os0__max_episode_steps5000__discountprimitive__ent_coef0.01__exp2,0830-172041__NetHackChallenge-v0__exp2,NetHackChallenge-v0,both,grammar,0,10000000,5000,0,0.999,primitive,exp2,32,2948742.399473358,28.83500546355767,20.559256617404955,30.684135227168472,median-range,5,10001618
0830-172041__NetHackChallenge-v0__exp2/NetHackChallenge-v0__both__grammar__n32__os0__max_episode_steps5000__discountprimitive__ent_coef0.01__exp2,0830-172041__NetHackChallenge-v0__exp2,NetHackChallenge-v0,both,grammar,0,10000000,5000,0,0.999,primitive,exp2,32,3045058.2787288,25.297727495247972,21.372625513611766,32.40019420544377,median-range,5,10001618
0830-172041__NetHackChallenge-v0__exp2/NetHackChallenge-v0__both__grammar__n32__os0__max_episode_steps5000__discountprimitive__ent_coef0.01__exp2,0830-172041__NetHackChallenge-v0__exp2,NetHackChallenge-v0,both,grammar,0,10000000,5000,0,0.999,primitive,exp2,32,3144520.159682595,23.202076759145257,20.533593400483785,32.46736731311188,median-range,5,10001618
0830-172041__NetHackChallenge-v0__exp2/NetHackChallenge-v0__both__grammar__n32__os0__max_episode_steps5000__discountprimitive__ent_coef0.01__exp2,0830-172041__NetHackChallenge-v0__exp2,NetHackChallenge-v0,both,grammar,0,10000000,5000,0,0.999,primitive,exp2,32,3247230.801368483,25.53961344767817,19.21,32.271905887796684,median-range,5,10001618
0830-172041__NetHackChallenge-v0__exp2/NetHackChallenge-v0__both__grammar__n32__os0__max_episode_steps5000__discountprimitive__ent_coef0.01__exp2,0830-172041__NetHackChallenge-v0__exp2,NetHackChallenge-v0,both,grammar,0,10000000,5000,0,0.999,primitive,exp2,32,3353296.31927708,27.736828679711632,20.357964772286476,33.21754110658559,median-range,5,10001618
0830-172041__NetHackChallenge-v0__exp2/NetHackChallenge-v0__both__grammar__n32__os0__max_episode_steps5000__discountprimitive__ent_coef0.01__exp2,0830-172041__NetHackChallenge-v0__exp2,NetHackChallenge-v0,both,grammar,0,10000000,5000,0,0.999,primitive,exp2,32,3462826.294989062,26.419747326982645,22.207762638812348,32.653536915794916,median-range,5,10001618
0830-172041__NetHackChallenge-v0__exp2/NetHackChallenge-v0__both__grammar__n32__os0__max_episode_steps5000__discountprimitive__ent_coef0.01__exp2,0830-172041__NetHackChallenge-v0__exp2,NetHackChallenge-v0,both,grammar,0,10000000,5000,0,0.999,primitive,exp2,32,3575933.8893894157,26.824570239268066,21.86889737802756,33.98058514029669,median-range,5,10001618
0830-172041__NetHackChallenge-v0__exp2/NetHackChallenge-v0__both__grammar__n32__os0__max_episode_steps5000__discountprimitive__ent_coef0.01__exp2,0830-172041__NetHackChallenge-v0__exp2,NetHackChallenge-v0,both,grammar,0,10000000,5000,0,0.999,primitive,exp2,32,3692735.9595795376,24.34719850077509,23.870833927395662,27.616602099904945,median-range,5,10001618
0830-172041__NetHackChallenge-v0__exp2/NetHackChallenge-v0__both__grammar__n32__os0__max_episode_steps5000__discountprimitive__ent_coef0.01__exp2,0830-172041__NetHackChallenge-v0__exp2,NetHackChallenge-v0,both,grammar,0,10000000,5000,0,0.999,primitive,exp2,32,3813353.179608189,24.55760395118705,20.0043941560599,27.885534537787105,median-range,5,10001618
0830-172041__NetHackChallenge-v0__exp2/NetHackChallenge-v0__both__grammar__n32__os0__max_episode_steps5000__discountprimitive__ent_coef0.01__exp2,0830-172041__NetHackChallenge-v0__exp2,NetHackChallenge-v0,both,grammar,0,10000000,5000,0,0.999,primitive,exp2,32,3937910.165145853,28.873070005961083,19.17362123093447,33.23291146088379,median-range,5,10001618
0830-172041__NetHackChallenge-v0__exp2/NetHackChallenge-v0__both__grammar__n32__os0__max_episode_steps5000__discountprimitive__ent_coef0.01__exp2,0830-172041__NetHackChallenge-v0__exp2,NetHackChallenge-v0,both,grammar,0,10000000,5000,0,0.999,primitive,exp2,32,4066535.602231407,24.39,19.827903747647216,34.16779863772551,median-range,5,10001618
0830-172041__NetHackChallenge-v0__exp2/NetHackChallenge-v0__both__grammar__n32__os0__max_episode_steps5000__discountprimitive__ent_coef0.01__exp2,0830-172041__NetHackChallenge-v0__exp2,NetHackChallenge-v0,both,grammar,0,10000000,5000,0,0.999,primitive,exp2,32,4199362.380224097,24.468206643867287,20.29784200505523,28.240482653715222,median-range,5,10001618
0830-172041__NetHackChallenge-v0__exp2/NetHackChallenge-v0__both__grammar__n32__os0__max_episode_steps5000__discountprimitive__ent_coef0.01__exp2,0830-172041__NetHackChallenge-v0__exp2,NetHackChallenge-v0,both,grammar,0,10000000,5000,0,0.999,primitive,exp2,32,4336527.72909817,27.11865598298618,19.848945497328774,32.5,median-range,5,10001618
0830-172041__NetHackChallenge-v0__exp2/NetHackChallenge-v0__both__grammar__n32__os0__max_episode_steps5000__discountprimitive__ent_coef0.01__exp2,0830-172041__NetHackChallenge-v0__exp2,NetHackChallenge-v0,both,grammar,0,10000000,5000,0,0.999,primitive,exp2,32,4478173.361221984,26.61642742217099,22.164260388190847,31.159857557454238,median-range,5,10001618
0830-172041__NetHackChallenge-v0__exp2/NetHackChallenge-v0__both__grammar__n32__os0__max_episode_steps5000__discountprimitive__ent_coef0.01__exp2,0830-172041__NetHackChallenge-v0__exp2,NetHackChallenge-v0,both,grammar,0,10000000,5000,0,0.999,primitive,exp2,32,4624445.617768183,28.80202191469397,21.196500509040376,29.908251617186888,median-range,5,10001618
0830-172041__NetHackChallenge-v0__exp2/NetHackChallenge-v0__both__grammar__n32__os0__max_episode_steps5000__discountprimitive__ent_coef0.01__exp2,0830-172041__NetHackChallenge-v0__exp2,NetHackChallenge-v0,both,grammar,0,10000000,5000,0,0.999,primitive,exp2,32,4775495.619905999,23.916650886949185,19.400129529132148,34.83006766427694,median-range,5,10001618
0830-172041__NetHackChallenge-v0__exp2/NetHackChallenge-v0__both__grammar__n32__os0__max_episode_steps5000__discountprimitive__ent_coef0.01__exp2,0830-172041__NetHackChallenge-v0__exp2,NetHackChallenge-v0,both,grammar,0,10000000,5000,0,0.999,primitive,exp2,32,4931479.424932137,26.114549367112243,17.86258230023587,29.350051815714078,median-range,5,10001618
0830-172041__NetHackChallenge-v0__exp2/NetHackChallenge-v0__both__grammar__n32__os0__max_episode_steps5000__discountprimitive__ent_coef0.01__exp2,0830-172041__NetHackChallenge-v0__exp2,NetHackChallenge-v0,both,grammar,0,10000000,5000,0,0.999,primitive,exp2,32,5092558.187501323,24.47545474915138,22.999214612001065,25.57837655014458,median-range,5,10001618
0830-172041__NetHackChallenge-v0__exp2/NetHackChallenge-v0__both__grammar__n32__os0__max_episode_steps5000__discountprimitive__ent_coef0.01__exp2,0830-172041__NetHackChallenge-v0__exp2,NetHackChallenge-v0,both,grammar,0,10000000,5000,0,0.999,primitive,exp2,32,5258898.32612323,25.17,23.446022269870507,29.59360485543581,median-range,5,10001618
0830-172041__NetHackChallenge-v0__exp2/NetHackChallenge-v0__both__grammar__n32__os0__max_episode_steps5000__discountprimitive__ent_coef0.01__exp2,0830-172041__NetHackChallenge-v0__exp2,NetHackChallenge-v0,both,grammar,0,10000000,5000,0,0.999,primitive,exp2,32,5430671.695097756,27.92201553925094,22.626125922428663,28.26557978944939,median-range,5,10001618
0830-172041__NetHackChallenge-v0__exp2/NetHackChallenge-v0__both__grammar__n32__os0__max_episode_steps5000__discountprimitive__ent_coef0.01__exp2,0830-172041__NetHackChallenge-v0__exp2,NetHackChallenge-v0,both,grammar,0,10000000,5000,0,0.999,primitive,exp2,32,5608055.762066237,25.447062874076696,23.55801095474914,27.52,median-range,5,10001618
0830-172041__NetHackChallenge-v0__exp2/NetHackChallenge-v0__both__grammar__n32__os0__max_episode_steps5000__discountprimitive__ent_coef0.01__exp2,0830-172041__NetHackChallenge-v0__exp2,NetHackChallenge-v0,both,grammar,0,10000000,5000,0,0.999,primitive,exp2,32,5791233.791362205,28.187836941451607,26.990938701493686,29.472503621798136,median-range,5,10001618
0830-172041__NetHackChallenge-v0__exp2/NetHackChallenge-v0__both__grammar__n32__os0__max_episode_steps5000__discountprimitive__ent_coef0.01__exp2,0830-172041__NetHackChallenge-v0__exp2,NetHackChallenge-v0,both,grammar,0,10000000,5000,0,0.999,primitive,exp2,32,5980395.033350823,29.217525417036782,25.89800716339745,31.076517518867377,median-range,5,10001618
0830-172041__NetHackChallenge-v0__exp2/NetHackChallenge-v0__both__grammar__n32__os0__max_episode_steps5000__discountprimitive__ent_coef0.01__exp2,0830-172041__NetHackChallenge-v0__exp2,NetHackChallenge-v0,both,grammar,0,10000000,5000,0,0.999,primitive,exp2,32,6175734.919952969,28.383651522845785,25.575717596838135,29.400265272609875,median-range,5,10001618
0830-172041__NetHackChallenge-v0__exp2/NetHackChallenge-v0__both__grammar__n32__os0__max_episode_steps5000__discountprimitive__ent_coef0.01__exp2,0830-172041__NetHackChallenge-v0__exp2,NetHackChallenge-v0,both,grammar,0,10000000,5000,0,0.999,primitive,exp2,32,6377455.266555657,25.15956117219445,24.169749860390475,28.710513762014884,median-range,5,10001618
0830-172041__NetHackChallenge-v0__exp2/NetHackChallenge-v0__both__grammar__n32__os0__max_episode_steps5000__discountprimitive__ent_coef0.01__exp2,0830-172041__NetHackChallenge-v0__exp2,NetHackChallenge-v0,both,grammar,0,10000000,5000,0,0.999,primitive,exp2,32,6585764.480517603,29.60274616797409,25.969550192377532,31.377080339215286,median-range,5,10001618
0830-172041__NetHackChallenge-v0__exp2/NetHackChallenge-v0__both__grammar__n32__os0__max_episode_steps5000__discountprimitive__ent_coef0.01__exp2,0830-172041__NetHackChallenge-v0__exp2,NetHackChallenge-v0,both,grammar,0,10000000,5000,0,0.999,primitive,exp2,32,6800877.776485268,27.347637409730847,23.692679256834243,31.185529058378673,median-range,5,10001618
0830-172041__NetHackChallenge-v0__exp2/NetHackChallenge-v0__both__grammar__n32__os0__max_episode_steps5000__discountprimitive__ent_coef0.01__exp2,0830-172041__NetHackChallenge-v0__exp2,NetHackChallenge-v0,both,grammar,0,10000000,5000,0,0.999,primitive,exp2,32,7023017.398741863,25.852986675192874,23.867006047127248,31.99547545935938,median-range,5,10001618
0830-172041__NetHackChallenge-v0__exp2/NetHackChallenge-v0__both__grammar__n32__os0__max_episode_steps5000__discountprimitive__ent_coef0.01__exp2,0830-172041__NetHackChallenge-v0__exp2,NetHackChallenge-v0,both,grammar,0,10000000,5000,0,0.999,primitive,exp2,32,7252412.850818958,27.63569075124164,24.44499081143673,29.213301514010254,median-range,5,10001618
0830-172041__NetHackChallenge-v0__exp2/NetHackChallenge-v0__both__grammar__n32__os0__max_episode_steps5000__discountprimitive__ent_coef0.01__exp2,0830-172041__NetHackChallenge-v0__exp2,NetHackChallenge-v0,both,grammar,0,10000000,5000,0,0.999,primitive,exp2,32,7489301.132608136,26.232539693039108,25.84744040731396,30.537875680267,median-range,5,10001618
0830-172041__NetHackChallenge-v0__exp2/NetHackChallenge-v0__both__grammar__n32__os0__max_episode_steps5000__discountprimitive__ent_coef0.01__exp2,0830-172041__NetHackChallenge-v0__exp2,NetHackChallenge-v0,both,grammar,0,10000000,5000,0,0.999,primitive,exp2,32,7733926.98521729,29.531776199996028,24.57146185127975,31.127198028972,median-range,5,10001618
0830-172041__NetHackChallenge-v0__exp2/NetHackChallenge-v0__both__grammar__n32__os0__max_episode_steps5000__discountprimitive__ent_coef0.01__exp2,0830-172041__NetHackChallenge-v0__exp2,NetHackChallenge-v0,both,grammar,0,10000000,5000,0,0.999,primitive,exp2,32,7986543.143824984,30.719586945366725,23.618290917606515,33.964668096992106,median-range,5,10001618
0830-172041__NetHackChallenge-v0__exp2/NetHackChallenge-v0__both__grammar__n32__os0__max_episode_steps5000__discountprimitive__ent_coef0.01__exp2,0830-172041__NetHackChallenge-v0__exp2,NetHackChallenge-v0,both,grammar,0,10000000,5000,0,0.999,primitive,exp2,32,8247410.598793723,28.068256069301032,21.247914418942482,33.195933956573974,median-range,5,10001618
0830-172041__NetHackChallenge-v0__exp2/NetHackChallenge-v0__both__grammar__n32__os0__max_episode_steps5000__discountprimitive__ent_coef0.01__exp2,0830-172041__NetHackChallenge-v0__exp2,NetHackChallenge-v0,both,grammar,0,10000000,5000,0,0.999,primitive,exp2,32,8516798.865312135,29.993787200957584,24.895351044430758,34.23332664318126,median-range,5,10001618
0830-172041__NetHackChallenge-v0__exp2/NetHackChallenge-v0__both__grammar__n32__os0__max_episode_steps5000__discountprimitive__ent_coef0.01__exp2,0830-172041__NetHackChallenge-v0__exp2,NetHackChallenge-v0,both,grammar,0,10000000,5000,0,0.999,primitive,exp2,32,8794986.261844585,28.012376313048637,25.148768251190738,29.942200673680272,median-range,5,10001618
0830-172041__NetHackChallenge-v0__exp2/NetHackChallenge-v0__both__grammar__n32__os0__max_episode_steps5000__discountprimitive__ent_coef0.01__exp2,0830-172041__NetHackChallenge-v0__exp2,NetHackChallenge-v0,both,grammar,0,10000000,5000,0,0.999,primitive,exp2,32,9082260.197675802,31.83,24.86,39.99404651280154,median-range,5,10001618
0830-172041__NetHackChallenge-v0__exp2/NetHackChallenge-v0__both__grammar__n32__os0__max_episode_steps5000__discountprimitive__ent_coef0.01__exp2,0830-172041__NetHackChallenge-v0__exp2,NetHackChallenge-v0,both,grammar,0,10000000,5000,0,0.999,primitive,exp2,32,9378917.469847877,29.10839102148831,26.553600709190274,38.75397828642026,median-range,5,10001618
0830-172041__NetHackChallenge-v0__exp2/NetHackChallenge-v0__both__grammar__n32__os0__max_episode_steps5000__discountprimitive__ent_coef0.01__exp2,0830-172041__NetHackChallenge-v0__exp2,NetHackChallenge-v0,both,grammar,0,10000000,5000,0,0.999,primitive,exp2,32,9685264.569795964,32.37604369747381,26.86794513813737,33.29086797765498,median-range,5,10001618
0830-172041__NetHackChallenge-v0__exp2/NetHackChallenge-v0__both__grammar__n32__os0__max_episode_steps5000__discountprimitive__ent_coef0.01__exp2,0830-172041__NetHackChallenge-v0__exp2,NetHackChallenge-v0,both,grammar,0,10000000,5000,0,0.999,primitive,exp2,32,10001618.0,28.7,25.502060301507537,36.22294627383016,median-range,5,10001618
0830-172041__NetHackChallenge-v0__exp2/NetHackChallenge-v0__both__grammar__n64__os0__max_episode_steps5000__discountprimitive__ent_coef0.01__exp2,0830-172041__NetHackChallenge-v0__exp2,NetHackChallenge-v0,both,grammar,0,10000000,5000,0,0.999,primitive,exp2,64,10297.0,6.973146170277693,2.898563128955286,17.579961464354525,median-range,5,9999079
0830-172041__NetHackChallenge-v0__exp2/NetHackChallenge-v0__both__grammar__n64__os0__max_episode_steps5000__discountprimitive__ent_coef0.01__exp2,0830-172041__NetHackChallenge-v0__exp2,NetHackChallenge-v0,both,grammar,0,10000000,5000,0,0.999,primitive,exp2,64,10659.13630139394,7.083654654071999,3.114590075009354,17.966888561000534,median-range,5,9999079
0830-172041__NetHackChallenge-v0__exp2/NetHackChallenge-v0__both__grammar__n64__os0__max_episode_steps5000__discountprimitive__ent_coef0.01__exp2,0830-172041__NetHackChallenge-v0__exp2,NetHackChallenge-v0,both,grammar,0,10000000,5000,0,0.999,primitive,exp2,64,11034.008613352837,7.198049622628268,3.3382144959828626,17.880771728738473,median-range,5,9999079
0830-172041__NetHackChallenge-v0__exp2/NetHackChallenge-v0__both__grammar__n64__os0__max_episode_steps5000__discountprimitive__ent_coef0.01__exp2,0830-172041__NetHackChallenge-v0__exp2,NetHackChallenge-v0,both,grammar,0,10000000,5000,0,0.999,primitive,exp2,64,11422.064850003175,7.316467760147445,3.5697035882890606,17.791626244332768,median-range,5,9999079
0830-172041__NetHackChallenge-v0__exp2/NetHackChallenge-v0__both__grammar__n64__os0__max_episode_steps5000__discountprimitive__ent_coef0.01__exp2,0830-172041__NetHackChallenge-v0__exp2,NetHackChallenge-v0,both,grammar,0,10000000,5000,0,0.999,primitive,exp2,64,11823.768678211582,7.439050557891846,3.809333945400622,17.69934559279016,median-range,5,9999079
0830-172041__NetHackChallenge-v0__exp2/NetHackChallenge-v0__both__grammar__n64__os0__max_episode_steps5000__discountprimitive__ent_coef0.01__exp2,0830-172041__NetHackChallenge-v0__exp2,NetHackChallenge-v0,both,grammar,0,10000000,5000,0,0.999,primitive,exp2,64,12239.600071594617,7.56594448324523,4.0,17.60381951308014,median-range,5,9999079
0830-172041__NetHackChallenge-v0__exp2/NetHackChallenge-v0__both__grammar__n64__os0__max_episode_steps5000__discountprimitive__ent_coef0.01__exp2,0830-172041__NetHackChallenge-v0__exp2,NetHackChallenge-v0,both,grammar,0,10000000,5000,0,0.999,primitive,exp2,64,12670.055884012638,7.697301154718534,4.0,17.50493386639014,median-range,5,9999079
0830-172041__NetHackChallenge-v0__exp2/NetHackChallenge-v0__both__grammar__n64__os0__max_episode_steps5000__discountprimitive__ent_coef0.01__exp2,0830-172041__NetHackChallenge-v0__exp2,NetHackChallenge-v0,both,grammar,0,10000000,5000,0,0.999,primitive,exp2,64,13115.650443232891,7.833277523110434,4.0,17.402570499747405,median-range,5,9999079
0830-172041__NetHackChallenge-v0__exp2/NetHackChallenge-v0__both__grammar__n64__os0__max_episode_steps5000__discountprimitive__ent_coef0.01__exp2,0830-172041__NetHackChallenge-v0__exp2,NetHackChallenge-v0,both,grammar,0,10000000,5000,0,0.999,primitive,exp2,64,13576.916165471237,7.974036059039133,4.0,17.296607104844576,median-range,5,9999079
0830-172041__NetHackChallenge-v0__exp2/NetHackChallenge-v0__both__grammar__n64__os0__max_episode_steps5000__discountprimitive__ent_coef0.01__exp2,0830-172041__NetHackChallenge-v0__exp2,NetHackChallenge-v0,both,grammar,0,10000000,5000,0,0.999,primitive,exp2,64,14054.404191546737,8.119744947069496,4.0,17.186917071900254,median-range,5,9999079
0830-172041__NetHackChallenge-v0__exp2/NetHackChallenge-v0__both__grammar__n64__os0__max_episode_steps5000__discountprimitive__ent_coef0.01__exp2,0830-172041__NetHackChallenge-v0__exp2,NetHackChallenge-v0,both,grammar,0,10000000,5000,0,0.999,primitive,exp2,64,14548.685045409251,8.270578286667455,4.0,17.07336933838001,median-range,5,9999079
0830-172041__NetHackChallenge-v0__exp2/NetHackChallenge-v0__both__grammar__n64__os0__max_episode_steps5000__discountprimitive__ent_coef0.01__exp2,0830-172041__NetHackChallenge-v0__exp2,NetHackChallenge-v0,both,grammar,0,10000000,5000,0,0.999,primitive,exp2,64,15060.349315826841,8.426716300221802,4.0,16.955828232397042,median-range,5,9999079
0830-172041__NetHackChallenge-v0__exp2/NetHackChallenge-v0__both__grammar__n64__os0__max_episode_steps5000__discountprimitive__ent_coef0.01__exp2,0830-172041__NetHackChallenge-v0__exp2,NetHackChallenge-v0,both,grammar,0,10000000,5000,0,0.999,primitive,exp2,64,15590.008362047525,8.588345548381913,4.0,16.834153310605352,median-range,5,9999079
0830-172041__NetHackChallenge-v0__exp2/NetHackChallenge-v0__both__grammar__n64__os0__max_episode_steps5000__discountprimitive__ent_coef0.01__exp2,0830-172041__NetHackChallenge-v0__exp2,NetHackChallenge-v0,both,grammar,0,10000000,5000,0,0.999,primitive,exp2,64,16138.295044278524,8.755659152968729,4.0,16.708199190391788,median-range,5,9999079
0830-172041__NetHackChallenge-v0__exp2/NetHackChallenge-v0__both__grammar__n64__os0__max_episode_steps5000__discountprimitive__ent_coef0.01__exp2,0830-172041__NetHackChallenge-v0__exp2,NetHackChallenge-v0,both,grammar,0,10000000,5000,0,0.999,primitive,exp2,64,16705.864479855805,8.9288570277253,4.0,16.577815376166427,median-range,5,9999079
0830-172041__NetHackChallenge-v0__exp2/NetHackChallenge-v0__both__grammar__n64__os0__max_episode_steps5000__discountprimitive__ent_coef0.01__exp2,0830-172041__NetHackChallenge-v0__exp2,NetHackChallenge-v0,both,grammar,0,10000000,5000,0,0.999,primitive,exp2,64,17293.39482600745,9.10814611718262,4.0,16.44284607954374,median-range,5,9999079
0830-172041__NetHackChallenge-v0__exp2/NetHackChallenge-v0__both__grammar__n64__os0__max_episode_steps5000__discountprimitive__ent_coef0.01__exp2,0830-172041__NetHackChallenge-v0__exp2,NetHackChallenge-v0,both,grammar,0,10000000,5000,0,0.999,primitive,exp2,64,17901.588090146088,9.293740643926178,4.0,16.303130033199718,median-range,5,9999079
0830-172041__NetHackChallenge-v0__exp2/NetHackChallenge-v0__both__grammar__n64__os0__max_episode_steps5000__discountprimitive__ent_coef0.01__exp2,0830-172041__NetHackChallenge-v0__exp2,NetHackChallenge-v0,both,grammar,0,10000000,5000,0,0.999,primitive,exp2,64,18531.17096865861,9.485862364558624,4.0,16.158500298182442,median-range,5,9999079
0830-172041__NetHackChallenge-v0__exp2/NetHackChallenge-v0__both__grammar__n64__os0__max_episode_steps5000__discountprimitive__ent_coef0.01__exp2,0830-172041__NetHackChallenge-v0__exp2,NetHackChallenge-v0,both,grammar,0,10000000,5000,0,0.999,primitive,exp2,64,19182.89571519532,9.684740834664424,4.0,16.008784064446065,median-range,5,9999079
0830-172041__NetHackChallenge-v0__exp2/NetHackChallenge-v0__both__grammar__n64__os0__max_episode_steps5000__discountprimitive__ent_coef0.01__exp2,0830-172041__NetHackChallenge-v0__exp2,NetHackChallenge-v0,both,grammar,0,10000000,5000,0,0.999,primitive,exp2,64,19857.541039496242,9.890613683093147,4.841059093801147,15.853802444369585,median-range,5,9999079
0830-172041__NetHackChallenge-v0__exp2/NetHackChallenge-v0__both__grammar__n64__os0__max_episode_steps5000__discountprimitive__ent_coef0.01__exp2,0830-172041__NetHackChallenge-v0__exp2,NetHackChallenge-v0,both,grammar,0,10000000,5000,0,0.999,primitive,exp2,64,20555.91303782796,11.569312270673864,5.852825842561331,15.693370259014038,median-range,5,9999079
0830-172041__NetHackChallenge-v0__exp2/NetHackChallenge-v0__both__grammar__n64__os0__max_episode_steps5000__discountprimitive__ent_coef0.01__exp2,0830-172041__NetHackChallenge-v0__exp2,NetHackChallenge-v0,both,grammar,0,10000000,5000,0,0.999,primitive,exp2,64,21278.84615614345,12.415349702920011,6.900175525017673,15.527295816862416,median-range,5,9999079
0830-172041__NetHackChallenge-v0__exp2/NetHackChallenge-v0__both__grammar__n64__os0__max_episode_steps5000__discountprimitive__ent_coef0.01__exp2,0830-172041__NetHackChallenge-v0__exp2,NetHackChallenge-v0,both,grammar,0,10000000,5000,0,0.999,primitive,exp2,64,22027.204187115247,12.814953510674275,7.984359561195577,17.282706096731907,median-range,5,9999079
0830-172041__NetHackChallenge-v0__exp2/NetHackChallenge-v0__both__grammar__n64__os0__max_episode_steps5000__discountprimitive__ent_coef0.01__exp2,0830-172041__NetHackChallenge-v0__exp2,NetHackChallenge-v0,both,grammar,0,10000000,5000,0,0.999,primitive,exp2,64,22801.881302233356,13.228611027757767,9.106673382446008,19.711091163678702,median-range,5,9999079
0830-172041__NetHackChallenge-v0__exp2/NetHackChallenge-v0__both__grammar__n64__os0__max_episode_steps5000__discountprimitive__ent_coef0.01__exp2,0830-172041__NetHackChallenge-v0__exp2,NetHackChallenge-v0,both,grammar,0,10000000,5000,0,0.999,primitive,exp2,64,23603.803120201166,13.360079191191463,10.268457979284559,22.22488036644217,median-range,5,9999079
0830-172041__NetHackChallenge-v0__exp2/NetHackChallenge-v0__both__grammar__n64__os0__max_episode_steps5000__discountprimitive__ent_coef0.01__exp2,0830-172041__NetHackChallenge-v0__exp2,NetHackChallenge-v0,both,grammar,0,10000000,5000,0,0.999,primitive,exp2,64,24433.92781290589,13.396728716912346,11.331734093184862,24.82707729226798,median-range,5,9999079
0830-172041__NetHackChallenge-v0__exp2/NetHackChallenge-v0__both__grammar__n64__os0__max_episode_steps5000__discountprimitive__ent_coef0.01__exp2,0830-172041__NetHackChallenge-v0__exp2,NetHackChallenge-v0,both,grammar,0,10000000,5000,0,0.999,primitive,exp2,64,25293.247250284974,13.43466717374835,11.457268758837877,27.52079116188491,median-range,5,9999079
0830-172041__NetHackChallenge-v0__exp2/NetHackChallenge-v0__both__grammar__n64__os0__max_episode_steps5000__discountprimitive__ent_coef0.01__exp2,0830-172041__NetHackChallenge-v0__exp2,NetHackChallenge-v0,both,grammar,0,10000000,5000,0,0.999,primitive,exp2,64,26182.788185456462,13.473939892256606,10.480466853451908,30.309240544540273,median-range,5,9999079
0830-172041__NetHackChallenge-v0__exp2/NetHackChallenge-v0__both__grammar__n64__os0__max_episode_steps5000__discountprimitive__ent_coef0.01__exp2,0830-172041__NetHackChallenge-v0__exp2,NetHackChallenge-v0,both,grammar,0,10000000,5000,0,0.999,primitive,exp2,64,27103.61348152933,13.835366446152614,9.469311696710106,33.195757203689666,median-range,5,9999079
0830-172041__NetHackChallenge-v0__exp2/NetHackChallenge-v0__both__grammar__n64__os0__max_episode_steps5000__discountprimitive__ent_coef0.01__exp2,0830-172041__NetHackChallenge-v0__exp2,NetHackChallenge-v0,both,grammar,0,10000000,5000,0,0.999,primitive,exp2,64,28056.823381559643,14.767717697262743,9.374251517124302,36.1837900779363,median-range,5,9999079
0830-172041__NetHackChallenge-v0__exp2/NetHackChallenge-v0__both__grammar__n64__os0__max_episode_steps5000__discountprimitive__ent_coef0.01__exp2,0830-172041__NetHackChallenge-v0__exp2,NetHackChallenge-v0,both,grammar,0,10000000,5000,0,0.999,primitive,exp2,64,29043.55682316994,15.732858909883706,9.414614957305812,39.2769094019764,median-range,5,9999079
0830-172041__NetHackChallenge-v0__exp2/NetHackChallenge-v0__both__grammar__n64__os0__max_episode_steps5000__discountprimitive__ent_coef0.01__exp2,0830-172041__NetHackChallenge-v0__exp2,NetHackChallenge-v0,both,grammar,0,10000000,5000,0,0.999,primitive,exp2,64,30064.992799402597,16.73194327770146,9.43031969248774,34.3427727726846,median-range,5,9999079
0830-172041__NetHackChallenge-v0__exp2/NetHackChallenge-v0__both__grammar__n64__os0__max_episode_steps5000__discountprimitive__ent_coef0.01__exp2,0830-172041__NetHackChallenge-v0__exp2,NetHackChallenge-v0,both,grammar,0,10000000,5000,0,0.999,primitive,exp2,64,31122.351767433214,17.766164551194855,9.446576749191777,31.59143034874928,median-range,5,9999079
0830-172041__NetHackChallenge-v0__exp2/NetHackChallenge-v0__both__grammar__n64__os0__max_episode_steps5000__discountprimitive__ent_coef0.01__exp2,0830-172041__NetHackChallenge-v0__exp2,NetHackChallenge-v0,both,grammar,0,10000000,5000,0,0.999,primitive,exp2,64,32216.89710682718,17.757543356194173,9.463405552072988,29.65322336421776,median-range,5,9999079
0830-172041__NetHackChallenge-v0__exp2/NetHackChallenge-v0__both__grammar__n64__os0__max_episode_steps5000__discountprimitive__ent_coef0.01__exp2,0830-172041__NetHackChallenge-v0__exp2,NetHackChallenge-v0,both,grammar,0,10000000,5000,0,0.999,primitive,exp2,64,33349.936629081785,14.11869145382718,9.480826208934221,29.16605907008909,median-range,5,9999079
0830-172041__NetHackChallenge-v0__exp2/NetHackChallenge-v0__both__grammar__n64__os0__max_episode_steps5000__discountprimitive__ent_coef0.01__exp2,0830-172041__NetHackChallenge-v0__exp2,NetHackChallenge-v0,both,grammar,0,10000000,5000,0,0.999,primitive,exp2,64,34522.82414025768,13.842147662637073,9.498859534751809,28.661761642460668,median-range,5,9999079
0830-172041__NetHackChallenge-v0__exp2/NetHackChallenge-v0__both__grammar__n64__os0__max_episode_steps5000__discountprimitive__ent_coef0.01__exp2,0830-172041__NetHackChallenge-v0__exp2,NetHackChallenge-v0,both,grammar,0,10000000,5000,0,0.999,primitive,exp2,64,35736.961058566565,14.236747752861787,10.8381841181071,28.13972852431619,median-range,5,9999079
0830-172041__NetHackChallenge-v0__exp2/NetHackChallenge-v0__both__grammar__n64__os0__max_episode_steps5000__discountprimitive__ent_coef0.01__exp2,0830-172041__NetHackChallenge-v0__exp2,NetHackChallenge-v0,both,grammar,0,10000000,5000,0,0.999,primitive,exp2,64,36993.79808884808,14.712102151606688,10.87384513928181,27.599335967246784,median-range,5,9999079
0830-172041__NetHackChallenge-v0__exp2/NetHackChallenge-v0__both__grammar__n64__os0__max_episode_steps5000__discountprimitive__ent_coef0.01__exp2,0830-172041__NetHackChallenge-v0__exp2,NetHackChallenge-v0,both,grammar,0,10000000,5000,0,0.999,primitive,exp2,64,38294.836955936546,15.204174340369343,10.910760326748852,27.039938286168645,median-range,5,9999079
0830-172041__NetHackChallenge-v0__exp2/NetHackChallenge-v0__both__grammar__n64__os0__max_episode_steps5000__discountprimitive__ent_coef0.01__exp2,0830-172041__NetHackChallenge-v0__exp2,NetHackChallenge-v0,both,grammar,0,10000000,5000,0,0.999,primitive,exp2,64,39641.632198988606,15.414568448656002,10.948973788417563,26.46086708782975,median-range,5,9999079
0830-172041__NetHackChallenge-v0__exp2/NetHackChallenge-v0__both__grammar__n64__os0__max_episode_steps5000__discountprimitive__ent_coef0.01__exp2,0830-172041__NetHackChallenge-v0__exp2,NetHackChallenge-v0,both,grammar,0,10000000,5000,0,0.999,primitive,exp2,64,41035.793028915854,15.203625249282908,10.988531183433091,25.82027061375275,median-range,5,9999079
0830-172041__NetHackChallenge-v0__exp2/NetHackChallenge-v0__both__grammar__n64__os0__max_episode_steps5000__discountprimitive__ent_coef0.01__exp2,0830-172041__NetHackChallenge-v0__exp2,NetHackChallenge-v0,both,grammar,0,10000000,5000,0,0.999,primitive,exp2,64,42478.985251141654,14.985263365824627,12.713640208300408,25.253121973228627,median-range,5,9999079
0830-172041__NetHackChallenge-v0__exp2/NetHackChallenge-v0__both__grammar__n64__os0__max_episode_steps5000__discountprimitive__ent_coef0.01__exp2,0830-172041__NetHackChallenge-v0__exp2,NetHackChallenge-v0,both,grammar,0,10000000,5000,0,0.999,primitive,exp2,64,43972.93325597961,20.287885807116375,14.759221889782003,24.732299848100624,median-range,5,9999079
0830-172041__NetHackChallenge-v0__exp2/NetHackChallenge-v0__both__grammar__n64__os0__max_episode_steps5000__discountprimitive__ent_coef0.01__exp2,0830-172041__NetHackChallenge-v0__exp2,NetHackChallenge-v0,both,grammar,0,10000000,5000,0,0.999,primitive,exp2,64,45519.422079011885,23.381968509833083,14.550376690464809,28.208012480945246,median-range,5,9999079
0830-172041__NetHackChallenge-v0__exp2/NetHackChallenge-v0__both__grammar__n64__os0__max_episode_steps5000__discountprimitive__ent_coef0.01__exp2,0830-172041__NetHackChallenge-v0__exp2,NetHackChallenge-v0,both,grammar,0,10000000,5000,0,0.999,primitive,exp2,64,47120.299533929174,23.11735714893786,14.509010347960487,28.244203793120167,median-range,5,9999079
0830-172041__NetHackChallenge-v0__exp2/NetHackChallenge-v0__both__grammar__n64__os0__max_episode_steps5000__discountprimitive__ent_coef0.01__exp2,0830-172041__NetHackChallenge-v0__exp2,NetHackChallenge-v0,both,grammar,0,10000000,5000,0,0.999,primitive,exp2,64,48777.478420380765,22.30839727418169,15.951353131938776,29.89285745566058,median-range,5,9999079
0830-172041__NetHackChallenge-v0__exp2/NetHackChallenge-v0__both__grammar__n64__os0__max_episode_steps5000__discountprimitive__ent_coef0.01__exp2,0830-172041__NetHackChallenge-v0__exp2,NetHackChallenge-v0,both,grammar,0,10000000,5000,0,0.999,primitive,exp2,64,50492.938809472704,21.165436323704117,16.927421295552517,27.992203759128294,median-range,5,9999079
0830-172041__NetHackChallenge-v0__exp2/NetHackChallenge-v0__both__grammar__n64__os0__max_episode_steps5000__discountprimitive__ent_coef0.01__exp2,0830-172041__NetHackChallenge-v0__exp2,NetHackChallenge-v0,both,grammar,0,10000000,5000,0,0.999,primitive,exp2,64,52268.73040964492,21.28703233178765,16.84788125161272,26.619898267502837,median-range,5,9999079
0830-172041__NetHackChallenge-v0__exp2/NetHackChallenge-v0__both__grammar__n64__os0__max_episode_steps5000__discountprimitive__ent_coef0.01__exp2,0830-172041__NetHackChallenge-v0__exp2,NetHackChallenge-v0,both,grammar,0,10000000,5000,0,0.999,primitive,exp2,64,54106.97501575409,22.993332953783483,16.499256450301754,26.061234905497155,median-range,5,9999079
0830-172041__NetHackChallenge-v0__exp2/NetHackChallenge-v0__both__grammar__n64__os0__max_episode_steps5000__discountprimitive__ent_coef0.01__exp2,0830-172041__NetHackChallenge-v0__exp2,NetHackChallenge-v0,both,grammar,0,10000000,5000,0,0.999,primitive,exp2,64,56009.8690442886,23.600961821809996,16.13837082582667,25.43272544665759,median-range,5,9999079
0830-172041__NetHackChallenge-v0__exp2/NetHackChallenge-v0__both__grammar__n64__os0__max_episode_steps5000__discountprimitive__ent_coef0.01__exp2,0830-172041__NetHackChallenge-v0__exp2,NetHackChallenge-v0,both,grammar,0,10000000,5000,0,0.999,primitive,exp2,64,57979.68615774475,24.237932664360446,15.750937764752512,24.69496057526631,median-range,5,9999079
0830-172041__NetHackChallenge-v0__exp2/NetHackChallenge-v0__both__grammar__n64__os0__max_episode_steps5000__discountprimitive__ent_coef0.01__exp2,0830-172041__NetHackChallenge-v0__exp2,NetHackChallenge-v0,both,grammar,0,10000000,5000,0,0.999,primitive,exp2,64,60018.779981299784,21.576040589950487,15.332430427718254,26.565484500244445,median-range,5,9999079
0830-172041__NetHackChallenge-v0__exp2/NetHackChallenge-v0__both__grammar__n64__os0__max_episode_steps5000__discountprimitive__ent_coef0.01__exp2,0830-172041__NetHackChallenge-v0__exp2,NetHackChallenge-v0,both,grammar,0,10000000,5000,0,0.999,primitive,exp2,64,62129.58691502866,21.375970597854913,15.2563576251767,27.24945798963109,median-range,5,9999079
0830-172041__NetHackChallenge-v0__exp2/NetHackChallenge-v0__both__grammar__n64__os0__max_episode_steps5000__discountprimitive__ent_coef0.01__exp2,0830-172041__NetHackChallenge-v0__exp2,NetHackChallenge-v0,both,grammar,0,10000000,5000,0,0.999,primitive,exp2,64,64314.629045021946,21.16886432267134,16.715113983912595,26.262348771026566,median-range,5,9999079
0830-172041__NetHackChallenge-v0__exp2/NetHackChallenge-v0__both__grammar__n64__os0__max_episode_steps5000__discountprimitive__ent_coef0.01__exp2,0830-172041__NetHackChallenge-v0__exp2,NetHackChallenge-v0,both,grammar,0,10000000,5000,0,0.999,primitive,exp2,64,66576.51715688831,20.9544743046024,16.623298602984967,25.478371125820438,median-range,5,9999079
0830-172041__NetHackChallenge-v0__exp2/NetHackChallenge-v0__both__grammar__n64__os0__max_episode_steps5000__discountprimitive__ent_coef0.01__exp2,0830-172041__NetHackChallenge-v0__exp2,NetHackChallenge-v0,both,grammar,0,10000000,5000,0,0.999,primitive,exp2,64,68917.953855236,23.09473193003479,16.52825415704227,25.541512289125627,median-range,5,9999079
0830-172041__NetHackChallenge-v0__exp2/NetHackChallenge-v0__both__grammar__n64__os0__max_episode_steps5000__discountprimitive__ent_coef0.01__exp2,0830-172041__NetHackChallenge-v0__exp2,NetHackChallenge-v0,both,grammar,0,10000000,5000,0,0.999,primitive,exp2,64,71341.73679286578,23.446044362827127,18.05008807625941,25.827349391561334,median-range,5,9999079
0830-172041__NetHackChallenge-v0__exp2/NetHackChallenge-v0__both__grammar__n64__os0__max_episode_steps5000__discountprimitive__ent_coef0.01__exp2,0830-172041__NetHackChallenge-v0__exp2,NetHackChallenge-v0,both,grammar,0,10000000,5000,0,0.999,primitive,exp2,64,73850.7620135309,23.155116492622135,18.612936984757415,25.720911823135328,median-range,5,9999079
0830-172041__NetHackChallenge-v0__exp2/NetHackChallenge-v0__both__grammar__n64__os0__max_episode_steps5000__discountprimitive__ent_coef0.01__exp2,0830-172041__NetHackChallenge-v0__exp2,NetHackChallenge-v0,both,grammar,0,10000000,5000,0,0.999,primitive,exp2,64,76448.02741225914,24.526949513436826,22.890425533076463,26.85128116616256,median-range,5,9999079
0830-172041__NetHackChallenge-v0__exp2/NetHackChallenge-v0__both__grammar__n64__os0__max_episode_steps5000__discountprimitive__ent_coef0.01__exp2,0830-172041__NetHackChallenge-v0__exp2,NetHackChallenge-v0,both,grammar,0,10000000,5000,0,0.999,primitive,exp2,64,79136.63631737117,25.16022161138174,21.70929084268626,26.33502421046983,median-range,5,9999079
0830-172041__NetHackChallenge-v0__exp2/NetHackChallenge-v0__both__grammar__n64__os0__max_episode_steps5000__discountprimitive__ent_coef0.01__exp2,0830-172041__NetHackChallenge-v0__exp2,NetHackChallenge-v0,both,grammar,0,10000000,5000,0,0.999,primitive,exp2,64,81919.80119847544,24.546809845584793,20.43979897744365,26.552718248620405,median-range,5,9999079
0830-172041__NetHackChallenge-v0__exp2/NetHackChallenge-v0__both__grammar__n64__os0__max_episode_steps5000__discountprimitive__ent_coef0.01__exp2,0830-172041__NetHackChallenge-v0__exp2,NetHackChallenge-v0,both,grammar,0,10000000,5000,0,0.999,primitive,exp2,64,84800.84750486985,24.67255784705772,20.223292363212728,30.683546011733338,median-range,5,9999079
0830-172041__NetHackChallenge-v0__exp2/NetHackChallenge-v0__both__grammar__n64__os0__max_episode_steps5000__discountprimitive__ent_coef0.01__exp2,0830-172041__NetHackChallenge-v0__exp2,NetHackChallenge-v0,both,grammar,0,10000000,5000,0,0.999,primitive,exp2,64,87783.21763893662,25.802237555577744,20.069500902990537,33.955919538155726,median-range,5,9999079
0830-172041__NetHackChallenge-v0__exp2/NetHackChallenge-v0__both__grammar__n64__os0__max_episode_steps5000__discountprimitive__ent_coef0.01__exp2,0830-172041__NetHackChallenge-v0__exp2,NetHackChallenge-v0,both,grammar,0,10000000,5000,0,0.999,primitive,exp2,64,90870.47506927792,26.176586284145085,19.152868984302646,32.33022822598134,median-range,5,9999079
0830-172041__NetHackChallenge-v0__exp2/NetHackChallenge-v0__both__grammar__n64__os0__max_episode_steps5000__discountprimitive__ent_coef0.01__exp2,0830-172041__NetHackChallenge-v0__exp2,NetHackChallenge-v0,both,grammar,0,10000000,5000,0,0.999,primitive,exp2,64,94066.30858850674,26.097428128166893,18.03715523787075,31.538601813806704,median-range,5,9999079
0830-172041__NetHackChallenge-v0__exp2/NetHackChallenge-v0__both__grammar__n64__os0__max_episode_steps5000__discountprimitive__ent_coef0.01__exp2,0830-172041__NetHackChallenge-v0__exp2,NetHackChallenge-v0,both,grammar,0,10000000,5000,0,0.999,primitive,exp2,64,97374.53672078055,27.171712310145963,18.1395139484628,30.886228930286865,median-range,5,9999079
0830-172041__NetHackChallenge-v0__exp2/NetHackChallenge-v0__both__grammar__n64__os0__max_episode_steps5000__discountprimitive__ent_coef0.01__exp2,0830-172041__NetHackChallenge-v0__exp2,NetHackChallenge-v0,both,grammar,0,10000000,5000,0,0.999,primitive,exp2,64,100799.11228434397,28.01069058842254,17.869027896248316,33.45433504728555,median-range,5,9999079
0830-172041__NetHackChallenge-v0__exp2/NetHackChallenge-v0__both__grammar__n64__os0__max_episode_steps5000__discountprimitive__ent_coef0.01__exp2,0830-172041__NetHackChallenge-v0__exp2,NetHackChallenge-v0,both,grammar,0,10000000,5000,0,0.999,primitive,exp2,64,104344.12711453193,28.414678644913135,18.442261286071208,33.97080622707184,median-range,5,9999079
0830-172041__NetHackChallenge-v0__exp2/NetHackChallenge-v0__both__grammar__n64__os0__max_episode_steps5000__discountprimitive__ent_coef0.01__exp2,0830-172041__NetHackChallenge-v0__exp2,NetHackChallenge-v0,both,grammar,0,10000000,5000,0,0.999,primitive,exp2,64,108013.81695287673,28.028301238883042,19.348619061964897,33.901405314651925,median-range,5,9999079
0830-172041__NetHackChallenge-v0__exp2/NetHackChallenge-v0__both__grammar__n64__os0__max_episode_steps5000__discountprimitive__ent_coef0.01__exp2,0830-172041__NetHackChallenge-v0__exp2,NetHackChallenge-v0,both,grammar,0,10000000,5000,0,0.999,primitive,exp2,64,111812.56650816055,27.62269437088373,19.65057700194558,33.41607370976675,median-range,5,9999079
0830-172041__NetHackChallenge-v0__exp2/NetHackChallenge-v0__both__grammar__n64__os0__max_episode_steps5000__discountprimitive__ent_coef0.01__exp2,0830-172041__NetHackChallenge-v0__exp2,NetHackChallenge-v0,both,grammar,0,10000000,5000,0,0.999,primitive,exp2,64,115744.91469546073,26.193064097578876,19.859658286408727,33.189933249181784,median-range,5,9999079
0830-172041__NetHackChallenge-v0__exp2/NetHackChallenge-v0__both__grammar__n64__os0__max_episode_steps5000__discountprimitive__ent_coef0.01__exp2,0830-172041__NetHackChallenge-v0__exp2,NetHackChallenge-v0,both,grammar,0,10000000,5000,0,0.999,primitive,exp2,64,119815.56005944753,24.69316965073544,19.342465046732872,32.98916638266002,median-range,5,9999079
0830-172041__NetHackChallenge-v0__exp2/NetHackChallenge-v0__both__grammar__n64__os0__max_episode_steps5000__discountprimitive__ent_coef0.01__exp2,0830-172041__NetHackChallenge-v0__exp2,NetHackChallenge-v0,both,grammar,0,10000000,5000,0,0.999,primitive,exp2,64,124029.36638841446,25.654586601404045,19.770568379178886,32.614320932104576,median-range,5,9999079
0830-172041__NetHackChallenge-v0__exp2/NetHackChallenge-v0__both__grammar__n64__os0__max_episode_steps5000__discountprimitive__ent_coef0.01__exp2,0830-172041__NetHackChallenge-v0__exp2,NetHackChallenge-v0,both,grammar,0,10000000,5000,0,0.999,primitive,exp2,64,128391.36852574913,26.043363801176177,21.57333745375811,31.300952689346925,median-range,5,9999079
0830-172041__NetHackChallenge-v0__exp2/NetHackChallenge-v0__both__grammar__n64__os0__max_episode_steps5000__discountprimitive__ent_coef0.01__exp2,0830-172041__NetHackChallenge-v0__exp2,NetHackChallenge-v0,both,grammar,0,10000000,5000,0,0.999,primitive,exp2,64,132906.77838578817,26.733949570947576,21.965838566404543,31.058281368912013,median-range,5,9999079
0830-172041__NetHackChallenge-v0__exp2/NetHackChallenge-v0__both__grammar__n64__os0__max_episode_steps5000__discountprimitive__ent_coef0.01__exp2,0830-172041__NetHackChallenge-v0__exp2,NetHackChallenge-v0,both,grammar,0,10000000,5000,0,0.999,primitive,exp2,64,137580.99118124452,26.321652064137087,22.398165390483115,29.325977131778924,median-range,5,9999079
0830-172041__NetHackChallenge-v0__exp2/NetHackChallenge-v0__both__grammar__n64__os0__max_episode_steps5000__discountprimitive__ent_coef0.01__exp2,0830-172041__NetHackChallenge-v0__exp2,NetHackChallenge-v0,both,grammar,0,10000000,5000,0,0.999,primitive,exp2,64,142419.59186964785,28.44413400052409,21.909698265231835,28.861820306435963,median-range,5,9999079
0830-172041__NetHackChallenge-v0__exp2/NetHackChallenge-v0__both__grammar__n64__os0__max_episode_steps5000__discountprimitive__ent_coef0.01__exp2,0830-172041__NetHackChallenge-v0__exp2,NetHackChallenge-v0,both,grammar,0,10000000,5000,0,0.999,primitive,exp2,64,147428.3618265003,27.669892093302785,21.566446532183832,28.765837731049107,median-range,5,9999079
0830-172041__NetHackChallenge-v0__exp2/NetHackChallenge-v0__both__grammar__n64__os0__max_episode_steps5000__discountprimitive__ent_coef0.01__exp2,0830-172041__NetHackChallenge-v0__exp2,NetHackChallenge-v0,both,grammar,0,10000000,5000,0,0.999,primitive,exp2,64,152613.2857531214,28.28508706933069,22.276035762173525,29.013111813134586,median-range,5,9999079
0830-172041__NetHackChallenge-v0__exp2/NetHackChallenge-v0__both__grammar__n64__os0__max_episode_steps5000__discountprimitive__ent_coef0.01__exp2,0830-172041__NetHackChallenge-v0__exp2,NetHackChallenge-v0,both,grammar,0,10000000,5000,0,0.999,primitive,exp2,64,157980.55882743554,28.498985416449468,21.400264075744,29.516682850919633,median-range,5,9999079
0830-172041__NetHackChallenge-v0__exp2/NetHackChallenge-v0__both__grammar__n64__os0__max_episode_steps5000__discountprimitive__ent_coef0.01__exp2,0830-172041__NetHackChallenge-v0__exp2,NetHackChallenge-v0,both,grammar,0,10000000,5000,0,0.999,primitive,exp2,64,163536.59410624648,28.08219873146311,20.901683761617193,29.65827527662471,median-range,5,9999079
0830-172041__NetHackChallenge-v0__exp2/NetHackChallenge-v0__both__grammar__n64__os0__max_episode_steps5000__discountprimitive__ent_coef0.01__exp2,0830-172041__NetHackChallenge-v0__exp2,NetHackChallenge-v0,both,grammar,0,10000000,5000,0,0.999,primitive,exp2,64,169288.030187843,27.383594560050287,21.454195165925963,30.66975207218999,median-range,5,9999079
0830-172041__NetHackChallenge-v0__exp2/NetHackChallenge-v0__both__grammar__n64__os0__max_episode_steps5000__discountprimitive__ent_coef0.01__exp2,0830-172041__NetHackChallenge-v0__exp2,NetHackChallenge-v0,both,grammar,0,10000000,5000,0,0.999,primitive,exp2,64,175241.73914409126,27.38458149036082,21.616554990385087,30.49843672005921,median-range,5,9999079
0830-172041__NetHackChallenge-v0__exp2/NetHackChallenge-v0__both__grammar__n64__os0__max_episode_steps5000__discountprimitive__ent_coef0.01__exp2,0830-172041__NetHackChallenge-v0__exp2,NetHackChallenge-v0,both,grammar,0,10000000,5000,0,0.999,primitive,exp2,64,181404.83473149416,28.286763474549584,21.63122931139818,30.71074192401534,median-range,5,9999079
0830-172041__NetHackChallenge-v0__exp2/NetHackChallenge-v0__both__grammar__n64__os0__max_episode_steps5000__discountprimitive__ent_coef0.01__exp2,0830-172041__NetHackChallenge-v0__exp2,NetHackChallenge-v0,both,grammar,0,10000000,5000,0,0.999,primitive,exp2,64,187784.6808910202,27.722433386833178,22.427260359224455,29.96763141622648,median-range,5,9999079
0830-172041__NetHackChallenge-v0__exp2/NetHackChallenge-v0__both__grammar__n64__os0__max_episode_steps5000__discountprimitive__ent_coef0.01__exp2,0830-172041__NetHackChallenge-v0__exp2,NetHackChallenge-v0,both,grammar,0,10000000,5000,0,0.999,primitive,exp2,64,194388.90054687342,28.03210439206381,22.03977609213741,30.206018012203497,median-range,5,9999079
0830-172041__NetHackChallenge-v0__exp2/NetHackChallenge-v0__both__grammar__n64__os0__max_episode_steps5000__discountprimitive__ent_coef0.01__exp2,0830-172041__NetHackChallenge-v0__exp2,NetHackChallenge-v0,both,grammar,0,10000000,5000,0,0.999,primitive,exp2,64,201225.38471469667,27.453772347457036,21.799769573063855,29.70385934552338,median-range,5,9999079
0830-172041__NetHackChallenge-v0__exp2/NetHackChallenge-v0__both__grammar__n64__os0__max_episode_steps5000__discountprimitive__ent_coef0.01__exp2,0830-172041__NetHackChallenge-v0__exp2,NetHackChallenge-v0,both,grammar,0,10000000,5000,0,0.999,primitive,exp2,64,208302.30193011463,27.48780647696193,22.640202399187118,29.790506782555298,median-range,5,9999079
0830-172041__NetHackChallenge-v0__exp2/NetHackChallenge-v0__both__grammar__n64__os0__max_episode_steps5000__discountprimitive__ent_coef0.01__exp2,0830-172041__NetHackChallenge-v0__exp2,NetHackChallenge-v0,both,grammar,0,10000000,5000,0,0.999,primitive,exp2,64,215628.1080088572,28.057822401803346,22.35576199404372,30.399304007306366,median-range,5,9999079
0830-172041__NetHackChallenge-v0__exp2/NetHackChallenge-v0__both__grammar__n64__os0__max_episode_steps5000__discountprimitive__ent_coef0.01__exp2,0830-172041__NetHackChallenge-v0__exp2,NetHackChallenge-v0,both,grammar,0,10000000,5000,0,0.999,primitive,exp2,64,223211.55615015142,28.135772844160538,22.32177438900239,30.933051327490777,median-range,5,9999079
0830-172041__NetHackChallenge-v0__exp2/NetHackChallenge-v0__both__grammar__n64__os0__max_episode_steps5000__discountprimitive__ent_coef0.01__exp2,0830-172041__NetHackChallenge-v0__exp2,NetHackChallenge-v0,both,grammar,0,10000000,5000,0,0.999,primitive,exp2,64,231061.70739542658,30.4644378721084,21.61675495195444,31.531030341819708,median-range,5,9999079
0830-172041__NetHackChallenge-v0__exp2/NetHackChallenge-v0__both__grammar__n64__os0__max_episode_steps5000__discountprimitive__ent_coef0.01__exp2,0830-172041__NetHackChallenge-v0__exp2,NetHackChallenge-v0,both,grammar,0,10000000,5000,0,0.999,primitive,exp2,64,239187.9414548565,29.375088053397935,22.38009736960627,31.783903814843992,median-range,5,9999079
0830-172041__NetHackChallenge-v0__exp2/NetHackChallenge-v0__both__grammar__n64__os0__max_episode_steps5000__discountprimitive__ent_coef0.01__exp2,0830-172041__NetHackChallenge-v0__exp2,NetHackChallenge-v0,both,grammar,0,10000000,5000,0,0.999,primitive,exp2,64,247599.96791465,29.49540688563897,22.265590791309297,30.350232440796734,median-range,5,9999079
0830-172041__NetHackChallenge-v0__exp2/NetHackChallenge-v0__both__grammar__n64__os0__max_episode_steps5000__discountprimitive__ent_coef0.01__exp2,0830-172041__NetHackChallenge-v0__exp2,NetHackChallenge-v0,both,grammar,0,10000000,5000,0,0.999,primitive,exp2,64,256307.83783849882,30.475104024317567,22.272746883475087,30.769958716273056,median-range,5,9999079
0830-172041__NetHackChallenge-v0__exp2/NetHackChallenge-v0__both__grammar__n64__os0__max_episode_steps5000__discountprimitive__ent_coef0.01__exp2,0830-172041__NetHackChallenge-v0__exp2,NetHackChallenge-v0,both,grammar,0,10000000,5000,0,0.999,primitive,exp2,64,265321.9557770356,30.465762139989344,23.48822045019965,30.90588697206915,median-range,5,9999079
0830-172041__NetHackChallenge-v0__exp2/NetHackChallenge-v0__both__grammar__n64__os0__max_episode_steps5000__discountprimitive__ent_coef0.01__exp2,0830-172041__NetHackChallenge-v0__exp2,NetHackChallenge-v0,both,grammar,0,10000000,5000,0,0.999,primitive,exp2,64,274653.0921996542,29.2802488814216,25.699288607194177,31.378826312037848,median-range,5,9999079
0830-172041__NetHackChallenge-v0__exp2/NetHackChallenge-v0__both__grammar__n64__os0__max_episode_steps5000__discountprimitive__ent_coef0.01__exp2,0830-172041__NetHackChallenge-v0__exp2,NetHackChallenge-v0,both,grammar,0,10000000,5000,0,0.999,primitive,exp2,64,284312.39636354597,27.303331322503308,25.59063988672938,31.953751162367787,median-range,5,9999079
0830-172041__NetHackChallenge-v0__exp2/NetHackChallenge-v0__both__grammar__n64__os0__max_episode_steps5000__discountprimitive__ent_coef0.01__exp2,0830-172041__NetHackChallenge-v0__exp2,NetHackChallenge-v0,both,grammar,0,10000000,5000,0,0.999,primitive,exp2,64,294311.40963532845,28.424685029254913,26.4691533271906,32.62190292817687,median-range,5,9999079
0830-172041__NetHackChallenge-v0__exp2/NetHackChallenge-v0__both__grammar__n64__os0__max_episode_steps5000__discountprimitive__ent_coef0.01__exp2,0830-172041__NetHackChallenge-v0__exp2,NetHackChallenge-v0,both,grammar,0,10000000,5000,0,0.999,primitive,exp2,64,304662.0792811842,28.904029226925054,26.65075601274113,30.689473682095763,median-range,5,9999079
0830-172041__NetHackChallenge-v0__exp2/NetHackChallenge-v0__both__grammar__n64__os0__max_episode_steps5000__discountprimitive__ent_coef0.01__exp2,0830-172041__NetHackChallenge-v0__exp2,NetHackChallenge-v0,both,grammar,0,10000000,5000,0,0.999,primitive,exp2,64,315376.7727419861,29.611092391489013,25.733455845291793,31.629308954031252,median-range,5,9999079
0830-172041__NetHackChallenge-v0__exp2/NetHackChallenge-v0__both__grammar__n64__os0__max_episode_steps5000__discountprimitive__ent_coef0.01__exp2,0830-172041__NetHackChallenge-v0__exp2,NetHackChallenge-v0,both,grammar,0,10000000,5000,0,0.999,primitive,exp2,64,326468.2924104664,29.630419734825857,27.316204821377013,30.70928239598828,median-range,5,9999079
0830-172041__NetHackChallenge-v0__exp2/NetHackChallenge-v0__both__grammar__n64__os0__max_episode_steps5000__discountprimitive__ent_coef0.01__exp2,0830-172041__NetHackChallenge-v0__exp2,NetHackChallenge-v0,both,grammar,0,10000000,5000,0,0.999,primitive,exp2,64,337949.8909280855,29.919740855035514,28.01374305101634,30.882720528660393,median-range,5,9999079
0830-172041__NetHackChallenge-v0__exp2/NetHackChallenge-v0__both__grammar__n64__os0__max_episode_steps5000__discountprimitive__ent_coef0.01__exp2,0830-172041__NetHackChallenge-v0__exp2,NetHackChallenge-v0,both,grammar,0,10000000,5000,0,0.999,primitive,exp2,64,349835.28701987775,30.53658538352444,27.974883374956235,31.257524309342863,median-range,5,9999079
0830-172041__NetHackChallenge-v0__exp2/NetHackChallenge-v0__both__grammar__n64__os0__max_episode_steps5000__discountprimitive__ent_coef0.01__exp2,0830-172041__NetHackChallenge-v0__exp2,NetHackChallenge-v0,both,grammar,0,10000000,5000,0,0.999,primitive,exp2,64,362138.6818861949,29.99127092853981,27.45838244060616,32.205047536789166,median-range,5,9999079
0830-172041__NetHackChallenge-v0__exp2/NetHackChallenge-v0__both__grammar__n64__os0__max_episode_steps5000__discountprimitive__ent_coef0.01__exp2,0830-172041__NetHackChallenge-v0__exp2,NetHackChallenge-v0,both,grammar,0,10000000,5000,0,0.999,primitive,exp2,64,374874.7761709328,31.060640936375115,27.887628701563703,33.26511013707809,median-range,5,9999079
0830-172041__NetHackChallenge-v0__exp2/NetHackChallenge-v0__both__grammar__n64__os0__max_episode_steps5000__discountprimitive__ent_coef0.01__exp2,0830-172041__NetHackChallenge-v0__exp2,NetHackChallenge-v0,both,grammar,0,10000000,5000,0,0.999,primitive,exp2,64,388058.7875265145,30.92660237859136,29.27109483966415,33.343286659377995,median-range,5,9999079
0830-172041__NetHackChallenge-v0__exp2/NetHackChallenge-v0__both__grammar__n64__os0__max_episode_steps5000__discountprimitive__ent_coef0.01__exp2,0830-172041__NetHackChallenge-v0__exp2,NetHackChallenge-v0,both,grammar,0,10000000,5000,0,0.999,primitive,exp2,64,401706.4687966195,30.97466194538363,28.48325969707914,34.91607629640096,median-range,5,9999079
0830-172041__NetHackChallenge-v0__exp2/NetHackChallenge-v0__both__grammar__n64__os0__max_episode_steps5000__discountprimitive__ent_coef0.01__exp2,0830-172041__NetHackChallenge-v0__exp2,NetHackChallenge-v0,both,grammar,0,10000000,5000,0,0.999,primitive,exp2,64,415834.1268383822,32.27640207223703,28.767830299829107,34.18689788561764,median-range,5,9999079
0830-172041__NetHackChallenge-v0__exp2/NetHackChallenge-v0__both__grammar__n64__os0__max_episode_steps5000__discountprimitive__ent_coef0.01__exp2,0830-172041__NetHackChallenge-v0__exp2,NetHackChallenge-v0,both,grammar,0,10000000,5000,0,0.999,primitive,exp2,64,430458.6420065509,31.838511828078573,28.298154312750206,35.6464350607415,median-range,5,9999079
0830-172041__NetHackChallenge-v0__exp2/NetHackChallenge-v0__both__grammar__n64__os0__max_episode_steps5000__discountprimitive__ent_coef0.01__exp2,0830-172041__NetHackChallenge-v0__exp2,NetHackChallenge-v0,both,grammar,0,10000000,5000,0,0.999,primitive,exp2,64,445597.48832288705,32.18236890232196,27.806931881696734,36.83730111585842,median-range,5,9999079
0830-172041__NetHackChallenge-v0__exp2/NetHackChallenge-v0__both__grammar__n64__os0__max_episode_steps5000__discountprimitive__ent_coef0.01__exp2,0830-172041__NetHackChallenge-v0__exp2,NetHackChallenge-v0,both,grammar,0,10000000,5000,0,0.999,primitive,exp2,64,461268.7543549044,34.88028989968929,30.979856125994726,37.284005580948076,median-range,5,9999079
0830-172041__NetHackChallenge-v0__exp2/NetHackChallenge-v0__both__grammar__n64__os0__max_episode_steps5000__discountprimitive__ent_coef0.01__exp2,0830-172041__NetHackChallenge-v0__exp2,NetHackChallenge-v0,both,grammar,0,10000000,5000,0,0.999,primitive,exp2,64,477491.16482889466,34.467322865859074,30.53357115288994,39.33011514067137,median-range,5,9999079
0830-172041__NetHackChallenge-v0__exp2/NetHackChallenge-v0__both__grammar__n64__os0__max_episode_steps5000__discountprimitive__ent_coef0.01__exp2,0830-172041__NetHackChallenge-v0__exp2,NetHackChallenge-v0,both,grammar,0,10000000,5000,0,0.999,primitive,exp2,64,494284.1030030641,35.96545154920006,30.347866316231457,40.637065760233554,median-range,5,9999079
0830-172041__NetHackChallenge-v0__exp2/NetHackChallenge-v0__both__grammar__n64__os0__max_episode_steps5000__discountprimitive__ent_coef0.01__exp2,0830-172041__NetHackChallenge-v0__exp2,NetHackChallenge-v0,both,grammar,0,10000000,5000,0,0.999,primitive,exp2,64,511667.6338275134,36.399373369595665,32.588455867019455,39.481502331277895,median-range,5,9999079
0830-172041__NetHackChallenge-v0__exp2/NetHackChallenge-v0__both__grammar__n64__os0__max_episode_steps5000__discountprimitive__ent_coef0.01__exp2,0830-172041__NetHackChallenge-v0__exp2,NetHackChallenge-v0,both,grammar,0,10000000,5000,0,0.999,primitive,exp2,64,529662.527918733,35.3422094694229,34.07897023316565,40.1909479144207,median-range,5,9999079
0830-172041__NetHackChallenge-v0__exp2/NetHackChallenge-v0__both__grammar__n64__os0__max_episode_steps5000__discountprimitive__ent_coef0.01__exp2,0830-172041__NetHackChallenge-v0__exp2,NetHackChallenge-v0,both,grammar,0,10000000,5000,0,0.999,primitive,exp2,64,548290.2863772605,37.75397302203142,32.69394304162325,41.86640041955661,median-range,5,9999079
0830-172041__NetHackChallenge-v0__exp2/NetHackChallenge-v0__both__grammar__n64__os0__max_episode_steps5000__discountprimitive__ent_coef0.01__exp2,0830-172041__NetHackChallenge-v0__exp2,NetHackChallenge-v0,both,grammar,0,10000000,5000,0,0.999,primitive,exp2,64,567573.1664781529,37.892379701043204,33.989011113305814,43.49548440175681,median-range,5,9999079
0830-172041__NetHackChallenge-v0__exp2/NetHackChallenge-v0__both__grammar__n64__os0__max_episode_steps5000__discountprimitive__ent_coef0.01__exp2,0830-172041__NetHackChallenge-v0__exp2,NetHackChallenge-v0,both,grammar,0,10000000,5000,0,0.999,primitive,exp2,64,587534.2082649681,37.87858807754353,36.19515078538925,44.55128806418423,median-range,5,9999079
0830-172041__NetHackChallenge-v0__exp2/NetHackChallenge-v0__both__grammar__n64__os0__max_episode_steps5000__discountprimitive__ent_coef0.01__exp2,0830-172041__NetHackChallenge-v0__exp2,NetHackChallenge-v0,both,grammar,0,10000000,5000,0,0.999,primitive,exp2,64,608197.262079041,39.43352608330226,37.535422089910604,43.19214610270998,median-range,5,9999079
0830-172041__NetHackChallenge-v0__exp2/NetHackChallenge-v0__both__grammar__n64__os0__max_episode_steps5000__discountprimitive__ent_coef0.01__exp2,0830-172041__NetHackChallenge-v0__exp2,NetHackChallenge-v0,both,grammar,0,10000000,5000,0,0.999,primitive,exp2,64,629587.0170569195,39.13579433436919,37.86042719604941,43.66461905320152,median-range,5,9999079
0830-172041__NetHackChallenge-v0__exp2/NetHackChallenge-v0__both__grammar__n64__os0__max_episode_steps5000__discountprimitive__ent_coef0.01__exp2,0830-172041__NetHackChallenge-v0__exp2,NetHackChallenge-v0,both,grammar,0,10000000,5000,0,0.999,primitive,exp2,64,651729.0306300626,38.831896648376464,37.72911008377154,44.3082536287993,median-range,5,9999079
0830-172041__NetHackChallenge-v0__exp2/NetHackChallenge-v0__both__grammar__n64__os0__max_episode_steps5000__discountprimitive__ent_coef0.01__exp2,0830-172041__NetHackChallenge-v0__exp2,NetHackChallenge-v0,both,grammar,0,10000000,5000,0,0.999,primitive,exp2,64,674649.7590619767,38.854879671320674,37.62942675792999,43.917780725510426,median-range,5,9999079
0830-172041__NetHackChallenge-v0__exp2/NetHackChallenge-v0__both__grammar__n64__os0__max_episode_steps5000__discountprimitive__ent_coef0.01__exp2,0830-172041__NetHackChallenge-v0__exp2,NetHackChallenge-v0,both,grammar,0,10000000,5000,0,0.999,primitive,exp2,64,698376.589059358,40.6803204888333,40.12039182546383,43.71848132087991,median-range,5,9999079
0830-172041__NetHackChallenge-v0__exp2/NetHackChallenge-v0__both__grammar__n64__os0__max_episode_steps5000__discountprimitive__ent_coef0.01__exp2,0830-172041__NetHackChallenge-v0__exp2,NetHackChallenge-v0,both,grammar,0,10000000,5000,0,0.999,primitive,exp2,64,722937.8704949276,41.52350004014875,39.42849407549528,44.45427806050615,median-range,5,9999079
0830-172041__NetHackChallenge-v0__exp2/NetHackChallenge-v0__both__grammar__n64__os0__max_episode_steps5000__discountprimitive__ent_coef0.01__exp2,0830-172041__NetHackChallenge-v0__exp2,NetHackChallenge-v0,both,grammar,0,10000000,5000,0,0.999,primitive,exp2,64,748362.950281142,40.742233740812864,37.97174141902974,46.55920846740139,median-range,5,9999079
0830-172041__NetHackChallenge-v0__exp2/NetHackChallenge-v0__both__grammar__n64__os0__max_episode_steps5000__discountprimitive__ent_coef0.01__exp2,0830-172041__NetHackChallenge-v0__exp2,NetHackChallenge-v0,both,grammar,0,10000000,5000,0,0.999,primitive,exp2,64,774682.2074351747,41.82749572095168,36.8560546427993,47.16676210022196,median-range,5,9999079
0830-172041__NetHackChallenge-v0__exp2/NetHackChallenge-v0__both__grammar__n64__os0__max_episode_steps5000__discountprimitive__ent_coef0.01__exp2,0830-172041__NetHackChallenge-v0__exp2,NetHackChallenge-v0,both,grammar,0,10000000,5000,0,0.999,primitive,exp2,64,801927.089377126,43.69877981492127,37.28524289625739,51.20650681155888,median-range,5,9999079
0830-172041__NetHackChallenge-v0__exp2/NetHackChallenge-v0__both__grammar__n64__os0__max_episode_steps5000__discountprimitive__ent_coef0.01__exp2,0830-172041__NetHackChallenge-v0__exp2,NetHackChallenge-v0,both,grammar,0,10000000,5000,0,0.999,primitive,exp2,64,830130.1495047986,44.328310887526754,35.45232509278477,51.34638903882429,median-range,5,9999079
0830-172041__NetHackChallenge-v0__exp2/NetHackChallenge-v0__both__grammar__n64__os0__max_episode_steps5000__discountprimitive__ent_coef0.01__exp2,0830-172041__NetHackChallenge-v0__exp2,NetHackChallenge-v0,both,grammar,0,10000000,5000,0,0.999,primitive,exp2,64,859325.0860899468,44.48590519031426,36.75395952112157,49.3936985608853,median-range,5,9999079
0830-172041__NetHackChallenge-v0__exp2/NetHackChallenge-v0__both__grammar__n64__os0__max_episode_steps5000__discountprimitive__ent_coef0.01__exp2,0830-172041__NetHackChallenge-v0__exp2,NetHackChallenge-v0,both,grammar,0,10000000,5000,0,0.999,primitive,exp2,64,889546.7825424717,44.83077045027446,40.10224525227095,49.07,median-range,5,9999079
0830-172041__NetHackChallenge-v0__exp2/NetHackChallenge-v0__both__grammar__n64__os0__max_episode_steps5000__discountprimitive__ent_coef0.01__exp2,0830-172041__NetHackChallenge-v0__exp2,NetHackChallenge-v0,both,grammar,0,10000000,5000,0,0.999,primitive,exp2,64,920831.3490906716,43.83653734329293,41.585710022771494,51.666662575982464,median-range,5,9999079
0830-172041__NetHackChallenge-v0__exp2/NetHackChallenge-v0__both__grammar__n64__os0__max_episode_steps5000__discountprimitive__ent_coef0.01__exp2,0830-172041__NetHackChallenge-v0__exp2,NetHackChallenge-v0,both,grammar,0,10000000,5000,0,0.999,primitive,exp2,64,953216.1659273517,45.313221020241,40.326816312043555,51.61744932679293,median-range,5,9999079
0830-172041__NetHackChallenge-v0__exp2/NetHackChallenge-v0__both__grammar__n64__os0__max_episode_steps5000__discountprimitive__ent_coef0.01__exp2,0830-172041__NetHackChallenge-v0__exp2,NetHackChallenge-v0,both,grammar,0,10000000,5000,0,0.999,primitive,exp2,64,986739.9278733408,48.92374620576043,42.210526704001154,58.185227765486744,median-range,5,9999079
0830-172041__NetHackChallenge-v0__exp2/NetHackChallenge-v0__both__grammar__n64__os0__max_episode_steps5000__discountprimitive__ent_coef0.01__exp2,0830-172041__NetHackChallenge-v0__exp2,NetHackChallenge-v0,both,grammar,0,10000000,5000,0,0.999,primitive,exp2,64,1021442.690611787,50.51986455695189,43.014778030420594,58.5018850078755,median-range,5,9999079
0830-172041__NetHackChallenge-v0__exp2/NetHackChallenge-v0__both__grammar__n64__os0__max_episode_steps5000__discountprimitive__ent_coef0.01__exp2,0830-172041__NetHackChallenge-v0__exp2,NetHackChallenge-v0,both,grammar,0,10000000,5000,0,0.999,primitive,exp2,64,1057365.9185484708,52.17631930673233,40.88272032591715,61.58163290195974,median-range,5,9999079
0830-172041__NetHackChallenge-v0__exp2/NetHackChallenge-v0__both__grammar__n64__os0__max_episode_steps5000__discountprimitive__ent_coef0.01__exp2,0830-172041__NetHackChallenge-v0__exp2,NetHackChallenge-v0,both,grammar,0,10000000,5000,0,0.999,primitive,exp2,64,1094552.5343553228,54.07650731662433,45.66272509359703,58.044310493573704,median-range,5,9999079
0830-172041__NetHackChallenge-v0__exp2/NetHackChallenge-v0__both__grammar__n64__os0__max_episode_steps5000__discountprimitive__ent_coef0.01__exp2,0830-172041__NetHackChallenge-v0__exp2,NetHackChallenge-v0,both,grammar,0,10000000,5000,0,0.999,primitive,exp2,64,1133046.9702563433,53.19939214929285,49.36853677655917,56.56123594330895,median-range,5,9999079
0830-172041__NetHackChallenge-v0__exp2/NetHackChallenge-v0__both__grammar__n64__os0__max_episode_steps5000__discountprimitive__ent_coef0.01__exp2,0830-172041__NetHackChallenge-v0__exp2,NetHackChallenge-v0,both,grammar,0,10000000,5000,0,0.999,primitive,exp2,64,1172895.2211172008,55.37144487571758,50.42837442166437,65.20262916957151,median-range,5,9999079
0830-172041__NetHackChallenge-v0__exp2/NetHackChallenge-v0__both__grammar__n64__os0__max_episode_steps5000__discountprimitive__ent_coef0.01__exp2,0830-172041__NetHackChallenge-v0__exp2,NetHackChallenge-v0,both,grammar,0,10000000,5000,0,0.999,primitive,exp2,64,1214144.8994019458,56.94432199112964,52.615702813966806,62.83946162012984,median-range,5,9999079
0830-172041__NetHackChallenge-v0__exp2/NetHackChallenge-v0__both__grammar__n64__os0__max_episode_steps5000__discountprimitive__ent_coef0.01__exp2,0830-172041__NetHackChallenge-v0__exp2,NetHackChallenge-v0,both,grammar,0,10000000,5000,0,0.999,primitive,exp2,64,1256845.2920625017,51.59794537013975,48.86495454081588,63.532713127885444,median-range,5,9999079
0830-172041__NetHackChallenge-v0__exp2/NetHackChallenge-v0__both__grammar__n64__os0__max_episode_steps5000__discountprimitive__ent_coef0.01__exp2,0830-172041__NetHackChallenge-v0__exp2,NetHackChallenge-v0,both,grammar,0,10000000,5000,0,0.999,primitive,exp2,64,1301047.4194289104,57.911214253217864,43.60486073457093,62.59141990040978,median-range,5,9999079
0830-172041__NetHackChallenge-v0__exp2/NetHackChallenge-v0__both__grammar__n64__os0__max_episode_steps5000__discountprimitive__ent_coef0.01__exp2,0830-172041__NetHackChallenge-v0__exp2,NetHackChallenge-v0,both,grammar,0,10000000,5000,0,0.999,primitive,exp2,64,1346804.0961706918,52.683376586102625,47.462225871021424,62.265157290589066,median-range,5,9999079
0830-172041__NetHackChallenge-v0__exp2/NetHackChallenge-v0__both__grammar__n64__os0__max_episode_steps5000__discountprimitive__ent_coef0.01__exp2,0830-172041__NetHackChallenge-v0__exp2,NetHackChallenge-v0,both,grammar,0,10000000,5000,0,0.999,primitive,exp2,64,1394169.9944021641,49.922312765469165,46.58857133296325,56.79226004290886,median-range,5,9999079
0830-172041__NetHackChallenge-v0__exp2/NetHackChallenge-v0__both__grammar__n64__os0__max_episode_steps5000__discountprimitive__ent_coef0.01__exp2,0830-172041__NetHackChallenge-v0__exp2,NetHackChallenge-v0,both,grammar,0,10000000,5000,0,0.999,primitive,exp2,64,1443201.7090071188,47.74282645175114,44.02495643343174,58.51064579603962,median-range,5,9999079
0830-172041__NetHackChallenge-v0__exp2/NetHackChallenge-v0__both__grammar__n64__os0__max_episode_steps5000__discountprimitive__ent_coef0.01__exp2,0830-172041__NetHackChallenge-v0__exp2,NetHackChallenge-v0,both,grammar,0,10000000,5000,0,0.999,primitive,exp2,64,1493957.8252609074,47.43218888844653,42.82460229271065,62.00195602634169,median-range,5,9999079
0830-172041__NetHackChallenge-v0__exp2/NetHackChallenge-v0__both__grammar__n64__os0__max_episode_steps5000__discountprimitive__ent_coef0.01__exp2,0830-172041__NetHackChallenge-v0__exp2,NetHackChallenge-v0,both,grammar,0,10000000,5000,0,0.999,primitive,exp2,64,1546498.9888307364,47.40980308754158,44.68871977878024,61.45209708859599,median-range,5,9999079
0830-172041__NetHackChallenge-v0__exp2/NetHackChallenge-v0__both__grammar__n64__os0__max_episode_steps5000__discountprimitive__ent_coef0.01__exp2,0830-172041__NetHackChallenge-v0__exp2,NetHackChallenge-v0,both,grammar,0,10000000,5000,0,0.999,primitive,exp2,64,1600887.978237807,47.135322353741444,39.5740175473808,58.32644029189862,median-range,5,9999079
0830-172041__NetHackChallenge-v0__exp2/NetHackChallenge-v0__both__grammar__n64__os0__max_episode_steps5000__discountprimitive__ent_coef0.01__exp2,0830-172041__NetHackChallenge-v0__exp2,NetHackChallenge-v0,both,grammar,0,10000000,5000,0,0.999,primitive,exp2,64,1657189.7798679038,50.55262361286738,42.07054242307524,58.93830784067427,median-range,5,9999079
0830-172041__NetHackChallenge-v0__exp2/NetHackChallenge-v0__both__grammar__n64__os0__max_episode_steps5000__discountprimitive__ent_coef0.01__exp2,0830-172041__NetHackChallenge-v0__exp2,NetHackChallenge-v0,both,grammar,0,10000000,5000,0,0.999,primitive,exp2,64,1715471.6656199845,51.35902348790006,44.9062674607525,67.5338510199422,median-range,5,9999079
0830-172041__NetHackChallenge-v0__exp2/NetHackChallenge-v0__both__grammar__n64__os0__max_episode_steps5000__discountprimitive__ent_coef0.01__exp2,0830-172041__NetHackChallenge-v0__exp2,NetHackChallenge-v0,both,grammar,0,10000000,5000,0,0.999,primitive,exp2,64,1775803.2732856902,49.77474447369899,49.2640850314196,70.99271018038992,median-range,5,9999079
0830-172041__NetHackChallenge-v0__exp2/NetHackChallenge-v0__both__grammar__n64__os0__max_episode_steps5000__discountprimitive__ent_coef0.01__exp2,0830-172041__NetHackChallenge-v0__exp2,NetHackChallenge-v0,both,grammar,0,10000000,5000,0,0.999,primitive,exp2,64,1838256.6897556237,53.381939482723595,49.17017086816503,73.69859640074354,median-range,5,9999079
0830-172041__NetHackChallenge-v0__exp2/NetHackChallenge-v0__both__grammar__n64__os0__max_episode_steps5000__discountprimitive__ent_coef0.01__exp2,0830-172041__NetHackChallenge-v0__exp2,NetHackChallenge-v0,both,grammar,0,10000000,5000,0,0.999,primitive,exp2,64,1902906.5371520324,53.380787845180684,46.80159381256785,65.87705721248437,median-range,5,9999079
0830-172041__NetHackChallenge-v0__exp2/NetHackChallenge-v0__both__grammar__n64__os0__max_episode_steps5000__discountprimitive__ent_coef0.01__exp2,0830-172041__NetHackChallenge-v0__exp2,NetHackChallenge-v0,both,grammar,0,10000000,5000,0,0.999,primitive,exp2,64,1969830.0619905833,54.35788747709785,48.90819082627303,61.082880607537426,median-range,5,9999079
0830-172041__NetHackChallenge-v0__exp2/NetHackChallenge-v0__both__grammar__n64__os0__max_episode_steps5000__discountprimitive__ent_coef0.01__exp2,0830-172041__NetHackChallenge-v0__exp2,NetHackChallenge-v0,both,grammar,0,10000000,5000,0,0.999,primitive,exp2,64,2039107.2274779992,47.92655202652445,44.5822775652035,61.91348099409182,median-range,5,9999079
0830-172041__NetHackChallenge-v0__exp2/NetHackChallenge-v0__both__grammar__n64__os0__max_episode_steps5000__discountprimitive__ent_coef0.01__exp2,0830-172041__NetHackChallenge-v0__exp2,NetHackChallenge-v0,both,grammar,0,10000000,5000,0,0.999,primitive,exp2,64,2110820.8090555947,50.617937162857466,47.99083047095586,65.01436248701573,median-range,5,9999079
0830-172041__NetHackChallenge-v0__exp2/NetHackChallenge-v0__both__grammar__n64__os0__max_episode_steps5000__discountprimitive__ent_coef0.01__exp2,0830-172041__NetHackChallenge-v0__exp2,NetHackChallenge-v0,both,grammar,0,10000000,5000,0,0.999,primitive,exp2,64,2185056.493303125,56.57127183366194,45.78160779470809,59.47590320030527,median-range,5,9999079
0830-172041__NetHackChallenge-v0__exp2/NetHackChallenge-v0__both__grammar__n64__os0__max_episode_steps5000__discountprimitive__ent_coef0.01__exp2,0830-172041__NetHackChallenge-v0__exp2,NetHackChallenge-v0,both,grammar,0,10000000,5000,0,0.999,primitive,exp2,64,2261902.9803208555,53.412697228461646,49.204825188786295,69.27651009552588,median-range,5,9999079
0830-172041__NetHackChallenge-v0__exp2/NetHackChallenge-v0__both__grammar__n64__os0__max_episode_steps5000__discountprimitive__ent_coef0.01__exp2,0830-172041__NetHackChallenge-v0__exp2,NetHackChallenge-v0,both,grammar,0,10000000,5000,0,0.999,primitive,exp2,64,2341452.0897124633,53.39735468642704,46.32623135702912,66.45612492460506,median-range,5,9999079
0830-172041__NetHackChallenge-v0__exp2/NetHackChallenge-v0__both__grammar__n64__os0__max_episode_steps5000__discountprimitive__ent_coef0.01__exp2,0830-172041__NetHackChallenge-v0__exp2,NetHackChallenge-v0,both,grammar,0,10000000,5000,0,0.999,primitive,exp2,64,2423798.8702951134,52.82878597319744,45.18386207920785,63.27685419966755,median-range,5,9999079
0830-172041__NetHackChallenge-v0__exp2/NetHackChallenge-v0__both__grammar__n64__os0__max_episode_steps5000__discountprimitive__ent_coef0.01__exp2,0830-172041__NetHackChallenge-v0__exp2,NetHackChallenge-v0,both,grammar,0,10000000,5000,0,0.999,primitive,exp2,64,2509041.713668091,48.949550505379975,46.81039134712953,57.452888064717456,median-range,5,9999079
0830-172041__NetHackChallenge-v0__exp2/NetHackChallenge-v0__both__grammar__n64__os0__max_episode_steps5000__discountprimitive__ent_coef0.01__exp2,0830-172041__NetHackChallenge-v0__exp2,NetHackChallenge-v0,both,grammar,0,10000000,5000,0,0.999,primitive,exp2,64,2597282.4717753883,52.56496232896048,44.44641307043122,70.99471934749855,median-range,5,9999079
0830-172041__NetHackChallenge-v0__exp2/NetHackChallenge-v0__both__grammar__n64__os0__max_episode_steps5000__discountprimitive__ent_coef0.01__exp2,0830-172041__NetHackChallenge-v0__exp2,NetHackChallenge-v0,both,grammar,0,10000000,5000,0,0.999,primitive,exp2,64,2688626.57860302,53.3044934481894,45.48642424867231,63.44675197939707,median-range,5,9999079
0830-172041__NetHackChallenge-v0__exp2/NetHackChallenge-v0__both__grammar__n64__os0__max_episode_steps5000__discountprimitive__ent_coef0.01__exp2,0830-172041__NetHackChallenge-v0__exp2,NetHackChallenge-v0,both,grammar,0,10000000,5000,0,0.999,primitive,exp2,64,2783183.1761561614,55.384313156183495,50.667155654791095,71.71329580517516,median-range,5,9999079
0830-172041__NetHackChallenge-v0__exp2/NetHackChallenge-v0__both__grammar__n64__os0__max_episode_steps5000__discountprimitive__ent_coef0.01__exp2,0830-172041__NetHackChallenge-v0__exp2,NetHackChallenge-v0,both,grammar,0,10000000,5000,0,0.999,primitive,exp2,64,2881065.2448669556,63.06989030075552,47.256594927069145,68.77291529143892,median-range,5,9999079
0830-172041__NetHackChallenge-v0__exp2/NetHackChallenge-v0__both__grammar__n64__os0__max_episode_steps5000__discountprimitive__ent_coef0.01__exp2,0830-172041__NetHackChallenge-v0__exp2,NetHackChallenge-v0,both,grammar,0,10000000,5000,0,0.999,primitive,exp2,64,2982389.738588502,51.57008143127726,47.86165666495796,60.725174399594216,median-range,5,9999079
0830-172041__NetHackChallenge-v0__exp2/NetHackChallenge-v0__both__grammar__n64__os0__max_episode_steps5000__discountprimitive__ent_coef0.01__exp2,0830-172041__NetHackChallenge-v0__exp2,NetHackChallenge-v0,both,grammar,0,10000000,5000,0,0.999,primitive,exp2,64,3087277.7243365548,55.59508522085255,49.35198968192093,64.24078046024665,median-range,5,9999079
0830-172041__NetHackChallenge-v0__exp2/NetHackChallenge-v0__both__grammar__n64__os0__max_episode_steps5000__discountprimitive__ent_coef0.01__exp2,0830-172041__NetHackChallenge-v0__exp2,NetHackChallenge-v0,both,grammar,0,10000000,5000,0,0.999,primitive,exp2,64,3195854.526945777,52.434442847782684,49.214053235682385,57.28386128446736,median-range,5,9999079
0830-172041__NetHackChallenge-v0__exp2/NetHackChallenge-v0__both__grammar__n64__os0__max_episode_steps5000__discountprimitive__ent_coef0.01__exp2,0830-172041__NetHackChallenge-v0__exp2,NetHackChallenge-v0,both,grammar,0,10000000,5000,0,0.999,primitive,exp2,64,3308249.878813432,55.03200812450057,51.01164867449738,64.42852341305672,median-range,5,9999079
0830-172041__NetHackChallenge-v0__exp2/NetHackChallenge-v0__both__grammar__n64__os0__max_episode_steps5000__discountprimitive__ent_coef0.01__exp2,0830-172041__NetHackChallenge-v0__exp2,NetHackChallenge-v0,both,grammar,0,10000000,5000,0,0.999,primitive,exp2,64,3424598.0749094277,56.10524943986328,53.92836526855836,60.849752291608674,median-range,5,9999079
0830-172041__NetHackChallenge-v0__exp2/NetHackChallenge-v0__both__grammar__n64__os0__max_episode_steps5000__discountprimitive__ent_coef0.01__exp2,0830-172041__NetHackChallenge-v0__exp2,NetHackChallenge-v0,both,grammar,0,10000000,5000,0,0.999,primitive,exp2,64,3545038.1332379244,54.38606560127208,52.55133588992695,59.10825064329647,median-range,5,9999079
0830-172041__NetHackChallenge-v0__exp2/NetHackChallenge-v0__both__grammar__n64__os0__max_episode_steps5000__discountprimitive__ent_coef0.01__exp2,0830-172041__NetHackChallenge-v0__exp2,NetHackChallenge-v0,both,grammar,0,10000000,5000,0,0.999,primitive,exp2,64,3669713.9609422344,59.70247208235343,51.64570506316911,64.47831385394835,median-range,5,9999079
0830-172041__NetHackChallenge-v0__exp2/NetHackChallenge-v0__both__grammar__n64__os0__max_episode_steps5000__discountprimitive__ent_coef0.01__exp2,0830-172041__NetHackChallenge-v0__exp2,NetHackChallenge-v0,both,grammar,0,10000000,5000,0,0.999,primitive,exp2,64,3798774.5262514846,60.73584340582329,57.327661170664946,68.46783631017753,median-range,5,9999079
0830-172041__NetHackChallenge-v0__exp2/NetHackChallenge-v0__both__grammar__n64__os0__max_episode_steps5000__discountprimitive__ent_coef0.01__exp2,0830-172041__NetHackChallenge-v0__exp2,NetHackChallenge-v0,both,grammar,0,10000000,5000,0,0.999,primitive,exp2,64,3932374.036474487,59.29457871790083,48.905290545176506,64.41416866996978,median-range,5,9999079
0830-172041__NetHackChallenge-v0__exp2/NetHackChallenge-v0__both__grammar__n64__os0__max_episode_steps5000__discountprimitive__ent_coef0.01__exp2,0830-172041__NetHackChallenge-v0__exp2,NetHackChallenge-v0,both,grammar,0,10000000,5000,0,0.999,primitive,exp2,64,4070672.1222534957,59.67583160663956,48.54385772664609,68.4799468463062,median-range,5,9999079
0830-172041__NetHackChallenge-v0__exp2/NetHackChallenge-v0__both__grammar__n64__os0__max_episode_steps5000__discountprimitive__ent_coef0.01__exp2,0830-172041__NetHackChallenge-v0__exp2,NetHackChallenge-v0,both,grammar,0,10000000,5000,0,0.999,primitive,exp2,64,4213834.028298006,55.110337361025124,49.42386335420109,65.6916412404278,median-range,5,9999079
0830-172041__NetHackChallenge-v0__exp2/NetHackChallenge-v0__both__grammar__n64__os0__max_episode_steps5000__discountprimitive__ent_coef0.01__exp2,0830-172041__NetHackChallenge-v0__exp2,NetHackChallenge-v0,both,grammar,0,10000000,5000,0,0.999,primitive,exp2,64,4362030.81082649,60.368797596074764,49.91087788098816,72.69949435736326,median-range,5,9999079
0830-172041__NetHackChallenge-v0__exp2/NetHackChallenge-v0__both__grammar__n64__os0__max_episode_steps5000__discountprimitive__ent_coef0.01__exp2,0830-172041__NetHackChallenge-v0__exp2,NetHackChallenge-v0,both,grammar,0,10000000,5000,0,0.999,primitive,exp2,64,4515439.541951978,58.92,50.913818472153025,69.4630243614823,median-range,5,9999079
0830-172041__NetHackChallenge-v0__exp2/NetHackChallenge-v0__both__grammar__n64__os0__max_episode_steps5000__discountprimitive__ent_coef0.01__exp2,0830-172041__NetHackChallenge-v0__exp2,NetHackChallenge-v0,both,grammar,0,10000000,5000,0,0.999,primitive,exp2,64,4674243.521255703,57.37594395511406,54.92108737447496,67.04945699598784,median-range,5,9999079
0830-172041__NetHackChallenge-v0__exp2/NetHackChallenge-v0__both__grammar__n64__os0__max_episode_steps5000__discountprimitive__ent_coef0.01__exp2,0830-172041__NetHackChallenge-v0__exp2,NetHackChallenge-v0,both,grammar,0,10000000,5000,0,0.999,primitive,exp2,64,4838632.494801605,62.22760706701595,53.95335681731531,63.87451619335125,median-range,5,9999079
0830-172041__NetHackChallenge-v0__exp2/NetHackChallenge-v0__both__grammar__n64__os0__max_episode_steps5000__discountprimitive__ent_coef0.01__exp2,0830-172041__NetHackChallenge-v0__exp2,NetHackChallenge-v0,both,grammar,0,10000000,5000,0,0.999,primitive,exp2,64,5008802.88185337,60.084081430884446,55.298941091585554,66.82339932297695,median-range,5,9999079
0830-172041__NetHackChallenge-v0__exp2/NetHackChallenge-v0__both__grammar__n64__os0__max_episode_steps5000__discountprimitive__ent_coef0.01__exp2,0830-172041__NetHackChallenge-v0__exp2,NetHackChallenge-v0,both,grammar,0,10000000,5000,0,0.999,primitive,exp2,64,5184958.009564909,58.02803422438963,52.896231780313876,64.30262380610216,median-range,5,9999079
0830-172041__NetHackChallenge-v0__exp2/NetHackChallenge-v0__both__grammar__n64__os0__max_episode_steps5000__discountprimitive__ent_coef0.01__exp2,0830-172041__NetHackChallenge-v0__exp2,NetHackChallenge-v0,both,grammar,0,10000000,5000,0,0.999,primitive,exp2,64,5367308.355924687,62.21999197352019,61.96999832520357,71.55971242508616,median-range,5,9999079
0830-172041__NetHackChallenge-v0__exp2/NetHackChallenge-v0__both__grammar__n64__os0__max_episode_steps5000__discountprimitive__ent_coef0.01__exp2,0830-172041__NetHackChallenge-v0__exp2,NetHackChallenge-v0,both,grammar,0,10000000,5000,0,0.999,primitive,exp2,64,5556071.801244248,61.88764367674497,59.49653151094176,74.09171955831886,median-range,5,9999079
0830-172041__NetHackChallenge-v0__exp2/NetHackChallenge-v0__both__grammar__n64__os0__max_episode_steps5000__discountprimitive__ent_coef0.01__exp2,0830-172041__NetHackChallenge-v0__exp2,NetHackChallenge-v0,both,grammar,0,10000000,5000,0,0.999,primitive,exp2,64,5751473.888491181,69.51587089636652,56.41,73.0131139618197,median-range,5,9999079
0830-172041__NetHackChallenge-v0__exp2/NetHackChallenge-v0__both__grammar__n64__os0__max_episode_steps5000__discountprimitive__ent_coef0.01__exp2,0830-172041__NetHackChallenge-v0__exp2,NetHackChallenge-v0,both,grammar,0,10000000,5000,0,0.999,primitive,exp2,64,5953748.092778078,68.13085426632573,60.8343944757726,71.79494242513283,median-range,5,9999079
0830-172041__NetHackChallenge-v0__exp2/NetHackChallenge-v0__both__grammar__n64__os0__max_episode_steps5000__discountprimitive__ent_coef0.01__exp2,0830-172041__NetHackChallenge-v0__exp2,NetHackChallenge-v0,both,grammar,0,10000000,5000,0,0.999,primitive,exp2,64,6163136.1003288,69.95270551301084,57.307439441285325,75.95012082000149,median-range,5,9999079
0830-172041__NetHackChallenge-v0__exp2/NetHackChallenge-v0__both__grammar__n64__os0__max_episode_steps5000__discountprimitive__ent_coef0.01__exp2,0830-172041__NetHackChallenge-v0__exp2,NetHackChallenge-v0,both,grammar,0,10000000,5000,0,0.999,primitive,exp2,64,6379888.097256131,70.81445771173416,59.81756644321608,80.02601466528861,median-range,5,9999079
0830-172041__NetHackChallenge-v0__exp2/NetHackChallenge-v0__both__grammar__n64__os0__max_episode_steps5000__discountprimitive__ent_coef0.01__exp2,0830-172041__NetHackChallenge-v0__exp2,NetHackChallenge-v0,both,grammar,0,10000000,5000,0,0.999,primitive,exp2,64,6604263.068495079,74.9396095502403,59.169195516344494,77.88514407423774,median-range,5,9999079
0830-172041__NetHackChallenge-v0__exp2/NetHackChallenge-v0__both__grammar__n64__os0__max_episode_steps5000__discountprimitive__ent_coef0.01__exp2,0830-172041__NetHackChallenge-v0__exp2,NetHackChallenge-v0,both,grammar,0,10000000,5000,0,0.999,primitive,exp2,64,6836529.107249822,70.34706878978662,66.2209238992014,75.35005269896503,median-range,5,9999079
0830-172041__NetHackChallenge-v0__exp2/NetHackChallenge-v0__both__grammar__n64__os0__max_episode_steps5000__discountprimitive__ent_coef0.01__exp2,0830-172041__NetHackChallenge-v0__exp2,NetHackChallenge-v0,both,grammar,0,10000000,5000,0,0.999,primitive,exp2,64,7076963.7353231795,74.49561595023808,62.14469545288924,78.47904019156637,median-range,5,9999079
0830-172041__NetHackChallenge-v0__exp2/NetHackChallenge-v0__both__grammar__n64__os0__max_episode_steps5000__discountprimitive__ent_coef0.01__exp2,0830-172041__NetHackChallenge-v0__exp2,NetHackChallenge-v0,both,grammar,0,10000000,5000,0,0.999,primitive,exp2,64,7325854.234712242,74.88411841017422,66.05933239547306,83.2297330052233,median-range,5,9999079
0830-172041__NetHackChallenge-v0__exp2/NetHackChallenge-v0__both__grammar__n64__os0__max_episode_steps5000__discountprimitive__ent_coef0.01__exp2,0830-172041__NetHackChallenge-v0__exp2,NetHackChallenge-v0,both,grammar,0,10000000,5000,0,0.999,primitive,exp2,64,7583497.990865462,74.55851467220585,70.68958538721206,82.71581048003753,median-range,5,9999079
0830-172041__NetHackChallenge-v0__exp2/NetHackChallenge-v0__both__grammar__n64__os0__max_episode_steps5000__discountprimitive__ent_coef0.01__exp2,0830-172041__NetHackChallenge-v0__exp2,NetHackChallenge-v0,both,grammar,0,10000000,5000,0,0.999,primitive,exp2,64,7850202.848012263,79.52760523113153,65.81846392692782,81.76449656893782,median-range,5,9999079
0830-172041__NetHackChallenge-v0__exp2/NetHackChallenge-v0__both__grammar__n64__os0__max_episode_steps5000__discountprimitive__ent_coef0.01__exp2,0830-172041__NetHackChallenge-v0__exp2,NetHackChallenge-v0,both,grammar,0,10000000,5000,0,0.999,primitive,exp2,64,8126287.476988782,79.72589745097298,74.3243163542228,81.22714118626986,median-range,5,9999079
0830-172041__NetHackChallenge-v0__exp2/NetHackChallenge-v0__both__grammar__n64__os0__max_episode_steps5000__discountprimitive__ent_coef0.01__exp2,0830-172041__NetHackChallenge-v0__exp2,NetHackChallenge-v0,both,grammar,0,10000000,5000,0,0.999,primitive,exp2,64,8412081.756000226,80.63594063522605,72.52720802163275,84.66342343923618,median-range,5,9999079
0830-172041__NetHackChallenge-v0__exp2/NetHackChallenge-v0__both__grammar__n64__os0__max_episode_steps5000__discountprimitive__ent_coef0.01__exp2,0830-172041__NetHackChallenge-v0__exp2,NetHackChallenge-v0,both,grammar,0,10000000,5000,0,0.999,primitive,exp2,64,8707927.164773775,79.74330026678183,72.95039594709596,86.96897618034906,median-range,5,9999079
0830-172041__NetHackChallenge-v0__exp2/NetHackChallenge-v0__both__grammar__n64__os0__max_episode_steps5000__discountprimitive__ent_coef0.01__exp2,0830-172041__NetHackChallenge-v0__exp2,NetHackChallenge-v0,both,grammar,0,10000000,5000,0,0.999,primitive,exp2,64,9014177.192574032,85.04503394366373,82.85962179502606,91.52078171613103,median-range,5,9999079
0830-172041__NetHackChallenge-v0__exp2/NetHackChallenge-v0__both__grammar__n64__os0__max_episode_steps5000__discountprimitive__ent_coef0.01__exp2,0830-172041__NetHackChallenge-v0__exp2,NetHackChallenge-v0,both,grammar,0,10000000,5000,0,0.999,primitive,exp2,64,9331197.760567449,86.25272542219648,74.23068005280949,96.62779244153057,median-range,5,9999079
0830-172041__NetHackChallenge-v0__exp2/NetHackChallenge-v0__both__grammar__n64__os0__max_episode_steps5000__discountprimitive__ent_coef0.01__exp2,0830-172041__NetHackChallenge-v0__exp2,NetHackChallenge-v0,both,grammar,0,10000000,5000,0,0.999,primitive,exp2,64,9659367.659041507,79.24789631937313,74.6217714437512,87.11866241709761,median-range,5,9999079
0830-172041__NetHackChallenge-v0__exp2/NetHackChallenge-v0__both__grammar__n64__os0__max_episode_steps5000__discountprimitive__ent_coef0.01__exp2,0830-172041__NetHackChallenge-v0__exp2,NetHackChallenge-v0,both,grammar,0,10000000,5000,0,0.999,primitive,exp2,64,9999079.0,88.3873402909551,80.01309593023255,95.65,median-range,5,9999079
0830-172041__NetHackChallenge-v0__exp2/NetHackChallenge-v0__both__grammar__n8__os0__max_episode_steps5000__discountprimitive__ent_coef0.01__exp2,0830-172041__NetHackChallenge-v0__exp2,NetHackChallenge-v0,both,grammar,0,10000000,5000,0,0.999,primitive,exp2,8,25915.0,15.577971548238013,7.464637421665175,20.0,median-range,5,9995389
0830-172041__NetHackChallenge-v0__exp2/NetHackChallenge-v0__both__grammar__n8__os0__max_episode_steps5000__discountprimitive__ent_coef0.01__exp2,0830-172041__NetHackChallenge-v0__exp2,NetHackChallenge-v0,both,grammar,0,10000000,5000,0,0.999,primitive,exp2,8,26702.22411875325,15.165827205303216,7.867361104362834,19.866752857353884,median-range,5,9995389
0830-172041__NetHackChallenge-v0__exp2/NetHackChallenge-v0__both__grammar__n8__os0__max_episode_steps5000__discountprimitive__ent_coef0.01__exp2,0830-172041__NetHackChallenge-v0__exp2,NetHackChallenge-v0,both,grammar,0,10000000,5000,0,0.999,primitive,exp2,8,27513.36187104486,14.741163087444018,8.282318389075257,19.72945804484684,median-range,5,9995389
0830-172041__NetHackChallenge-v0__exp2/NetHackChallenge-v0__both__grammar__n8__os0__max_episode_steps5000__discountprimitive__ent_coef0.01__exp2,0830-172041__NetHackChallenge-v0__exp2,NetHackChallenge-v0,both,grammar,0,10000000,5000,0,0.999,primitive,exp2,8,28349.13968516309,14.182837601316292,8.626507952712975,19.587992605761155,median-range,5,9995389
0830-172041__NetHackChallenge-v0__exp2/NetHackChallenge-v0__both__grammar__n8__os0__max_episode_steps5000__discountprimitive__ent_coef0.01__exp2,0830-172041__NetHackChallenge-v0__exp2,NetHackChallenge-v0,both,grammar,0,10000000,5000,0,0.999,primitive,exp2,8,29210.306056224832,13.45476322605273,8.71299649053177,19.442229848303178,median-range,5,9995389
0830-172041__NetHackChallenge-v0__exp2/NetHackChallenge-v0__both__grammar__n8__os0__max_episode_steps5000__discountprimitive__ent_coef0.01__exp2,0830-172041__NetHackChallenge-v0__exp2,NetHackChallenge-v0,both,grammar,0,10000000,5000,0,0.999,primitive,exp2,8,30097.632216503593,12.70457201851235,8.802112304559968,19.292039232142248,median-range,5,9995389
0830-172041__NetHackChallenge-v0__exp2/NetHackChallenge-v0__both__grammar__n8__os0__max_episode_steps5000__discountprimitive__ent_coef0.01__exp2,0830-172041__NetHackChallenge-v0__exp2,NetHackChallenge-v0,both,grammar,0,10000000,5000,0,0.999,primitive,exp2,8,31011.9128261195,12.007517508756138,8.893935203989104,19.13728625150313,median-range,5,9995389
0830-172041__NetHackChallenge-v0__exp2/NetHackChallenge-v0__both__grammar__n8__os0__max_episode_steps5000__discountprimitive__ent_coef0.01__exp2,0830-172041__NetHackChallenge-v0__exp2,NetHackChallenge-v0,both,grammar,0,10000000,5000,0,0.999,primitive,exp2,8,31953.966684710827,12.095042546137163,8.988547422387349,18.977832314707037,median-range,5,9995389
0830-172041__NetHackChallenge-v0__exp2/NetHackChallenge-v0__both__grammar__n8__os0__max_episode_steps5000__discountprimitive__ent_coef0.01__exp2,0830-172041__NetHackChallenge-v0__exp2,NetHackChallenge-v0,both,grammar,0,10000000,5000,0,0.999,primitive,exp2,8,32924.63746472409,12.185226345641334,9.055373071201444,18.81353462005347,median-range,5,9995389
0830-172041__NetHackChallenge-v0__exp2/NetHackChallenge-v0__both__grammar__n8__os0__max_episode_steps5000__discountprimitive__ent_coef0.01__exp2,0830-172041__NetHackChallenge-v0__exp2,NetHackChallenge-v0,both,grammar,0,10000000,5000,0,0.999,primitive,exp2,8,33924.79446697905,12.278149672912834,8.97687166312649,18.64424602793178,median-range,5,9995389
0830-172041__NetHackChallenge-v0__exp2/NetHackChallenge-v0__both__grammar__n8__os0__max_episode_steps5000__discountprimitive__ent_coef0.01__exp2,0830-172041__NetHackChallenge-v0__exp2,NetHackChallenge-v0,both,grammar,0,10000000,5000,0,0.999,primitive,exp2,8,34955.33339918637,12.373895747026815,8.89598560516565,18.46981492904767,median-range,5,9995389
0830-172041__NetHackChallenge-v0__exp2/NetHackChallenge-v0__both__grammar__n8__os0__max_episode_steps5000__discountprimitive__ent_coef0.01__exp2,0830-172041__NetHackChallenge-v0__exp2,NetHackChallenge-v0,both,grammar,0,10000000,5000,0,0.999,primitive,exp2,8,36017.17717811364,12.472550315017642,8.812642458426204,18.29008510864698,median-range,5,9995389
0830-172041__NetHackChallenge-v0__exp2/NetHackChallenge-v0__both__grammar__n8__os0__max_episode_steps5000__discountprimitive__ent_coef0.01__exp2,0830-172041__NetHackChallenge-v0__exp2,NetHackChallenge-v0,both,grammar,0,10000000,5000,0,0.999,primitive,exp2,8,37111.2767561195,12.574201728671127,8.726767583527534,18.104895606614843,median-range,5,9995389
0830-172041__NetHackChallenge-v0__exp2/NetHackChallenge-v0__both__grammar__n8__os0__max_episode_steps5000__discountprimitive__ent_coef0.01__exp2,0830-172041__NetHackChallenge-v0__exp2,NetHackChallenge-v0,both,grammar,0,10000000,5000,0,0.999,primitive,exp2,8,38238.61197279493,12.678941023649449,8.62782654681279,17.364425743578966,median-range,5,9995389
0830-172041__NetHackChallenge-v0__exp2/NetHackChallenge-v0__both__grammar__n8__os0__max_episode_steps5000__discountprimitive__ent_coef0.01__exp2,0830-172041__NetHackChallenge-v0__exp2,NetHackChallenge-v0,both,grammar,0,10000000,5000,0,0.999,primitive,exp2,8,39400.19243247584,12.78686200101975,8.503063188107541,16.548611238687432,median-range,5,9995389
0830-172041__NetHackChallenge-v0__exp2/NetHackChallenge-v0__both__grammar__n8__os0__max_episode_steps5000__discountprimitive__ent_coef0.01__exp2,0830-172041__NetHackChallenge-v0__exp2,NetHackChallenge-v0,both,grammar,0,10000000,5000,0,0.999,primitive,exp2,8,40597.05840841116,12.898061311259253,8.37450987280922,16.53900850135263,median-range,5,9995389
0830-172041__NetHackChallenge-v0__exp2/NetHackChallenge-v0__both__grammar__n8__os0__max_episode_steps5000__discountprimitive__ent_coef0.01__exp2,0830-172041__NetHackChallenge-v0__exp2,NetHackChallenge-v0,both,grammar,0,10000000,5000,0,0.999,primitive,exp2,8,41830.28177439748,12.86734335426025,8.24205147279747,16.529114060122936,median-range,5,9995389
0830-172041__NetHackChallenge-v0__exp2/NetHackChallenge-v0__both__grammar__n8__os0__max_episode_steps5000__discountprimitive__ent_coef0.01__exp2,0830-172041__NetHackChallenge-v0__exp2,NetHackChallenge-v0,both,grammar,0,10000000,5000,0,0.999,primitive,exp2,8,43100.96696471398,11.534936423156335,8.105569362686515,16.518919053862273,median-range,5,9995389
0830-172041__NetHackChallenge-v0__exp2/NetHackChallenge-v0__both__grammar__n8__os0__max_episode_steps5000__discountprimitive__ent_coef0.01__exp2,0830-172041__NetHackChallenge-v0__exp2,NetHackChallenge-v0,both,grammar,0,10000000,5000,0,0.999,primitive,exp2,8,44410.25196321715,13.12740993589001,7.964941313588197,16.508414352258402,median-range,5,9995389
0830-172041__NetHackChallenge-v0__exp2/NetHackChallenge-v0__both__grammar__n8__os0__max_episode_steps5000__discountprimitive__ent_coef0.01__exp2,0830-172041__NetHackChallenge-v0__exp2,NetHackChallenge-v0,both,grammar,0,10000000,5000,0,0.999,primitive,exp2,8,45759.30932248217,13.27145605268204,7.820041383647765,16.4122602245072,median-range,5,9995389
0830-172041__NetHackChallenge-v0__exp2/NetHackChallenge-v0__both__grammar__n8__os0__max_episode_steps5000__discountprimitive__ent_coef0.01__exp2,0830-172041__NetHackChallenge-v0__exp2,NetHackChallenge-v0,both,grammar,0,10000000,5000,0,0.999,primitive,exp2,8,47149.347213902125,13.188459815050846,7.670739805254516,16.006140256230456,median-range,5,9995389
0830-172041__NetHackChallenge-v0__exp2/NetHackChallenge-v0__both__grammar__n8__os0__max_episode_steps5000__discountprimitive__ent_coef0.01__exp2,0830-172041__NetHackChallenge-v0__exp2,NetHackChallenge-v0,both,grammar,0,10000000,5000,0,0.999,primitive,exp2,8,48581.6105096866,13.164882000693288,7.516902868826186,15.587683516426225,median-range,5,9995389
0830-172041__NetHackChallenge-v0__exp2/NetHackChallenge-v0__both__grammar__n8__os0__max_episode_steps5000__discountprimitive__ent_coef0.01__exp2,0830-172041__NetHackChallenge-v0__exp2,NetHackChallenge-v0,both,grammar,0,10000000,5000,0,0.999,primitive,exp2,8,50057.38189772843,13.579088669211973,8.07355452467881,15.156515249003645,median-range,5,9995389
0830-172041__NetHackChallenge-v0__exp2/NetHackChallenge-v0__both__grammar__n8__os0__max_episode_steps5000__discountprimitive__ent_coef0.01__exp2,0830-172041__NetHackChallenge-v0__exp2,NetHackChallenge-v0,both,grammar,0,10000000,5000,0,0.999,primitive,exp2,8,51577.983030336334,13.892747168838087,9.574609313407398,14.712249313845957,median-range,5,9995389
0830-172041__NetHackChallenge-v0__exp2/NetHackChallenge-v0__both__grammar__n8__os0__max_episode_steps5000__discountprimitive__ent_coef0.01__exp2,0830-172041__NetHackChallenge-v0__exp2,NetHackChallenge-v0,both,grammar,0,10000000,5000,0,0.999,primitive,exp2,8,53144.775707863875,14.060042057721827,11.121261884627101,14.44563149207985,median-range,5,9995389
0830-172041__NetHackChallenge-v0__exp2/NetHackChallenge-v0__both__grammar__n8__os0__max_episode_steps5000__discountprimitive__ent_coef0.01__exp2,0830-172041__NetHackChallenge-v0__exp2,NetHackChallenge-v0,both,grammar,0,10000000,5000,0,0.999,primitive,exp2,8,54759.16309829265,13.782820874336808,12.598071057970236,14.89874369367589,median-range,5,9995389
0830-172041__NetHackChallenge-v0__exp2/NetHackChallenge-v0__both__grammar__n8__os0__max_episode_steps5000__discountprimitive__ent_coef0.01__exp2,0830-172041__NetHackChallenge-v0__exp2,NetHackChallenge-v0,both,grammar,0,10000000,5000,0,0.999,primitive,exp2,8,56422.59099386362,13.97980559080374,12.46901811599646,15.365620157421212,median-range,5,9995389
0830-172041__NetHackChallenge-v0__exp2/NetHackChallenge-v0__both__grammar__n8__os0__max_episode_steps5000__discountprimitive__ent_coef0.01__exp2,0830-172041__NetHackChallenge-v0__exp2,NetHackChallenge-v0,both,grammar,0,10000000,5000,0,0.999,primitive,exp2,8,58136.54910588056,13.884083152892655,12.336044912069472,15.70724710939952,median-range,5,9995389
0830-172041__NetHackChallenge-v0__exp2/NetHackChallenge-v0__both__grammar__n8__os0__max_episode_steps5000__discountprimitive__ent_coef0.01__exp2,0830-172041__NetHackChallenge-v0__exp2,NetHackChallenge-v0,both,grammar,0,10000000,5000,0,0.999,primitive,exp2,8,59902.57239884723,13.785452939105458,11.675957138648766,14.78160839048068,median-range,5,9995389
0830-172041__NetHackChallenge-v0__exp2/NetHackChallenge-v0__both__grammar__n8__os0__max_episode_steps5000__discountprimitive__ent_coef0.01__exp2,0830-172041__NetHackChallenge-v0__exp2,NetHackChallenge-v0,both,grammar,0,10000000,5000,0,0.999,primitive,exp2,8,61722.24246513065,14.457467448342245,10.146538862932857,16.358084070738645,median-range,5,9995389
0830-172041__NetHackChallenge-v0__exp2/NetHackChallenge-v0__both__grammar__n8__os0__max_episode_steps5000__discountprimitive__ent_coef0.01__exp2,0830-172041__NetHackChallenge-v0__exp2,NetHackChallenge-v0,both,grammar,0,10000000,5000,0,0.999,primitive,exp2,8,63597.18894138326,17.809340005773503,10.183405649949858,19.880241192060396,median-range,5,9995389
0830-172041__NetHackChallenge-v0__exp2/NetHackChallenge-v0__both__grammar__n8__os0__max_episode_steps5000__discountprimitive__ent_coef0.01__exp2,0830-172041__NetHackChallenge-v0__exp2,NetHackChallenge-v0,both,grammar,0,10000000,5000,0,0.999,primitive,exp2,8,65529.09096799207,17.499080689501387,10.22139234527945,18.913860676304544,median-range,5,9995389
0830-172041__NetHackChallenge-v0__exp2/NetHackChallenge-v0__both__grammar__n8__os0__max_episode_steps5000__discountprimitive__ent_coef0.01__exp2,0830-172041__NetHackChallenge-v0__exp2,NetHackChallenge-v0,both,grammar,0,10000000,5000,0,0.999,primitive,exp2,8,67519.67869286101,17.179396576129644,10.179421736312595,17.66053355437302,median-range,5,9995389
0830-172041__NetHackChallenge-v0__exp2/NetHackChallenge-v0__both__grammar__n8__os0__max_episode_steps5000__discountprimitive__ent_coef0.01__exp2,0830-172041__NetHackChallenge-v0__exp2,NetHackChallenge-v0,both,grammar,0,10000000,5000,0,0.999,primitive,exp2,8,69570.73482087528,16.85000136708248,9.909185152013322,18.091690340985558,median-range,5,9995389
0830-172041__NetHackChallenge-v0__exp2/NetHackChallenge-v0__both__grammar__n8__os0__max_episode_steps5000__discountprimitive__ent_coef0.01__exp2,0830-172041__NetHackChallenge-v0__exp2,NetHackChallenge-v0,both,grammar,0,10000000,5000,0,0.999,primitive,exp2,8,71684.09621043263,16.51432824726465,9.630739547573983,17.799618351296285,median-range,5,9995389
0830-172041__NetHackChallenge-v0__exp2/NetHackChallenge-v0__both__grammar__n8__os0__max_episode_steps5000__discountprimitive__ent_coef0.01__exp2,0830-172041__NetHackChallenge-v0__exp2,NetHackChallenge-v0,both,grammar,0,10000000,5000,0,0.999,primitive,exp2,8,73861.65551847356,16.444298578917795,9.343835556270836,17.498674043849125,median-range,5,9995389
0830-172041__NetHackChallenge-v0__exp2/NetHackChallenge-v0__both__grammar__n8__os0__max_episode_steps5000__discountprimitive__ent_coef0.01__exp2,0830-172041__NetHackChallenge-v0__exp2,NetHackChallenge-v0,both,grammar,0,10000000,5000,0,0.999,primitive,exp2,8,76105.36289548263,15.661280016603488,9.061048214306066,16.046662488685193,median-range,5,9995389
0830-172041__NetHackChallenge-v0__exp2/NetHackChallenge-v0__both__grammar__n8__os0__max_episode_steps5000__discountprimitive__ent_coef0.01__exp2,0830-172041__NetHackChallenge-v0__exp2,NetHackChallenge-v0,both,grammar,0,10000000,5000,0,0.999,primitive,exp2,8,78417.22773197855,15.438820899561776,7.770307182531726,16.58964727313211,median-range,5,9995389
0830-172041__NetHackChallenge-v0__exp2/NetHackChallenge-v0__both__grammar__n8__os0__max_episode_steps5000__discountprimitive__ent_coef0.01__exp2,0830-172041__NetHackChallenge-v0__exp2,NetHackChallenge-v0,both,grammar,0,10000000,5000,0,0.999,primitive,exp2,8,80799.32045805917,14.78888215712295,7.711991641136576,16.891604939630692,median-range,5,9995389
0830-172041__NetHackChallenge-v0__exp2/NetHackChallenge-v0__both__grammar__n8__os0__max_episode_steps5000__discountprimitive__ent_coef0.01__exp2,0830-172041__NetHackChallenge-v0__exp2,NetHackChallenge-v0,both,grammar,0,10000000,5000,0,0.999,primitive,exp2,8,83253.77439760987,14.759128177886419,8.602927125907597,16.93820385350581,median-range,5,9995389
0830-172041__NetHackChallenge-v0__exp2/NetHackChallenge-v0__both__grammar__n8__os0__max_episode_steps5000__discountprimitive__ent_coef0.01__exp2,0830-172041__NetHackChallenge-v0__exp2,NetHackChallenge-v0,both,grammar,0,10000000,5000,0,0.999,primitive,exp2,8,85782.78767883849,14.150268040519716,8.980297684237444,16.98621831007474,median-range,5,9995389
0830-172041__NetHackChallenge-v0__exp2/NetHackChallenge-v0__both__grammar__n8__os0__max_episode_steps5000__discountprimitive__ent_coef0.01__exp2,0830-172041__NetHackChallenge-v0__exp2,NetHackChallenge-v0,both,grammar,0,10000000,5000,0,0.999,primitive,exp2,8,88388.62520284679,13.809966276583003,8.760692297080164,17.035691309505335,median-range,5,9995389
0830-172041__NetHackChallenge-v0__exp2/NetHackChallenge-v0__both__grammar__n8__os0__max_episode_steps5000__discountprimitive__ent_coef0.01__exp2,0830-172041__NetHackChallenge-v0__exp2,NetHackChallenge-v0,both,grammar,0,10000000,5000,0,0.999,primitive,exp2,8,91073.62067200062,13.606165929078555,8.534415921793308,17.086667158188437,median-range,5,9995389
0830-172041__NetHackChallenge-v0__exp2/NetHackChallenge-v0__both__grammar__n8__os0__max_episode_steps5000__discountprimitive__ent_coef0.01__exp2,0830-172041__NetHackChallenge-v0__exp2,NetHackChallenge-v0,both,grammar,0,10000000,5000,0,0.999,primitive,exp2,8,93840.17867991816,13.423956677724584,10.584705538368432,17.139191508417255,median-range,5,9995389
0830-172041__NetHackChallenge-v0__exp2/NetHackChallenge-v0__both__grammar__n8__os0__max_episode_steps5000__discountprimitive__ent_coef0.01__exp2,0830-172041__NetHackChallenge-v0__exp2,NetHackChallenge-v0,both,grammar,0,10000000,5000,0,0.999,primitive,exp2,8,96690.77686494403,13.28271157958293,10.786904303088667,17.19331139927204,median-range,5,9995389
0830-172041__NetHackChallenge-v0__exp2/NetHackChallenge-v0__both__grammar__n8__os0__max_episode_steps5000__discountprimitive__ent_coef0.01__exp2,0830-172041__NetHackChallenge-v0__exp2,NetHackChallenge-v0,both,grammar,0,10000000,5000,0,0.999,primitive,exp2,8,99627.96812904115,13.650313446180006,10.99524529217202,17.24907529874675,median-range,5,9995389
0830-172041__NetHackChallenge-v0__exp2/NetHackChallenge-v0__both__grammar__n8__os0__max_episode_steps5000__discountprimitive__ent_coef0.01__exp2,0830-172041__NetHackChallenge-v0__exp2,NetHackChallenge-v0,both,grammar,0,10000000,5000,0,0.999,primitive,exp2,8,102654.38292408497,13.875391055736598,11.190465079961704,17.306533147155363,median-range,5,9995389
0830-172041__NetHackChallenge-v0__exp2/NetHackChallenge-v0__both__grammar__n8__os0__max_episode_steps5000__discountprimitive__ent_coef0.01__exp2,0830-172041__NetHackChallenge-v0__exp2,NetHackChallenge-v0,both,grammar,0,10000000,5000,0,0.999,primitive,exp2,8,105772.73160761075,13.70540046829454,11.391161152958022,17.699489287246816,median-range,5,9995389
0830-172041__NetHackChallenge-v0__exp2/NetHackChallenge-v0__both__grammar__n8__os0__max_episode_steps5000__discountprimitive__ent_coef0.01__exp2,0830-172041__NetHackChallenge-v0__exp2,NetHackChallenge-v0,both,grammar,0,10000000,5000,0,0.999,primitive,exp2,8,108985.80687011991,13.332547278390418,11.142492248813678,18.388810696948028,median-range,5,9995389
0830-172041__NetHackChallenge-v0__exp2/NetHackChallenge-v0__both__grammar__n8__os0__max_episode_steps5000__discountprimitive__ent_coef0.01__exp2,0830-172041__NetHackChallenge-v0__exp2,NetHackChallenge-v0,both,grammar,0,10000000,5000,0,0.999,primitive,exp2,8,112296.48623612188,13.43495513930753,10.7625947107399,19.099071733864744,median-range,5,9995389
0830-172041__NetHackChallenge-v0__exp2/NetHackChallenge-v0__both__grammar__n8__os0__max_episode_steps5000__discountprimitive__ent_coef0.01__exp2,0830-172041__NetHackChallenge-v0__exp2,NetHackChallenge-v0,both,grammar,0,10000000,5000,0,0.999,primitive,exp2,8,115707.7346411505,13.346107543270987,10.380315446251279,18.758297852568194,median-range,5,9995389
0830-172041__NetHackChallenge-v0__exp2/NetHackChallenge-v0__both__grammar__n8__os0__max_episode_steps5000__discountprimitive__ent_coef0.01__exp2,0830-172041__NetHackChallenge-v0__exp2,NetHackChallenge-v0,both,grammar,0,10000000,5000,0,0.999,primitive,exp2,8,119222.6070870629,13.237706138144928,10.14330056694627,18.178228414795523,median-range,5,9995389
0830-172041__NetHackChallenge-v0__exp2/NetHackChallenge-v0__both__grammar__n8__os0__max_episode_steps5000__discountprimitive__ent_coef0.01__exp2,0830-172041__NetHackChallenge-v0__exp2,NetHackChallenge-v0,both,grammar,0,10000000,5000,0,0.999,primitive,exp2,8,122844.25137799777,12.997814103797667,9.954941552263639,16.29258739087274,median-range,5,9995389
0830-172041__NetHackChallenge-v0__exp2/NetHackChallenge-v0__both__grammar__n8__os0__max_episode_steps5000__discountprimitive__ent_coef0.01__exp2,0830-172041__NetHackChallenge-v0__exp2,NetHackChallenge-v0,both,grammar,0,10000000,5000,0,0.999,primitive,exp2,8,126575.91093944659,12.560529078885727,9.72841632794624,17.283041385057437,median-range,5,9995389
0830-172041__NetHackChallenge-v0__exp2/NetHackChallenge-v0__both__grammar__n8__os0__max_episode_steps5000__discountprimitive__ent_coef0.01__exp2,0830-172041__NetHackChallenge-v0__exp2,NetHackChallenge-v0,both,grammar,0,10000000,5000,0,0.999,primitive,exp2,8,130420.92772295787,12.554676765392571,9.885358515884088,16.813964188448296,median-range,5,9995389
0830-172041__NetHackChallenge-v0__exp2/NetHackChallenge-v0__both__grammar__n8__os0__max_episode_steps5000__discountprimitive__ent_coef0.01__exp2,0830-172041__NetHackChallenge-v0__exp2,NetHackChallenge-v0,both,grammar,0,10000000,5000,0,0.999,primitive,exp2,8,134382.74519907954,12.548646675232144,10.378861291243087,16.010315128981464,median-range,5,9995389
0830-172041__NetHackChallenge-v0__exp2/NetHackChallenge-v0__both__grammar__n8__os0__max_episode_steps5000__discountprimitive__ent_coef0.01__exp2,0830-172041__NetHackChallenge-v0__exp2,NetHackChallenge-v0,both,grammar,0,10000000,5000,0,0.999,primitive,exp2,8,138464.9114412168,12.453976093798042,10.887355279700037,15.561001951119227,median-range,5,9995389
0830-172041__NetHackChallenge-v0__exp2/NetHackChallenge-v0__both__grammar__n8__os0__max_episode_steps5000__discountprimitive__ent_coef0.01__exp2,0830-172041__NetHackChallenge-v0__exp2,NetHackChallenge-v0,both,grammar,0,10000000,5000,0,0.999,primitive,exp2,8,142671.08230317154,12.317392188846993,10.803453749469943,15.631122395536593,median-range,5,9995389
0830-172041__NetHackChallenge-v0__exp2/NetHackChallenge-v0__both__grammar__n8__os0__max_episode_steps5000__discountprimitive__ent_coef0.01__exp2,0830-172041__NetHackChallenge-v0__exp2,NetHackChallenge-v0,both,grammar,0,10000000,5000,0,0.999,primitive,exp2,8,147005.0246932038,12.21123554435959,10.46731295163215,16.0607374648207,median-range,5,9995389
0830-172041__NetHackChallenge-v0__exp2/NetHackChallenge-v0__both__grammar__n8__os0__max_episode_steps5000__discountprimitive__ent_coef0.01__exp2,0830-172041__NetHackChallenge-v0__exp2,NetHackChallenge-v0,both,grammar,0,10000000,5000,0,0.999,primitive,exp2,8,151470.61994755093,14.912140603570508,10.208434056456598,16.188735341026184,median-range,5,9995389
0830-172041__NetHackChallenge-v0__exp2/NetHackChallenge-v0__both__grammar__n8__os0__max_episode_steps5000__discountprimitive__ent_coef0.01__exp2,0830-172041__NetHackChallenge-v0__exp2,NetHackChallenge-v0,both,grammar,0,10000000,5000,0,0.999,primitive,exp2,8,156071.86730642518,15.24497540526955,10.580700345542708,16.158334670708815,median-range,5,9995389
0830-172041__NetHackChallenge-v0__exp2/NetHackChallenge-v0__both__grammar__n8__os0__max_episode_steps5000__discountprimitive__ent_coef0.01__exp2,0830-172041__NetHackChallenge-v0__exp2,NetHackChallenge-v0,both,grammar,0,10000000,5000,0,0.999,primitive,exp2,8,160812.88749560033,14.34546221232693,11.066245689025655,16.188008747007206,median-range,5,9995389
0830-172041__NetHackChallenge-v0__exp2/NetHackChallenge-v0__both__grammar__n8__os0__max_episode_steps5000__discountprimitive__ent_coef0.01__exp2,0830-172041__NetHackChallenge-v0__exp2,NetHackChallenge-v0,both,grammar,0,10000000,5000,0,0.999,primitive,exp2,8,165697.92641679995,14.957898375778363,11.66571604671623,15.482223160148678,median-range,5,9995389
0830-172041__NetHackChallenge-v0__exp2/NetHackChallenge-v0__both__grammar__n8__os0__max_episode_steps5000__discountprimitive__ent_coef0.01__exp2,0830-172041__NetHackChallenge-v0__exp2,NetHackChallenge-v0,both,grammar,0,10000000,5000,0,0.999,primitive,exp2,8,170731.3589501862,14.426325895769669,11.97588028649121,15.85414482503742,median-range,5,9995389
0830-172041__NetHackChallenge-v0__exp2/NetHackChallenge-v0__both__grammar__n8__os0__max_episode_steps5000__discountprimitive__ent_coef0.01__exp2,0830-172041__NetHackChallenge-v0__exp2,NetHackChallenge-v0,both,grammar,0,10000000,5000,0,0.999,primitive,exp2,8,175917.69287235918,14.081358030317666,11.687747077425028,15.639043492349908,median-range,5,9995389
0830-172041__NetHackChallenge-v0__exp2/NetHackChallenge-v0__both__grammar__n8__os0__max_episode_steps5000__discountprimitive__ent_coef0.01__exp2,0830-172041__NetHackChallenge-v0__exp2,NetHackChallenge-v0,both,grammar,0,10000000,5000,0,0.999,primitive,exp2,8,181261.57289337198,13.870915894009165,11.663859201990405,15.711220963054988,median-range,5,9995389
0830-172041__NetHackChallenge-v0__exp2/NetHackChallenge-v0__both__grammar__n8__os0__max_episode_steps5000__discountprimitive__ent_coef0.01__exp2,0830-172041__NetHackChallenge-v0__exp2,NetHackChallenge-v0,both,grammar,0,10000000,5000,0,0.999,primitive,exp2,8,186767.78481638228,13.939871531083982,11.322469241296874,15.61878975442044,median-range,5,9995389
0830-172041__NetHackChallenge-v0__exp2/NetHackChallenge-v0__both__grammar__n8__os0__max_episode_steps5000__discountprimitive__ent_coef0.01__exp2,0830-172041__NetHackChallenge-v0__exp2,NetHackChallenge-v0,both,grammar,0,10000000,5000,0,0.999,primitive,exp2,8,192441.25982365882,14.6353269157089,11.244721593546911,15.48190630454562,median-range,5,9995389
0830-172041__NetHackChallenge-v0__exp2/NetHackChallenge-v0__both__grammar__n8__os0__max_episode_steps5000__discountprimitive__ent_coef0.01__exp2,0830-172041__NetHackChallenge-v0__exp2,NetHackChallenge-v0,both,grammar,0,10000000,5000,0,0.999,primitive,exp2,8,198287.0788927865,14.628602646089755,11.196436182360213,15.139313346075461,median-range,5,9995389
0830-172041__NetHackChallenge-v0__exp2/NetHackChallenge-v0__both__grammar__n8__os0__max_episode_steps5000__discountprimitive__ent_coef0.01__exp2,0830-172041__NetHackChallenge-v0__exp2,NetHackChallenge-v0,both,grammar,0,10000000,5000,0,0.999,primitive,exp2,8,204310.4773470226,14.298831360034198,11.736731512609193,16.202008068487757,median-range,5,9995389
0830-172041__NetHackChallenge-v0__exp2/NetHackChallenge-v0__both__grammar__n8__os0__max_episode_steps5000__discountprimitive__ent_coef0.01__exp2,0830-172041__NetHackChallenge-v0__exp2,NetHackChallenge-v0,both,grammar,0,10000000,5000,0,0.999,primitive,exp2,8,210516.84954388058,14.058031542645042,11.59034631053611,16.718005006846006,median-range,5,9995389
0830-172041__NetHackChallenge-v0__exp2/NetHackChallenge-v0__both__grammar__n8__os0__max_episode_steps5000__discountprimitive__ent_coef0.01__exp2,0830-172041__NetHackChallenge-v0__exp2,NetHackChallenge-v0,both,grammar,0,10000000,5000,0,0.999,primitive,exp2,8,216911.7537061376,14.038014206526254,11.734607239025662,16.94886780485767,median-range,5,9995389
0830-172041__NetHackChallenge-v0__exp2/NetHackChallenge-v0__both__grammar__n8__os0__max_episode_steps5000__discountprimitive__ent_coef0.01__exp2,0830-172041__NetHackChallenge-v0__exp2,NetHackChallenge-v0,both,grammar,0,10000000,5000,0,0.999,primitive,exp2,8,223500.91689959832,15.086363566714944,11.76636220191681,16.584170505697955,median-range,5,9995389
0830-172041__NetHackChallenge-v0__exp2/NetHackChallenge-v0__both__grammar__n8__os0__max_episode_steps5000__discountprimitive__ent_coef0.01__exp2,0830-172041__NetHackChallenge-v0__exp2,NetHackChallenge-v0,both,grammar,0,10000000,5000,0,0.999,primitive,exp2,8,230290.24016206517,15.592625199836379,11.614723789456663,17.23973490500741,median-range,5,9995389
0830-172041__NetHackChallenge-v0__exp2/NetHackChallenge-v0__both__grammar__n8__os0__max_episode_steps5000__discountprimitive__ent_coef0.01__exp2,0830-172041__NetHackChallenge-v0__exp2,NetHackChallenge-v0,both,grammar,0,10000000,5000,0,0.999,primitive,exp2,8,237285.80378811443,15.59030249943185,11.22066933621397,17.454694893823778,median-range,5,9995389
0830-172041__NetHackChallenge-v0__exp2/NetHackChallenge-v0__both__grammar__n8__os0__max_episode_steps5000__discountprimitive__ent_coef0.01__exp2,0830-172041__NetHackChallenge-v0__exp2,NetHackChallenge-v0,both,grammar,0,10000000,5000,0,0.999,primitive,exp2,8,244493.87277440628,15.757327953735873,11.94426456433401,17.574060024050926,median-range,5,9995389
0830-172041__NetHackChallenge-v0__exp2/NetHackChallenge-v0__both__grammar__n8__os0__max_episode_steps5000__discountprimitive__ent_coef0.01__exp2,0830-172041__NetHackChallenge-v0__exp2,NetHackChallenge-v0,both,grammar,0,10000000,5000,0,0.999,primitive,exp2,8,251920.90243041242,15.985244247918308,11.770840184005868,17.40443113602353,median-range,5,9995389
0830-172041__NetHackChallenge-v0__exp2/NetHackChallenge-v0__both__grammar__n8__os0__max_episode_steps5000__discountprimitive__ent_coef0.01__exp2,0830-172041__NetHackChallenge-v0__exp2,NetHackChallenge-v0,both,grammar,0,10000000,5000,0,0.999,primitive,exp2,8,259573.5441595771,15.81558313899105,11.642853248035435,17.550860680699916,median-range,5,9995389
0830-172041__NetHackChallenge-v0__exp2/NetHackChallenge-v0__both__grammar__n8__os0__max_episode_steps5000__discountprimitive__ent_coef0.01__exp2,0830-172041__NetHackChallenge-v0__exp2,NetHackChallenge-v0,both,grammar,0,10000000,5000,0,0.999,primitive,exp2,8,267458.6514160957,15.790844603645866,11.379883044420852,16.87330375179608,median-range,5,9995389
0830-172041__NetHackChallenge-v0__exp2/NetHackChallenge-v0__both__grammar__n8__os0__max_episode_steps5000__discountprimitive__ent_coef0.01__exp2,0830-172041__NetHackChallenge-v0__exp2,NetHackChallenge-v0,both,grammar,0,10000000,5000,0,0.999,primitive,exp2,8,275583.2858426433,15.645249068904496,11.304036818295385,16.77437778769924,median-range,5,9995389
0830-172041__NetHackChallenge-v0__exp2/NetHackChallenge-v0__both__grammar__n8__os0__max_episode_steps5000__discountprimitive__ent_coef0.01__exp2,0830-172041__NetHackChallenge-v0__exp2,NetHackChallenge-v0,both,grammar,0,10000000,5000,0,0.999,primitive,exp2,8,283954.7235945475,15.005111944390642,11.291382818911599,18.296082160737992,median-range,5,9995389
0830-172041__NetHackChallenge-v0__exp2/NetHackChallenge-v0__both__grammar__n8__os0__max_episode_steps5000__discountprimitive__ent_coef0.01__exp2,0830-172041__NetHackChallenge-v0__exp2,NetHackChallenge-v0,both,grammar,0,10000000,5000,0,0.999,primitive,exp2,8,292580.4618560771,14.59885521633538,11.206986818757944,19.76934058752259,median-range,5,9995389
0830-172041__NetHackChallenge-v0__exp2/NetHackChallenge-v0__both__grammar__n8__os0__max_episode_steps5000__discountprimitive__ent_coef0.01__exp2,0830-172041__NetHackChallenge-v0__exp2,NetHackChallenge-v0,both,grammar,0,10000000,5000,0,0.999,primitive,exp2,8,301468.2255546712,14.388735558468483,11.351724293370948,19.938072591364087,median-range,5,9995389
0830-172041__NetHackChallenge-v0__exp2/NetHackChallenge-v0__both__grammar__n8__os0__max_episode_steps5000__discountprimitive__ent_coef0.01__exp2,0830-172041__NetHackChallenge-v0__exp2,NetHackChallenge-v0,both,grammar,0,10000000,5000,0,0.999,primitive,exp2,8,310625.9742791318,14.982030996289117,11.57607462372671,19.619891170780427,median-range,5,9995389
0830-172041__NetHackChallenge-v0__exp2/NetHackChallenge-v0__both__grammar__n8__os0__max_episode_steps5000__discountprimitive__ent_coef0.01__exp2,0830-172041__NetHackChallenge-v0__exp2,NetHackChallenge-v0,both,grammar,0,10000000,5000,0,0.999,primitive,exp2,8,320061.9094079667,14.787032774081961,11.311609981501883,19.961293440953657,median-range,5,9995389
0830-172041__NetHackChallenge-v0__exp2/NetHackChallenge-v0__both__grammar__n8__os0__max_episode_steps5000__discountprimitive__ent_coef0.01__exp2,0830-172041__NetHackChallenge-v0__exp2,NetHackChallenge-v0,both,grammar,0,10000000,5000,0,0.999,primitive,exp2,8,329784.48145427834,14.753214043493262,11.293717574349344,19.294288613479086,median-range,5,9995389
0830-172041__NetHackChallenge-v0__exp2/NetHackChallenge-v0__both__grammar__n8__os0__max_episode_steps5000__discountprimitive__ent_coef0.01__exp2,0830-172041__NetHackChallenge-v0__exp2,NetHackChallenge-v0,both,grammar,0,10000000,5000,0,0.999,primitive,exp2,8,339802.3976337628,14.53433145334944,11.470725818440334,18.92028704406724,median-range,5,9995389
0830-172041__NetHackChallenge-v0__exp2/NetHackChallenge-v0__both__grammar__n8__os0__max_episode_steps5000__discountprimitive__ent_coef0.01__exp2,0830-172041__NetHackChallenge-v0__exp2,NetHackChallenge-v0,both,grammar,0,10000000,5000,0,0.999,primitive,exp2,8,350124.6296626062,14.50432868961701,11.684791933497976,18.829259256917172,median-range,5,9995389
0830-172041__NetHackChallenge-v0__exp2/NetHackChallenge-v0__both__grammar__n8__os0__max_episode_steps5000__discountprimitive__ent_coef0.01__exp2,0830-172041__NetHackChallenge-v0__exp2,NetHackChallenge-v0,both,grammar,0,10000000,5000,0,0.999,primitive,exp2,8,360760.421792259,14.407805138486372,11.46953250276749,19.039799194794252,median-range,5,9995389
0830-172041__NetHackChallenge-v0__exp2/NetHackChallenge-v0__both__grammar__n8__os0__max_episode_steps5000__discountprimitive__ent_coef0.01__exp2,0830-172041__NetHackChallenge-v0__exp2,NetHackChallenge-v0,both,grammar,0,10000000,5000,0,0.999,primitive,exp2,8,371719.2990882836,14.265062292048269,11.631504258107473,19.667578952563918,median-range,5,9995389
0830-172041__NetHackChallenge-v0__exp2/NetHackChallenge-v0__both__grammar__n8__os0__max_episode_steps5000__discountprimitive__ent_coef0.01__exp2,0830-172041__NetHackChallenge-v0__exp2,NetHackChallenge-v0,both,grammar,0,10000000,5000,0,0.999,primitive,exp2,8,383011.07596068754,14.140066403868975,11.30831095843041,20.251048651501264,median-range,5,9995389
0830-172041__NetHackChallenge-v0__exp2/NetHackChallenge-v0__both__grammar__n8__os0__max_episode_steps5000__discountprimitive__ent_coef0.01__exp2,0830-172041__NetHackChallenge-v0__exp2,NetHackChallenge-v0,both,grammar,0,10000000,5000,0,0.999,primitive,exp2,8,394645.8649533899,15.048325972411892,11.183690254161181,19.93,median-range,5,9995389
0830-172041__NetHackChallenge-v0__exp2/NetHackChallenge-v0__both__grammar__n8__os0__max_episode_steps5000__discountprimitive__ent_coef0.01__exp2,0830-172041__NetHackChallenge-v0__exp2,NetHackChallenge-v0,both,grammar,0,10000000,5000,0,0.999,primitive,exp2,8,406634.08580068167,15.214800836820123,11.516704156965051,19.589520587343685,median-range,5,9995389
0830-172041__NetHackChallenge-v0__exp2/NetHackChallenge-v0__both__grammar__n8__os0__max_episode_steps5000__discountprimitive__ent_coef0.01__exp2,0830-172041__NetHackChallenge-v0__exp2,NetHackChallenge-v0,both,grammar,0,10000000,5000,0,0.999,primitive,exp2,8,418986.47475879366,15.016601171247522,11.691202960024047,19.288683305168522,median-range,5,9995389
0830-172041__NetHackChallenge-v0__exp2/NetHackChallenge-v0__both__grammar__n8__os0__max_episode_steps5000__discountprimitive__ent_coef0.01__exp2,0830-172041__NetHackChallenge-v0__exp2,NetHackChallenge-v0,both,grammar,0,10000000,5000,0,0.999,primitive,exp2,8,431714.09422093985,14.917815851417686,11.676721819266762,19.633525556197107,median-range,5,9995389
0830-172041__NetHackChallenge-v0__exp2/NetHackChallenge-v0__both__grammar__n8__os0__max_episode_steps5000__discountprimitive__ent_coef0.01__exp2,0830-172041__NetHackChallenge-v0__exp2,NetHackChallenge-v0,both,grammar,0,10000000,5000,0,0.999,primitive,exp2,8,444828.3426244295,16.50319165534977,11.932227701512925,19.793663055513214,median-range,5,9995389
0830-172041__NetHackChallenge-v0__exp2/NetHackChallenge-v0__both__grammar__n8__os0__max_episode_steps5000__discountprimitive__ent_coef0.01__exp2,0830-172041__NetHackChallenge-v0__exp2,NetHackChallenge-v0,both,grammar,0,10000000,5000,0,0.999,primitive,exp2,8,458340.9646587332,16.131248603496516,12.086016861613981,20.684029576765102,median-range,5,9995389
0830-172041__NetHackChallenge-v0__exp2/NetHackChallenge-v0__both__grammar__n8__os0__max_episode_steps5000__discountprimitive__ent_coef0.01__exp2,0830-172041__NetHackChallenge-v0__exp2,NetHackChallenge-v0,both,grammar,0,10000000,5000,0,0.999,primitive,exp2,8,472264.06178364094,15.951859617240522,12.104075899187556,20.78248543078662,median-range,5,9995389
0830-172041__NetHackChallenge-v0__exp2/NetHackChallenge-v0__both__grammar__n8__os0__max_episode_steps5000__discountprimitive__ent_coef0.01__exp2,0830-172041__NetHackChallenge-v0__exp2,NetHackChallenge-v0,both,grammar,0,10000000,5000,0,0.999,primitive,exp2,8,486610.10306693165,16.869511960265754,11.813125252104234,20.27,median-range,5,9995389
0830-172041__NetHackChallenge-v0__exp2/NetHackChallenge-v0__both__grammar__n8__os0__max_episode_steps5000__discountprimitive__ent_coef0.01__exp2,0830-172041__NetHackChallenge-v0__exp2,NetHackChallenge-v0,both,grammar,0,10000000,5000,0,0.999,primitive,exp2,8,501391.9363512569,16.91433964990537,11.851215160849838,20.224246119659625,median-range,5,9995389
0830-172041__NetHackChallenge-v0__exp2/NetHackChallenge-v0__both__grammar__n8__os0__max_episode_steps5000__discountprimitive__ent_coef0.01__exp2,0830-172041__NetHackChallenge-v0__exp2,NetHackChallenge-v0,both,grammar,0,10000000,5000,0,0.999,primitive,exp2,8,516622.7997602517,17.245405371474973,12.408611810153404,20.06034126736565,median-range,5,9995389
0830-172041__NetHackChallenge-v0__exp2/NetHackChallenge-v0__both__grammar__n8__os0__max_episode_steps5000__discountprimitive__ent_coef0.01__exp2,0830-172041__NetHackChallenge-v0__exp2,NetHackChallenge-v0,both,grammar,0,10000000,5000,0,0.999,primitive,exp2,8,532316.3335541586,18.236098603349333,12.574427076639273,20.733431496535477,median-range,5,9995389
0830-172041__NetHackChallenge-v0__exp2/NetHackChallenge-v0__both__grammar__n8__os0__max_episode_steps5000__discountprimitive__ent_coef0.01__exp2,0830-172041__NetHackChallenge-v0__exp2,NetHackChallenge-v0,both,grammar,0,10000000,5000,0,0.999,primitive,exp2,8,548486.5923455983,18.540073450128002,13.190374066531888,21.87212687053912,median-range,5,9995389
0830-172041__NetHackChallenge-v0__exp2/NetHackChallenge-v0__both__grammar__n8__os0__max_episode_steps5000__discountprimitive__ent_coef0.01__exp2,0830-172041__NetHackChallenge-v0__exp2,NetHackChallenge-v0,both,grammar,0,10000000,5000,0,0.999,primitive,exp2,8,565148.0576864138,20.34,13.484365920396426,21.222365400914427,median-range,5,9995389
0830-172041__NetHackChallenge-v0__exp2/NetHackChallenge-v0__both__grammar__n8__os0__max_episode_steps5000__discountprimitive__ent_coef0.01__exp2,0830-172041__NetHackChallenge-v0__exp2,NetHackChallenge-v0,both,grammar,0,10000000,5000,0,0.999,primitive,exp2,8,582315.6510368785,20.44950182974392,14.246796863037977,21.0,median-range,5,9995389
0830-172041__NetHackChallenge-v0__exp2/NetHackChallenge-v0__both__grammar__n8__os0__max_episode_steps5000__discountprimitive__ent_coef0.01__exp2,0830-172041__NetHackChallenge-v0__exp2,NetHackChallenge-v0,both,grammar,0,10000000,5000,0,0.999,primitive,exp2,8,600004.747128861,17.86227529557376,14.107068372967499,21.18274309609449,median-range,5,9995389
0830-172041__NetHackChallenge-v0__exp2/NetHackChallenge-v0__both__grammar__n8__os0__max_episode_steps5000__discountprimitive__ent_coef0.01__exp2,0830-172041__NetHackChallenge-v0__exp2,NetHackChallenge-v0,both,grammar,0,10000000,5000,0,0.999,primitive,exp2,8,618231.1877349301,17.53660249631958,14.30648472396956,21.571188816320554,median-range,5,9995389
0830-172041__NetHackChallenge-v0__exp2/NetHackChallenge-v0__both__grammar__n8__os0__max_episode_steps5000__discountprimitive__ent_coef0.01__exp2,0830-172041__NetHackChallenge-v0__exp2,NetHackChallenge-v0,both,grammar,0,10000000,5000,0,0.999,primitive,exp2,8,637011.295855725,17.82379868119838,14.03353968005269,22.026823867361045,median-range,5,9995389
0830-172041__NetHackChallenge-v0__exp2/NetHackChallenge-v0__both__grammar__n8__os0__max_episode_steps5000__discountprimitive__ent_coef0.01__exp2,0830-172041__NetHackChallenge-v0__exp2,NetHackChallenge-v0,both,grammar,0,10000000,5000,0,0.999,primitive,exp2,8,656361.8903382994,17.853694892359623,13.900502693778353,21.247725869890274,median-range,5,9995389
0830-172041__NetHackChallenge-v0__exp2/NetHackChallenge-v0__both__grammar__n8__os0__max_episode_steps5000__discountprimitive__ent_coef0.01__exp2,0830-172041__NetHackChallenge-v0__exp2,NetHackChallenge-v0,both,grammar,0,10000000,5000,0,0.999,primitive,exp2,8,676300.3009385226,17.568534972608486,14.135367152463306,21.49,median-range,5,9995389
0830-172041__NetHackChallenge-v0__exp2/NetHackChallenge-v0__both__grammar__n8__os0__max_episode_steps5000__discountprimitive__ent_coef0.01__exp2,0830-172041__NetHackChallenge-v0__exp2,NetHackChallenge-v0,both,grammar,0,10000000,5000,0,0.999,primitive,exp2,8,696844.3838410454,17.826708809569904,14.404739357529326,22.8,median-range,5,9995389
0830-172041__NetHackChallenge-v0__exp2/NetHackChallenge-v0__both__grammar__n8__os0__max_episode_steps5000__discountprimitive__ent_coef0.01__exp2,0830-172041__NetHackChallenge-v0__exp2,NetHackChallenge-v0,both,grammar,0,10000000,5000,0,0.999,primitive,exp2,8,718012.5376507097,17.86,14.064071966172895,23.03353709097402,median-range,5,9995389
0830-172041__NetHackChallenge-v0__exp2/NetHackChallenge-v0__both__grammar__n8__os0__max_episode_steps5000__discountprimitive__ent_coef0.01__exp2,0830-172041__NetHackChallenge-v0__exp2,NetHackChallenge-v0,both,grammar,0,10000000,5000,0,0.999,primitive,exp2,8,739823.7198697281,17.47149287098916,14.023465044865157,23.3010248998985,median-range,5,9995389
0830-172041__NetHackChallenge-v0__exp2/NetHackChallenge-v0__both__grammar__n8__os0__max_episode_steps5000__discountprimitive__ent_coef0.01__exp2,0830-172041__NetHackChallenge-v0__exp2,NetHackChallenge-v0,both,grammar,0,10000000,5000,0,0.999,primitive,exp2,8,762297.4638754079,18.877061064296644,14.117633227380583,22.971848428323167,median-range,5,9995389
0830-172041__NetHackChallenge-v0__exp2/NetHackChallenge-v0__both__grammar__n8__os0__max_episode_steps5000__discountprimitive__ent_coef0.01__exp2,0830-172041__NetHackChallenge-v0__exp2,NetHackChallenge-v0,both,grammar,0,10000000,5000,0,0.999,primitive,exp2,8,785453.8964135962,19.04501486908604,14.06,23.420386228561515,median-range,5,9995389
0830-172041__NetHackChallenge-v0__exp2/NetHackChallenge-v0__both__grammar__n8__os0__max_episode_steps5000__discountprimitive__ent_coef0.01__exp2,0830-172041__NetHackChallenge-v0__exp2,NetHackChallenge-v0,both,grammar,0,10000000,5000,0,0.999,primitive,exp2,8,809313.7556235322,19.044062668896164,12.174528998217658,22.618347427159854,median-range,5,9995389
0830-172041__NetHackChallenge-v0__exp2/NetHackChallenge-v0__both__grammar__n8__os0__max_episode_steps5000__discountprimitive__ent_coef0.01__exp2,0830-172041__NetHackChallenge-v0__exp2,NetHackChallenge-v0,both,grammar,0,10000000,5000,0,0.999,primitive,exp2,8,833898.4096102432,18.790024643522944,11.7,21.897156342429508,median-range,5,9995389
0830-172041__NetHackChallenge-v0__exp2/NetHackChallenge-v0__both__grammar__n8__os0__max_episode_steps5000__discountprimitive__ent_coef0.01__exp2,0830-172041__NetHackChallenge-v0__exp2,NetHackChallenge-v0,both,grammar,0,10000000,5000,0,0.999,primitive,exp2,8,859229.8755811171,18.50640343827915,10.572989786335524,21.0934810437036,median-range,5,9995389
0830-172041__NetHackChallenge-v0__exp2/NetHackChallenge-v0__both__grammar__n8__os0__max_episode_steps5000__discountprimitive__ent_coef0.01__exp2,0830-172041__NetHackChallenge-v0__exp2,NetHackChallenge-v0,both,grammar,0,10000000,5000,0,0.999,primitive,exp2,8,885330.8395637837,18.083675814069274,9.291529198813778,20.760820289533555,median-range,5,9995389
0830-172041__NetHackChallenge-v0__exp2/NetHackChallenge-v0__both__grammar__n8__os0__max_episode_steps5000__discountprimitive__ent_coef0.01__exp2,0830-172041__NetHackChallenge-v0__exp2,NetHackChallenge-v0,both,grammar,0,10000000,5000,0,0.999,primitive,exp2,8,912224.6767229837,17.629920339064874,9.263484858144723,20.54101965434931,median-range,5,9995389
0830-172041__NetHackChallenge-v0__exp2/NetHackChallenge-v0__both__grammar__n8__os0__max_episode_steps5000__discountprimitive__ent_coef0.01__exp2,0830-172041__NetHackChallenge-v0__exp2,NetHackChallenge-v0,both,grammar,0,10000000,5000,0,0.999,primitive,exp2,8,939935.4722945914,19.183134348269647,8.300529973681096,20.218041379905145,median-range,5,9995389
0830-172041__NetHackChallenge-v0__exp2/NetHackChallenge-v0__both__grammar__n8__os0__max_episode_steps5000__discountprimitive__ent_coef0.01__exp2,0830-172041__NetHackChallenge-v0__exp2,NetHackChallenge-v0,both,grammar,0,10000000,5000,0,0.999,primitive,exp2,8,968488.0431555627,17.797701857170782,7.359907224517123,21.293743845587052,median-range,5,9995389
0830-172041__NetHackChallenge-v0__exp2/NetHackChallenge-v0__both__grammar__n8__os0__max_episode_steps5000__discountprimitive__ent_coef0.01__exp2,0830-172041__NetHackChallenge-v0__exp2,NetHackChallenge-v0,both,grammar,0,10000000,5000,0,0.999,primitive,exp2,8,997907.9600491066,16.823816777752924,6.674343757971937,21.38546328450968,median-range,5,9995389
0830-172041__NetHackChallenge-v0__exp2/NetHackChallenge-v0__both__grammar__n8__os0__max_episode_steps5000__discountprimitive__ent_coef0.01__exp2,0830-172041__NetHackChallenge-v0__exp2,NetHackChallenge-v0,both,grammar,0,10000000,5000,0,0.999,primitive,exp2,8,1028221.5704850126,16.046039001317837,7.1065950745656234,22.182912093725587,median-range,5,9995389
0830-172041__NetHackChallenge-v0__exp2/NetHackChallenge-v0__both__grammar__n8__os0__max_episode_steps5000__discountprimitive__ent_coef0.01__exp2,0830-172041__NetHackChallenge-v0__exp2,NetHackChallenge-v0,both,grammar,0,10000000,5000,0,0.999,primitive,exp2,8,1059456.0223356064,16.459523041250957,6.4182434391603325,21.03414696905304,median-range,5,9995389
0830-172041__NetHackChallenge-v0__exp2/NetHackChallenge-v0__both__grammar__n8__os0__max_episode_steps5000__discountprimitive__ent_coef0.01__exp2,0830-172041__NetHackChallenge-v0__exp2,NetHackChallenge-v0,both,grammar,0,10000000,5000,0,0.999,primitive,exp2,8,1091639.2881484933,15.769431399245391,5.68880379118872,22.022831882013726,median-range,5,9995389
0830-172041__NetHackChallenge-v0__exp2/NetHackChallenge-v0__both__grammar__n8__os0__max_episode_steps5000__discountprimitive__ent_coef0.01__exp2,0830-172041__NetHackChallenge-v0__exp2,NetHackChallenge-v0,both,grammar,0,10000000,5000,0,0.999,primitive,exp2,8,1124800.1901978513,14.993605488478151,4.95,22.805642341991028,median-range,5,9995389
0830-172041__NetHackChallenge-v0__exp2/NetHackChallenge-v0__both__grammar__n8__os0__max_episode_steps5000__discountprimitive__ent_coef0.01__exp2,0830-172041__NetHackChallenge-v0__exp2,NetHackChallenge-v0,both,grammar,0,10000000,5000,0,0.999,primitive,exp2,8,1158968.4262967147,15.03930731920489,4.893418060150086,23.4,median-range,5,9995389
0830-172041__NetHackChallenge-v0__exp2/NetHackChallenge-v0__both__grammar__n8__os0__max_episode_steps5000__discountprimitive__ent_coef0.01__exp2,0830-172041__NetHackChallenge-v0__exp2,NetHackChallenge-v0,both,grammar,0,10000000,5000,0,0.999,primitive,exp2,8,1194174.5963933484,14.090105600047634,4.338354840097091,23.012292779180875,median-range,5,9995389
0830-172041__NetHackChallenge-v0__exp2/NetHackChallenge-v0__both__grammar__n8__os0__max_episode_steps5000__discountprimitive__ent_coef0.01__exp2,0830-172041__NetHackChallenge-v0__exp2,NetHackChallenge-v0,both,grammar,0,10000000,5000,0,0.999,primitive,exp2,8,1230450.2299755698,14.435516209302365,3.97,24.51654423991488,median-range,5,9995389
0830-172041__NetHackChallenge-v0__exp2/NetHackChallenge-v0__both__grammar__n8__os0__max_episode_steps5000__discountprimitive__ent_coef0.01__exp2,0830-172041__NetHackChallenge-v0__exp2,NetHackChallenge-v0,both,grammar,0,10000000,5000,0,0.999,primitive,exp2,8,1267827.814307513,14.628722871962564,3.6271712310424116,22.718252191192533,median-range,5,9995389
0830-172041__NetHackChallenge-v0__exp2/NetHackChallenge-v0__both__grammar__n8__os0__max_episode_steps5000__discountprimitive__ent_coef0.01__exp2,0830-172041__NetHackChallenge-v0__exp2,NetHackChallenge-v0,both,grammar,0,10000000,5000,0,0.999,primitive,exp2,8,1306340.8235241475,15.836798385615921,3.0831631534000854,22.117319860572398,median-range,5,9995389
0830-172041__NetHackChallenge-v0__exp2/NetHackChallenge-v0__both__grammar__n8__os0__max_episode_steps5000__discountprimitive__ent_coef0.01__exp2,0830-172041__NetHackChallenge-v0__exp2,NetHackChallenge-v0,both,grammar,0,10000000,5000,0,0.999,primitive,exp2,8,1346023.7486096262,16.76882971001475,4.3325147035488225,23.12940618174535,median-range,5,9995389
0830-172041__NetHackChallenge-v0__exp2/NetHackChallenge-v0__both__grammar__n8__os0__max_episode_steps5000__discountprimitive__ent_coef0.01__exp2,0830-172041__NetHackChallenge-v0__exp2,NetHackChallenge-v0,both,grammar,0,10000000,5000,0,0.999,primitive,exp2,8,1386912.1282862672,17.510804399311805,4.374357916675946,22.613948013204247,median-range,5,9995389
0830-172041__NetHackChallenge-v0__exp2/NetHackChallenge-v0__both__grammar__n8__os0__max_episode_steps5000__discountprimitive__ent_coef0.01__exp2,0830-172041__NetHackChallenge-v0__exp2,NetHackChallenge-v0,both,grammar,0,10000000,5000,0,0.999,primitive,exp2,8,1429042.5808418659,18.273945707565392,7.389228365158386,22.976819108529742,median-range,5,9995389
0830-172041__NetHackChallenge-v0__exp2/NetHackChallenge-v0__both__grammar__n8__os0__max_episode_steps5000__discountprimitive__ent_coef0.01__exp2,0830-172041__NetHackChallenge-v0__exp2,NetHackChallenge-v0,both,grammar,0,10000000,5000,0,0.999,primitive,exp2,8,1472452.8369238297,19.34248151160471,8.267842712757421,22.539277613197658,median-range,5,9995389
0830-172041__NetHackChallenge-v0__exp2/NetHackChallenge-v0__both__grammar__n8__os0__max_episode_steps5000__discountprimitive__ent_coef0.01__exp2,0830-172041__NetHackChallenge-v0__exp2,NetHackChallenge-v0,both,grammar,0,10000000,5000,0,0.999,primitive,exp2,8,1517181.773329508,19.172343816451612,9.62,20.824901519449817,median-range,5,9995389
0830-172041__NetHackChallenge-v0__exp2/NetHackChallenge-v0__both__grammar__n8__os0__max_episode_steps5000__discountprimitive__ent_coef0.01__exp2,0830-172041__NetHackChallenge-v0__exp2,NetHackChallenge-v0,both,grammar,0,10000000,5000,0,0.999,primitive,exp2,8,1563269.4478229599,19.59248475604846,10.710695558355228,21.192638693914432,median-range,5,9995389
0830-172041__NetHackChallenge-v0__exp2/NetHackChallenge-v0__both__grammar__n8__os0__max_episode_steps5000__discountprimitive__ent_coef0.01__exp2,0830-172041__NetHackChallenge-v0__exp2,NetHackChallenge-v0,both,grammar,0,10000000,5000,0,0.999,primitive,exp2,8,1610757.1350093884,19.86285483256454,11.356741206241395,20.86576634077496,median-range,5,9995389
0830-172041__NetHackChallenge-v0__exp2/NetHackChallenge-v0__both__grammar__n8__os0__max_episode_steps5000__discountprimitive__ent_coef0.01__exp2,0830-172041__NetHackChallenge-v0__exp2,NetHackChallenge-v0,both,grammar,0,10000000,5000,0,0.999,primitive,exp2,8,1659687.363299308,17.68,12.530519223405864,21.242622663376856,median-range,5,9995389
0830-172041__NetHackChallenge-v0__exp2/NetHackChallenge-v0__both__grammar__n8__os0__max_episode_steps5000__discountprimitive__ent_coef0.01__exp2,0830-172041__NetHackChallenge-v0__exp2,NetHackChallenge-v0,both,grammar,0,10000000,5000,0,0.999,primitive,exp2,8,1710103.952995595,17.001092451515355,14.066477332608155,22.094832113249876,median-range,5,9995389
0830-172041__NetHackChallenge-v0__exp2/NetHackChallenge-v0__both__grammar__n8__os0__max_episode_steps5000__discountprimitive__ent_coef0.01__exp2,0830-172041__NetHackChallenge-v0__exp2,NetHackChallenge-v0,both,grammar,0,10000000,5000,0,0.999,primitive,exp2,8,1762052.0555374972,17.798181133187587,15.1,23.180424413558523,median-range,5,9995389
0830-172041__NetHackChallenge-v0__exp2/NetHackChallenge-v0__both__grammar__n8__os0__max_episode_steps5000__discountprimitive__ent_coef0.01__exp2,0830-172041__NetHackChallenge-v0__exp2,NetHackChallenge-v0,both,grammar,0,10000000,5000,0,0.999,primitive,exp2,8,1815578.1939367966,15.616098012249692,14.813446556188007,26.614631801016507,median-range,5,9995389
0830-172041__NetHackChallenge-v0__exp2/NetHackChallenge-v0__both__grammar__n8__os0__max_episode_steps5000__discountprimitive__ent_coef0.01__exp2,0830-172041__NetHackChallenge-v0__exp2,NetHackChallenge-v0,both,grammar,0,10000000,5000,0,0.999,primitive,exp2,8,1870730.304442276,14.93008436800388,13.08469524861499,24.825827758988343,median-range,5,9995389
0830-172041__NetHackChallenge-v0__exp2/NetHackChallenge-v0__both__grammar__n8__os0__max_episode_steps5000__discountprimitive__ent_coef0.01__exp2,0830-172041__NetHackChallenge-v0__exp2,NetHackChallenge-v0,both,grammar,0,10000000,5000,0,0.999,primitive,exp2,8,1927557.779469849,14.990355198379827,11.553581997519125,24.470284224487163,median-range,5,9995389
0830-172041__NetHackChallenge-v0__exp2/NetHackChallenge-v0__both__grammar__n8__os0__max_episode_steps5000__discountprimitive__ent_coef0.01__exp2,0830-172041__NetHackChallenge-v0__exp2,NetHackChallenge-v0,both,grammar,0,10000000,5000,0,0.999,primitive,exp2,8,1986111.5118367837,16.50563125721074,11.815551615946958,24.173935018389813,median-range,5,9995389
0830-172041__NetHackChallenge-v0__exp2/NetHackChallenge-v0__both__grammar__n8__os0__max_episode_steps5000__discountprimitive__ent_coef0.01__exp2,0830-172041__NetHackChallenge-v0__exp2,NetHackChallenge-v0,both,grammar,0,10000000,5000,0,0.999,primitive,exp2,8,2046443.9403396389,18.634964318047057,12.836441506279582,23.6526120875917,median-range,5,9995389
0830-172041__NetHackChallenge-v0__exp2/NetHackChallenge-v0__both__grammar__n8__os0__max_episode_steps5000__discountprimitive__ent_coef0.01__exp2,0830-172041__NetHackChallenge-v0__exp2,NetHackChallenge-v0,both,grammar,0,10000000,5000,0,0.999,primitive,exp2,8,2108609.0967167094,16.82061102959129,14.842592145917575,21.775384686699827,median-range,5,9995389
0830-172041__NetHackChallenge-v0__exp2/NetHackChallenge-v0__both__grammar__n8__os0__max_episode_steps5000__discountprimitive__ent_coef0.01__exp2,0830-172041__NetHackChallenge-v0__exp2,NetHackChallenge-v0,both,grammar,0,10000000,5000,0,0.999,primitive,exp2,8,2172662.6540370984,19.585860357375303,15.26,23.994497874902194,median-range,5,9995389
0830-172041__NetHackChallenge-v0__exp2/NetHackChallenge-v0__both__grammar__n8__os0__max_episode_steps5000__discountprimitive__ent_coef0.01__exp2,0830-172041__NetHackChallenge-v0__exp2,NetHackChallenge-v0,both,grammar,0,10000000,5000,0,0.999,primitive,exp2,8,2238661.9765596744,19.309999138350147,15.908838790476679,23.878458159164857,median-range,5,9995389
0830-172041__NetHackChallenge-v0__exp2/NetHackChallenge-v0__both__grammar__n8__os0__max_episode_steps5000__discountprimitive__ent_coef0.01__exp2,0830-172041__NetHackChallenge-v0__exp2,NetHackChallenge-v0,both,grammar,0,10000000,5000,0,0.999,primitive,exp2,8,2306666.1711066,21.718005054358546,14.486309130166532,24.258729203062074,median-range,5,9995389
0830-172041__NetHackChallenge-v0__exp2/NetHackChallenge-v0__both__grammar__n8__os0__max_episode_steps5000__discountprimitive__ent_coef0.01__exp2,0830-172041__NetHackChallenge-v0__exp2,NetHackChallenge-v0,both,grammar,0,10000000,5000,0,0.999,primitive,exp2,8,2376736.139997486,19.573062033717246,15.307545578329018,22.62,median-range,5,9995389
0830-172041__NetHackChallenge-v0__exp2/NetHackChallenge-v0__both__grammar__n8__os0__max_episode_steps5000__discountprimitive__ent_coef0.01__exp2,0830-172041__NetHackChallenge-v0__exp2,NetHackChallenge-v0,both,grammar,0,10000000,5000,0,0.999,primitive,exp2,8,2448934.635591486,19.180169054088985,14.647142678623444,22.44189346193051,median-range,5,9995389
0830-172041__NetHackChallenge-v0__exp2/NetHackChallenge-v0__both__grammar__n8__os0__max_episode_steps5000__discountprimitive__ent_coef0.01__exp2,0830-172041__NetHackChallenge-v0__exp2,NetHackChallenge-v0,both,grammar,0,10000000,5000,0,0.999,primitive,exp2,8,2523326.3164862497,17.99721901469491,15.972027471117269,21.91187291903385,median-range,5,9995389
0830-172041__NetHackChallenge-v0__exp2/NetHackChallenge-v0__both__grammar__n8__os0__max_episode_steps5000__discountprimitive__ent_coef0.01__exp2,0830-172041__NetHackChallenge-v0__exp2,NetHackChallenge-v0,both,grammar,0,10000000,5000,0,0.999,primitive,exp2,8,2599977.8054240365,16.746676457299596,15.69071101992396,18.012683674428427,median-range,5,9995389
0830-172041__NetHackChallenge-v0__exp2/NetHackChallenge-v0__both__grammar__n8__os0__max_episode_steps5000__discountprimitive__ent_coef0.01__exp2,0830-172041__NetHackChallenge-v0__exp2,NetHackChallenge-v0,both,grammar,0,10000000,5000,0,0.999,primitive,exp2,8,2678957.7489568526,15.110015085981104,14.65211495701838,16.78424300543162,median-range,5,9995389
0830-172041__NetHackChallenge-v0__exp2/NetHackChallenge-v0__both__grammar__n8__os0__max_episode_steps5000__discountprimitive__ent_coef0.01__exp2,0830-172041__NetHackChallenge-v0__exp2,NetHackChallenge-v0,both,grammar,0,10000000,5000,0,0.999,primitive,exp2,8,2760336.878924048,15.706685366713716,14.41787234186151,18.34,median-range,5,9995389
0830-172041__NetHackChallenge-v0__exp2/NetHackChallenge-v0__both__grammar__n8__os0__max_episode_steps5000__discountprimitive__ent_coef0.01__exp2,0830-172041__NetHackChallenge-v0__exp2,NetHackChallenge-v0,both,grammar,0,10000000,5000,0,0.999,primitive,exp2,8,2844188.0757974056,16.990113987017338,12.375975786178131,17.677225979934445,median-range,5,9995389
0830-172041__NetHackChallenge-v0__exp2/NetHackChallenge-v0__both__grammar__n8__os0__max_episode_steps5000__discountprimitive__ent_coef0.01__exp2,0830-172041__NetHackChallenge-v0__exp2,NetHackChallenge-v0,both,grammar,0,10000000,5000,0,0.999,primitive,exp2,8,2930586.4339505313,14.964862120141222,11.273189022575254,19.62807510965923,median-range,5,9995389
0830-172041__NetHackChallenge-v0__exp2/NetHackChallenge-v0__both__grammar__n8__os0__max_episode_steps5000__discountprimitive__ent_coef0.01__exp2,0830-172041__NetHackChallenge-v0__exp2,NetHackChallenge-v0,both,grammar,0,10000000,5000,0,0.999,primitive,exp2,8,3019609.32891086,14.266825547249667,12.614952157928423,22.346477015900827,median-range,5,9995389
0830-172041__NetHackChallenge-v0__exp2/NetHackChallenge-v0__both__grammar__n8__os0__max_episode_steps5000__discountprimitive__ent_coef0.01__exp2,0830-172041__NetHackChallenge-v0__exp2,NetHackChallenge-v0,both,grammar,0,10000000,5000,0,0.999,primitive,exp2,8,3111336.4866546732,14.738605097961765,13.572773579158001,24.89137258532931,median-range,5,9995389
0830-172041__NetHackChallenge-v0__exp2/NetHackChallenge-v0__both__grammar__n8__os0__max_episode_steps5000__discountprimitive__ent_coef0.01__exp2,0830-172041__NetHackChallenge-v0__exp2,NetHackChallenge-v0,both,grammar,0,10000000,5000,0,0.999,primitive,exp2,8,3205850.0550070377,14.944420876097903,13.01804974688825,23.039392692447677,median-range,5,9995389
0830-172041__NetHackChallenge-v0__exp2/NetHackChallenge-v0__both__grammar__n8__os0__max_episode_steps5000__discountprimitive__ent_coef0.01__exp2,0830-172041__NetHackChallenge-v0__exp2,NetHackChallenge-v0,both,grammar,0,10000000,5000,0,0.999,primitive,exp2,8,3303234.6772107016,14.176459734741796,13.39,29.449633602545454,median-range,5,9995389
0830-172041__NetHackChallenge-v0__exp2/NetHackChallenge-v0__both__grammar__n8__os0__max_episode_steps5000__discountprimitive__ent_coef0.01__exp2,0830-172041__NetHackChallenge-v0__exp2,NetHackChallenge-v0,both,grammar,0,10000000,5000,0,0.999,primitive,exp2,8,3403577.5677297967,13.909502302020908,13.025126820688264,25.344758093563193,median-range,5,9995389
0830-172041__NetHackChallenge-v0__exp2/NetHackChallenge-v0__both__grammar__n8__os0__max_episode_steps5000__discountprimitive__ent_coef0.01__exp2,0830-172041__NetHackChallenge-v0__exp2,NetHackChallenge-v0,both,grammar,0,10000000,5000,0,0.999,primitive,exp2,8,3506968.5903562447,13.380048917609043,12.384289741777733,29.312794051367355,median-range,5,9995389
0830-172041__NetHackChallenge-v0__exp2/NetHackChallenge-v0__both__grammar__n8__os0__max_episode_steps5000__discountprimitive__ent_coef0.01__exp2,0830-172041__NetHackChallenge-v0__exp2,NetHackChallenge-v0,both,grammar,0,10000000,5000,0,0.999,primitive,exp2,8,3613500.3386888197,14.765251080365749,12.341710585363064,21.853234290473466,median-range,5,9995389
0830-172041__NetHackChallenge-v0__exp2/NetHackChallenge-v0__both__grammar__n8__os0__max_episode_steps5000__discountprimitive__ent_coef0.01__exp2,0830-172041__NetHackChallenge-v0__exp2,NetHackChallenge-v0,both,grammar,0,10000000,5000,0,0.999,primitive,exp2,8,3723268.219056902,17.06,11.182394943290772,20.50032338784537,median-range,5,9995389
0830-172041__NetHackChallenge-v0__exp2/NetHackChallenge-v0__both__grammar__n8__os0__max_episode_steps5000__discountprimitive__ent_coef0.01__exp2,0830-172041__NetHackChallenge-v0__exp2,NetHackChallenge-v0,both,grammar,0,10000000,5000,0,0.999,primitive,exp2,8,3836370.535963289,18.823686270366604,10.471150413903048,21.448126120080875,median-range,5,9995389
0830-172041__NetHackChallenge-v0__exp2/NetHackChallenge-v0__both__grammar__n8__os0__max_episode_steps5000__discountprimitive__ent_coef0.01__exp2,0830-172041__NetHackChallenge-v0__exp2,NetHackChallenge-v0,both,grammar,0,10000000,5000,0,0.999,primitive,exp2,8,3952908.5801224564,15.02341364576935,11.731740168446418,21.173602466293904,median-range,5,9995389
0830-172041__NetHackChallenge-v0__exp2/NetHackChallenge-v0__both__grammar__n8__os0__max_episode_steps5000__discountprimitive__ent_coef0.01__exp2,0830-172041__NetHackChallenge-v0__exp2,NetHackChallenge-v0,both,grammar,0,10000000,5000,0,0.999,primitive,exp2,8,4072986.719173162,14.400501214762961,13.500030499857008,23.008000488345953,median-range,5,9995389
0830-172041__NetHackChallenge-v0__exp2/NetHackChallenge-v0__both__grammar__n8__os0__max_episode_steps5000__discountprimitive__ent_coef0.01__exp2,0830-172041__NetHackChallenge-v0__exp2,NetHackChallenge-v0,both,grammar,0,10000000,5000,0,0.999,primitive,exp2,8,4196712.491146719,14.974518386478808,13.712187458396237,18.6878244207587,median-range,5,9995389
0830-172041__NetHackChallenge-v0__exp2/NetHackChallenge-v0__both__grammar__n8__os0__max_episode_steps5000__discountprimitive__ent_coef0.01__exp2,0830-172041__NetHackChallenge-v0__exp2,NetHackChallenge-v0,both,grammar,0,10000000,5000,0,0.999,primitive,exp2,8,4324196.700774491,16.22919250102472,14.653640928774747,19.045086882916568,median-range,5,9995389
0830-172041__NetHackChallenge-v0__exp2/NetHackChallenge-v0__both__grammar__n8__os0__max_episode_steps5000__discountprimitive__ent_coef0.01__exp2,0830-172041__NetHackChallenge-v0__exp2,NetHackChallenge-v0,both,grammar,0,10000000,5000,0,0.999,primitive,exp2,8,4455553.518720965,16.27923275156873,13.141901671907108,18.76149916058312,median-range,5,9995389
0830-172041__NetHackChallenge-v0__exp2/NetHackChallenge-v0__both__grammar__n8__os0__max_episode_steps5000__discountprimitive__ent_coef0.01__exp2,0830-172041__NetHackChallenge-v0__exp2,NetHackChallenge-v0,both,grammar,0,10000000,5000,0,0.999,primitive,exp2,8,4590900.58383125,14.488143962024436,12.026610759914135,21.635894757141344,median-range,5,9995389
0830-172041__NetHackChallenge-v0__exp2/NetHackChallenge-v0__both__grammar__n8__os0__max_episode_steps5000__discountprimitive__ent_coef0.01__exp2,0830-172041__NetHackChallenge-v0__exp2,NetHackChallenge-v0,both,grammar,0,10000000,5000,0,0.999,primitive,exp2,8,4730359.10848455,14.337283695629727,12.40465209831713,20.48541904409153,median-range,5,9995389
0830-172041__NetHackChallenge-v0__exp2/NetHackChallenge-v0__both__grammar__n8__os0__max_episode_steps5000__discountprimitive__ent_coef0.01__exp2,0830-172041__NetHackChallenge-v0__exp2,NetHackChallenge-v0,both,grammar,0,10000000,5000,0,0.999,primitive,exp2,8,4874053.987148004,14.739036152540454,12.658289927337805,18.50270084754602,median-range,5,9995389
0830-172041__NetHackChallenge-v0__exp2/NetHackChallenge-v0__both__grammar__n8__os0__max_episode_steps5000__discountprimitive__ent_coef0.01__exp2,0830-172041__NetHackChallenge-v0__exp2,NetHackChallenge-v0,both,grammar,0,10000000,5000,0,0.999,primitive,exp2,8,5022113.908228008,17.22956065055146,13.245495887282228,20.237544700587843,median-range,5,9995389
0830-172041__NetHackChallenge-v0__exp2/NetHackChallenge-v0__both__grammar__n8__os0__max_episode_steps5000__discountprimitive__ent_coef0.01__exp2,0830-172041__NetHackChallenge-v0__exp2,NetHackChallenge-v0,both,grammar,0,10000000,5000,0,0.999,primitive,exp2,8,5174671.469319402,17.198735848665585,12.493816884870478,19.12863031814693,median-range,5,9995389
0830-172041__NetHackChallenge-v0__exp2/NetHackChallenge-v0__both__grammar__n8__os0__max_episode_steps5000__discountprimitive__ent_coef0.01__exp2,0830-172041__NetHackChallenge-v0__exp2,NetHackChallenge-v0,both,grammar,0,10000000,5000,0,0.999,primitive,exp2,8,5331863.295955424,16.492150505664625,11.62,22.75971236301455,median-range,5,9995389
0830-172041__NetHackChallenge-v0__exp2/NetHackChallenge-v0__both__grammar__n8__os0__max_episode_steps5000__discountprimitive__ent_coef0.01__exp2,0830-172041__NetHackChallenge-v0__exp2,NetHackChallenge-v0,both,grammar,0,10000000,5000,0,0.999,primitive,exp2,8,5493830.16396512,15.688840699809393,10.42814862099536,22.396729428948063,median-range,5,9995389
0830-172041__NetHackChallenge-v0__exp2/NetHackChallenge-v0__both__grammar__n8__os0__max_episode_steps5000__discountprimitive__ent_coef0.01__exp2,0830-172041__NetHackChallenge-v0__exp2,NetHackChallenge-v0,both,grammar,0,10000000,5000,0,0.999,primitive,exp2,8,5660717.125547501,17.52,14.11,20.42668241672993,median-range,5,9995389
0830-172041__NetHackChallenge-v0__exp2/NetHackChallenge-v0__both__grammar__n8__os0__max_episode_steps5000__discountprimitive__ent_coef0.01__exp2,0830-172041__NetHackChallenge-v0__exp2,NetHackChallenge-v0,both,grammar,0,10000000,5000,0,0.999,primitive,exp2,8,5832673.639175536,19.34173521889541,14.090501570724092,23.995322856288798,median-range,5,9995389
0830-172041__NetHackChallenge-v0__exp2/NetHackChallenge-v0__both__grammar__n8__os0__max_episode_steps5000__discountprimitive__ent_coef0.01__exp2,0830-172041__NetHackChallenge-v0__exp2,NetHackChallenge-v0,both,grammar,0,10000000,5000,0,0.999,primitive,exp2,8,6009853.703446237,18.827584335995518,13.42,20.26785649583289,median-range,5,9995389
0830-172041__NetHackChallenge-v0__exp2/NetHackChallenge-v0__both__grammar__n8__os0__max_episode_steps5000__discountprimitive__ent_coef0.01__exp2,0830-172041__NetHackChallenge-v0__exp2,NetHackChallenge-v0,both,grammar,0,10000000,5000,0,0.999,primitive,exp2,8,6192415.994996744,16.704974524795922,14.680202436306265,19.573570539313053,median-range,5,9995389
0830-172041__NetHackChallenge-v0__exp2/NetHackChallenge-v0__both__grammar__n8__os0__max_episode_steps5000__discountprimitive__ent_coef0.01__exp2,0830-172041__NetHackChallenge-v0__exp2,NetHackChallenge-v0,both,grammar,0,10000000,5000,0,0.999,primitive,exp2,8,6380524.010609908,17.12,12.104858189453877,22.30321494466441,median-range,5,9995389
0830-172041__NetHackChallenge-v0__exp2/NetHackChallenge-v0__both__grammar__n8__os0__max_episode_steps5000__discountprimitive__ent_coef0.01__exp2,0830-172041__NetHackChallenge-v0__exp2,NetHackChallenge-v0,both,grammar,0,10000000,5000,0,0.999,primitive,exp2,8,6574346.213636583,15.275642848382656,12.93442279374569,19.34493271670445,median-range,5,9995389
0830-172041__NetHackChallenge-v0__exp2/NetHackChallenge-v0__both__grammar__n8__os0__max_episode_steps5000__discountprimitive__ent_coef0.01__exp2,0830-172041__NetHackChallenge-v0__exp2,NetHackChallenge-v0,both,grammar,0,10000000,5000,0,0.999,primitive,exp2,8,6774056.184865939,15.86129972846646,11.39098994925773,20.290358698321793,median-range,5,9995389
0830-172041__NetHackChallenge-v0__exp2/NetHackChallenge-v0__both__grammar__n8__os0__max_episode_steps5000__discountprimitive__ent_coef0.01__exp2,0830-172041__NetHackChallenge-v0__exp2,NetHackChallenge-v0,both,grammar,0,10000000,5000,0,0.999,primitive,exp2,8,6979832.77797867,14.543978743176757,11.25,19.50989642376445,median-range,5,9995389
0830-172041__NetHackChallenge-v0__exp2/NetHackChallenge-v0__both__grammar__n8__os0__max_episode_steps5000__discountprimitive__ent_coef0.01__exp2,0830-172041__NetHackChallenge-v0__exp2,NetHackChallenge-v0,both,grammar,0,10000000,5000,0,0.999,primitive,exp2,8,7191860.279722419,19.17254460216743,8.131943938714095,21.712128347541086,median-range,5,9995389
0830-172041__NetHackChallenge-v0__exp2/NetHackChallenge-v0__both__grammar__n8__os0__max_episode_steps5000__discountprimitive__ent_coef0.01__exp2,0830-172041__NetHackChallenge-v0__exp2,NetHackChallenge-v0,both,grammar,0,10000000,5000,0,0.999,primitive,exp2,8,7410328.574953017,18.5195727621291,6.57,21.337136694973193,median-range,5,9995389
0830-172041__NetHackChallenge-v0__exp2/NetHackChallenge-v0__both__grammar__n8__os0__max_episode_steps5000__discountprimitive__ent_coef0.01__exp2,0830-172041__NetHackChallenge-v0__exp2,NetHackChallenge-v0,both,grammar,0,10000000,5000,0,0.999,primitive,exp2,8,7635433.316689052,16.465088891781598,13.028230100427095,22.045898481108154,median-range,5,9995389
0830-172041__NetHackChallenge-v0__exp2/NetHackChallenge-v0__both__grammar__n8__os0__max_episode_steps5000__discountprimitive__ent_coef0.01__exp2,0830-172041__NetHackChallenge-v0__exp2,NetHackChallenge-v0,both,grammar,0,10000000,5000,0,0.999,primitive,exp2,8,7867376.101332297,20.668110884145577,14.822937325630276,21.319627019025244,median-range,5,9995389
0830-172041__NetHackChallenge-v0__exp2/NetHackChallenge-v0__both__grammar__n8__os0__max_episode_steps5000__discountprimitive__ent_coef0.01__exp2,0830-172041__NetHackChallenge-v0__exp2,NetHackChallenge-v0,both,grammar,0,10000000,5000,0,0.999,primitive,exp2,8,8106364.649210809,14.79700096070157,12.665799679274718,19.911191723798876,median-range,5,9995389
0830-172041__NetHackChallenge-v0__exp2/NetHackChallenge-v0__both__grammar__n8__os0__max_episode_steps5000__discountprimitive__ent_coef0.01__exp2,0830-172041__NetHackChallenge-v0__exp2,NetHackChallenge-v0,both,grammar,0,10000000,5000,0,0.999,primitive,exp2,8,8352612.990606425,15.301994837663921,12.201955120457015,22.05847824985882,median-range,5,9995389
0830-172041__NetHackChallenge-v0__exp2/NetHackChallenge-v0__both__grammar__n8__os0__max_episode_steps5000__discountprimitive__ent_coef0.01__exp2,0830-172041__NetHackChallenge-v0__exp2,NetHackChallenge-v0,both,grammar,0,10000000,5000,0,0.999,primitive,exp2,8,8606341.657433262,16.76585386458126,7.525668008555407,18.282506130408443,median-range,5,9995389
0830-172041__NetHackChallenge-v0__exp2/NetHackChallenge-v0__both__grammar__n8__os0__max_episode_steps5000__discountprimitive__ent_coef0.01__exp2,0830-172041__NetHackChallenge-v0__exp2,NetHackChallenge-v0,both,grammar,0,10000000,5000,0,0.999,primitive,exp2,8,8867777.88073877,17.85817427867725,6.891415319576373,23.261910748315426,median-range,5,9995389
0830-172041__NetHackChallenge-v0__exp2/NetHackChallenge-v0__both__grammar__n8__os0__max_episode_steps5000__discountprimitive__ent_coef0.01__exp2,0830-172041__NetHackChallenge-v0__exp2,NetHackChallenge-v0,both,grammar,0,10000000,5000,0,0.999,primitive,exp2,8,9137155.794204507,19.59037667523651,8.63,23.909166763965253,median-range,5,9995389
0830-172041__NetHackChallenge-v0__exp2/NetHackChallenge-v0__both__grammar__n8__os0__max_episode_steps5000__discountprimitive__ent_coef0.01__exp2,0830-172041__NetHackChallenge-v0__exp2,NetHackChallenge-v0,both,grammar,0,10000000,5000,0,0.999,primitive,exp2,8,9414716.64382842,20.47183819956597,10.157536673614702,23.861134222491106,median-range,5,9995389
0830-172041__NetHackChallenge-v0__exp2/NetHackChallenge-v0__both__grammar__n8__os0__max_episode_steps5000__discountprimitive__ent_coef0.01__exp2,0830-172041__NetHackChallenge-v0__exp2,NetHackChallenge-v0,both,grammar,0,10000000,5000,0,0.999,primitive,exp2,8,9700709.003976956,17.04,9.72,24.39371919924472,median-range,5,9995389
0830-172041__NetHackChallenge-v0__exp2/NetHackChallenge-v0__both__grammar__n8__os0__max_episode_steps5000__discountprimitive__ent_coef0.01__exp2,0830-172041__NetHackChallenge-v0__exp2,NetHackChallenge-v0,both,grammar,0,10000000,5000,0,0.999,primitive,exp2,8,9995389.0,19.159699804523875,16.59279993932959,25.74,median-range,5,9995389
0830-172041__NetHackChallenge-v0__exp2/NetHackChallenge-v0__option__grammar__n128__os0__max_episode_steps5000__discountprimitive__ent_coef0.01__exp2,0830-172041__NetHackChallenge-v0__exp2,NetHackChallenge-v0,option,grammar,0,10000000,5000,0,0.999,primitive,exp2,128,3071.0,3.0,0.0,8.552151996898022,median-range,5,9999273
0830-172041__NetHackChallenge-v0__exp2/NetHackChallenge-v0__option__grammar__n128__os0__max_episode_steps5000__discountprimitive__ent_coef0.01__exp2,0830-172041__NetHackChallenge-v0__exp2,NetHackChallenge-v0,option,grammar,0,10000000,5000,0,0.999,primitive,exp2,128,3198.3907296377515,3.1868995446563257,0.0,9.144896764502915,median-range,5,9999273
0830-172041__NetHackChallenge-v0__exp2/NetHackChallenge-v0__option__grammar__n128__os0__max_episode_steps5000__discountprimitive__ent_coef0.01__exp2,0830-172041__NetHackChallenge-v0__exp2,NetHackChallenge-v0,option,grammar,0,10000000,5000,0,0.999,primitive,exp2,128,3331.0658610982487,3.3815520262591674,0.5017546710378056,9.762229675525003,median-range,5,9999273
0830-172041__NetHackChallenge-v0__exp2/NetHackChallenge-v0__option__grammar__n128__os0__max_episode_steps5000__discountprimitive__ent_coef0.01__exp2,0830-172041__NetHackChallenge-v0__exp2,NetHackChallenge-v0,option,grammar,0,10000000,5000,0,0.999,primitive,exp2,128,3469.2446010906665,3.584279050895931,1.051719805335986,10.405170691387358,median-range,5,9999273
0830-172041__NetHackChallenge-v0__exp2/NetHackChallenge-v0__option__grammar__n128__os0__max_episode_steps5000__discountprimitive__ent_coef0.01__exp2,0830-172041__NetHackChallenge-v0__exp2,NetHackChallenge-v0,option,grammar,0,10000000,5000,0,0.999,primitive,exp2,128,3613.1552494217553,3.7954155654661905,1.6244985051612153,11.074782083389323,median-range,5,9999273
0830-172041__NetHackChallenge-v0__exp2/NetHackChallenge-v0__option__grammar__n128__os0__max_episode_steps5000__discountprimitive__ent_coef0.01__exp2,0830-172041__NetHackChallenge-v0__exp2,NetHackChallenge-v0,option,grammar,0,10000000,5000,0,0.999,primitive,exp2,128,3763.0355761942483,4.01531041108311,2.0633583001771107,11.772170187797975,median-range,5,9999273
0830-172041__NetHackChallenge-v0__exp2/NetHackChallenge-v0__option__grammar__n128__os0__max_episode_steps5000__discountprimitive__ent_coef0.01__exp2,0830-172041__NetHackChallenge-v0__exp2,NetHackChallenge-v0,option,grammar,0,10000000,5000,0,0.999,primitive,exp2,128,3919.1332146521468,4.244326899430966,2.1334830254502006,12.046476097674594,median-range,5,9999273
0830-172041__NetHackChallenge-v0__exp2/NetHackChallenge-v0__option__grammar__n128__os0__max_episode_steps5000__discountprimitive__ent_coef0.01__exp2,0830-172041__NetHackChallenge-v0__exp2,NetHackChallenge-v0,option,grammar,0,10000000,5000,0,0.999,primitive,exp2,128,4081.70607032199,4.482843413031088,2.2065166533342273,12.117002796083506,median-range,5,9999273
0830-172041__NetHackChallenge-v0__exp2/NetHackChallenge-v0__option__grammar__n128__os0__max_episode_steps5000__discountprimitive__ent_coef0.01__exp2,0830-172041__NetHackChallenge-v0__exp2,NetHackChallenge-v0,option,grammar,0,10000000,5000,0,0.999,primitive,exp2,128,4251.022747126016,4.731254030407888,2.2825798504609236,12.190455071688527,median-range,5,9999273
0830-172041__NetHackChallenge-v0__exp2/NetHackChallenge-v0__option__grammar__n128__os0__max_episode_steps5000__discountprimitive__ent_coef0.01__exp2,0830-172041__NetHackChallenge-v0__exp2,NetHackChallenge-v0,option,grammar,0,10000000,5000,0,0.999,primitive,exp2,128,4427.362991171304,4.989969177187946,2.361798288935896,12.266954282813861,median-range,5,9999273
0830-172041__NetHackChallenge-v0__exp2/NetHackChallenge-v0__option__grammar__n128__os0__max_episode_steps5000__discountprimitive__ent_coef0.01__exp2,0830-172041__NetHackChallenge-v0__exp2,NetHackChallenge-v0,option,grammar,0,10000000,5000,0,0.999,primitive,exp2,128,4611.018152948085,5.596092151037154,2.444302853974881,12.346626821950256,median-range,5,9999273
0830-172041__NetHackChallenge-v0__exp2/NetHackChallenge-v0__option__grammar__n128__os0__max_episode_steps5000__discountprimitive__ent_coef0.01__exp2,0830-172041__NetHackChallenge-v0__exp2,NetHackChallenge-v0,option,grammar,0,10000000,5000,0,0.999,primitive,exp2,128,4802.291668700928,6.357379775924092,2.5302298601531574,12.429604324581499,median-range,5,9999273
0830-172041__NetHackChallenge-v0__exp2/NetHackChallenge-v0__option__grammar__n128__os0__max_episode_steps5000__discountprimitive__ent_coef0.01__exp2,0830-172041__NetHackChallenge-v0__exp2,NetHackChallenge-v0,option,grammar,0,10000000,5000,0,0.999,primitive,exp2,128,5001.499561768049,6.667786437014009,2.619721276625359,12.516023886673413,median-range,5,9999273
0830-172041__NetHackChallenge-v0__exp2/NetHackChallenge-v0__option__grammar__n128__os0__max_episode_steps5000__discountprimitive__ent_coef0.01__exp2,0830-172041__NetHackChallenge-v0__exp2,NetHackChallenge-v0,option,grammar,0,10000000,5000,0,0.999,primitive,exp2,128,5208.9709647170985,6.66969854535056,2.712924961687825,12.606028291184685,median-range,5,9999273
0830-172041__NetHackChallenge-v0__exp2/NetHackChallenge-v0__option__grammar__n128__os0__max_episode_steps5000__discountprimitive__ent_coef0.01__exp2,0830-172041__NetHackChallenge-v0__exp2,NetHackChallenge-v0,option,grammar,0,10000000,5000,0,0.999,primitive,exp2,128,5425.048663140146,6.671689971458566,2.809994907071045,12.699766243973817,median-range,5,9999273
0830-172041__NetHackChallenge-v0__exp2/NetHackChallenge-v0__option__grammar__n128__os0__max_episode_steps5000__discountprimitive__ent_coef0.01__exp2,0830-172041__NetHackChallenge-v0__exp2,NetHackChallenge-v0,option,grammar,0,10000000,5000,0,0.999,primitive,exp2,128,5650.089662006234,6.673764005585105,2.9110914923657836,12.797392619491886,median-range,5,9999273
0830-172041__NetHackChallenge-v0__exp2/NetHackChallenge-v0__option__grammar__n128__os0__max_episode_steps5000__discountprimitive__ent_coef0.01__exp2,0830-172041__NetHackChallenge-v0__exp2,NetHackChallenge-v0,option,grammar,0,10000000,5000,0,0.999,primitive,exp2,128,5884.465775507275,6.67592407446276,3.0163817500032684,12.899068716667111,median-range,5,9999273
0830-172041__NetHackChallenge-v0__exp2/NetHackChallenge-v0__option__grammar__n128__os0__max_episode_steps5000__discountprimitive__ent_coef0.01__exp2,0830-172041__NetHackChallenge-v0__exp2,NetHackChallenge-v0,option,grammar,0,10000000,5000,0,0.999,primitive,exp2,128,6128.564241371898,6.678173746971281,3.1260396412272677,13.004962525404,median-range,5,9999273
0830-172041__NetHackChallenge-v0__exp2/NetHackChallenge-v0__option__grammar__n128__os0__max_episode_steps5000__discountprimitive__ent_coef0.01__exp2,0830-172041__NetHackChallenge-v0__exp2,NetHackChallenge-v0,option,grammar,0,10000000,5000,0,0.999,primitive,exp2,128,6382.788360662105,6.68051674003412,3.2402463435139737,13.115249004137349,median-range,5,9999273
0830-172041__NetHackChallenge-v0__exp2/NetHackChallenge-v0__option__grammar__n128__os0__max_episode_steps5000__discountprimitive__ent_coef0.01__exp2,0830-172041__NetHackChallenge-v0__exp2,NetHackChallenge-v0,option,grammar,0,10000000,5000,0,0.999,primitive,exp2,128,6647.558164109875,6.682956924759547,3.3591905499145893,13.23011036889968,median-range,5,9999273
0830-172041__NetHackChallenge-v0__exp2/NetHackChallenge-v0__option__grammar__n128__os0__max_episode_steps5000__discountprimitive__ent_coef0.01__exp2,0830-172041__NetHackChallenge-v0__exp2,NetHackChallenge-v0,option,grammar,0,10000000,5000,0,0.999,primitive,exp2,128,6923.311106094687,6.685498332836529,3.4830687808152234,13.349736394379779,median-range,5,9999273
0830-172041__NetHackChallenge-v0__exp2/NetHackChallenge-v0__option__grammar__n128__os0__max_episode_steps5000__discountprimitive__ent_coef0.01__exp2,0830-172041__NetHackChallenge-v0__exp2,NetHackChallenge-v0,option,grammar,0,10000000,5000,0,0.999,primitive,exp2,128,7210.502787408447,6.688145163195905,3.612085708629132,13.474324727469636,median-range,5,9999273
0830-172041__NetHackChallenge-v0__exp2/NetHackChallenge-v0__option__grammar__n128__os0__max_episode_steps5000__discountprimitive__ent_coef0.01__exp2,0830-172041__NetHackChallenge-v0__exp2,NetHackChallenge-v0,option,grammar,0,10000000,5000,0,0.999,primitive,exp2,128,7509.607708002076,6.690901788947892,3.746454495957806,13.604081213817938,median-range,5,9999273
0830-172041__NetHackChallenge-v0__exp2/NetHackChallenge-v0__option__grammar__n128__os0__max_episode_steps5000__discountprimitive__ent_coef0.01__exp2,0830-172041__NetHackChallenge-v0__exp2,NetHackChallenge-v0,option,grammar,0,10000000,5000,0,0.999,primitive,exp2,128,7821.12005095736,6.693772764607363,3.886397147779587,13.739220237929553,median-range,5,9999273
0830-172041__NetHackChallenge-v0__exp2/NetHackChallenge-v0__option__grammar__n128__os0__max_episode_steps5000__discountprimitive__ent_coef0.01__exp2,0830-172041__NetHackChallenge-v0__exp2,NetHackChallenge-v0,option,grammar,0,10000000,5000,0,0.999,primitive,exp2,128,8145.554498979474,6.696762833618848,4.980198616157184,13.879965077373015,median-range,5,9999273
0830-172041__NetHackChallenge-v0__exp2/NetHackChallenge-v0__option__grammar__n128__os0__max_episode_steps5000__discountprimitive__ent_coef0.01__exp2,0830-172041__NetHackChallenge-v0__exp2,NetHackChallenge-v0,option,grammar,0,10000000,5000,0,0.999,primitive,exp2,128,8483.447084759058,9.006864414634604,5.0321161891548,14.02654827168117,median-range,5,9999273
0830-172041__NetHackChallenge-v0__exp2/NetHackChallenge-v0__option__grammar__n128__os0__max_episode_steps5000__discountprimitive__ent_coef0.01__exp2,0830-172041__NetHackChallenge-v0__exp2,NetHackChallenge-v0,option,grammar,0,10000000,5000,0,0.999,primitive,exp2,128,8835.356076608854,9.061213293684766,6.027296262918102,14.179212006554462,median-range,5,9999273
0830-172041__NetHackChallenge-v0__exp2/NetHackChallenge-v0__option__grammar__n128__os0__max_episode_steps5000__discountprimitive__ent_coef0.01__exp2,0830-172041__NetHackChallenge-v0__exp2,NetHackChallenge-v0,option,grammar,0,10000000,5000,0,0.999,primitive,exp2,128,9201.862900838276,9.117816664222127,6.706498036024831,14.338208514001746,median-range,5,9999273
0830-172041__NetHackChallenge-v0__exp2/NetHackChallenge-v0__option__grammar__n128__os0__max_episode_steps5000__discountprimitive__ent_coef0.01__exp2,0830-172041__NetHackChallenge-v0__exp2,NetHackChallenge-v0,option,grammar,0,10000000,5000,0,0.999,primitive,exp2,128,9583.573102389677,9.176768046701108,6.710015972705059,14.503800489079627,median-range,5,9999273
0830-172041__NetHackChallenge-v0__exp2/NetHackChallenge-v0__option__grammar__n128__os0__max_episode_steps5000__discountprimitive__ent_coef0.01__exp2,0830-172041__NetHackChallenge-v0__exp2,NetHackChallenge-v0,option,grammar,0,10000000,5000,0,0.999,primitive,exp2,128,9981.117345323639,9.238164840976623,6.713679839870638,14.676261523918935,median-range,5,9999273
0830-172041__NetHackChallenge-v0__exp2/NetHackChallenge-v0__option__grammar__n128__os0__max_episode_steps5000__discountprimitive__ent_coef0.01__exp2,0830-172041__NetHackChallenge-v0__exp2,NetHackChallenge-v0,option,grammar,0,10000000,5000,0,0.999,primitive,exp2,128,10395.152454806164,9.30210848722875,6.717495690986564,14.855876559755398,median-range,5,9999273
0830-172041__NetHackChallenge-v0__exp2/NetHackChallenge-v0__option__grammar__n128__os0__max_episode_steps5000__discountprimitive__ent_coef0.01__exp2,0830-172041__NetHackChallenge-v0__exp2,NetHackChallenge-v0,option,grammar,0,10000000,5000,0,0.999,primitive,exp2,128,10826.362502319495,9.368704633562857,6.721469830626701,15.498998712171893,median-range,5,9999273
0830-172041__NetHackChallenge-v0__exp2/NetHackChallenge-v0__option__grammar__n128__os0__max_episode_steps5000__discountprimitive__ent_coef0.01__exp2,0830-172041__NetHackChallenge-v0__exp2,NetHackChallenge-v0,option,grammar,0,10000000,5000,0,0.999,primitive,exp2,128,11275.459935889434,9.438063310562075,6.725608824890229,16.342968853073742,median-range,5,9999273
0830-172041__NetHackChallenge-v0__exp2/NetHackChallenge-v0__option__grammar__n128__os0__max_episode_steps5000__discountprimitive__ent_coef0.01__exp2,0830-172041__NetHackChallenge-v0__exp2,NetHackChallenge-v0,option,grammar,0,10000000,5000,0,0.999,primitive,exp2,128,11743.186757196567,9.510299113080551,6.729919512250208,16.585174330268153,median-range,5,9999273
0830-172041__NetHackChallenge-v0__exp2/NetHackChallenge-v0__option__grammar__n128__os0__max_episode_steps5000__discountprimitive__ent_coef0.01__exp2,0830-172041__NetHackChallenge-v0__exp2,NetHackChallenge-v0,option,grammar,0,10000000,5000,0,0.999,primitive,exp2,128,12230.315747516222,9.585531389577795,6.734409014852137,16.837426936235616,median-range,5,9999273
0830-172041__NetHackChallenge-v0__exp2/NetHackChallenge-v0__option__grammar__n128__os0__max_episode_steps5000__discountprimitive__ent_coef0.01__exp2,0830-172041__NetHackChallenge-v0__exp2,NetHackChallenge-v0,option,grammar,0,10000000,5000,0,0.999,primitive,exp2,128,12737.651744512703,9.906013739166116,6.739084750281212,17.100143444361084,median-range,5,9999273
0830-172041__NetHackChallenge-v0__exp2/NetHackChallenge-v0__option__grammar__n128__os0__max_episode_steps5000__discountprimitive__ent_coef0.01__exp2,0830-172041__NetHackChallenge-v0__exp2,NetHackChallenge-v0,option,grammar,0,10000000,5000,0,0.999,primitive,exp2,128,13266.032971997283,11.655473796638113,6.743954443817715,17.37375791655624,median-range,5,9999273
0830-172041__NetHackChallenge-v0__exp2/NetHackChallenge-v0__option__grammar__n128__os0__max_episode_steps5000__discountprimitive__ent_coef0.01__exp2,0830-172041__NetHackChallenge-v0__exp2,NetHackChallenge-v0,option,grammar,0,10000000,5000,0,0.999,primitive,exp2,128,13816.332424846914,13.477504675729515,6.749026141200757,17.658722420419373,median-range,5,9999273
0830-172041__NetHackChallenge-v0__exp2/NetHackChallenge-v0__option__grammar__n128__os0__max_episode_steps5000__discountprimitive__ent_coef0.01__exp2,0830-172041__NetHackChallenge-v0__exp2,NetHackChallenge-v0,option,grammar,0,10000000,5000,0,0.999,primitive,exp2,128,14389.459311372148,15.375116747627814,7.313754710585706,17.955507776144437,median-range,5,9999273
0830-172041__NetHackChallenge-v0__exp2/NetHackChallenge-v0__option__grammar__n128__os0__max_episode_steps5000__discountprimitive__ent_coef0.01__exp2,0830-172041__NetHackChallenge-v0__exp2,NetHackChallenge-v0,option,grammar,0,10000000,5000,0,0.999,primitive,exp2,128,14986.360555516874,16.84761588005721,8.033616054567286,18.738773273192113,median-range,5,9999273
0830-172041__NetHackChallenge-v0__exp2/NetHackChallenge-v0__option__grammar__n128__os0__max_episode_steps5000__discountprimitive__ent_coef0.01__exp2,0830-172041__NetHackChallenge-v0__exp2,NetHackChallenge-v0,option,grammar,0,10000000,5000,0,0.999,primitive,exp2,128,15608.022361372208,17.117302689169655,7.193870618384799,23.798361266692574,median-range,5,9999273
0830-172041__NetHackChallenge-v0__exp2/NetHackChallenge-v0__option__grammar__n128__os0__max_episode_steps5000__discountprimitive__ent_coef0.01__exp2,0830-172041__NetHackChallenge-v0__exp2,NetHackChallenge-v0,option,grammar,0,10000000,5000,0,0.999,primitive,exp2,128,16255.471842589259,17.401853496930244,8.171166770825664,29.067830278154098,median-range,5,9999273
0830-172041__NetHackChallenge-v0__exp2/NetHackChallenge-v0__option__grammar__n128__os0__max_episode_steps5000__discountprimitive__ent_coef0.01__exp2,0830-172041__NetHackChallenge-v0__exp2,NetHackChallenge-v0,option,grammar,0,10000000,5000,0,0.999,primitive,exp2,128,16929.77871938294,17.710966014124462,10.06785310518933,33.91273020587555,median-range,5,9999273
0830-172041__NetHackChallenge-v0__exp2/NetHackChallenge-v0__option__grammar__n128__os0__max_episode_steps5000__discountprimitive__ent_coef0.01__exp2,0830-172041__NetHackChallenge-v0__exp2,NetHackChallenge-v0,option,grammar,0,10000000,5000,0,0.999,primitive,exp2,128,17632.057085930606,18.032901087198052,9.939098047726713,34.54079407462126,median-range,5,9999273
0830-172041__NetHackChallenge-v0__exp2/NetHackChallenge-v0__option__grammar__n128__os0__max_episode_steps5000__discountprimitive__ent_coef0.01__exp2,0830-172041__NetHackChallenge-v0__exp2,NetHackChallenge-v0,option,grammar,0,10000000,5000,0,0.999,primitive,exp2,128,18363.46725108571,18.368190619358217,9.805001993613253,35.194911188075125,median-range,5,9999273
0830-172041__NetHackChallenge-v0__exp2/NetHackChallenge-v0__option__grammar__n128__os0__max_episode_steps5000__discountprimitive__ent_coef0.01__exp2,0830-172041__NetHackChallenge-v0__exp2,NetHackChallenge-v0,option,grammar,0,10000000,5000,0,0.999,primitive,exp2,128,19125.217655447414,20.2968708526014,9.983029082884157,36.26563907693809,median-range,5,9999273
0830-172041__NetHackChallenge-v0__exp2/NetHackChallenge-v0__option__grammar__n128__os0__max_episode_steps5000__discountprimitive__ent_coef0.01__exp2,0830-172041__NetHackChallenge-v0__exp2,NetHackChallenge-v0,option,grammar,0,10000000,5000,0,0.999,primitive,exp2,128,19918.566867954178,32.47845261571616,12.811440851979174,44.75690760916155,median-range,5,9999273
0830-172041__NetHackChallenge-v0__exp2/NetHackChallenge-v0__option__grammar__n128__os0__max_episode_steps5000__discountprimitive__ent_coef0.01__exp2,0830-172041__NetHackChallenge-v0__exp2,NetHackChallenge-v0,option,grammar,0,10000000,5000,0,0.999,primitive,exp2,128,20744.82566529936,34.82910699983547,13.104551231891358,43.057611219860554,median-range,5,9999273
0830-172041__NetHackChallenge-v0__exp2/NetHackChallenge-v0__option__grammar__n128__os0__max_episode_steps5000__discountprimitive__ent_coef0.01__exp2,0830-172041__NetHackChallenge-v0__exp2,NetHackChallenge-v0,option,grammar,0,10000000,5000,0,0.999,primitive,exp2,128,21605.359197604947,32.55442440136037,12.76761780857182,39.81256626749742,median-range,5,9999273
0830-172041__NetHackChallenge-v0__exp2/NetHackChallenge-v0__option__grammar__n128__os0__max_episode_steps5000__discountprimitive__ent_coef0.01__exp2,0830-172041__NetHackChallenge-v0__exp2,NetHackChallenge-v0,option,grammar,0,10000000,5000,0,0.999,primitive,exp2,128,22501.589243931474,33.312389286454184,12.096288450059761,38.65549605656814,median-range,5,9999273
0830-172041__NetHackChallenge-v0__exp2/NetHackChallenge-v0__option__grammar__n128__os0__max_episode_steps5000__discountprimitive__ent_coef0.01__exp2,0830-172041__NetHackChallenge-v0__exp2,NetHackChallenge-v0,option,grammar,0,10000000,5000,0,0.999,primitive,exp2,128,23434.996561350374,31.195995821802597,13.770655298066046,33.694682523579395,median-range,5,9999273
0830-172041__NetHackChallenge-v0__exp2/NetHackChallenge-v0__option__grammar__n128__os0__max_episode_steps5000__discountprimitive__ent_coef0.01__exp2,0830-172041__NetHackChallenge-v0__exp2,NetHackChallenge-v0,option,grammar,0,10000000,5000,0,0.999,primitive,exp2,128,24407.123331460647,32.524401462120274,13.557147864026728,34.30244591144,median-range,5,9999273
0830-172041__NetHackChallenge-v0__exp2/NetHackChallenge-v0__option__grammar__n128__os0__max_episode_steps5000__discountprimitive__ent_coef0.01__exp2,0830-172041__NetHackChallenge-v0__exp2,NetHackChallenge-v0,option,grammar,0,10000000,5000,0,0.999,primitive,exp2,128,25419.575708391087,31.001945046958358,14.90928762699377,34.45569203711712,median-range,5,9999273
0830-172041__NetHackChallenge-v0__exp2/NetHackChallenge-v0__option__grammar__n128__os0__max_episode_steps5000__discountprimitive__ent_coef0.01__exp2,0830-172041__NetHackChallenge-v0__exp2,NetHackChallenge-v0,option,grammar,0,10000000,5000,0,0.999,primitive,exp2,128,26474.026472498557,30.84802023044109,14.608676663542079,34.75221038373194,median-range,5,9999273
0830-172041__NetHackChallenge-v0__exp2/NetHackChallenge-v0__option__grammar__n128__os0__max_episode_steps5000__discountprimitive__ent_coef0.01__exp2,0830-172041__NetHackChallenge-v0__exp2,NetHackChallenge-v0,option,grammar,0,10000000,5000,0,0.999,primitive,exp2,128,27572.21779414648,31.02492533523334,14.033997777484085,35.061028856861334,median-range,5,9999273
0830-172041__NetHackChallenge-v0__exp2/NetHackChallenge-v0__option__grammar__n128__os0__max_episode_steps5000__discountprimitive__ent_coef0.01__exp2,0830-172041__NetHackChallenge-v0__exp2,NetHackChallenge-v0,option,grammar,0,10000000,5000,0,0.999,primitive,exp2,128,28715.964112129986,31.065201589740454,14.414331188153726,34.0277924968726,median-range,5,9999273
0830-172041__NetHackChallenge-v0__exp2/NetHackChallenge-v0__option__grammar__n128__os0__max_episode_steps5000__discountprimitive__ent_coef0.01__exp2,0830-172041__NetHackChallenge-v0__exp2,NetHackChallenge-v0,option,grammar,0,10000000,5000,0,0.999,primitive,exp2,128,29907.1551315034,31.202788955413187,14.477302491177431,36.43594322634455,median-range,5,9999273
0830-172041__NetHackChallenge-v0__exp2/NetHackChallenge-v0__option__grammar__n128__os0__max_episode_steps5000__discountprimitive__ent_coef0.01__exp2,0830-172041__NetHackChallenge-v0__exp2,NetHackChallenge-v0,option,grammar,0,10000000,5000,0,0.999,primitive,exp2,128,31147.75894576321,32.45099382788311,14.542885959697209,36.0810133107829,median-range,5,9999273
0830-172041__NetHackChallenge-v0__exp2/NetHackChallenge-v0__option__grammar__n128__os0__max_episode_steps5000__discountprimitive__ent_coef0.01__exp2,0830-172041__NetHackChallenge-v0__exp2,NetHackChallenge-v0,option,grammar,0,10000000,5000,0,0.999,primitive,exp2,128,32439.825288544587,33.12089388385918,14.611189951143361,37.81941161877591,median-range,5,9999273
0830-172041__NetHackChallenge-v0__exp2/NetHackChallenge-v0__option__grammar__n128__os0__max_episode_steps5000__discountprimitive__ent_coef0.01__exp2,0830-172041__NetHackChallenge-v0__exp2,NetHackChallenge-v0,option,grammar,0,10000000,5000,0,0.999,primitive,exp2,128,33785.48892020493,33.046240718210626,14.682327317811753,37.37283259580073,median-range,5,9999273
0830-172041__NetHackChallenge-v0__exp2/NetHackChallenge-v0__option__grammar__n128__os0__max_episode_steps5000__discountprimitive__ent_coef0.01__exp2,0830-172041__NetHackChallenge-v0__exp2,NetHackChallenge-v0,option,grammar,0,10000000,5000,0,0.999,primitive,exp2,128,35186.97315488846,32.874577424926386,16.214634904143228,38.18058253529804,median-range,5,9999273
0830-172041__NetHackChallenge-v0__exp2/NetHackChallenge-v0__option__grammar__n128__os0__max_episode_steps5000__discountprimitive__ent_coef0.01__exp2,0830-172041__NetHackChallenge-v0__exp2,NetHackChallenge-v0,option,grammar,0,10000000,5000,0,0.999,primitive,exp2,128,36646.59353390027,32.253662394382715,16.89262005100912,38.17701796902685,median-range,5,9999273
0830-172041__NetHackChallenge-v0__exp2/NetHackChallenge-v0__option__grammar__n128__os0__max_episode_steps5000__discountprimitive__ent_coef0.01__exp2,0830-172041__NetHackChallenge-v0__exp2,NetHackChallenge-v0,option,grammar,0,10000000,5000,0,0.999,primitive,exp2,128,38166.7616514587,34.06698033948594,17.321867721376417,38.04435743188488,median-range,5,9999273
0830-172041__NetHackChallenge-v0__exp2/NetHackChallenge-v0__option__grammar__n128__os0__max_episode_steps5000__discountprimitive__ent_coef0.01__exp2,0830-172041__NetHackChallenge-v0__exp2,NetHackChallenge-v0,option,grammar,0,10000000,5000,0,0.999,primitive,exp2,128,39749.98913914659,33.46859155876657,17.617354117225037,37.34743788660319,median-range,5,9999273
0830-172041__NetHackChallenge-v0__exp2/NetHackChallenge-v0__option__grammar__n128__os0__max_episode_steps5000__discountprimitive__ent_coef0.01__exp2,0830-172041__NetHackChallenge-v0__exp2,NetHackChallenge-v0,option,grammar,0,10000000,5000,0,0.999,primitive,exp2,128,41398.89181564566,31.627574748651295,18.870262834478975,40.08544284295896,median-range,5,9999273
0830-172041__NetHackChallenge-v0__exp2/NetHackChallenge-v0__option__grammar__n128__os0__max_episode_steps5000__discountprimitive__ent_coef0.01__exp2,0830-172041__NetHackChallenge-v0__exp2,NetHackChallenge-v0,option,grammar,0,10000000,5000,0,0.999,primitive,exp2,128,43116.1940086087,30.114885603226902,17.78602337352072,40.375170680588404,median-range,5,9999273
0830-172041__NetHackChallenge-v0__exp2/NetHackChallenge-v0__option__grammar__n128__os0__max_episode_steps5000__discountprimitive__ent_coef0.01__exp2,0830-172041__NetHackChallenge-v0__exp2,NetHackChallenge-v0,option,grammar,0,10000000,5000,0,0.999,primitive,exp2,128,44904.73305581142,29.43046989061667,19.903876857582876,39.81700719655598,median-range,5,9999273
0830-172041__NetHackChallenge-v0__exp2/NetHackChallenge-v0__option__grammar__n128__os0__max_episode_steps5000__discountprimitive__ent_coef0.01__exp2,0830-172041__NetHackChallenge-v0__exp2,NetHackChallenge-v0,option,grammar,0,10000000,5000,0,0.999,primitive,exp2,128,46767.463993020254,29.58058320462113,19.788013232813043,39.346797346425696,median-range,5,9999273
0830-172041__NetHackChallenge-v0__exp2/NetHackChallenge-v0__option__grammar__n128__os0__max_episode_steps5000__discountprimitive__ent_coef0.01__exp2,0830-172041__NetHackChallenge-v0__exp2,NetHackChallenge-v0,option,grammar,0,10000000,5000,0,0.999,primitive,exp2,128,48707.46443632151,30.35868086247003,20.815214412705622,39.92494717031892,median-range,5,9999273
0830-172041__NetHackChallenge-v0__exp2/NetHackChallenge-v0__option__grammar__n128__os0__max_episode_steps5000__discountprimitive__ent_coef0.01__exp2,0830-172041__NetHackChallenge-v0__exp2,NetHackChallenge-v0,option,grammar,0,10000000,5000,0,0.999,primitive,exp2,128,50727.93966697859,29.85908854967431,20.112193307521057,39.83613394358259,median-range,5,9999273
0830-172041__NetHackChallenge-v0__exp2/NetHackChallenge-v0__option__grammar__n128__os0__max_episode_steps5000__discountprimitive__ent_coef0.01__exp2,0830-172041__NetHackChallenge-v0__exp2,NetHackChallenge-v0,option,grammar,0,10000000,5000,0,0.999,primitive,exp2,128,52832.22792721846,31.277545928042866,19.64539855464079,39.044399574690324,median-range,5,9999273
0830-172041__NetHackChallenge-v0__exp2/NetHackChallenge-v0__option__grammar__n128__os0__max_episode_steps5000__discountprimitive__ent_coef0.01__exp2,0830-172041__NetHackChallenge-v0__exp2,NetHackChallenge-v0,option,grammar,0,10000000,5000,0,0.999,primitive,exp2,128,55023.80593569661,30.802905081171055,20.096236550730428,38.183920338864425,median-range,5,9999273
0830-172041__NetHackChallenge-v0__exp2/NetHackChallenge-v0__option__grammar__n128__os0__max_episode_steps5000__discountprimitive__ent_coef0.01__exp2,0830-172041__NetHackChallenge-v0__exp2,NetHackChallenge-v0,option,grammar,0,10000000,5000,0,0.999,primitive,exp2,128,57306.29463175474,30.205867902917888,19.778507754064247,37.89772177676542,median-range,5,9999273
0830-172041__NetHackChallenge-v0__exp2/NetHackChallenge-v0__option__grammar__n128__os0__max_episode_steps5000__discountprimitive__ent_coef0.01__exp2,0830-172041__NetHackChallenge-v0__exp2,NetHackChallenge-v0,option,grammar,0,10000000,5000,0,0.999,primitive,exp2,128,59683.46515795964,30.552220198547243,20.32932109996105,39.70736567184628,median-range,5,9999273
0830-172041__NetHackChallenge-v0__exp2/NetHackChallenge-v0__option__grammar__n128__os0__max_episode_steps5000__discountprimitive__ent_coef0.01__exp2,0830-172041__NetHackChallenge-v0__exp2,NetHackChallenge-v0,option,grammar,0,10000000,5000,0,0.999,primitive,exp2,128,62159.24509080948,30.66793096617612,20.641992388874915,38.775309193566535,median-range,5,9999273
0830-172041__NetHackChallenge-v0__exp2/NetHackChallenge-v0__option__grammar__n128__os0__max_episode_steps5000__discountprimitive__ent_coef0.01__exp2,0830-172041__NetHackChallenge-v0__exp2,NetHackChallenge-v0,option,grammar,0,10000000,5000,0,0.999,primitive,exp2,128,64737.72492990116,30.625057994374046,20.48471223236782,39.87268075005329,median-range,5,9999273
0830-172041__NetHackChallenge-v0__exp2/NetHackChallenge-v0__option__grammar__n128__os0__max_episode_steps5000__discountprimitive__ent_coef0.01__exp2,0830-172041__NetHackChallenge-v0__exp2,NetHackChallenge-v0,option,grammar,0,10000000,5000,0,0.999,primitive,exp2,128,67423.16485627962,29.69088960628303,20.16386176404086,38.68142048583668,median-range,5,9999273
0830-172041__NetHackChallenge-v0__exp2/NetHackChallenge-v0__option__grammar__n128__os0__max_episode_steps5000__discountprimitive__ent_coef0.01__exp2,0830-172041__NetHackChallenge-v0__exp2,NetHackChallenge-v0,option,grammar,0,10000000,5000,0,0.999,primitive,exp2,128,70220.0017711373,29.176652429981267,20.283609261829696,38.53406315227086,median-range,5,9999273
0830-172041__NetHackChallenge-v0__exp2/NetHackChallenge-v0__option__grammar__n128__os0__max_episode_steps5000__discountprimitive__ent_coef0.01__exp2,0830-172041__NetHackChallenge-v0__exp2,NetHackChallenge-v0,option,grammar,0,10000000,5000,0,0.999,primitive,exp2,128,73132.85662649042,29.37076192997989,20.30132941788987,37.63272306315197,median-range,5,9999273
0830-172041__NetHackChallenge-v0__exp2/NetHackChallenge-v0__option__grammar__n128__os0__max_episode_steps5000__discountprimitive__ent_coef0.01__exp2,0830-172041__NetHackChallenge-v0__exp2,NetHackChallenge-v0,option,grammar,0,10000000,5000,0,0.999,primitive,exp2,128,76166.5420599459,29.9355120867534,20.09261525599437,36.811439664767654,median-range,5,9999273
0830-172041__NetHackChallenge-v0__exp2/NetHackChallenge-v0__option__grammar__n128__os0__max_episode_steps5000__discountprimitive__ent_coef0.01__exp2,0830-172041__NetHackChallenge-v0__exp2,NetHackChallenge-v0,option,grammar,0,10000000,5000,0,0.999,primitive,exp2,128,79326.07034617224,30.22802001319811,20.409519438412833,36.70819228166419,median-range,5,9999273
0830-172041__NetHackChallenge-v0__exp2/NetHackChallenge-v0__option__grammar__n128__os0__max_episode_steps5000__discountprimitive__ent_coef0.01__exp2,0830-172041__NetHackChallenge-v0__exp2,NetHackChallenge-v0,option,grammar,0,10000000,5000,0,0.999,primitive,exp2,128,82616.66167821216,32.71220657652742,20.803063679435613,36.48230917958256,median-range,5,9999273
0830-172041__NetHackChallenge-v0__exp2/NetHackChallenge-v0__option__grammar__n128__os0__max_episode_steps5000__discountprimitive__ent_coef0.01__exp2,0830-172041__NetHackChallenge-v0__exp2,NetHackChallenge-v0,option,grammar,0,10000000,5000,0,0.999,primitive,exp2,128,86043.75279231922,32.471088612538786,20.40429332296262,36.61040744283007,median-range,5,9999273
0830-172041__NetHackChallenge-v0__exp2/NetHackChallenge-v0__option__grammar__n128__os0__max_episode_steps5000__discountprimitive__ent_coef0.01__exp2,0830-172041__NetHackChallenge-v0__exp2,NetHackChallenge-v0,option,grammar,0,10000000,5000,0,0.999,primitive,exp2,128,89613.00595056883,33.31872407237665,20.448847769918732,35.34398450564759,median-range,5,9999273
0830-172041__NetHackChallenge-v0__exp2/NetHackChallenge-v0__option__grammar__n128__os0__max_episode_steps5000__discountprimitive__ent_coef0.01__exp2,0830-172041__NetHackChallenge-v0__exp2,NetHackChallenge-v0,option,grammar,0,10000000,5000,0,0.999,primitive,exp2,128,93330.3182960834,33.22068675768884,22.622122125996558,34.91142875862928,median-range,5,9999273
0830-172041__NetHackChallenge-v0__exp2/NetHackChallenge-v0__option__grammar__n128__os0__max_episode_steps5000__discountprimitive__ent_coef0.01__exp2,0830-172041__NetHackChallenge-v0__exp2,NetHackChallenge-v0,option,grammar,0,10000000,5000,0,0.999,primitive,exp2,128,97201.83159633145,32.76704437490392,23.55888305020528,34.95399143097818,median-range,5,9999273
0830-172041__NetHackChallenge-v0__exp2/NetHackChallenge-v0__option__grammar__n128__os0__max_episode_steps5000__discountprimitive__ent_coef0.01__exp2,0830-172041__NetHackChallenge-v0__exp2,NetHackChallenge-v0,option,grammar,0,10000000,5000,0,0.999,primitive,exp2,128,101233.94239059476,32.61552216844638,23.866659997663202,34.398862325132754,median-range,5,9999273
0830-172041__NetHackChallenge-v0__exp2/NetHackChallenge-v0__option__grammar__n128__os0__max_episode_steps5000__discountprimitive__ent_coef0.01__exp2,0830-172041__NetHackChallenge-v0__exp2,NetHackChallenge-v0,option,grammar,0,10000000,5000,0,0.999,primitive,exp2,128,105433.31255837205,33.101847699998174,25.282479607329947,34.9726240303144,median-range,5,9999273
0830-172041__NetHackChallenge-v0__exp2/NetHackChallenge-v0__option__grammar__n128__os0__max_episode_steps5000__discountprimitive__ent_coef0.01__exp2,0830-172041__NetHackChallenge-v0__exp2,NetHackChallenge-v0,option,grammar,0,10000000,5000,0,0.999,primitive,exp2,128,109806.88032617958,33.95879087983362,25.326418208126245,35.30963676306357,median-range,5,9999273
0830-172041__NetHackChallenge-v0__exp2/NetHackChallenge-v0__option__grammar__n128__os0__max_episode_steps5000__discountprimitive__ent_coef0.01__exp2,0830-172041__NetHackChallenge-v0__exp2,NetHackChallenge-v0,option,grammar,0,10000000,5000,0,0.999,primitive,exp2,128,114361.8717309329,33.54637800543527,26.10740415733459,34.91645207606651,median-range,5,9999273
0830-172041__NetHackChallenge-v0__exp2/NetHackChallenge-v0__option__grammar__n128__os0__max_episode_steps5000__discountprimitive__ent_coef0.01__exp2,0830-172041__NetHackChallenge-v0__exp2,NetHackChallenge-v0,option,grammar,0,10000000,5000,0,0.999,primitive,exp2,128,119105.812558853,33.09834205536928,26.15497390906705,34.01089556611056,median-range,5,9999273
0830-172041__NetHackChallenge-v0__exp2/NetHackChallenge-v0__option__grammar__n128__os0__max_episode_steps5000__discountprimitive__ent_coef0.01__exp2,0830-172041__NetHackChallenge-v0__exp2,NetHackChallenge-v0,option,grammar,0,10000000,5000,0,0.999,primitive,exp2,128,124046.54077961812,32.613162750063765,26.30491795279142,34.0787475807767,median-range,5,9999273
0830-172041__NetHackChallenge-v0__exp2/NetHackChallenge-v0__option__grammar__n128__os0__max_episode_steps5000__discountprimitive__ent_coef0.01__exp2,0830-172041__NetHackChallenge-v0__exp2,NetHackChallenge-v0,option,grammar,0,10000000,5000,0,0.999,primitive,exp2,128,129192.21949630805,33.46519137503486,27.02325614365283,34.54786218498537,median-range,5,9999273
0830-172041__NetHackChallenge-v0__exp2/NetHackChallenge-v0__option__grammar__n128__os0__max_episode_steps5000__discountprimitive__ent_coef0.01__exp2,0830-172041__NetHackChallenge-v0__exp2,NetHackChallenge-v0,option,grammar,0,10000000,5000,0,0.999,primitive,exp2,128,134551.35043253578,33.08547728013087,26.909984346034705,34.04356027025245,median-range,5,9999273
0830-172041__NetHackChallenge-v0__exp2/NetHackChallenge-v0__option__grammar__n128__os0__max_episode_steps5000__discountprimitive__ent_coef0.01__exp2,0830-172041__NetHackChallenge-v0__exp2,NetHackChallenge-v0,option,grammar,0,10000000,5000,0,0.999,primitive,exp2,128,140132.7879790502,32.18104133156105,26.93303104472486,33.238461343883216,median-range,5,9999273
0830-172041__NetHackChallenge-v0__exp2/NetHackChallenge-v0__option__grammar__n128__os0__max_episode_steps5000__discountprimitive__ent_coef0.01__exp2,0830-172041__NetHackChallenge-v0__exp2,NetHackChallenge-v0,option,grammar,0,10000000,5000,0,0.999,primitive,exp2,128,145945.75382301753,31.552444821083146,27.27691567772028,33.45,median-range,5,9999273
0830-172041__NetHackChallenge-v0__exp2/NetHackChallenge-v0__option__grammar__n128__os0__max_episode_steps5000__discountprimitive__ent_coef0.01__exp2,0830-172041__NetHackChallenge-v0__exp2,NetHackChallenge-v0,option,grammar,0,10000000,5000,0,0.999,primitive,exp2,128,151999.85218415267,30.372759770132962,28.648823723860378,33.65622486380317,median-range,5,9999273
0830-172041__NetHackChallenge-v0__exp2/NetHackChallenge-v0__option__grammar__n128__os0__max_episode_steps5000__discountprimitive__ent_coef0.01__exp2,0830-172041__NetHackChallenge-v0__exp2,NetHackChallenge-v0,option,grammar,0,10000000,5000,0,0.999,primitive,exp2,128,158305.0856828732,30.579157779385888,27.86683506298005,33.55,median-range,5,9999273
0830-172041__NetHackChallenge-v0__exp2/NetHackChallenge-v0__option__grammar__n128__os0__max_episode_steps5000__discountprimitive__ent_coef0.01__exp2,0830-172041__NetHackChallenge-v0__exp2,NetHackChallenge-v0,option,grammar,0,10000000,5000,0,0.999,primitive,exp2,128,164871.8718666922,31.528740530747598,28.368303170478907,33.91431151564719,median-range,5,9999273
0830-172041__NetHackChallenge-v0__exp2/NetHackChallenge-v0__option__grammar__n128__os0__max_episode_steps5000__discountprimitive__ent_coef0.01__exp2,0830-172041__NetHackChallenge-v0__exp2,NetHackChallenge-v0,option,grammar,0,10000000,5000,0,0.999,primitive,exp2,128,171711.06042215947,31.660343312611527,28.78476994058461,33.2849667491909,median-range,5,9999273
0830-172041__NetHackChallenge-v0__exp2/NetHackChallenge-v0__option__grammar__n128__os0__max_episode_steps5000__discountprimitive__ent_coef0.01__exp2,0830-172041__NetHackChallenge-v0__exp2,NetHackChallenge-v0,option,grammar,0,10000000,5000,0,0.999,primitive,exp2,128,178833.95110078243,31.978549201965443,28.89125969332443,33.11333258256864,median-range,5,9999273
0830-172041__NetHackChallenge-v0__exp2/NetHackChallenge-v0__option__grammar__n128__os0__max_episode_steps5000__discountprimitive__ent_coef0.01__exp2,0830-172041__NetHackChallenge-v0__exp2,NetHackChallenge-v0,option,grammar,0,10000000,5000,0,0.999,primitive,exp2,128,186252.3123885493,33.31,29.659036680209347,33.97991354406903,median-range,5,9999273
0830-172041__NetHackChallenge-v0__exp2/NetHackChallenge-v0__option__grammar__n128__os0__max_episode_steps5000__discountprimitive__ent_coef0.01__exp2,0830-172041__NetHackChallenge-v0__exp2,NetHackChallenge-v0,option,grammar,0,10000000,5000,0,0.999,primitive,exp2,128,193978.40094989608,32.137774636753036,29.95741120735042,35.14819793687827,median-range,5,9999273
0830-172041__NetHackChallenge-v0__exp2/NetHackChallenge-v0__option__grammar__n128__os0__max_episode_steps5000__discountprimitive__ent_coef0.01__exp2,0830-172041__NetHackChallenge-v0__exp2,NetHackChallenge-v0,option,grammar,0,10000000,5000,0,0.999,primitive,exp2,128,202024.981878249,33.20366370668157,29.06679763704579,34.699515293488346,median-range,5,9999273
0830-172041__NetHackChallenge-v0__exp2/NetHackChallenge-v0__option__grammar__n128__os0__max_episode_steps5000__discountprimitive__ent_coef0.01__exp2,0830-172041__NetHackChallenge-v0__exp2,NetHackChallenge-v0,option,grammar,0,10000000,5000,0,0.999,primitive,exp2,128,210405.34978659282,34.12027112985967,29.01307522089069,36.8072978218113,median-range,5,9999273
0830-172041__NetHackChallenge-v0__exp2/NetHackChallenge-v0__option__grammar__n128__os0__max_episode_steps5000__discountprimitive__ent_coef0.01__exp2,0830-172041__NetHackChallenge-v0__exp2,NetHackChallenge-v0,option,grammar,0,10000000,5000,0,0.999,primitive,exp2,128,219133.3507729167,32.49757289070541,28.308621563248295,35.36836661719668,median-range,5,9999273
0830-172041__NetHackChallenge-v0__exp2/NetHackChallenge-v0__option__grammar__n128__os0__max_episode_steps5000__discountprimitive__ent_coef0.01__exp2,0830-172041__NetHackChallenge-v0__exp2,NetHackChallenge-v0,option,grammar,0,10000000,5000,0,0.999,primitive,exp2,128,228223.40529682665,32.68135132863113,28.565806810598147,33.86519730743725,median-range,5,9999273
0830-172041__NetHackChallenge-v0__exp2/NetHackChallenge-v0__option__grammar__n128__os0__max_episode_steps5000__discountprimitive__ent_coef0.01__exp2,0830-172041__NetHackChallenge-v0__exp2,NetHackChallenge-v0,option,grammar,0,10000000,5000,0,0.999,primitive,exp2,128,237690.53200512208,31.486701296575273,29.101234609007733,33.966112124514304,median-range,5,9999273
0830-172041__NetHackChallenge-v0__exp2/NetHackChallenge-v0__option__grammar__n128__os0__max_episode_steps5000__discountprimitive__ent_coef0.01__exp2,0830-172041__NetHackChallenge-v0__exp2,NetHackChallenge-v0,option,grammar,0,10000000,5000,0,0.999,primitive,exp2,128,247550.37254570107,31.754999864685125,29.14601839569218,34.69368320765681,median-range,5,9999273
0830-172041__NetHackChallenge-v0__exp2/NetHackChallenge-v0__option__grammar__n128__os0__max_episode_steps5000__discountprimitive__ent_coef0.01__exp2,0830-172041__NetHackChallenge-v0__exp2,NetHackChallenge-v0,option,grammar,0,10000000,5000,0,0.999,primitive,exp2,128,257819.21741079204,34.84607285287794,27.82987764680998,35.74839719558029,median-range,5,9999273
0830-172041__NetHackChallenge-v0__exp2/NetHackChallenge-v0__option__grammar__n128__os0__max_episode_steps5000__discountprimitive__ent_coef0.01__exp2,0830-172041__NetHackChallenge-v0__exp2,NetHackChallenge-v0,option,grammar,0,10000000,5000,0,0.999,primitive,exp2,128,268514.03285221074,35.09256510109029,27.904091554809682,38.46142225330845,median-range,5,9999273
0830-172041__NetHackChallenge-v0__exp2/NetHackChallenge-v0__option__grammar__n128__os0__max_episode_steps5000__discountprimitive__ent_coef0.01__exp2,0830-172041__NetHackChallenge-v0__exp2,NetHackChallenge-v0,option,grammar,0,10000000,5000,0,0.999,primitive,exp2,128,279652.48891310906,34.36,27.230504097136368,39.72996509366709,median-range,5,9999273
0830-172041__NetHackChallenge-v0__exp2/NetHackChallenge-v0__option__grammar__n128__os0__max_episode_steps5000__discountprimitive__ent_coef0.01__exp2,0830-172041__NetHackChallenge-v0__exp2,NetHackChallenge-v0,option,grammar,0,10000000,5000,0,0.999,primitive,exp2,128,291252.9886225374,35.87246394938691,26.043919631895093,40.706990189819905,median-range,5,9999273
0830-172041__NetHackChallenge-v0__exp2/NetHackChallenge-v0__option__grammar__n128__os0__max_episode_steps5000__discountprimitive__ent_coef0.01__exp2,0830-172041__NetHackChallenge-v0__exp2,NetHackChallenge-v0,option,grammar,0,10000000,5000,0,0.999,primitive,exp2,128,303334.6984010464,34.87724982620069,26.006257082246705,40.18341681580087,median-range,5,9999273
0830-172041__NetHackChallenge-v0__exp2/NetHackChallenge-v0__option__grammar__n128__os0__max_episode_steps5000__discountprimitive__ent_coef0.01__exp2,0830-172041__NetHackChallenge-v0__exp2,NetHackChallenge-v0,option,grammar,0,10000000,5000,0,0.999,primitive,exp2,128,315917.57972757163,33.46960812719272,26.470331517209573,39.81456413844353,median-range,5,9999273
0830-172041__NetHackChallenge-v0__exp2/NetHackChallenge-v0__option__grammar__n128__os0__max_episode_steps5000__discountprimitive__ent_coef0.01__exp2,0830-172041__NetHackChallenge-v0__exp2,NetHackChallenge-v0,option,grammar,0,10000000,5000,0,0.999,primitive,exp2,128,329022.42211991554,33.797830847357844,27.08,39.29470949783143,median-range,5,9999273
0830-172041__NetHackChallenge-v0__exp2/NetHackChallenge-v0__option__grammar__n128__os0__max_episode_steps5000__discountprimitive__ent_coef0.01__exp2,0830-172041__NetHackChallenge-v0__exp2,NetHackChallenge-v0,option,grammar,0,10000000,5000,0,0.999,primitive,exp2,128,342670.87748332706,33.15608012276769,28.39727696806759,41.43587248165466,median-range,5,9999273
0830-172041__NetHackChallenge-v0__exp2/NetHackChallenge-v0__option__grammar__n128__os0__max_episode_steps5000__discountprimitive__ent_coef0.01__exp2,0830-172041__NetHackChallenge-v0__exp2,NetHackChallenge-v0,option,grammar,0,10000000,5000,0,0.999,primitive,exp2,128,356885.49588391645,35.571353818568156,27.11409733912237,44.0579133538266,median-range,5,9999273
0830-172041__NetHackChallenge-v0__exp2/NetHackChallenge-v0__option__grammar__n128__os0__max_episode_steps5000__discountprimitive__ent_coef0.01__exp2,0830-172041__NetHackChallenge-v0__exp2,NetHackChallenge-v0,option,grammar,0,10000000,5000,0,0.999,primitive,exp2,128,371689.7628060211,33.66,26.45932232782353,43.420362862301175,median-range,5,9999273
0830-172041__NetHackChallenge-v0__exp2/NetHackChallenge-v0__option__grammar__n128__os0__max_episode_steps5000__discountprimitive__ent_coef0.01__exp2,0830-172041__NetHackChallenge-v0__exp2,NetHackChallenge-v0,option,grammar,0,10000000,5000,0,0.999,primitive,exp2,128,387108.1379550742,31.638652517428287,26.847666875421407,41.64381029609524,median-range,5,9999273
0830-172041__NetHackChallenge-v0__exp2/NetHackChallenge-v0__option__grammar__n128__os0__max_episode_steps5000__discountprimitive__ent_coef0.01__exp2,0830-172041__NetHackChallenge-v0__exp2,NetHackChallenge-v0,option,grammar,0,10000000,5000,0,0.999,primitive,exp2,128,403166.0956700885,33.413039464270476,27.724691784159536,41.81083498448613,median-range,5,9999273
0830-172041__NetHackChallenge-v0__exp2/NetHackChallenge-v0__option__grammar__n128__os0__max_episode_steps5000__discountprimitive__ent_coef0.01__exp2,0830-172041__NetHackChallenge-v0__exp2,NetHackChallenge-v0,option,grammar,0,10000000,5000,0,0.999,primitive,exp2,128,419890.16701252304,32.5653302749214,28.589592839888454,44.798464513876596,median-range,5,9999273
0830-172041__NetHackChallenge-v0__exp2/NetHackChallenge-v0__option__grammar__n128__os0__max_episode_steps5000__discountprimitive__ent_coef0.01__exp2,0830-172041__NetHackChallenge-v0__exp2,NetHackChallenge-v0,option,grammar,0,10000000,5000,0,0.999,primitive,exp2,128,437307.983601075,35.05983877579518,28.92,43.814047131321765,median-range,5,9999273
0830-172041__NetHackChallenge-v0__exp2/NetHackChallenge-v0__option__grammar__n128__os0__max_episode_steps5000__discountprimitive__ent_coef0.01__exp2,0830-172041__NetHackChallenge-v0__exp2,NetHackChallenge-v0,option,grammar,0,10000000,5000,0,0.999,primitive,exp2,128,455448.3232648182,34.38088520082394,29.144070853269962,41.56388833638648,median-range,5,9999273
0830-172041__NetHackChallenge-v0__exp2/NetHackChallenge-v0__option__grammar__n128__os0__max_episode_steps5000__discountprimitive__ent_coef0.01__exp2,0830-172041__NetHackChallenge-v0__exp2,NetHackChallenge-v0,option,grammar,0,10000000,5000,0,0.999,primitive,exp2,128,474341.15759011917,34.08129243811071,33.439648922649816,40.24253757484667,median-range,5,9999273
0830-172041__NetHackChallenge-v0__exp2/NetHackChallenge-v0__option__grammar__n128__os0__max_episode_steps5000__discountprimitive__ent_coef0.01__exp2,0830-172041__NetHackChallenge-v0__exp2,NetHackChallenge-v0,option,grammar,0,10000000,5000,0,0.999,primitive,exp2,128,494017.70143988193,37.04850419252426,35.49497151760853,40.32261903215865,median-range,5,9999273
0830-172041__NetHackChallenge-v0__exp2/NetHackChallenge-v0__option__grammar__n128__os0__max_episode_steps5000__discountprimitive__ent_coef0.01__exp2,0830-172041__NetHackChallenge-v0__exp2,NetHackChallenge-v0,option,grammar,0,10000000,5000,0,0.999,primitive,exp2,128,514510.46452695195,36.51725274188578,35.08104024214807,40.25538551608626,median-range,5,9999273
0830-172041__NetHackChallenge-v0__exp2/NetHackChallenge-v0__option__grammar__n128__os0__max_episode_steps5000__discountprimitive__ent_coef0.01__exp2,0830-172041__NetHackChallenge-v0__exp2,NetHackChallenge-v0,option,grammar,0,10000000,5000,0,0.999,primitive,exp2,128,535853.3051268709,37.605709469528826,34.03576550327581,43.94913452264873,median-range,5,9999273
0830-172041__NetHackChallenge-v0__exp2/NetHackChallenge-v0__option__grammar__n128__os0__max_episode_steps5000__discountprimitive__ent_coef0.01__exp2,0830-172041__NetHackChallenge-v0__exp2,NetHackChallenge-v0,option,grammar,0,10000000,5000,0,0.999,primitive,exp2,128,558081.4860187345,38.901041523255,36.978377226343056,46.83818341642552,median-range,5,9999273
0830-172041__NetHackChallenge-v0__exp2/NetHackChallenge-v0__option__grammar__n128__os0__max_episode_steps5000__discountprimitive__ent_coef0.01__exp2,0830-172041__NetHackChallenge-v0__exp2,NetHackChallenge-v0,option,grammar,0,10000000,5000,0,0.999,primitive,exp2,128,581231.7327465912,41.859636825186094,36.69018700284545,46.60518418452072,median-range,5,9999273
0830-172041__NetHackChallenge-v0__exp2/NetHackChallenge-v0__option__grammar__n128__os0__max_episode_steps5000__discountprimitive__ent_coef0.01__exp2,0830-172041__NetHackChallenge-v0__exp2,NetHackChallenge-v0,option,grammar,0,10000000,5000,0,0.999,primitive,exp2,128,605342.2942976181,39.40904721607426,34.8388776906918,43.771007356345045,median-range,5,9999273
0830-172041__NetHackChallenge-v0__exp2/NetHackChallenge-v0__option__grammar__n128__os0__max_episode_steps5000__discountprimitive__ent_coef0.01__exp2,0830-172041__NetHackChallenge-v0__exp2,NetHackChallenge-v0,option,grammar,0,10000000,5000,0,0.999,primitive,exp2,128,630453.0062973461,43.69754383299053,37.987749179847,44.680910522124115,median-range,5,9999273
0830-172041__NetHackChallenge-v0__exp2/NetHackChallenge-v0__option__grammar__n128__os0__max_episode_steps5000__discountprimitive__ent_coef0.01__exp2,0830-172041__NetHackChallenge-v0__exp2,NetHackChallenge-v0,option,grammar,0,10000000,5000,0,0.999,primitive,exp2,128,656605.3568263379,39.23173016714326,36.36123563138687,46.00859918990948,median-range,5,9999273
0830-172041__NetHackChallenge-v0__exp2/NetHackChallenge-v0__option__grammar__n128__os0__max_episode_steps5000__discountprimitive__ent_coef0.01__exp2,0830-172041__NetHackChallenge-v0__exp2,NetHackChallenge-v0,option,grammar,0,10000000,5000,0,0.999,primitive,exp2,128,683842.5549670621,41.005009553977835,35.02339890747624,49.39628013738464,median-range,5,9999273
0830-172041__NetHackChallenge-v0__exp2/NetHackChallenge-v0__option__grammar__n128__os0__max_episode_steps5000__discountprimitive__ent_coef0.01__exp2,0830-172041__NetHackChallenge-v0__exp2,NetHackChallenge-v0,option,grammar,0,10000000,5000,0,0.999,primitive,exp2,128,712209.602194219,39.87980417263005,37.14414477257051,47.91462470216969,median-range,5,9999273
0830-172041__NetHackChallenge-v0__exp2/NetHackChallenge-v0__option__grammar__n128__os0__max_episode_steps5000__discountprimitive__ent_coef0.01__exp2,0830-172041__NetHackChallenge-v0__exp2,NetHackChallenge-v0,option,grammar,0,10000000,5000,0,0.999,primitive,exp2,128,741753.3667264675,40.337176378553536,38.02958927119451,42.47989794079038,median-range,5,9999273
0830-172041__NetHackChallenge-v0__exp2/NetHackChallenge-v0__option__grammar__n128__os0__max_episode_steps5000__discountprimitive__ent_coef0.01__exp2,0830-172041__NetHackChallenge-v0__exp2,NetHackChallenge-v0,option,grammar,0,10000000,5000,0,0.999,primitive,exp2,128,772522.6609623985,38.762701553712745,37.761482213888186,46.6030992435439,median-range,5,9999273
0830-172041__NetHackChallenge-v0__exp2/NetHackChallenge-v0__option__grammar__n128__os0__max_episode_steps5000__discountprimitive__ent_coef0.01__exp2,0830-172041__NetHackChallenge-v0__exp2,NetHackChallenge-v0,option,grammar,0,10000000,5000,0,0.999,primitive,exp2,128,804568.3221286972,41.96,36.142833741067925,46.281242932876786,median-range,5,9999273
0830-172041__NetHackChallenge-v0__exp2/NetHackChallenge-v0__option__grammar__n128__os0__max_episode_steps5000__discountprimitive__ent_coef0.01__exp2,0830-172041__NetHackChallenge-v0__exp2,NetHackChallenge-v0,option,grammar,0,10000000,5000,0,0.999,primitive,exp2,128,837943.2962737305,43.25348263536526,42.145746561344254,48.69862458949755,median-range,5,9999273
0830-172041__NetHackChallenge-v0__exp2/NetHackChallenge-v0__option__grammar__n128__os0__max_episode_steps5000__discountprimitive__ent_coef0.01__exp2,0830-172041__NetHackChallenge-v0__exp2,NetHackChallenge-v0,option,grammar,0,10000000,5000,0,0.999,primitive,exp2,128,872702.72574536,47.461558835163736,43.1402710526984,51.77983878799998,median-range,5,9999273
0830-172041__NetHackChallenge-v0__exp2/NetHackChallenge-v0__option__grammar__n128__os0__max_episode_steps5000__discountprimitive__ent_coef0.01__exp2,0830-172041__NetHackChallenge-v0__exp2,NetHackChallenge-v0,option,grammar,0,10000000,5000,0,0.999,primitive,exp2,128,908904.0402974806,46.552873590808424,43.35046040038251,51.22470892350367,median-range,5,9999273
0830-172041__NetHackChallenge-v0__exp2/NetHackChallenge-v0__option__grammar__n128__os0__max_episode_steps5000__discountprimitive__ent_coef0.01__exp2,0830-172041__NetHackChallenge-v0__exp2,NetHackChallenge-v0,option,grammar,0,10000000,5000,0,0.999,primitive,exp2,128,946607.0519758257,46.947836707496634,43.81272638049503,47.4108667033621,median-range,5,9999273
0830-172041__NetHackChallenge-v0__exp2/NetHackChallenge-v0__option__grammar__n128__os0__max_episode_steps5000__discountprimitive__ent_coef0.01__exp2,0830-172041__NetHackChallenge-v0__exp2,NetHackChallenge-v0,option,grammar,0,10000000,5000,0,0.999,primitive,exp2,128,985874.0539398252,44.9392587515792,43.148798180408654,50.33954568038917,median-range,5,9999273
0830-172041__NetHackChallenge-v0__exp2/NetHackChallenge-v0__option__grammar__n128__os0__max_episode_steps5000__discountprimitive__ent_coef0.01__exp2,0830-172041__NetHackChallenge-v0__exp2,NetHackChallenge-v0,option,grammar,0,10000000,5000,0,0.999,primitive,exp2,128,1026769.9233837599,45.53853799328447,40.870042748721914,60.30886793576142,median-range,5,9999273
0830-172041__NetHackChallenge-v0__exp2/NetHackChallenge-v0__option__grammar__n128__os0__max_episode_steps5000__discountprimitive__ent_coef0.01__exp2,0830-172041__NetHackChallenge-v0__exp2,NetHackChallenge-v0,option,grammar,0,10000000,5000,0,0.999,primitive,exp2,128,1069362.228727282,49.16555842239246,43.80784291356652,57.77327050309185,median-range,5,9999273
0830-172041__NetHackChallenge-v0__exp2/NetHackChallenge-v0__option__grammar__n128__os0__max_episode_steps5000__discountprimitive__ent_coef0.01__exp2,0830-172041__NetHackChallenge-v0__exp2,NetHackChallenge-v0,option,grammar,0,10000000,5000,0,0.999,primitive,exp2,128,1113721.341252395,50.49265220240592,42.70912921892202,56.12,median-range,5,9999273
0830-172041__NetHackChallenge-v0__exp2/NetHackChallenge-v0__option__grammar__n128__os0__max_episode_steps5000__discountprimitive__ent_coef0.01__exp2,0830-172041__NetHackChallenge-v0__exp2,NetHackChallenge-v0,option,grammar,0,10000000,5000,0,0.999,primitive,exp2,128,1159920.5513713397,51.76156830529593,41.155517793302906,52.418703125986475,median-range,5,9999273
0830-172041__NetHackChallenge-v0__exp2/NetHackChallenge-v0__option__grammar__n128__os0__max_episode_steps5000__discountprimitive__ent_coef0.01__exp2,0830-172041__NetHackChallenge-v0__exp2,NetHackChallenge-v0,option,grammar,0,10000000,5000,0,0.999,primitive,exp2,128,1208036.1897174872,44.91448758746512,42.74728511679295,61.274934532242376,median-range,5,9999273
0830-172041__NetHackChallenge-v0__exp2/NetHackChallenge-v0__option__grammar__n128__os0__max_episode_steps5000__discountprimitive__ent_coef0.01__exp2,0830-172041__NetHackChallenge-v0__exp2,NetHackChallenge-v0,option,grammar,0,10000000,5000,0,0.999,primitive,exp2,128,1258147.7532593047,47.77232097152608,44.33650061066083,53.62981801773642,median-range,5,9999273
0830-172041__NetHackChallenge-v0__exp2/NetHackChallenge-v0__option__grammar__n128__os0__max_episode_steps5000__discountprimitive__ent_coef0.01__exp2,0830-172041__NetHackChallenge-v0__exp2,NetHackChallenge-v0,option,grammar,0,10000000,5000,0,0.999,primitive,exp2,128,1310338.0366457594,51.60376710151432,48.98201676499314,53.733701990060545,median-range,5,9999273
0830-172041__NetHackChallenge-v0__exp2/NetHackChallenge-v0__option__grammar__n128__os0__max_episode_steps5000__discountprimitive__ent_coef0.01__exp2,0830-172041__NetHackChallenge-v0__exp2,NetHackChallenge-v0,option,grammar,0,10000000,5000,0,0.999,primitive,exp2,128,1364693.2690001754,52.04101947485849,47.53069559230144,58.55232838462887,median-range,5,9999273
0830-172041__NetHackChallenge-v0__exp2/NetHackChallenge-v0__option__grammar__n128__os0__max_episode_steps5000__discountprimitive__ent_coef0.01__exp2,0830-172041__NetHackChallenge-v0__exp2,NetHackChallenge-v0,option,grammar,0,10000000,5000,0,0.999,primitive,exp2,128,1421303.2563885383,53.80013093895517,49.68836424396089,56.329314431338176,median-range,5,9999273
0830-172041__NetHackChallenge-v0__exp2/NetHackChallenge-v0__option__grammar__n128__os0__max_episode_steps5000__discountprimitive__ent_coef0.01__exp2,0830-172041__NetHackChallenge-v0__exp2,NetHackChallenge-v0,option,grammar,0,10000000,5000,0,0.999,primitive,exp2,128,1480261.530197672,53.291604499114996,50.76,61.28985587872312,median-range,5,9999273
0830-172041__NetHackChallenge-v0__exp2/NetHackChallenge-v0__option__grammar__n128__os0__max_episode_steps5000__discountprimitive__ent_coef0.01__exp2,0830-172041__NetHackChallenge-v0__exp2,NetHackChallenge-v0,option,grammar,0,10000000,5000,0,0.999,primitive,exp2,128,1541665.501668394,50.997397320099864,48.31160460530171,61.562864044767274,median-range,5,9999273
0830-172041__NetHackChallenge-v0__exp2/NetHackChallenge-v0__option__grammar__n128__os0__max_episode_steps5000__discountprimitive__ent_coef0.01__exp2,0830-172041__NetHackChallenge-v0__exp2,NetHackChallenge-v0,option,grammar,0,10000000,5000,0,0.999,primitive,exp2,128,1605616.6228389863,50.844689252398865,49.073902684633374,59.332479634326404,median-range,5,9999273
0830-172041__NetHackChallenge-v0__exp2/NetHackChallenge-v0__option__grammar__n128__os0__max_episode_steps5000__discountprimitive__ent_coef0.01__exp2,0830-172041__NetHackChallenge-v0__exp2,NetHackChallenge-v0,option,grammar,0,10000000,5000,0,0.999,primitive,exp2,128,1672220.5541649268,57.641145800621395,51.23659520578137,66.46512533622204,median-range,5,9999273
0830-172041__NetHackChallenge-v0__exp2/NetHackChallenge-v0__option__grammar__n128__os0__max_episode_steps5000__discountprimitive__ent_coef0.01__exp2,0830-172041__NetHackChallenge-v0__exp2,NetHackChallenge-v0,option,grammar,0,10000000,5000,0,0.999,primitive,exp2,128,1741587.3390917638,54.362640588833415,52.00687903847252,60.471605253542556,median-range,5,9999273
0830-172041__NetHackChallenge-v0__exp2/NetHackChallenge-v0__option__grammar__n128__os0__max_episode_steps5000__discountprimitive__ent_coef0.01__exp2,0830-172041__NetHackChallenge-v0__exp2,NetHackChallenge-v0,option,grammar,0,10000000,5000,0,0.999,primitive,exp2,128,1813831.5858696122,53.73961424004432,44.02680601279603,62.01807805462199,median-range,5,9999273
0830-172041__NetHackChallenge-v0__exp2/NetHackChallenge-v0__option__grammar__n128__os0__max_episode_steps5000__discountprimitive__ent_coef0.01__exp2,0830-172041__NetHackChallenge-v0__exp2,NetHackChallenge-v0,option,grammar,0,10000000,5000,0,0.999,primitive,exp2,128,1889072.656909642,54.6601225322707,44.72891296208215,58.25983989452312,median-range,5,9999273
0830-172041__NetHackChallenge-v0__exp2/NetHackChallenge-v0__option__grammar__n128__os0__max_episode_steps5000__discountprimitive__ent_coef0.01__exp2,0830-172041__NetHackChallenge-v0__exp2,NetHackChallenge-v0,option,grammar,0,10000000,5000,0,0.999,primitive,exp2,128,1967434.8659954276,59.489326938964425,52.92303884249794,64.00339795728124,median-range,5,9999273
0830-172041__NetHackChallenge-v0__exp2/NetHackChallenge-v0__option__grammar__n128__os0__max_episode_steps5000__discountprimitive__ent_coef0.01__exp2,0830-172041__NetHackChallenge-v0__exp2,NetHackChallenge-v0,option,grammar,0,10000000,5000,0,0.999,primitive,exp2,128,2049047.683674982,62.07511364340201,51.37842106406872,67.06017817559994,median-range,5,9999273
0830-172041__NetHackChallenge-v0__exp2/NetHackChallenge-v0__option__grammar__n128__os0__max_episode_steps5000__discountprimitive__ent_coef0.01__exp2,0830-172041__NetHackChallenge-v0__exp2,NetHackChallenge-v0,option,grammar,0,10000000,5000,0,0.999,primitive,exp2,128,2134045.951172834,58.80605115376421,51.72240684610057,63.41205149333748,median-range,5,9999273
0830-172041__NetHackChallenge-v0__exp2/NetHackChallenge-v0__option__grammar__n128__os0__max_episode_steps5000__discountprimitive__ent_coef0.01__exp2,0830-172041__NetHackChallenge-v0__exp2,NetHackChallenge-v0,option,grammar,0,10000000,5000,0,0.999,primitive,exp2,128,2222570.103175569,56.97698343710492,50.536393160313224,61.6622354959165,median-range,5,9999273
0830-172041__NetHackChallenge-v0__exp2/NetHackChallenge-v0__option__grammar__n128__os0__max_episode_steps5000__discountprimitive__ent_coef0.01__exp2,0830-172041__NetHackChallenge-v0__exp2,NetHackChallenge-v0,option,grammar,0,10000000,5000,0,0.999,primitive,exp2,128,2314766.399858931,60.41061169319124,50.070612681635296,61.854671269335164,median-range,5,9999273
0830-172041__NetHackChallenge-v0__exp2/NetHackChallenge-v0__option__grammar__n128__os0__max_episode_steps5000__discountprimitive__ent_coef0.01__exp2,0830-172041__NetHackChallenge-v0__exp2,NetHackChallenge-v0,option,grammar,0,10000000,5000,0,0.999,primitive,exp2,128,2410787.1685398114,55.845835460602,53.658141884344985,71.76382667864672,median-range,5,9999273
0830-172041__NetHackChallenge-v0__exp2/NetHackChallenge-v0__option__grammar__n128__os0__max_episode_steps5000__discountprimitive__ent_coef0.01__exp2,0830-172041__NetHackChallenge-v0__exp2,NetHackChallenge-v0,option,grammar,0,10000000,5000,0,0.999,primitive,exp2,128,2510791.0553524517,64.29,51.87,67.62489905620133,median-range,5,9999273
0830-172041__NetHackChallenge-v0__exp2/NetHackChallenge-v0__option__grammar__n128__os0__max_episode_steps5000__discountprimitive__ent_coef0.01__exp2,0830-172041__NetHackChallenge-v0__exp2,NetHackChallenge-v0,option,grammar,0,10000000,5000,0,0.999,primitive,exp2,128,2614943.2873646,64.10849885348401,48.182047722431136,65.79570778660198,median-range,5,9999273
0830-172041__NetHackChallenge-v0__exp2/NetHackChallenge-v0__option__grammar__n128__os0__max_episode_steps5000__discountprimitive__ent_coef0.01__exp2,0830-172041__NetHackChallenge-v0__exp2,NetHackChallenge-v0,option,grammar,0,10000000,5000,0,0.999,primitive,exp2,128,2723415.9455667236,60.75208490302512,49.695045830537936,67.5391850523932,median-range,5,9999273
0830-172041__NetHackChallenge-v0__exp2/NetHackChallenge-v0__option__grammar__n128__os0__max_episode_steps5000__discountprimitive__ent_coef0.01__exp2,0830-172041__NetHackChallenge-v0__exp2,NetHackChallenge-v0,option,grammar,0,10000000,5000,0,0.999,primitive,exp2,128,2836388.2491853605,61.0801887700665,46.46998245725583,72.85616364267442,median-range,5,9999273
0830-172041__NetHackChallenge-v0__exp2/NetHackChallenge-v0__option__grammar__n128__os0__max_episode_steps5000__discountprimitive__ent_coef0.01__exp2,0830-172041__NetHackChallenge-v0__exp2,NetHackChallenge-v0,option,grammar,0,10000000,5000,0,0.999,primitive,exp2,128,2954046.8517902684,68.10148805134948,45.07176802221804,69.1493385102241,median-range,5,9999273
0830-172041__NetHackChallenge-v0__exp2/NetHackChallenge-v0__option__grammar__n128__os0__max_episode_steps5000__discountprimitive__ent_coef0.01__exp2,0830-172041__NetHackChallenge-v0__exp2,NetHackChallenge-v0,option,grammar,0,10000000,5000,0,0.999,primitive,exp2,128,3076586.1496846573,65.71876008409139,49.70030220116628,81.32969498000101,median-range,5,9999273
0830-172041__NetHackChallenge-v0__exp2/NetHackChallenge-v0__option__grammar__n128__os0__max_episode_steps5000__discountprimitive__ent_coef0.01__exp2,0830-172041__NetHackChallenge-v0__exp2,NetHackChallenge-v0,option,grammar,0,10000000,5000,0,0.999,primitive,exp2,128,3204208.6030880217,63.65419948083464,51.59062925069723,75.21569472397992,median-range,5,9999273
0830-172041__NetHackChallenge-v0__exp2/NetHackChallenge-v0__option__grammar__n128__os0__max_episode_steps5000__discountprimitive__ent_coef0.01__exp2,0830-172041__NetHackChallenge-v0__exp2,NetHackChallenge-v0,option,grammar,0,10000000,5000,0,0.999,primitive,exp2,128,3337125.0706422217,66.70810265533615,51.8843612110747,76.13898068049492,median-range,5,9999273
0830-172041__NetHackChallenge-v0__exp2/NetHackChallenge-v0__option__grammar__n128__os0__max_episode_steps5000__discountprimitive__ent_coef0.01__exp2,0830-172041__NetHackChallenge-v0__exp2,NetHackChallenge-v0,option,grammar,0,10000000,5000,0,0.999,primitive,exp2,128,3475555.157793491,65.3872520463452,44.20946688516248,73.5601716916127,median-range,5,9999273
0830-172041__NetHackChallenge-v0__exp2/NetHackChallenge-v0__option__grammar__n128__os0__max_episode_steps5000__discountprimitive__ent_coef0.01__exp2,0830-172041__NetHackChallenge-v0__exp2,NetHackChallenge-v0,option,grammar,0,10000000,5000,0,0.999,primitive,exp2,128,3619727.579625978,64.17348878238188,50.576727502208165,74.34506039246091,median-range,5,9999273
0830-172041__NetHackChallenge-v0__exp2/NetHackChallenge-v0__option__grammar__n128__os0__max_episode_steps5000__discountprimitive__ent_coef0.01__exp2,0830-172041__NetHackChallenge-v0__exp2,NetHackChallenge-v0,option,grammar,0,10000000,5000,0,0.999,primitive,exp2,128,3769880.538746281,65.74639962409579,46.57280997305338,74.71475641623528,median-range,5,9999273
0830-172041__NetHackChallenge-v0__exp2/NetHackChallenge-v0__option__grammar__n128__os0__max_episode_steps5000__discountprimitive__ent_coef0.01__exp2,0830-172041__NetHackChallenge-v0__exp2,NetHackChallenge-v0,option,grammar,0,10000000,5000,0,0.999,primitive,exp2,128,3926262.118843343,68.55396770268149,55.632237759685346,79.49899050283909,median-range,5,9999273
0830-172041__NetHackChallenge-v0__exp2/NetHackChallenge-v0__option__grammar__n128__os0__max_episode_steps5000__discountprimitive__ent_coef0.01__exp2,0830-172041__NetHackChallenge-v0__exp2,NetHackChallenge-v0,option,grammar,0,10000000,5000,0,0.999,primitive,exp2,128,4089130.694573894,70.26887966168857,53.13793170723398,76.35634692812708,median-range,5,9999273
0830-172041__NetHackChallenge-v0__exp2/NetHackChallenge-v0__option__grammar__n128__os0__max_episode_steps5000__discountprimitive__ent_coef0.01__exp2,0830-172041__NetHackChallenge-v0__exp2,NetHackChallenge-v0,option,grammar,0,10000000,5000,0,0.999,primitive,exp2,128,4258755.358450774,73.98358138586303,54.64634493540231,85.41688821638951,median-range,5,9999273
0830-172041__NetHackChallenge-v0__exp2/NetHackChallenge-v0__option__grammar__n128__os0__max_episode_steps5000__discountprimitive__ent_coef0.01__exp2,0830-172041__NetHackChallenge-v0__exp2,NetHackChallenge-v0,option,grammar,0,10000000,5000,0,0.999,primitive,exp2,128,4435416.3654392995,77.1006804422742,57.515238749432605,90.42731662447684,median-range,5,9999273
0830-172041__NetHackChallenge-v0__exp2/NetHackChallenge-v0__option__grammar__n128__os0__max_episode_steps5000__discountprimitive__ent_coef0.01__exp2,0830-172041__NetHackChallenge-v0__exp2,NetHackChallenge-v0,option,grammar,0,10000000,5000,0,0.999,primitive,exp2,128,4619405.595996298,81.34382845157234,54.428972900704345,87.80407796804388,median-range,5,9999273
0830-172041__NetHackChallenge-v0__exp2/NetHackChallenge-v0__option__grammar__n128__os0__max_episode_steps5000__discountprimitive__ent_coef0.01__exp2,0830-172041__NetHackChallenge-v0__exp2,NetHackChallenge-v0,option,grammar,0,10000000,5000,0,0.999,primitive,exp2,128,4811027.038316938,74.0128157799861,57.596485059669014,81.36802894657076,median-range,5,9999273
0830-172041__NetHackChallenge-v0__exp2/NetHackChallenge-v0__option__grammar__n128__os0__max_episode_steps5000__discountprimitive__ent_coef0.01__exp2,0830-172041__NetHackChallenge-v0__exp2,NetHackChallenge-v0,option,grammar,0,10000000,5000,0,0.999,primitive,exp2,128,5010597.290585955,83.37478092700057,59.957251398820034,85.91733621837263,median-range,5,9999273
0830-172041__NetHackChallenge-v0__exp2/NetHackChallenge-v0__option__grammar__n128__os0__max_episode_steps5000__discountprimitive__ent_coef0.01__exp2,0830-172041__NetHackChallenge-v0__exp2,NetHackChallenge-v0,option,grammar,0,10000000,5000,0,0.999,primitive,exp2,128,5218446.084063224,78.10684124453084,67.65522851025187,96.16769023207293,median-range,5,9999273
0830-172041__NetHackChallenge-v0__exp2/NetHackChallenge-v0__option__grammar__n128__os0__max_episode_steps5000__discountprimitive__ent_coef0.01__exp2,0830-172041__NetHackChallenge-v0__exp2,NetHackChallenge-v0,option,grammar,0,10000000,5000,0,0.999,primitive,exp2,128,5434916.827867876,88.21875112778478,76.08758455756443,89.32140410186112,median-range,5,9999273
0830-172041__NetHackChallenge-v0__exp2/NetHackChallenge-v0__option__grammar__n128__os0__max_episode_steps5000__discountprimitive__ent_coef0.01__exp2,0830-172041__NetHackChallenge-v0__exp2,NetHackChallenge-v0,option,grammar,0,10000000,5000,0,0.999,primitive,exp2,128,5660367.176361066,83.09,79.24095615098895,86.66943038235033,median-range,5,9999273
0830-172041__NetHackChallenge-v0__exp2/NetHackChallenge-v0__option__grammar__n128__os0__max_episode_steps5000__discountprimitive__ent_coef0.01__exp2,0830-172041__NetHackChallenge-v0__exp2,NetHackChallenge-v0,option,grammar,0,10000000,5000,0,0.999,primitive,exp2,128,5895169.620064818,85.58363375026582,82.41915588301865,93.92512191511614,median-range,5,9999273
0830-172041__NetHackChallenge-v0__exp2/NetHackChallenge-v0__option__grammar__n128__os0__max_episode_steps5000__discountprimitive__ent_coef0.01__exp2,0830-172041__NetHackChallenge-v0__exp2,NetHackChallenge-v0,option,grammar,0,10000000,5000,0,0.999,primitive,exp2,128,6139712.101093269,88.78941987116193,87.63779046989217,94.21363738611474,median-range,5,9999273
0830-172041__NetHackChallenge-v0__exp2/NetHackChallenge-v0__option__grammar__n128__os0__max_episode_steps5000__discountprimitive__ent_coef0.01__exp2,0830-172041__NetHackChallenge-v0__exp2,NetHackChallenge-v0,option,grammar,0,10000000,5000,0,0.999,primitive,exp2,128,6394398.654113135,91.50160880768397,81.05902435860989,96.31317615604456,median-range,5,9999273
0830-172041__NetHackChallenge-v0__exp2/NetHackChallenge-v0__option__grammar__n128__os0__max_episode_steps5000__discountprimitive__ent_coef0.01__exp2,0830-172041__NetHackChallenge-v0__exp2,NetHackChallenge-v0,option,grammar,0,10000000,5000,0,0.999,primitive,exp2,128,6659650.073892418,95.44657090102811,88.78065663003235,99.7151532453272,median-range,5,9999273
0830-172041__NetHackChallenge-v0__exp2/NetHackChallenge-v0__option__grammar__n128__os0__max_episode_steps5000__discountprimitive__ent_coef0.01__exp2,0830-172041__NetHackChallenge-v0__exp2,NetHackChallenge-v0,option,grammar,0,10000000,5000,0,0.999,primitive,exp2,128,6935904.610540178,92.42327764743607,77.52819766480482,94.5991982939275,median-range,5,9999273
0830-172041__NetHackChallenge-v0__exp2/NetHackChallenge-v0__option__grammar__n128__os0__max_episode_steps5000__discountprimitive__ent_coef0.01__exp2,0830-172041__NetHackChallenge-v0__exp2,NetHackChallenge-v0,option,grammar,0,10000000,5000,0,0.999,primitive,exp2,128,7223618.693586275,97.83879448236779,78.22883210778306,99.34184490488059,median-range,5,9999273
0830-172041__NetHackChallenge-v0__exp2/NetHackChallenge-v0__option__grammar__n128__os0__max_episode_steps5000__discountprimitive__ent_coef0.01__exp2,0830-172041__NetHackChallenge-v0__exp2,NetHackChallenge-v0,option,grammar,0,10000000,5000,0,0.999,primitive,exp2,128,7523267.6860971395,89.79798222874884,84.84300523302025,108.40659139599576,median-range,5,9999273
0830-172041__NetHackChallenge-v0__exp2/NetHackChallenge-v0__option__grammar__n128__os0__max_episode_steps5000__discountprimitive__ent_coef0.01__exp2,0830-172041__NetHackChallenge-v0__exp2,NetHackChallenge-v0,option,grammar,0,10000000,5000,0,0.999,primitive,exp2,128,7835346.670073724,96.44622464017044,89.49536463620306,108.24201262578207,median-range,5,9999273
0830-172041__NetHackChallenge-v0__exp2/NetHackChallenge-v0__option__grammar__n128__os0__max_episode_steps5000__discountprimitive__ent_coef0.01__exp2,0830-172041__NetHackChallenge-v0__exp2,NetHackChallenge-v0,option,grammar,0,10000000,5000,0,0.999,primitive,exp2,128,8160371.264429122,105.36767721786198,92.53033597995116,108.05036333421926,median-range,5,9999273
0830-172041__NetHackChallenge-v0__exp2/NetHackChallenge-v0__option__grammar__n128__os0__max_episode_steps5000__discountprimitive__ent_coef0.01__exp2,0830-172041__NetHackChallenge-v0__exp2,NetHackChallenge-v0,option,grammar,0,10000000,5000,0,0.999,primitive,exp2,128,8498878.476897562,94.66546813377882,87.76304528804499,105.10480558048832,median-range,5,9999273
0830-172041__NetHackChallenge-v0__exp2/NetHackChallenge-v0__option__grammar__n128__os0__max_episode_steps5000__discountprimitive__ent_coef0.01__exp2,0830-172041__NetHackChallenge-v0__exp2,NetHackChallenge-v0,option,grammar,0,10000000,5000,0,0.999,primitive,exp2,128,8851427.591281988,93.50827896089926,84.50421773007848,106.62089423077924,median-range,5,9999273
0830-172041__NetHackChallenge-v0__exp2/NetHackChallenge-v0__option__grammar__n128__os0__max_episode_steps5000__discountprimitive__ent_coef0.01__exp2,0830-172041__NetHackChallenge-v0__exp2,NetHackChallenge-v0,option,grammar,0,10000000,5000,0,0.999,primitive,exp2,128,9218601.091506394,99.11210420527526,88.38589866160194,104.86371805427507,median-range,5,9999273
0830-172041__NetHackChallenge-v0__exp2/NetHackChallenge-v0__option__grammar__n128__os0__max_episode_steps5000__discountprimitive__ent_coef0.01__exp2,0830-172041__NetHackChallenge-v0__exp2,NetHackChallenge-v0,option,grammar,0,10000000,5000,0,0.999,primitive,exp2,128,9601005.623999516,99.33804285442622,88.8418701695254,113.72484168030587,median-range,5,9999273
0830-172041__NetHackChallenge-v0__exp2/NetHackChallenge-v0__option__grammar__n128__os0__max_episode_steps5000__discountprimitive__ent_coef0.01__exp2,0830-172041__NetHackChallenge-v0__exp2,NetHackChallenge-v0,option,grammar,0,10000000,5000,0,0.999,primitive,exp2,128,9999273.0,96.84230337078652,93.69128413712957,105.97,median-range,5,9999273
0830-172041__NetHackChallenge-v0__exp2/NetHackChallenge-v0__option__grammar__n16__os0__max_episode_steps5000__discountprimitive__ent_coef0.01__exp2,0830-172041__NetHackChallenge-v0__exp2,NetHackChallenge-v0,option,grammar,0,10000000,5000,0,0.999,primitive,exp2,16,5804.0,4.951628989361702,1.6050110537951363,9.910493827160494,median-range,5,10001771
0830-172041__NetHackChallenge-v0__exp2/NetHackChallenge-v0__option__grammar__n16__os0__max_episode_steps5000__discountprimitive__ent_coef0.01__exp2,0830-172041__NetHackChallenge-v0__exp2,NetHackChallenge-v0,option,grammar,0,10000000,5000,0,0.999,primitive,exp2,16,6025.46359146722,5.411784390515334,1.5506107611232571,10.126762360531387,median-range,5,10001771
0830-172041__NetHackChallenge-v0__exp2/NetHackChallenge-v0__option__grammar__n16__os0__max_episode_steps5000__discountprimitive__ent_coef0.01__exp2,0830-172041__NetHackChallenge-v0__exp2,NetHackChallenge-v0,option,grammar,0,10000000,5000,0,0.999,primitive,exp2,16,6255.377583062898,5.4373077309203675,1.3012730912339034,10.583963332612443,median-range,5,10001771
0830-172041__NetHackChallenge-v0__exp2/NetHackChallenge-v0__option__grammar__n16__os0__max_episode_steps5000__discountprimitive__ent_coef0.01__exp2,0830-172041__NetHackChallenge-v0__exp2,NetHackChallenge-v0,option,grammar,0,10000000,5000,0,0.999,primitive,exp2,16,6494.064417233923,5.2028831616452536,1.009747686590847,11.058609750816746,median-range,5,10001771
0830-172041__NetHackChallenge-v0__exp2/NetHackChallenge-v0__option__grammar__n16__os0__max_episode_steps5000__discountprimitive__ent_coef0.01__exp2,0830-172041__NetHackChallenge-v0__exp2,NetHackChallenge-v0,option,grammar,0,10000000,5000,0,0.999,primitive,exp2,16,6741.858839883834,5.310848652794683,1.064563397828522,11.551367282124522,median-range,5,10001771
0830-172041__NetHackChallenge-v0__exp2/NetHackChallenge-v0__option__grammar__n16__os0__max_episode_steps5000__discountprimitive__ent_coef0.01__exp2,0830-172041__NetHackChallenge-v0__exp2,NetHackChallenge-v0,option,grammar,0,10000000,5000,0,0.999,primitive,exp2,16,6999.1083698365765,5.427306624419703,1.1214707155926504,12.06292699341266,median-range,5,10001771
0830-172041__NetHackChallenge-v0__exp2/NetHackChallenge-v0__option__grammar__n16__os0__max_episode_steps5000__discountprimitive__ent_coef0.01__exp2,0830-172041__NetHackChallenge-v0__exp2,NetHackChallenge-v0,option,grammar,0,10000000,5000,0,0.999,primitive,exp2,16,7266.173786213604,7.568691786091013,1.1805494494444428,12.594006320640105,median-range,5,10001771
0830-172041__NetHackChallenge-v0__exp2/NetHackChallenge-v0__option__grammar__n16__os0__max_episode_steps5000__discountprimitive__ent_coef0.01__exp2,0830-172041__NetHackChallenge-v0__exp2,NetHackChallenge-v0,option,grammar,0,10000000,5000,0,0.999,primitive,exp2,16,7543.429634407919,8.565802930535071,1.2418824542435394,13.145350075014651,median-range,5,10001771
0830-172041__NetHackChallenge-v0__exp2/NetHackChallenge-v0__option__grammar__n16__os0__max_episode_steps5000__discountprimitive__ent_coef0.01__exp2,0830-172041__NetHackChallenge-v0__exp2,NetHackChallenge-v0,option,grammar,0,10000000,5000,0,0.999,primitive,exp2,16,7831.264751364545,9.163864593094551,1.3055557463476486,17.46146004281437,median-range,5,10001771
0830-172041__NetHackChallenge-v0__exp2/NetHackChallenge-v0__option__grammar__n16__os0__max_episode_steps5000__discountprimitive__ent_coef0.01__exp2,0830-172041__NetHackChallenge-v0__exp2,NetHackChallenge-v0,option,grammar,0,10000000,5000,0,0.999,primitive,exp2,16,8130.082810904141,9.784746531965055,1.3716586242460218,22.692720134115557,median-range,5,10001771
0830-172041__NetHackChallenge-v0__exp2/NetHackChallenge-v0__option__grammar__n16__os0__max_episode_steps5000__discountprimitive__ent_coef0.01__exp2,0830-172041__NetHackChallenge-v0__exp2,NetHackChallenge-v0,option,grammar,0,10000000,5000,0,0.999,primitive,exp2,16,8440.302889854644,10.429319501858885,1.4402837937959614,26.0,median-range,5,10001771
0830-172041__NetHackChallenge-v0__exp2/NetHackChallenge-v0__option__grammar__n16__os0__max_episode_steps5000__discountprimitive__ent_coef0.01__exp2,0830-172041__NetHackChallenge-v0__exp2,NetHackChallenge-v0,option,grammar,0,10000000,5000,0,0.999,primitive,exp2,16,8762.360055784759,11.098487482930432,1.5115274982379734,26.0,median-range,5,10001771
0830-172041__NetHackChallenge-v0__exp2/NetHackChallenge-v0__option__grammar__n16__os0__max_episode_steps5000__discountprimitive__ent_coef0.01__exp2,0830-172041__NetHackChallenge-v0__exp2,NetHackChallenge-v0,option,grammar,0,10000000,5000,0,0.999,primitive,exp2,16,9096.70597716363,11.7931889485614,1.5854896531719125,26.0,median-range,5,10001771
0830-172041__NetHackChallenge-v0__exp2/NetHackChallenge-v0__option__grammar__n16__os0__max_episode_steps5000__discountprimitive__ent_coef0.01__exp2,0830-172041__NetHackChallenge-v0__exp2,NetHackChallenge-v0,option,grammar,0,10000000,5000,0,0.999,primitive,exp2,16,9443.809556802493,12.514398181521138,1.6622739866834406,25.544341273523813,median-range,5,10001771
0830-172041__NetHackChallenge-v0__exp2/NetHackChallenge-v0__option__grammar__n16__os0__max_episode_steps5000__discountprimitive__ent_coef0.01__exp2,0830-172041__NetHackChallenge-v0__exp2,NetHackChallenge-v0,option,grammar,0,10000000,5000,0,0.999,primitive,exp2,16,9804.157589466511,13.263126640347638,1.7419881848172794,24.734735807979654,median-range,5,10001771
0830-172041__NetHackChallenge-v0__exp2/NetHackChallenge-v0__option__grammar__n16__os0__max_episode_steps5000__discountprimitive__ent_coef0.01__exp2,0830-172041__NetHackChallenge-v0__exp2,NetHackChallenge-v0,option,grammar,0,10000000,5000,0,0.999,primitive,exp2,16,10178.255444579161,14.04042437786561,1.8247440426012966,23.89423817598636,median-range,5,10001771
0830-172041__NetHackChallenge-v0__exp2/NetHackChallenge-v0__option__grammar__n16__os0__max_episode_steps5000__discountprimitive__ent_coef0.01__exp2,0830-172041__NetHackChallenge-v0__exp2,NetHackChallenge-v0,option,grammar,0,10000000,5000,0,0.999,primitive,exp2,16,10566.6277749767,14.847381513831241,1.9106576208332484,23.021669623214112,median-range,5,10001771
0830-172041__NetHackChallenge-v0__exp2/NetHackChallenge-v0__option__grammar__n16__os0__max_episode_steps5000__discountprimitive__ent_coef0.01__exp2,0830-172041__NetHackChallenge-v0__exp2,NetHackChallenge-v0,option,grammar,0,10000000,5000,0,0.999,primitive,exp2,16,10969.819252706458,15.685129763768407,1.9998494088500074,22.244203550107034,median-range,5,10001771
0830-172041__NetHackChallenge-v0__exp2/NetHackChallenge-v0__option__grammar__n16__os0__max_episode_steps5000__discountprimitive__ent_coef0.01__exp2,0830-172041__NetHackChallenge-v0__exp2,NetHackChallenge-v0,option,grammar,0,10000000,5000,0,0.999,primitive,exp2,16,11388.395332901266,16.52930470390495,2.092444493507635,21.858871147216174,median-range,5,10001771
0830-172041__NetHackChallenge-v0__exp2/NetHackChallenge-v0__option__grammar__n16__os0__max_episode_steps5000__discountprimitive__ent_coef0.01__exp2,0830-172041__NetHackChallenge-v0__exp2,NetHackChallenge-v0,option,grammar,0,10000000,5000,0,0.999,primitive,exp2,16,11822.943046800796,17.01174954125677,2.1885727346091794,21.458835591697316,median-range,5,10001771
0830-172041__NetHackChallenge-v0__exp2/NetHackChallenge-v0__option__grammar__n16__os0__max_episode_steps5000__discountprimitive__ent_coef0.01__exp2,0830-172041__NetHackChallenge-v0__exp2,NetHackChallenge-v0,option,grammar,0,10000000,5000,0,0.999,primitive,exp2,16,12274.071825032495,17.51260305647981,2.2883689470263233,21.043535854434893,median-range,5,10001771
0830-172041__NetHackChallenge-v0__exp2/NetHackChallenge-v0__option__grammar__n16__os0__max_episode_steps5000__discountprimitive__ent_coef0.01__exp2,0830-172041__NetHackChallenge-v0__exp2,NetHackChallenge-v0,option,grammar,0,10000000,5000,0,0.999,primitive,exp2,16,12742.414352306505,18.032567670648486,2.3919730897702696,20.61238949909017,median-range,5,10001771
0830-172041__NetHackChallenge-v0__exp2/NetHackChallenge-v0__option__grammar__n16__os0__max_episode_steps5000__discountprimitive__ent_coef0.01__exp2,0830-172041__NetHackChallenge-v0__exp2,NetHackChallenge-v0,option,grammar,0,10000000,5000,0,0.999,primitive,exp2,16,13228.627454722991,18.510901937605393,2.4995304622769585,20.164791865264633,median-range,5,10001771
0830-172041__NetHackChallenge-v0__exp2/NetHackChallenge-v0__option__grammar__n16__os0__max_episode_steps5000__discountprimitive__ent_coef0.01__exp2,0830-172041__NetHackChallenge-v0__exp2,NetHackChallenge-v0,option,grammar,0,10000000,5000,0,0.999,primitive,exp2,16,13733.393020936757,18.45954870799277,2.611191908182006,19.71102970923363,median-range,5,10001771
0830-172041__NetHackChallenge-v0__exp2/NetHackChallenge-v0__option__grammar__n16__os0__max_episode_steps5000__discountprimitive__ent_coef0.01__exp2,0830-172041__NetHackChallenge-v0__exp2,NetHackChallenge-v0,option,grammar,0,10000000,5000,0,0.999,primitive,exp2,16,14257.418958470793,18.406235989981898,2.7271140268710967,19.714560527656534,median-range,5,10001771
0830-172041__NetHackChallenge-v0__exp2/NetHackChallenge-v0__option__grammar__n16__os0__max_episode_steps5000__discountprimitive__ent_coef0.01__exp2,0830-172041__NetHackChallenge-v0__exp2,NetHackChallenge-v0,option,grammar,0,10000000,5000,0,0.999,primitive,exp2,16,14801.440186519692,18.350889015251248,2.847459393102465,20.318545370947348,median-range,5,10001771
0830-172041__NetHackChallenge-v0__exp2/NetHackChallenge-v0__option__grammar__n16__os0__max_episode_steps5000__discountprimitive__ent_coef0.01__exp2,0830-172041__NetHackChallenge-v0__exp2,NetHackChallenge-v0,option,grammar,0,10000000,5000,0,0.999,primitive,exp2,16,15366.219666635776,19.310123728527323,2.972396785009573,20.8038413838317,median-range,5,10001771
0830-172041__NetHackChallenge-v0__exp2/NetHackChallenge-v0__option__grammar__n16__os0__max_episode_steps5000__discountprimitive__ent_coef0.01__exp2,0830-172041__NetHackChallenge-v0__exp2,NetHackChallenge-v0,option,grammar,0,10000000,5000,0,0.999,primitive,exp2,16,15952.54947274319,18.449898074027008,3.1061033270674003,21.123997947986453,median-range,5,10001771
0830-172041__NetHackChallenge-v0__exp2/NetHackChallenge-v0__option__grammar__n16__os0__max_episode_steps5000__discountprimitive__ent_coef0.01__exp2,0830-172041__NetHackChallenge-v0__exp2,NetHackChallenge-v0,option,grammar,0,10000000,5000,0,0.999,primitive,exp2,16,16561.251901980315,17.769699784898492,3.2460349199954748,21.45637074620901,median-range,5,10001771
0830-172041__NetHackChallenge-v0__exp2/NetHackChallenge-v0__option__grammar__n16__os0__max_episode_steps5000__discountprimitive__ent_coef0.01__exp2,0830-172041__NetHackChallenge-v0__exp2,NetHackChallenge-v0,option,grammar,0,10000000,5000,0,0.999,primitive,exp2,16,17193.180627928923,17.096719246082085,3.3913058914779133,21.117324013062508,median-range,5,10001771
0830-172041__NetHackChallenge-v0__exp2/NetHackChallenge-v0__option__grammar__n16__os0__max_episode_steps5000__discountprimitive__ent_coef0.01__exp2,0830-172041__NetHackChallenge-v0__exp2,NetHackChallenge-v0,option,grammar,0,10000000,5000,0,0.999,primitive,exp2,16,17849.221897847223,17.0,3.542119976516603,17.89881536924704,median-range,5,10001771
0830-172041__NetHackChallenge-v0__exp2/NetHackChallenge-v0__option__grammar__n16__os0__max_episode_steps5000__discountprimitive__ent_coef0.01__exp2,0830-172041__NetHackChallenge-v0__exp2,NetHackChallenge-v0,option,grammar,0,10000000,5000,0,0.999,primitive,exp2,16,18530.295775585448,17.0,3.6986886840426316,18.313682705940376,median-range,5,10001771
0830-172041__NetHackChallenge-v0__exp2/NetHackChallenge-v0__option__grammar__n16__os0__max_episode_steps5000__discountprimitive__ent_coef0.01__exp2,0830-172041__NetHackChallenge-v0__exp2,NetHackChallenge-v0,option,grammar,0,10000000,5000,0,0.999,primitive,exp2,16,19237.35743192777,17.251259919854363,3.8612315935466137,19.150305171802767,median-range,5,10001771
0830-172041__NetHackChallenge-v0__exp2/NetHackChallenge-v0__option__grammar__n16__os0__max_episode_steps5000__discountprimitive__ent_coef0.01__exp2,0830-172041__NetHackChallenge-v0__exp2,NetHackChallenge-v0,option,grammar,0,10000000,5000,0,0.999,primitive,exp2,16,19971.39848416991,17.34567945257355,3.8490321456788315,18.80074444411507,median-range,5,10001771
0830-172041__NetHackChallenge-v0__exp2/NetHackChallenge-v0__option__grammar__n16__os0__max_episode_steps5000__discountprimitive__ent_coef0.01__exp2,0830-172041__NetHackChallenge-v0__exp2,NetHackChallenge-v0,option,grammar,0,10000000,5000,0,0.999,primitive,exp2,16,20733.44838681073,15.798536164757238,3.6210692353579637,18.437845505850255,median-range,5,10001771
0830-172041__NetHackChallenge-v0__exp2/NetHackChallenge-v0__option__grammar__n16__os0__max_episode_steps5000__discountprimitive__ent_coef0.01__exp2,0830-172041__NetHackChallenge-v0__exp2,NetHackChallenge-v0,option,grammar,0,10000000,5000,0,0.999,primitive,exp2,16,21524.57587530886,14.839502461386187,3.9950019612823233,18.06109941007206,median-range,5,10001771
0830-172041__NetHackChallenge-v0__exp2/NetHackChallenge-v0__option__grammar__n16__os0__max_episode_steps5000__discountprimitive__ent_coef0.01__exp2,0830-172041__NetHackChallenge-v0__exp2,NetHackChallenge-v0,option,grammar,0,10000000,5000,0,0.999,primitive,exp2,16,22345.89046492889,14.738464347041472,11.24795366648952,18.024880583619776,median-range,5,10001771
0830-172041__NetHackChallenge-v0__exp2/NetHackChallenge-v0__option__grammar__n16__os0__max_episode_steps5000__discountprimitive__ent_coef0.01__exp2,0830-172041__NetHackChallenge-v0__exp2,NetHackChallenge-v0,option,grammar,0,10000000,5000,0,0.999,primitive,exp2,16,23198.544006778702,15.292066410722745,11.114153719552663,21.482020017727706,median-range,5,10001771
0830-172041__NetHackChallenge-v0__exp2/NetHackChallenge-v0__option__grammar__n16__os0__max_episode_steps5000__discountprimitive__ent_coef0.01__exp2,0830-172041__NetHackChallenge-v0__exp2,NetHackChallenge-v0,option,grammar,0,10000000,5000,0,0.999,primitive,exp2,16,24083.732303221044,17.252798139799097,11.215433562908034,21.06639125768349,median-range,5,10001771
0830-172041__NetHackChallenge-v0__exp2/NetHackChallenge-v0__option__grammar__n16__os0__max_episode_steps5000__discountprimitive__ent_coef0.01__exp2,0830-172041__NetHackChallenge-v0__exp2,NetHackChallenge-v0,option,grammar,0,10000000,5000,0,0.999,primitive,exp2,16,25002.69678492444,16.655646800312937,12.470571467043346,20.63490332501409,median-range,5,10001771
0830-172041__NetHackChallenge-v0__exp2/NetHackChallenge-v0__option__grammar__n16__os0__max_episode_steps5000__discountprimitive__ent_coef0.01__exp2,0830-172041__NetHackChallenge-v0__exp2,NetHackChallenge-v0,option,grammar,0,10000000,5000,0,0.999,primitive,exp2,16,25956.726251905027,16.294015161561706,12.891935822967072,21.11678364147181,median-range,5,10001771
0830-172041__NetHackChallenge-v0__exp2/NetHackChallenge-v0__option__grammar__n16__os0__max_episode_steps5000__discountprimitive__ent_coef0.01__exp2,0830-172041__NetHackChallenge-v0__exp2,NetHackChallenge-v0,option,grammar,0,10000000,5000,0,0.999,primitive,exp2,16,26947.158681001878,15.918584721723999,11.850698049605725,20.2051190344239,median-range,5,10001771
0830-172041__NetHackChallenge-v0__exp2/NetHackChallenge-v0__option__grammar__n16__os0__max_episode_steps5000__discountprimitive__ent_coef0.01__exp2,0830-172041__NetHackChallenge-v0__exp2,NetHackChallenge-v0,option,grammar,0,10000000,5000,0,0.999,primitive,exp2,16,27975.38310232025,15.7446963474499,11.856573617727545,19.136659743884625,median-range,5,10001771
0830-172041__NetHackChallenge-v0__exp2/NetHackChallenge-v0__option__grammar__n16__os0__max_episode_steps5000__discountprimitive__ent_coef0.01__exp2,0830-172041__NetHackChallenge-v0__exp2,NetHackChallenge-v0,option,grammar,0,10000000,5000,0,0.999,primitive,exp2,16,29042.841547273954,14.58402299068019,12.291176261787095,20.007184053371653,median-range,5,10001771
0830-172041__NetHackChallenge-v0__exp2/NetHackChallenge-v0__option__grammar__n16__os0__max_episode_steps5000__discountprimitive__ent_coef0.01__exp2,0830-172041__NetHackChallenge-v0__exp2,NetHackChallenge-v0,option,grammar,0,10000000,5000,0,0.999,primitive,exp2,16,30151.031070959758,15.013319474966268,12.134167208577383,20.71410104364144,median-range,5,10001771
0830-172041__NetHackChallenge-v0__exp2/NetHackChallenge-v0__option__grammar__n16__os0__max_episode_steps5000__discountprimitive__ent_coef0.01__exp2,0830-172041__NetHackChallenge-v0__exp2,NetHackChallenge-v0,option,grammar,0,10000000,5000,0,0.999,primitive,exp2,16,31301.50585169969,16.318075527452123,11.98492549246669,21.447991909778658,median-range,5,10001771
0830-172041__NetHackChallenge-v0__exp2/NetHackChallenge-v0__option__grammar__n16__os0__max_episode_steps5000__discountprimitive__ent_coef0.01__exp2,0830-172041__NetHackChallenge-v0__exp2,NetHackChallenge-v0,option,grammar,0,10000000,5000,0,0.999,primitive,exp2,16,32495.879370695162,18.052269962145907,11.896453379948507,22.03075245121314,median-range,5,10001771
0830-172041__NetHackChallenge-v0__exp2/NetHackChallenge-v0__option__grammar__n16__os0__max_episode_steps5000__discountprimitive__ent_coef0.01__exp2,0830-172041__NetHackChallenge-v0__exp2,NetHackChallenge-v0,option,grammar,0,10000000,5000,0,0.999,primitive,exp2,16,33735.82667485081,17.59917940877107,11.804605431492533,21.465736630760905,median-range,5,10001771
0830-172041__NetHackChallenge-v0__exp2/NetHackChallenge-v0__option__grammar__n16__os0__max_episode_steps5000__discountprimitive__ent_coef0.01__exp2,0830-172041__NetHackChallenge-v0__exp2,NetHackChallenge-v0,option,grammar,0,10000000,5000,0,0.999,primitive,exp2,16,35023.086725941124,17.258291781649213,12.57254721505393,21.907641711550557,median-range,5,10001771
0830-172041__NetHackChallenge-v0__exp2/NetHackChallenge-v0__option__grammar__n16__os0__max_episode_steps5000__discountprimitive__ent_coef0.01__exp2,0830-172041__NetHackChallenge-v0__exp2,NetHackChallenge-v0,option,grammar,0,10000000,5000,0,0.999,primitive,exp2,16,36359.46483941372,17.14196486899179,13.21698188497231,21.55994279008816,median-range,5,10001771
0830-172041__NetHackChallenge-v0__exp2/NetHackChallenge-v0__option__grammar__n16__os0__max_episode_steps5000__discountprimitive__ent_coef0.01__exp2,0830-172041__NetHackChallenge-v0__exp2,NetHackChallenge-v0,option,grammar,0,10000000,5000,0,0.999,primitive,exp2,16,37746.83521625079,17.021199263043293,13.668837724348538,20.818532044165284,median-range,5,10001771
0830-172041__NetHackChallenge-v0__exp2/NetHackChallenge-v0__option__grammar__n16__os0__max_episode_steps5000__discountprimitive__ent_coef0.01__exp2,0830-172041__NetHackChallenge-v0__exp2,NetHackChallenge-v0,option,grammar,0,10000000,5000,0,0.999,primitive,exp2,16,39187.143571438995,18.128962302994946,13.513765765348946,20.753609763940354,median-range,5,10001771
0830-172041__NetHackChallenge-v0__exp2/NetHackChallenge-v0__option__grammar__n16__os0__max_episode_steps5000__discountprimitive__ent_coef0.01__exp2,0830-172041__NetHackChallenge-v0__exp2,NetHackChallenge-v0,option,grammar,0,10000000,5000,0,0.999,primitive,exp2,16,40682.40986273337,19.381471487522095,13.691718508369203,20.2501865667067,median-range,5,10001771
0830-172041__NetHackChallenge-v0__exp2/NetHackChallenge-v0__option__grammar__n16__os0__max_episode_steps5000__discountprimitive__ent_coef0.01__exp2,0830-172041__NetHackChallenge-v0__exp2,NetHackChallenge-v0,option,grammar,0,10000000,5000,0,0.999,primitive,exp2,16,42234.731123543505,19.372454885096445,14.536040393506346,20.790884768772486,median-range,5,10001771
0830-172041__NetHackChallenge-v0__exp2/NetHackChallenge-v0__option__grammar__n16__os0__max_episode_steps5000__discountprimitive__ent_coef0.01__exp2,0830-172041__NetHackChallenge-v0__exp2,NetHackChallenge-v0,option,grammar,0,10000000,5000,0,0.999,primitive,exp2,16,43846.28440391435,19.462585470707147,14.34302349712195,20.240797840227213,median-range,5,10001771
0830-172041__NetHackChallenge-v0__exp2/NetHackChallenge-v0__option__grammar__n16__os0__max_episode_steps5000__discountprimitive__ent_coef0.01__exp2,0830-172041__NetHackChallenge-v0__exp2,NetHackChallenge-v0,option,grammar,0,10000000,5000,0,0.999,primitive,exp2,16,45519.32982372555,19.556155174717293,14.034928213035913,20.362138205255768,median-range,5,10001771
0830-172041__NetHackChallenge-v0__exp2/NetHackChallenge-v0__option__grammar__n16__os0__max_episode_steps5000__discountprimitive__ent_coef0.01__exp2,0830-172041__NetHackChallenge-v0__exp2,NetHackChallenge-v0,option,grammar,0,10000000,5000,0,0.999,primitive,exp2,16,47256.21374239246,18.910726148440116,13.81228168030704,21.241123975267538,median-range,5,10001771
0830-172041__NetHackChallenge-v0__exp2/NetHackChallenge-v0__option__grammar__n16__os0__max_episode_steps5000__discountprimitive__ent_coef0.01__exp2,0830-172041__NetHackChallenge-v0__exp2,NetHackChallenge-v0,option,grammar,0,10000000,5000,0,0.999,primitive,exp2,16,49059.37204951392,18.61442865701845,14.006808029229054,20.679629404382318,median-range,5,10001771
0830-172041__NetHackChallenge-v0__exp2/NetHackChallenge-v0__option__grammar__n16__os0__max_episode_steps5000__discountprimitive__ent_coef0.01__exp2,0830-172041__NetHackChallenge-v0__exp2,NetHackChallenge-v0,option,grammar,0,10000000,5000,0,0.999,primitive,exp2,16,50931.333581080435,18.678677517217782,13.765362080124936,20.477836527121042,median-range,5,10001771
0830-172041__NetHackChallenge-v0__exp2/NetHackChallenge-v0__option__grammar__n16__os0__max_episode_steps5000__discountprimitive__ent_coef0.01__exp2,0830-172041__NetHackChallenge-v0__exp2,NetHackChallenge-v0,option,grammar,0,10000000,5000,0,0.999,primitive,exp2,16,52874.723666035745,19.411427450927285,13.882886327345325,21.14683341418836,median-range,5,10001771
0830-172041__NetHackChallenge-v0__exp2/NetHackChallenge-v0__option__grammar__n16__os0__max_episode_steps5000__discountprimitive__ent_coef0.01__exp2,0830-172041__NetHackChallenge-v0__exp2,NetHackChallenge-v0,option,grammar,0,10000000,5000,0,0.999,primitive,exp2,16,54892.267808164834,19.034786933658467,14.0718635015078,20.44787323427841,median-range,5,10001771
0830-172041__NetHackChallenge-v0__exp2/NetHackChallenge-v0__option__grammar__n16__os0__max_episode_steps5000__discountprimitive__ent_coef0.01__exp2,0830-172041__NetHackChallenge-v0__exp2,NetHackChallenge-v0,option,grammar,0,10000000,5000,0,0.999,primitive,exp2,16,56986.79550847097,18.751952620282946,14.830724246639868,20.6240378171675,median-range,5,10001771
0830-172041__NetHackChallenge-v0__exp2/NetHackChallenge-v0__option__grammar__n16__os0__max_episode_steps5000__discountprimitive__ent_coef0.01__exp2,0830-172041__NetHackChallenge-v0__exp2,NetHackChallenge-v0,option,grammar,0,10000000,5000,0,0.999,primitive,exp2,16,59161.24423340437,19.137263717898573,15.047432285536456,21.574269952559842,median-range,5,10001771
0830-172041__NetHackChallenge-v0__exp2/NetHackChallenge-v0__option__grammar__n16__os0__max_episode_steps5000__discountprimitive__ent_coef0.01__exp2,0830-172041__NetHackChallenge-v0__exp2,NetHackChallenge-v0,option,grammar,0,10000000,5000,0,0.999,primitive,exp2,16,61418.66353450694,19.283906058580207,15.244066392714766,20.38960696311654,median-range,5,10001771
0830-172041__NetHackChallenge-v0__exp2/NetHackChallenge-v0__option__grammar__n16__os0__max_episode_steps5000__discountprimitive__ent_coef0.01__exp2,0830-172041__NetHackChallenge-v0__exp2,NetHackChallenge-v0,option,grammar,0,10000000,5000,0,0.999,primitive,exp2,16,63762.21932524933,19.15133791971029,15.183940248379516,20.13253296675451,median-range,5,10001771
0830-172041__NetHackChallenge-v0__exp2/NetHackChallenge-v0__option__grammar__n16__os0__max_episode_steps5000__discountprimitive__ent_coef0.01__exp2,0830-172041__NetHackChallenge-v0__exp2,NetHackChallenge-v0,option,grammar,0,10000000,5000,0,0.999,primitive,exp2,16,66195.19832106092,19.033484141526735,16.4285314962202,20.08475122407213,median-range,5,10001771
0830-172041__NetHackChallenge-v0__exp2/NetHackChallenge-v0__option__grammar__n16__os0__max_episode_steps5000__discountprimitive__ent_coef0.01__exp2,0830-172041__NetHackChallenge-v0__exp2,NetHackChallenge-v0,option,grammar,0,10000000,5000,0,0.999,primitive,exp2,16,68721.0126487774,19.088832453332717,16.328760100649024,19.983689160722033,median-range,5,10001771
0830-172041__NetHackChallenge-v0__exp2/NetHackChallenge-v0__option__grammar__n16__os0__max_episode_steps5000__discountprimitive__ent_coef0.01__exp2,0830-172041__NetHackChallenge-v0__exp2,NetHackChallenge-v0,option,grammar,0,10000000,5000,0,0.999,primitive,exp2,16,71343.20463197221,19.427233946316605,15.908685491992253,20.03550442836003,median-range,5,10001771
0830-172041__NetHackChallenge-v0__exp2/NetHackChallenge-v0__option__grammar__n16__os0__max_episode_steps5000__discountprimitive__ent_coef0.01__exp2,0830-172041__NetHackChallenge-v0__exp2,NetHackChallenge-v0,option,grammar,0,10000000,5000,0,0.999,primitive,exp2,16,74065.45175888066,19.62686972236476,15.901762233415136,21.48425118459791,median-range,5,10001771
0830-172041__NetHackChallenge-v0__exp2/NetHackChallenge-v0__option__grammar__n16__os0__max_episode_steps5000__discountprimitive__ent_coef0.01__exp2,0830-172041__NetHackChallenge-v0__exp2,NetHackChallenge-v0,option,grammar,0,10000000,5000,0,0.999,primitive,exp2,16,76891.57183988756,19.681819673253443,15.66645454868374,22.449371537693683,median-range,5,10001771
0830-172041__NetHackChallenge-v0__exp2/NetHackChallenge-v0__option__grammar__n16__os0__max_episode_steps5000__discountprimitive__ent_coef0.01__exp2,0830-172041__NetHackChallenge-v0__exp2,NetHackChallenge-v0,option,grammar,0,10000000,5000,0,0.999,primitive,exp2,16,79825.52836180718,19.58177622552723,15.367805853062833,22.816400981222262,median-range,5,10001771
0830-172041__NetHackChallenge-v0__exp2/NetHackChallenge-v0__option__grammar__n16__os0__max_episode_steps5000__discountprimitive__ent_coef0.01__exp2,0830-172041__NetHackChallenge-v0__exp2,NetHackChallenge-v0,option,grammar,0,10000000,5000,0,0.999,primitive,exp2,16,82871.43604646855,20.564796840364334,15.464272260142653,22.55195532627752,median-range,5,10001771
0830-172041__NetHackChallenge-v0__exp2/NetHackChallenge-v0__option__grammar__n16__os0__max_episode_steps5000__discountprimitive__ent_coef0.01__exp2,0830-172041__NetHackChallenge-v0__exp2,NetHackChallenge-v0,option,grammar,0,10000000,5000,0,0.999,primitive,exp2,16,86033.56662139896,21.298830615432237,15.3078809337939,22.241236907096678,median-range,5,10001771
0830-172041__NetHackChallenge-v0__exp2/NetHackChallenge-v0__option__grammar__n16__os0__max_episode_steps5000__discountprimitive__ent_coef0.01__exp2,0830-172041__NetHackChallenge-v0__exp2,NetHackChallenge-v0,option,grammar,0,10000000,5000,0,0.999,primitive,exp2,16,89316.3548107011,21.84753548328955,16.001105192236203,22.536117760655284,median-range,5,10001771
0830-172041__NetHackChallenge-v0__exp2/NetHackChallenge-v0__option__grammar__n16__os0__max_episode_steps5000__discountprimitive__ent_coef0.01__exp2,0830-172041__NetHackChallenge-v0__exp2,NetHackChallenge-v0,option,grammar,0,10000000,5000,0,0.999,primitive,exp2,16,92724.40455452217,21.144637572738162,15.935849012941844,22.844590090472625,median-range,5,10001771
0830-172041__NetHackChallenge-v0__exp2/NetHackChallenge-v0__option__grammar__n16__os0__max_episode_steps5000__discountprimitive__ent_coef0.01__exp2,0830-172041__NetHackChallenge-v0__exp2,NetHackChallenge-v0,option,grammar,0,10000000,5000,0,0.999,primitive,exp2,16,96262.49546584267,21.295127328591686,15.9416608969895,22.9096462652368,median-range,5,10001771
0830-172041__NetHackChallenge-v0__exp2/NetHackChallenge-v0__option__grammar__n16__os0__max_episode_steps5000__discountprimitive__ent_coef0.01__exp2,0830-172041__NetHackChallenge-v0__exp2,NetHackChallenge-v0,option,grammar,0,10000000,5000,0,0.999,primitive,exp2,16,99935.58953363434,21.467526671808212,15.68950380573765,23.107173566462833,median-range,5,10001771
0830-172041__NetHackChallenge-v0__exp2/NetHackChallenge-v0__option__grammar__n16__os0__max_episode_steps5000__discountprimitive__ent_coef0.01__exp2,0830-172041__NetHackChallenge-v0__exp2,NetHackChallenge-v0,option,grammar,0,10000000,5000,0,0.999,primitive,exp2,16,103748.83808179299,21.61274612476567,15.485514535013108,22.88570426078125,median-range,5,10001771
0830-172041__NetHackChallenge-v0__exp2/NetHackChallenge-v0__option__grammar__n16__os0__max_episode_steps5000__discountprimitive__ent_coef0.01__exp2,0830-172041__NetHackChallenge-v0__exp2,NetHackChallenge-v0,option,grammar,0,10000000,5000,0,0.999,primitive,exp2,16,107707.58899360278,21.076389215387227,15.26366227845274,22.923856965850174,median-range,5,10001771
0830-172041__NetHackChallenge-v0__exp2/NetHackChallenge-v0__option__grammar__n16__os0__max_episode_steps5000__discountprimitive__ent_coef0.01__exp2,0830-172041__NetHackChallenge-v0__exp2,NetHackChallenge-v0,option,grammar,0,10000000,5000,0,0.999,primitive,exp2,16,111817.39421186583,21.36972208041802,15.615007235545027,22.705274058814958,median-range,5,10001771
0830-172041__NetHackChallenge-v0__exp2/NetHackChallenge-v0__option__grammar__n16__os0__max_episode_steps5000__discountprimitive__ent_coef0.01__exp2,0830-172041__NetHackChallenge-v0__exp2,NetHackChallenge-v0,option,grammar,0,10000000,5000,0,0.999,primitive,exp2,16,116084.0175252126,21.234623191934677,16.42005329886179,23.381337586848556,median-range,5,10001771
0830-172041__NetHackChallenge-v0__exp2/NetHackChallenge-v0__option__grammar__n16__os0__max_episode_steps5000__discountprimitive__ent_coef0.01__exp2,0830-172041__NetHackChallenge-v0__exp2,NetHackChallenge-v0,option,grammar,0,10000000,5000,0,0.999,primitive,exp2,16,120513.4426515182,21.112394226198273,16.016738142261037,23.77452307198655,median-range,5,10001771
0830-172041__NetHackChallenge-v0__exp2/NetHackChallenge-v0__option__grammar__n16__os0__max_episode_steps5000__discountprimitive__ent_coef0.01__exp2,0830-172041__NetHackChallenge-v0__exp2,NetHackChallenge-v0,option,grammar,0,10000000,5000,0,0.999,primitive,exp2,16,125111.88162975466,20.730985301120118,16.268705960289434,23.81896746111827,median-range,5,10001771
0830-172041__NetHackChallenge-v0__exp2/NetHackChallenge-v0__option__grammar__n16__os0__max_episode_steps5000__discountprimitive__ent_coef0.01__exp2,0830-172041__NetHackChallenge-v0__exp2,NetHackChallenge-v0,option,grammar,0,10000000,5000,0,0.999,primitive,exp2,16,129885.78353205437,20.50747828270342,16.817664932293553,25.215893715280686,median-range,5,10001771
0830-172041__NetHackChallenge-v0__exp2/NetHackChallenge-v0__option__grammar__n16__os0__max_episode_steps5000__discountprimitive__ent_coef0.01__exp2,0830-172041__NetHackChallenge-v0__exp2,NetHackChallenge-v0,option,grammar,0,10000000,5000,0,0.999,primitive,exp2,16,134841.84350819865,20.45573151785513,17.43599932428248,24.55270189088632,median-range,5,10001771
0830-172041__NetHackChallenge-v0__exp2/NetHackChallenge-v0__option__grammar__n16__os0__max_episode_steps5000__discountprimitive__ent_coef0.01__exp2,0830-172041__NetHackChallenge-v0__exp2,NetHackChallenge-v0,option,grammar,0,10000000,5000,0,0.999,primitive,exp2,16,139987.01217521913,21.065418812135785,18.89718869785579,24.730482002779105,median-range,5,10001771
0830-172041__NetHackChallenge-v0__exp2/NetHackChallenge-v0__option__grammar__n16__os0__max_episode_steps5000__discountprimitive__ent_coef0.01__exp2,0830-172041__NetHackChallenge-v0__exp2,NetHackChallenge-v0,option,grammar,0,10000000,5000,0,0.999,primitive,exp2,16,145328.5053652757,21.187859888876375,19.392518282679887,24.97494055851132,median-range,5,10001771
0830-172041__NetHackChallenge-v0__exp2/NetHackChallenge-v0__option__grammar__n16__os0__max_episode_steps5000__discountprimitive__ent_coef0.01__exp2,0830-172041__NetHackChallenge-v0__exp2,NetHackChallenge-v0,option,grammar,0,10000000,5000,0,0.999,primitive,exp2,16,150873.8142454889,22.159129556309313,18.821130089445774,25.698121582542193,median-range,5,10001771
0830-172041__NetHackChallenge-v0__exp2/NetHackChallenge-v0__option__grammar__n16__os0__max_episode_steps5000__discountprimitive__ent_coef0.01__exp2,0830-172041__NetHackChallenge-v0__exp2,NetHackChallenge-v0,option,grammar,0,10000000,5000,0,0.999,primitive,exp2,16,156630.71582391148,22.4130091731793,19.966012580837116,25.663304625355323,median-range,5,10001771
0830-172041__NetHackChallenge-v0__exp2/NetHackChallenge-v0__option__grammar__n16__os0__max_episode_steps5000__discountprimitive__ent_coef0.01__exp2,0830-172041__NetHackChallenge-v0__exp2,NetHackChallenge-v0,option,grammar,0,10000000,5000,0,0.999,primitive,exp2,16,162607.28385637965,22.157457501483606,19.82728338907909,25.51514188747244,median-range,5,10001771
0830-172041__NetHackChallenge-v0__exp2/NetHackChallenge-v0__option__grammar__n16__os0__max_episode_steps5000__discountprimitive__ent_coef0.01__exp2,0830-172041__NetHackChallenge-v0__exp2,NetHackChallenge-v0,option,grammar,0,10000000,5000,0,0.999,primitive,exp2,16,168811.90016953644,22.302763097746922,20.24,25.409344586962735,median-range,5,10001771
0830-172041__NetHackChallenge-v0__exp2/NetHackChallenge-v0__option__grammar__n16__os0__max_episode_steps5000__discountprimitive__ent_coef0.01__exp2,0830-172041__NetHackChallenge-v0__exp2,NetHackChallenge-v0,option,grammar,0,10000000,5000,0,0.999,primitive,exp2,16,175253.26641590995,21.8776478745979,20.07831420770392,24.456163230582266,median-range,5,10001771
0830-172041__NetHackChallenge-v0__exp2/NetHackChallenge-v0__option__grammar__n16__os0__max_episode_steps5000__discountprimitive__ent_coef0.01__exp2,0830-172041__NetHackChallenge-v0__exp2,NetHackChallenge-v0,option,grammar,0,10000000,5000,0,0.999,primitive,exp2,16,181940.41627752734,22.640463220863555,19.895754498917956,25.236862346288756,median-range,5,10001771
0830-172041__NetHackChallenge-v0__exp2/NetHackChallenge-v0__option__grammar__n16__os0__max_episode_steps5000__discountprimitive__ent_coef0.01__exp2,0830-172041__NetHackChallenge-v0__exp2,NetHackChallenge-v0,option,grammar,0,10000000,5000,0,0.999,primitive,exp2,16,188882.72813518805,22.629814038224268,19.318168691745306,25.262232875238162,median-range,5,10001771
0830-172041__NetHackChallenge-v0__exp2/NetHackChallenge-v0__option__grammar__n16__os0__max_episode_steps5000__discountprimitive__ent_coef0.01__exp2,0830-172041__NetHackChallenge-v0__exp2,NetHackChallenge-v0,option,grammar,0,10000000,5000,0,0.999,primitive,exp2,16,196089.93822115392,22.85041352003915,19.453947085688206,25.13072861495994,median-range,5,10001771
0830-172041__NetHackChallenge-v0__exp2/NetHackChallenge-v0__option__grammar__n16__os0__max_episode_steps5000__discountprimitive__ent_coef0.01__exp2,0830-172041__NetHackChallenge-v0__exp2,NetHackChallenge-v0,option,grammar,0,10000000,5000,0,0.999,primitive,exp2,16,203572.1542737112,22.599962208150213,19.599778358956573,25.182578037758933,median-range,5,10001771
0830-172041__NetHackChallenge-v0__exp2/NetHackChallenge-v0__option__grammar__n16__os0__max_episode_steps5000__discountprimitive__ent_coef0.01__exp2,0830-172041__NetHackChallenge-v0__exp2,NetHackChallenge-v0,option,grammar,0,10000000,5000,0,0.999,primitive,exp2,16,211339.86971274862,22.819017720247786,19.951221227532464,25.26688305895572,median-range,5,10001771
0830-172041__NetHackChallenge-v0__exp2/NetHackChallenge-v0__option__grammar__n16__os0__max_episode_steps5000__discountprimitive__ent_coef0.01__exp2,0830-172041__NetHackChallenge-v0__exp2,NetHackChallenge-v0,option,grammar,0,10000000,5000,0,0.999,primitive,exp2,16,219403.97835623592,23.235533657513148,17.748215297547315,25.522923663356863,median-range,5,10001771
0830-172041__NetHackChallenge-v0__exp2/NetHackChallenge-v0__option__grammar__n16__os0__max_episode_steps5000__discountprimitive__ent_coef0.01__exp2,0830-172041__NetHackChallenge-v0__exp2,NetHackChallenge-v0,option,grammar,0,10000000,5000,0,0.999,primitive,exp2,16,227775.7896982356,21.651137406160835,17.15346768118824,25.612197075478814,median-range,5,10001771
0830-172041__NetHackChallenge-v0__exp2/NetHackChallenge-v0__option__grammar__n16__os0__max_episode_steps5000__discountprimitive__ent_coef0.01__exp2,0830-172041__NetHackChallenge-v0__exp2,NetHackChallenge-v0,option,grammar,0,10000000,5000,0,0.999,primitive,exp2,16,236467.04476988516,22.577746308532014,17.05,25.540935293131934,median-range,5,10001771
0830-172041__NetHackChallenge-v0__exp2/NetHackChallenge-v0__option__grammar__n16__os0__max_episode_steps5000__discountprimitive__ent_coef0.01__exp2,0830-172041__NetHackChallenge-v0__exp2,NetHackChallenge-v0,option,grammar,0,10000000,5000,0,0.999,primitive,exp2,16,245489.93260558113,23.80551936509298,15.788254685436645,27.072742425090482,median-range,5,10001771
0830-172041__NetHackChallenge-v0__exp2/NetHackChallenge-v0__option__grammar__n16__os0__max_episode_steps5000__discountprimitive__ent_coef0.01__exp2,0830-172041__NetHackChallenge-v0__exp2,NetHackChallenge-v0,option,grammar,0,10000000,5000,0,0.999,primitive,exp2,16,254857.1073374692,24.345489138316516,16.598230666552034,26.88196489261876,median-range,5,10001771
0830-172041__NetHackChallenge-v0__exp2/NetHackChallenge-v0__option__grammar__n16__os0__max_episode_steps5000__discountprimitive__ent_coef0.01__exp2,0830-172041__NetHackChallenge-v0__exp2,NetHackChallenge-v0,option,grammar,0,10000000,5000,0,0.999,primitive,exp2,16,264581.70594220737,24.79078431239539,16.86558606771994,26.704074823783277,median-range,5,10001771
0830-172041__NetHackChallenge-v0__exp2/NetHackChallenge-v0__option__grammar__n16__os0__max_episode_steps5000__discountprimitive__ent_coef0.01__exp2,0830-172041__NetHackChallenge-v0__exp2,NetHackChallenge-v0,option,grammar,0,10000000,5000,0,0.999,primitive,exp2,16,274677.3666648962,24.394789571496784,17.16096157054878,26.590451088923505,median-range,5,10001771
0830-172041__NetHackChallenge-v0__exp2/NetHackChallenge-v0__option__grammar__n16__os0__max_episode_steps5000__discountprimitive__ent_coef0.01__exp2,0830-172041__NetHackChallenge-v0__exp2,NetHackChallenge-v0,option,grammar,0,10000000,5000,0,0.999,primitive,exp2,16,285158.24814600643,22.23496442340577,17.043044824913032,26.391248228115018,median-range,5,10001771
0830-172041__NetHackChallenge-v0__exp2/NetHackChallenge-v0__option__grammar__n16__os0__max_episode_steps5000__discountprimitive__ent_coef0.01__exp2,0830-172041__NetHackChallenge-v0__exp2,NetHackChallenge-v0,option,grammar,0,10000000,5000,0,0.999,primitive,exp2,16,296039.0492781422,22.518890360165,17.559103932547,26.53329133933444,median-range,5,10001771
0830-172041__NetHackChallenge-v0__exp2/NetHackChallenge-v0__option__grammar__n16__os0__max_episode_steps5000__discountprimitive__ent_coef0.01__exp2,0830-172041__NetHackChallenge-v0__exp2,NetHackChallenge-v0,option,grammar,0,10000000,5000,0,0.999,primitive,exp2,16,307335.02982047154,22.66252370366797,18.346855889843855,26.760870163202426,median-range,5,10001771
0830-172041__NetHackChallenge-v0__exp2/NetHackChallenge-v0__option__grammar__n16__os0__max_episode_steps5000__discountprimitive__ent_coef0.01__exp2,0830-172041__NetHackChallenge-v0__exp2,NetHackChallenge-v0,option,grammar,0,10000000,5000,0,0.999,primitive,exp2,16,319062.03179974924,22.07,19.984022658518732,26.361713876726046,median-range,5,10001771
0830-172041__NetHackChallenge-v0__exp2/NetHackChallenge-v0__option__grammar__n16__os0__max_episode_steps5000__discountprimitive__ent_coef0.01__exp2,0830-172041__NetHackChallenge-v0__exp2,NetHackChallenge-v0,option,grammar,0,10000000,5000,0,0.999,primitive,exp2,16,331236.5017279363,21.778335427106875,20.677108595572783,25.816015266376414,median-range,5,10001771
0830-172041__NetHackChallenge-v0__exp2/NetHackChallenge-v0__option__grammar__n16__os0__max_episode_steps5000__discountprimitive__ent_coef0.01__exp2,0830-172041__NetHackChallenge-v0__exp2,NetHackChallenge-v0,option,grammar,0,10000000,5000,0,0.999,primitive,exp2,16,343875.5136675827,22.694806761589327,21.543035401479692,25.956679743342878,median-range,5,10001771
0830-172041__NetHackChallenge-v0__exp2/NetHackChallenge-v0__option__grammar__n16__os0__max_episode_steps5000__discountprimitive__ent_coef0.01__exp2,0830-172041__NetHackChallenge-v0__exp2,NetHackChallenge-v0,option,grammar,0,10000000,5000,0,0.999,primitive,exp2,16,356996.79317730956,22.749112193486575,20.94549652369342,25.521954939093234,median-range,5,10001771
0830-172041__NetHackChallenge-v0__exp2/NetHackChallenge-v0__option__grammar__n16__os0__max_episode_steps5000__discountprimitive__ent_coef0.01__exp2,0830-172041__NetHackChallenge-v0__exp2,NetHackChallenge-v0,option,grammar,0,10000000,5000,0,0.999,primitive,exp2,16,370618.74217099126,23.371238901486596,21.127837732304506,26.05140462356113,median-range,5,10001771
0830-172041__NetHackChallenge-v0__exp2/NetHackChallenge-v0__option__grammar__n16__os0__max_episode_steps5000__discountprimitive__ent_coef0.01__exp2,0830-172041__NetHackChallenge-v0__exp2,NetHackChallenge-v0,option,grammar,0,10000000,5000,0,0.999,primitive,exp2,16,384760.46472547995,23.391487982775214,20.383145090583056,25.529244307419507,median-range,5,10001771
0830-172041__NetHackChallenge-v0__exp2/NetHackChallenge-v0__option__grammar__n16__os0__max_episode_steps5000__discountprimitive__ent_coef0.01__exp2,0830-172041__NetHackChallenge-v0__exp2,NetHackChallenge-v0,option,grammar,0,10000000,5000,0,0.999,primitive,exp2,16,399441.79387308547,22.406353092797662,22.21,25.827666624643932,median-range,5,10001771
0830-172041__NetHackChallenge-v0__exp2/NetHackChallenge-v0__option__grammar__n16__os0__max_episode_steps5000__discountprimitive__ent_coef0.01__exp2,0830-172041__NetHackChallenge-v0__exp2,NetHackChallenge-v0,option,grammar,0,10000000,5000,0,0.999,primitive,exp2,16,414683.31941637263,24.170591971726303,22.209820507697007,25.25491593171029,median-range,5,10001771
0830-172041__NetHackChallenge-v0__exp2/NetHackChallenge-v0__option__grammar__n16__os0__max_episode_steps5000__discountprimitive__ent_coef0.01__exp2,0830-172041__NetHackChallenge-v0__exp2,NetHackChallenge-v0,option,grammar,0,10000000,5000,0,0.999,primitive,exp2,16,430506.4168042947,24.458026505405666,22.13982476247422,26.656241015128998,median-range,5,10001771
0830-172041__NetHackChallenge-v0__exp2/NetHackChallenge-v0__option__grammar__n16__os0__max_episode_steps5000__discountprimitive__ent_coef0.01__exp2,0830-172041__NetHackChallenge-v0__exp2,NetHackChallenge-v0,option,grammar,0,10000000,5000,0,0.999,primitive,exp2,16,446933.2771101456,24.27401662143925,22.011461500691873,26.457925376637615,median-range,5,10001771
0830-172041__NetHackChallenge-v0__exp2/NetHackChallenge-v0__option__grammar__n16__os0__max_episode_steps5000__discountprimitive__ent_coef0.01__exp2,0830-172041__NetHackChallenge-v0__exp2,NetHackChallenge-v0,option,grammar,0,10000000,5000,0,0.999,primitive,exp2,16,463986.93815339654,24.486938926726186,22.452282197907554,31.103737623871098,median-range,5,10001771
0830-172041__NetHackChallenge-v0__exp2/NetHackChallenge-v0__option__grammar__n16__os0__max_episode_steps5000__discountprimitive__ent_coef0.01__exp2,0830-172041__NetHackChallenge-v0__exp2,NetHackChallenge-v0,option,grammar,0,10000000,5000,0,0.999,primitive,exp2,16,481691.316809036,24.987365339510795,22.66475871856151,30.62520811224521,median-range,5,10001771
0830-172041__NetHackChallenge-v0__exp2/NetHackChallenge-v0__option__grammar__n16__os0__max_episode_steps5000__discountprimitive__ent_coef0.01__exp2,0830-172041__NetHackChallenge-v0__exp2,NetHackChallenge-v0,option,grammar,0,10000000,5000,0,0.999,primitive,exp2,16,500071.24254975014,25.396706788840085,23.15988600461008,29.55470377772001,median-range,5,10001771
0830-172041__NetHackChallenge-v0__exp2/NetHackChallenge-v0__option__grammar__n16__os0__max_episode_steps5000__discountprimitive__ent_coef0.01__exp2,0830-172041__NetHackChallenge-v0__exp2,NetHackChallenge-v0,option,grammar,0,10000000,5000,0,0.999,primitive,exp2,16,519152.4922679683,25.603617923299954,23.8756657666193,28.10163205158922,median-range,5,10001771
0830-172041__NetHackChallenge-v0__exp2/NetHackChallenge-v0__option__grammar__n16__os0__max_episode_steps5000__discountprimitive__ent_coef0.01__exp2,0830-172041__NetHackChallenge-v0__exp2,NetHackChallenge-v0,option,grammar,0,10000000,5000,0,0.999,primitive,exp2,16,538961.8264266216,25.836819669013497,22.408632032853106,27.92261396553924,median-range,5,10001771
0830-172041__NetHackChallenge-v0__exp2/NetHackChallenge-v0__option__grammar__n16__os0__max_episode_steps5000__discountprimitive__ent_coef0.01__exp2,0830-172041__NetHackChallenge-v0__exp2,NetHackChallenge-v0,option,grammar,0,10000000,5000,0,0.999,primitive,exp2,16,559527.0265892969,25.00766706159396,22.774038832003935,28.999746301863784,median-range,5,10001771
0830-172041__NetHackChallenge-v0__exp2/NetHackChallenge-v0__option__grammar__n16__os0__max_episode_steps5000__discountprimitive__ent_coef0.01__exp2,0830-172041__NetHackChallenge-v0__exp2,NetHackChallenge-v0,option,grammar,0,10000000,5000,0,0.999,primitive,exp2,16,580876.9343824468,25.19067919776758,23.41397033905605,30.032145184245383,median-range,5,10001771
0830-172041__NetHackChallenge-v0__exp2/NetHackChallenge-v0__option__grammar__n16__os0__max_episode_steps5000__discountprimitive__ent_coef0.01__exp2,0830-172041__NetHackChallenge-v0__exp2,NetHackChallenge-v0,option,grammar,0,10000000,5000,0,0.999,primitive,exp2,16,603041.4919442674,26.163464402608806,22.90513411600853,27.277707765202724,median-range,5,10001771
0830-172041__NetHackChallenge-v0__exp2/NetHackChallenge-v0__option__grammar__n16__os0__max_episode_steps5000__discountprimitive__ent_coef0.01__exp2,0830-172041__NetHackChallenge-v0__exp2,NetHackChallenge-v0,option,grammar,0,10000000,5000,0,0.999,primitive,exp2,16,626051.7839169982,27.10732098266298,23.164275893632002,29.194609386574758,median-range,5,10001771
0830-172041__NetHackChallenge-v0__exp2/NetHackChallenge-v0__option__grammar__n16__os0__max_episode_steps5000__discountprimitive__ent_coef0.01__exp2,0830-172041__NetHackChallenge-v0__exp2,NetHackChallenge-v0,option,grammar,0,10000000,5000,0,0.999,primitive,exp2,16,649940.0810415179,28.246490788972,23.908550403321478,29.561667527142106,median-range,5,10001771
0830-172041__NetHackChallenge-v0__exp2/NetHackChallenge-v0__option__grammar__n16__os0__max_episode_steps5000__discountprimitive__ent_coef0.01__exp2,0830-172041__NetHackChallenge-v0__exp2,NetHackChallenge-v0,option,grammar,0,10000000,5000,0,0.999,primitive,exp2,16,674739.8854153898,27.22136366774072,25.37073816181283,30.634599269925747,median-range,5,10001771
0830-172041__NetHackChallenge-v0__exp2/NetHackChallenge-v0__option__grammar__n16__os0__max_episode_steps5000__discountprimitive__ent_coef0.01__exp2,0830-172041__NetHackChallenge-v0__exp2,NetHackChallenge-v0,option,grammar,0,10000000,5000,0,0.999,primitive,exp2,16,700485.9774778065,26.092618927307804,24.006090391560335,29.09449844917185,median-range,5,10001771
0830-172041__NetHackChallenge-v0__exp2/NetHackChallenge-v0__option__grammar__n16__os0__max_episode_steps5000__discountprimitive__ent_coef0.01__exp2,0830-172041__NetHackChallenge-v0__exp2,NetHackChallenge-v0,option,grammar,0,10000000,5000,0,0.999,primitive,exp2,16,727214.4647873625,25.421485782044964,24.76004944188779,27.607092884691745,median-range,5,10001771
0830-172041__NetHackChallenge-v0__exp2/NetHackChallenge-v0__option__grammar__n16__os0__max_episode_steps5000__discountprimitive__ent_coef0.01__exp2,0830-172041__NetHackChallenge-v0__exp2,NetHackChallenge-v0,option,grammar,0,10000000,5000,0,0.999,primitive,exp2,16,754962.8326610227,24.457822770582098,24.02758655004641,26.697462130127754,median-range,5,10001771
0830-172041__NetHackChallenge-v0__exp2/NetHackChallenge-v0__option__grammar__n16__os0__max_episode_steps5000__discountprimitive__ent_coef0.01__exp2,0830-172041__NetHackChallenge-v0__exp2,NetHackChallenge-v0,option,grammar,0,10000000,5000,0,0.999,primitive,exp2,16,783769.9967453401,25.533067600553984,22.088427078391156,25.802165841423733,median-range,5,10001771
0830-172041__NetHackChallenge-v0__exp2/NetHackChallenge-v0__option__grammar__n16__os0__max_episode_steps5000__discountprimitive__ent_coef0.01__exp2,0830-172041__NetHackChallenge-v0__exp2,NetHackChallenge-v0,option,grammar,0,10000000,5000,0,0.999,primitive,exp2,16,813676.3575936287,24.15808056623934,23.366748992579186,28.068464328211757,median-range,5,10001771
0830-172041__NetHackChallenge-v0__exp2/NetHackChallenge-v0__option__grammar__n16__os0__max_episode_steps5000__discountprimitive__ent_coef0.01__exp2,0830-172041__NetHackChallenge-v0__exp2,NetHackChallenge-v0,option,grammar,0,10000000,5000,0,0.999,primitive,exp2,16,844723.8573256503,25.365247615620714,24.81627039833938,31.068162445273007,median-range,5,10001771
0830-172041__NetHackChallenge-v0__exp2/NetHackChallenge-v0__option__grammar__n16__os0__max_episode_steps5000__discountprimitive__ent_coef0.01__exp2,0830-172041__NetHackChallenge-v0__exp2,NetHackChallenge-v0,option,grammar,0,10000000,5000,0,0.999,primitive,exp2,16,876956.0384492502,25.94455278993166,23.964949514398906,29.925450767321625,median-range,5,10001771
0830-172041__NetHackChallenge-v0__exp2/NetHackChallenge-v0__option__grammar__n16__os0__max_episode_steps5000__discountprimitive__ent_coef0.01__exp2,0830-172041__NetHackChallenge-v0__exp2,NetHackChallenge-v0,option,grammar,0,10000000,5000,0,0.999,primitive,exp2,16,910418.1049264795,25.978594941508014,22.91,30.58442844007687,median-range,5,10001771
0830-172041__NetHackChallenge-v0__exp2/NetHackChallenge-v0__option__grammar__n16__os0__max_episode_steps5000__discountprimitive__ent_coef0.01__exp2,0830-172041__NetHackChallenge-v0__exp2,NetHackChallenge-v0,option,grammar,0,10000000,5000,0,0.999,primitive,exp2,16,945156.9855697947,24.856034302429904,22.566882288892348,27.65635849519469,median-range,5,10001771
0830-172041__NetHackChallenge-v0__exp2/NetHackChallenge-v0__option__grammar__n16__os0__max_episode_steps5000__discountprimitive__ent_coef0.01__exp2,0830-172041__NetHackChallenge-v0__exp2,NetHackChallenge-v0,option,grammar,0,10000000,5000,0,0.999,primitive,exp2,16,981221.3998572896,22.77778537097587,20.748475454906796,29.239711095254403,median-range,5,10001771
0830-172041__NetHackChallenge-v0__exp2/NetHackChallenge-v0__option__grammar__n16__os0__max_episode_steps5000__discountprimitive__ent_coef0.01__exp2,0830-172041__NetHackChallenge-v0__exp2,NetHackChallenge-v0,option,grammar,0,10000000,5000,0,0.999,primitive,exp2,16,1018661.9262592329,23.438741266453853,19.919013359705538,30.31168228928376,median-range,5,10001771
0830-172041__NetHackChallenge-v0__exp2/NetHackChallenge-v0__option__grammar__n16__os0__max_episode_steps5000__discountprimitive__ent_coef0.01__exp2,0830-172041__NetHackChallenge-v0__exp2,NetHackChallenge-v0,option,grammar,0,10000000,5000,0,0.999,primitive,exp2,16,1057531.073171757,26.316297334813417,21.59178444957579,33.83832002276183,median-range,5,10001771
0830-172041__NetHackChallenge-v0__exp2/NetHackChallenge-v0__option__grammar__n16__os0__max_episode_steps5000__discountprimitive__ent_coef0.01__exp2,0830-172041__NetHackChallenge-v0__exp2,NetHackChallenge-v0,option,grammar,0,10000000,5000,0,0.999,primitive,exp2,16,1097883.3525571446,26.007807956499903,22.680464164359055,35.08657834064118,median-range,5,10001771
0830-172041__NetHackChallenge-v0__exp2/NetHackChallenge-v0__option__grammar__n16__os0__max_episode_steps5000__discountprimitive__ent_coef0.01__exp2,0830-172041__NetHackChallenge-v0__exp2,NetHackChallenge-v0,option,grammar,0,10000000,5000,0,0.999,primitive,exp2,16,1139775.356394047,25.39013706270091,21.804819130791792,34.271347127880944,median-range,5,10001771
0830-172041__NetHackChallenge-v0__exp2/NetHackChallenge-v0__option__grammar__n16__os0__max_episode_steps5000__discountprimitive__ent_coef0.01__exp2,0830-172041__NetHackChallenge-v0__exp2,NetHackChallenge-v0,option,grammar,0,10000000,5000,0,0.999,primitive,exp2,16,1183265.836044781,24.113939203544472,23.363013607493425,27.829602258191844,median-range,5,10001771
0830-172041__NetHackChallenge-v0__exp2/NetHackChallenge-v0__option__grammar__n16__os0__max_episode_steps5000__discountprimitive__ent_coef0.01__exp2,0830-172041__NetHackChallenge-v0__exp2,NetHackChallenge-v0,option,grammar,0,10000000,5000,0,0.999,primitive,exp2,16,1228415.7846510771,25.74014579873537,21.664044904064188,30.63085699793253,median-range,5,10001771
0830-172041__NetHackChallenge-v0__exp2/NetHackChallenge-v0__option__grammar__n16__os0__max_episode_steps5000__discountprimitive__ent_coef0.01__exp2,0830-172041__NetHackChallenge-v0__exp2,NetHackChallenge-v0,option,grammar,0,10000000,5000,0,0.999,primitive,exp2,16,1275288.5226737922,27.684182031425944,23.72713024574989,28.600990693751417,median-range,5,10001771
0830-172041__NetHackChallenge-v0__exp2/NetHackChallenge-v0__option__grammar__n16__os0__max_episode_steps5000__discountprimitive__ent_coef0.01__exp2,0830-172041__NetHackChallenge-v0__exp2,NetHackChallenge-v0,option,grammar,0,10000000,5000,0,0.999,primitive,exp2,16,1323949.7866965812,25.768055887782094,22.793246368756687,31.973801222171982,median-range,5,10001771
0830-172041__NetHackChallenge-v0__exp2/NetHackChallenge-v0__option__grammar__n16__os0__max_episode_steps5000__discountprimitive__ent_coef0.01__exp2,0830-172041__NetHackChallenge-v0__exp2,NetHackChallenge-v0,option,grammar,0,10000000,5000,0,0.999,primitive,exp2,16,1374467.821618027,26.634617260134107,24.693385848184626,33.20035643376895,median-range,5,10001771
0830-172041__NetHackChallenge-v0__exp2/NetHackChallenge-v0__option__grammar__n16__os0__max_episode_steps5000__discountprimitive__ent_coef0.01__exp2,0830-172041__NetHackChallenge-v0__exp2,NetHackChallenge-v0,option,grammar,0,10000000,5000,0,0.999,primitive,exp2,16,1426913.4763615932,26.15948768741327,24.01358341739064,30.891463351850252,median-range,5,10001771
0830-172041__NetHackChallenge-v0__exp2/NetHackChallenge-v0__option__grammar__n16__os0__max_episode_steps5000__discountprimitive__ent_coef0.01__exp2,0830-172041__NetHackChallenge-v0__exp2,NetHackChallenge-v0,option,grammar,0,10000000,5000,0,0.999,primitive,exp2,16,1481360.3032375441,24.839137410274166,22.85695231580586,28.613978650183032,median-range,5,10001771
0830-172041__NetHackChallenge-v0__exp2/NetHackChallenge-v0__option__grammar__n16__os0__max_episode_steps5000__discountprimitive__ent_coef0.01__exp2,0830-172041__NetHackChallenge-v0__exp2,NetHackChallenge-v0,option,grammar,0,10000000,5000,0,0.999,primitive,exp2,16,1537884.6610962555,23.36648160642341,21.456153176620692,25.91204732541007,median-range,5,10001771
0830-172041__NetHackChallenge-v0__exp2/NetHackChallenge-v0__option__grammar__n16__os0__max_episode_steps5000__discountprimitive__ent_coef0.01__exp2,0830-172041__NetHackChallenge-v0__exp2,NetHackChallenge-v0,option,grammar,0,10000000,5000,0,0.999,primitive,exp2,16,1596565.8224175358,26.520144222352762,20.50581248663108,29.215317574343857,median-range,5,10001771
0830-172041__NetHackChallenge-v0__exp2/NetHackChallenge-v0__option__grammar__n16__os0__max_episode_steps5000__discountprimitive__ent_coef0.01__exp2,0830-172041__NetHackChallenge-v0__exp2,NetHackChallenge-v0,option,grammar,0,10000000,5000,0,0.999,primitive,exp2,16,1657486.0844861795,24.822227915727147,23.974264095298114,28.627510417006786,median-range,5,10001771
0830-172041__NetHackChallenge-v0__exp2/NetHackChallenge-v0__option__grammar__n16__os0__max_episode_steps5000__discountprimitive__ent_coef0.01__exp2,0830-172041__NetHackChallenge-v0__exp2,NetHackChallenge-v0,option,grammar,0,10000000,5000,0,0.999,primitive,exp2,16,1720730.8848096172,25.148660163302235,24.24282687775599,28.09515130303684,median-range,5,10001771
0830-172041__NetHackChallenge-v0__exp2/NetHackChallenge-v0__option__grammar__n16__os0__max_episode_steps5000__discountprimitive__ent_coef0.01__exp2,0830-172041__NetHackChallenge-v0__exp2,NetHackChallenge-v0,option,grammar,0,10000000,5000,0,0.999,primitive,exp2,16,1786388.9209396155,25.081511576964033,20.451328000259746,29.793259533295842,median-range,5,10001771
0830-172041__NetHackChallenge-v0__exp2/NetHackChallenge-v0__option__grammar__n16__os0__max_episode_steps5000__discountprimitive__ent_coef0.01__exp2,0830-172041__NetHackChallenge-v0__exp2,NetHackChallenge-v0,option,grammar,0,10000000,5000,0,0.999,primitive,exp2,16,1854552.274865967,25.755364709991927,23.274031590532605,33.26440178094371,median-range,5,10001771
0830-172041__NetHackChallenge-v0__exp2/NetHackChallenge-v0__option__grammar__n16__os0__max_episode_steps5000__discountprimitive__ent_coef0.01__exp2,0830-172041__NetHackChallenge-v0__exp2,NetHackChallenge-v0,option,grammar,0,10000000,5000,0,0.999,primitive,exp2,16,1925316.5421567191,26.002678486255366,23.071928192000644,30.499232545015964,median-range,5,10001771
0830-172041__NetHackChallenge-v0__exp2/NetHackChallenge-v0__option__grammar__n16__os0__max_episode_steps5000__discountprimitive__ent_coef0.01__exp2,0830-172041__NetHackChallenge-v0__exp2,NetHackChallenge-v0,option,grammar,0,10000000,5000,0,0.999,primitive,exp2,16,1998780.9660259918,27.5038248136873,24.29891374150437,32.66428247183718,median-range,5,10001771
0830-172041__NetHackChallenge-v0__exp2/NetHackChallenge-v0__option__grammar__n16__os0__max_episode_steps5000__discountprimitive__ent_coef0.01__exp2,0830-172041__NetHackChallenge-v0__exp2,NetHackChallenge-v0,option,grammar,0,10000000,5000,0,0.999,primitive,exp2,16,2075048.576517453,31.29597599234666,26.199507730971092,33.829161003049315,median-range,5,10001771
0830-172041__NetHackChallenge-v0__exp2/NetHackChallenge-v0__option__grammar__n16__os0__max_episode_steps5000__discountprimitive__ent_coef0.01__exp2,0830-172041__NetHackChallenge-v0__exp2,NetHackChallenge-v0,option,grammar,0,10000000,5000,0,0.999,primitive,exp2,16,2154226.334998583,28.11990310927113,23.54752128212395,33.44911753875679,median-range,5,10001771
0830-172041__NetHackChallenge-v0__exp2/NetHackChallenge-v0__option__grammar__n16__os0__max_episode_steps5000__discountprimitive__ent_coef0.01__exp2,0830-172041__NetHackChallenge-v0__exp2,NetHackChallenge-v0,option,grammar,0,10000000,5000,0,0.999,primitive,exp2,16,2236425.284168476,25.849890488177305,20.98141014969754,28.60272157857575,median-range,5,10001771
0830-172041__NetHackChallenge-v0__exp2/NetHackChallenge-v0__option__grammar__n16__os0__max_episode_steps5000__discountprimitive__ent_coef0.01__exp2,0830-172041__NetHackChallenge-v0__exp2,NetHackChallenge-v0,option,grammar,0,10000000,5000,0,0.999,primitive,exp2,16,2321760.7037894363,26.235663526196074,24.192715362404964,28.46275582565064,median-range,5,10001771
0830-172041__NetHackChallenge-v0__exp2/NetHackChallenge-v0__option__grammar__n16__os0__max_episode_steps5000__discountprimitive__ent_coef0.01__exp2,0830-172041__NetHackChallenge-v0__exp2,NetHackChallenge-v0,option,grammar,0,10000000,5000,0,0.999,primitive,exp2,16,2410352.272360883,24.997023877164192,22.62268560945672,33.788833723057884,median-range,5,10001771
0830-172041__NetHackChallenge-v0__exp2/NetHackChallenge-v0__option__grammar__n16__os0__max_episode_steps5000__discountprimitive__ent_coef0.01__exp2,0830-172041__NetHackChallenge-v0__exp2,NetHackChallenge-v0,option,grammar,0,10000000,5000,0,0.999,primitive,exp2,16,2502324.234962226,25.66,22.526161020975767,31.194167995374045,median-range,5,10001771
0830-172041__NetHackChallenge-v0__exp2/NetHackChallenge-v0__option__grammar__n16__os0__max_episode_steps5000__discountprimitive__ent_coef0.01__exp2,0830-172041__NetHackChallenge-v0__exp2,NetHackChallenge-v0,option,grammar,0,10000000,5000,0,0.999,primitive,exp2,16,2597805.577500166,29.61890350744783,22.53402420040572,41.513680956107656,median-range,5,10001771
0830-172041__NetHackChallenge-v0__exp2/NetHackChallenge-v0__option__grammar__n16__os0__max_episode_steps5000__discountprimitive__ent_coef0.01__exp2,0830-172041__NetHackChallenge-v0__exp2,NetHackChallenge-v0,option,grammar,0,10000000,5000,0,0.999,primitive,exp2,16,2696930.207604704,25.84554604507112,23.236819341865523,29.046711067252847,median-range,5,10001771
0830-172041__NetHackChallenge-v0__exp2/NetHackChallenge-v0__option__grammar__n16__os0__max_episode_steps5000__discountprimitive__ent_coef0.01__exp2,0830-172041__NetHackChallenge-v0__exp2,NetHackChallenge-v0,option,grammar,0,10000000,5000,0,0.999,primitive,exp2,16,2799837.1424276847,24.888391371579665,24.113238567813337,28.99483742084449,median-range,5,10001771
0830-172041__NetHackChallenge-v0__exp2/NetHackChallenge-v0__option__grammar__n16__os0__max_episode_steps5000__discountprimitive__ent_coef0.01__exp2,0830-172041__NetHackChallenge-v0__exp2,NetHackChallenge-v0,option,grammar,0,10000000,5000,0,0.999,primitive,exp2,16,2906670.703607106,28.25016043889862,24.062985058971844,29.87668779841926,median-range,5,10001771
0830-172041__NetHackChallenge-v0__exp2/NetHackChallenge-v0__option__grammar__n16__os0__max_episode_steps5000__discountprimitive__ent_coef0.01__exp2,0830-172041__NetHackChallenge-v0__exp2,NetHackChallenge-v0,option,grammar,0,10000000,5000,0,0.999,primitive,exp2,16,3017580.7196707497,25.484556792315104,22.89997187331937,30.50562418889708,median-range,5,10001771
0830-172041__NetHackChallenge-v0__exp2/NetHackChallenge-v0__option__grammar__n16__os0__max_episode_steps5000__discountprimitive__ent_coef0.01__exp2,0830-172041__NetHackChallenge-v0__exp2,NetHackChallenge-v0,option,grammar,0,10000000,5000,0,0.999,primitive,exp2,16,3132722.7361629093,26.775163179462012,21.596149371131705,31.543731101340665,median-range,5,10001771
0830-172041__NetHackChallenge-v0__exp2/NetHackChallenge-v0__option__grammar__n16__os0__max_episode_steps5000__discountprimitive__ent_coef0.01__exp2,0830-172041__NetHackChallenge-v0__exp2,NetHackChallenge-v0,option,grammar,0,10000000,5000,0,0.999,primitive,exp2,16,3252258.2337889713,28.482567400644943,27.550421325270122,30.315896438862808,median-range,5,10001771
0830-172041__NetHackChallenge-v0__exp2/NetHackChallenge-v0__option__grammar__n16__os0__max_episode_steps5000__discountprimitive__ent_coef0.01__exp2,0830-172041__NetHackChallenge-v0__exp2,NetHackChallenge-v0,option,grammar,0,10000000,5000,0,0.999,primitive,exp2,16,3376354.854883684,25.788860501088948,24.272194374890425,30.503348750209437,median-range,5,10001771
0830-172041__NetHackChallenge-v0__exp2/NetHackChallenge-v0__option__grammar__n16__os0__max_episode_steps5000__discountprimitive__ent_coef0.01__exp2,0830-172041__NetHackChallenge-v0__exp2,NetHackChallenge-v0,option,grammar,0,10000000,5000,0,0.999,primitive,exp2,16,3505186.6385208885,26.647030439774625,23.88854449428221,29.310919466263595,median-range,5,10001771
0830-172041__NetHackChallenge-v0__exp2/NetHackChallenge-v0__option__grammar__n16__os0__max_episode_steps5000__discountprimitive__ent_coef0.01__exp2,0830-172041__NetHackChallenge-v0__exp2,NetHackChallenge-v0,option,grammar,0,10000000,5000,0,0.999,primitive,exp2,16,3638934.2645942443,26.76633340147425,24.421228195981627,30.121877938751958,median-range,5,10001771
0830-172041__NetHackChallenge-v0__exp2/NetHackChallenge-v0__option__grammar__n16__os0__max_episode_steps5000__discountprimitive__ent_coef0.01__exp2,0830-172041__NetHackChallenge-v0__exp2,NetHackChallenge-v0,option,grammar,0,10000000,5000,0,0.999,primitive,exp2,16,3777785.307211436,25.553423127314957,23.476702351612026,28.226176480342712,median-range,5,10001771
0830-172041__NetHackChallenge-v0__exp2/NetHackChallenge-v0__option__grammar__n16__os0__max_episode_steps5000__discountprimitive__ent_coef0.01__exp2,0830-172041__NetHackChallenge-v0__exp2,NetHackChallenge-v0,option,grammar,0,10000000,5000,0,0.999,primitive,exp2,16,3921934.4977571117,29.531716180864453,26.72958539342858,36.023605398291544,median-range,5,10001771
0830-172041__NetHackChallenge-v0__exp2/NetHackChallenge-v0__option__grammar__n16__os0__max_episode_steps5000__discountprimitive__ent_coef0.01__exp2,0830-172041__NetHackChallenge-v0__exp2,NetHackChallenge-v0,option,grammar,0,10000000,5000,0,0.999,primitive,exp2,16,4071583.9979935847,26.260845812283414,21.810050856205613,35.52333112569839,median-range,5,10001771
0830-172041__NetHackChallenge-v0__exp2/NetHackChallenge-v0__option__grammar__n16__os0__max_episode_steps5000__discountprimitive__ent_coef0.01__exp2,0830-172041__NetHackChallenge-v0__exp2,NetHackChallenge-v0,option,grammar,0,10000000,5000,0,0.999,primitive,exp2,16,4226943.683582159,25.438411983174614,18.275193648786225,29.1917973218588,median-range,5,10001771
0830-172041__NetHackChallenge-v0__exp2/NetHackChallenge-v0__option__grammar__n16__os0__max_episode_steps5000__discountprimitive__ent_coef0.01__exp2,0830-172041__NetHackChallenge-v0__exp2,NetHackChallenge-v0,option,grammar,0,10000000,5000,0,0.999,primitive,exp2,16,4388231.438422923,28.57409429293147,25.81,31.441786409345216,median-range,5,10001771
0830-172041__NetHackChallenge-v0__exp2/NetHackChallenge-v0__option__grammar__n16__os0__max_episode_steps5000__discountprimitive__ent_coef0.01__exp2,0830-172041__NetHackChallenge-v0__exp2,NetHackChallenge-v0,option,grammar,0,10000000,5000,0,0.999,primitive,exp2,16,4555673.460225563,26.396727695402834,25.00616242607768,30.270509502669746,median-range,5,10001771
0830-172041__NetHackChallenge-v0__exp2/NetHackChallenge-v0__option__grammar__n16__os0__max_episode_steps5000__discountprimitive__ent_coef0.01__exp2,0830-172041__NetHackChallenge-v0__exp2,NetHackChallenge-v0,option,grammar,0,10000000,5000,0,0.999,primitive,exp2,16,4729504.577739943,28.669466085144037,24.787255710984304,31.46279505332063,median-range,5,10001771
0830-172041__NetHackChallenge-v0__exp2/NetHackChallenge-v0__option__grammar__n16__os0__max_episode_steps5000__discountprimitive__ent_coef0.01__exp2,0830-172041__NetHackChallenge-v0__exp2,NetHackChallenge-v0,option,grammar,0,10000000,5000,0,0.999,primitive,exp2,16,4909968.580091235,25.68424637154681,22.536764894790934,31.147352080372908,median-range,5,10001771
0830-172041__NetHackChallenge-v0__exp2/NetHackChallenge-v0__option__grammar__n16__os0__max_episode_steps5000__discountprimitive__ent_coef0.01__exp2,0830-172041__NetHackChallenge-v0__exp2,NetHackChallenge-v0,option,grammar,0,10000000,5000,0,0.999,primitive,exp2,16,5097318.558681556,25.56282010713235,23.102601684330285,32.48695557586654,median-range,5,10001771
0830-172041__NetHackChallenge-v0__exp2/NetHackChallenge-v0__option__grammar__n16__os0__max_episode_steps5000__discountprimitive__ent_coef0.01__exp2,0830-172041__NetHackChallenge-v0__exp2,NetHackChallenge-v0,option,grammar,0,10000000,5000,0,0.999,primitive,exp2,16,5291817.262137463,27.241665287684324,25.67906396824153,30.37,median-range,5,10001771
0830-172041__NetHackChallenge-v0__exp2/NetHackChallenge-v0__option__grammar__n16__os0__max_episode_steps5000__discountprimitive__ent_coef0.01__exp2,0830-172041__NetHackChallenge-v0__exp2,NetHackChallenge-v0,option,grammar,0,10000000,5000,0,0.999,primitive,exp2,16,5493737.464801352,31.96,26.842850441550347,33.16644654307983,median-range,5,10001771
0830-172041__NetHackChallenge-v0__exp2/NetHackChallenge-v0__option__grammar__n16__os0__max_episode_steps5000__discountprimitive__ent_coef0.01__exp2,0830-172041__NetHackChallenge-v0__exp2,NetHackChallenge-v0,option,grammar,0,10000000,5000,0,0.999,primitive,exp2,16,5703362.349283251,27.04351051033146,19.768131594540254,27.514373678169672,median-range,5,10001771
0830-172041__NetHackChallenge-v0__exp2/NetHackChallenge-v0__option__grammar__n16__os0__max_episode_steps5000__discountprimitive__ent_coef0.01__exp2,0830-172041__NetHackChallenge-v0__exp2,NetHackChallenge-v0,option,grammar,0,10000000,5000,0,0.999,primitive,exp2,16,5920985.903609785,27.438624827665315,23.892682347217733,38.414242182784186,median-range,5,10001771
0830-172041__NetHackChallenge-v0__exp2/NetHackChallenge-v0__option__grammar__n16__os0__max_episode_steps5000__discountprimitive__ent_coef0.01__exp2,0830-172041__NetHackChallenge-v0__exp2,NetHackChallenge-v0,option,grammar,0,10000000,5000,0,0.999,primitive,exp2,16,6146913.33352711,28.09011137166803,25.679140774113318,35.29187208054923,median-range,5,10001771
0830-172041__NetHackChallenge-v0__exp2/NetHackChallenge-v0__option__grammar__n16__os0__max_episode_steps5000__discountprimitive__ent_coef0.01__exp2,0830-172041__NetHackChallenge-v0__exp2,NetHackChallenge-v0,option,grammar,0,10000000,5000,0,0.999,primitive,exp2,16,6381461.490536185,30.003836329306772,27.853752232031844,37.29453740252633,median-range,5,10001771
0830-172041__NetHackChallenge-v0__exp2/NetHackChallenge-v0__option__grammar__n16__os0__max_episode_steps5000__discountprimitive__ent_coef0.01__exp2,0830-172041__NetHackChallenge-v0__exp2,NetHackChallenge-v0,option,grammar,0,10000000,5000,0,0.999,primitive,exp2,16,6624959.316260486,28.218594909637826,27.20291262381277,33.994888702367234,median-range,5,10001771
0830-172041__NetHackChallenge-v0__exp2/NetHackChallenge-v0__option__grammar__n16__os0__max_episode_steps5000__discountprimitive__ent_coef0.01__exp2,0830-172041__NetHackChallenge-v0__exp2,NetHackChallenge-v0,option,grammar,0,10000000,5000,0,0.999,primitive,exp2,16,6877748.303769666,34.06398733701506,29.849610939036378,35.66442414708859,median-range,5,10001771
0830-172041__NetHackChallenge-v0__exp2/NetHackChallenge-v0__option__grammar__n16__os0__max_episode_steps5000__discountprimitive__ent_coef0.01__exp2,0830-172041__NetHackChallenge-v0__exp2,NetHackChallenge-v0,option,grammar,0,10000000,5000,0,0.999,primitive,exp2,16,7140182.976505784,30.670451089944795,25.376221915108292,32.30968798293525,median-range,5,10001771
0830-172041__NetHackChallenge-v0__exp2/NetHackChallenge-v0__option__grammar__n16__os0__max_episode_steps5000__discountprimitive__ent_coef0.01__exp2,0830-172041__NetHackChallenge-v0__exp2,NetHackChallenge-v0,option,grammar,0,10000000,5000,0,0.999,primitive,exp2,16,7412631.385484092,30.42640879205772,26.154263208684945,30.899619673137096,median-range,5,10001771
0830-172041__NetHackChallenge-v0__exp2/NetHackChallenge-v0__option__grammar__n16__os0__max_episode_steps5000__discountprimitive__ent_coef0.01__exp2,0830-172041__NetHackChallenge-v0__exp2,NetHackChallenge-v0,option,grammar,0,10000000,5000,0,0.999,primitive,exp2,16,7695475.625465462,28.15106085355295,23.19280838499425,35.14881959303347,median-range,5,10001771
0830-172041__NetHackChallenge-v0__exp2/NetHackChallenge-v0__option__grammar__n16__os0__max_episode_steps5000__discountprimitive__ent_coef0.01__exp2,0830-172041__NetHackChallenge-v0__exp2,NetHackChallenge-v0,option,grammar,0,10000000,5000,0,0.999,primitive,exp2,16,7989112.3708245335,27.929599500206145,25.61443536230721,32.22952209019045,median-range,5,10001771
0830-172041__NetHackChallenge-v0__exp2/NetHackChallenge-v0__option__grammar__n16__os0__max_episode_steps5000__discountprimitive__ent_coef0.01__exp2,0830-172041__NetHackChallenge-v0__exp2,NetHackChallenge-v0,option,grammar,0,10000000,5000,0,0.999,primitive,exp2,16,8293953.431864837,29.777287462476774,25.567600918876476,31.7,median-range,5,10001771
0830-172041__NetHackChallenge-v0__exp2/NetHackChallenge-v0__option__grammar__n16__os0__max_episode_steps5000__discountprimitive__ent_coef0.01__exp2,0830-172041__NetHackChallenge-v0__exp2,NetHackChallenge-v0,option,grammar,0,10000000,5000,0,0.999,primitive,exp2,16,8610426.33236151,28.668073345135866,25.900414279597936,34.893488340279625,median-range,5,10001771
0830-172041__NetHackChallenge-v0__exp2/NetHackChallenge-v0__option__grammar__n16__os0__max_episode_steps5000__discountprimitive__ent_coef0.01__exp2,0830-172041__NetHackChallenge-v0__exp2,NetHackChallenge-v0,option,grammar,0,10000000,5000,0,0.999,primitive,exp2,16,8938974.909141097,29.242254081441097,26.574421256338525,32.32,median-range,5,10001771
0830-172041__NetHackChallenge-v0__exp2/NetHackChallenge-v0__option__grammar__n16__os0__max_episode_steps5000__discountprimitive__ent_coef0.01__exp2,0830-172041__NetHackChallenge-v0__exp2,NetHackChallenge-v0,option,grammar,0,10000000,5000,0,0.999,primitive,exp2,16,9280059.93453975,31.747120797069517,22.457103269037688,35.32417127462131,median-range,5,10001771
0830-172041__NetHackChallenge-v0__exp2/NetHackChallenge-v0__option__grammar__n16__os0__max_episode_steps5000__discountprimitive__ent_coef0.01__exp2,0830-172041__NetHackChallenge-v0__exp2,NetHackChallenge-v0,option,grammar,0,10000000,5000,0,0.999,primitive,exp2,16,9634159.762612503,31.681886227472,28.858714236972823,35.610719205705344,median-range,5,10001771
0830-172041__NetHackChallenge-v0__exp2/NetHackChallenge-v0__option__grammar__n16__os0__max_episode_steps5000__discountprimitive__ent_coef0.01__exp2,0830-172041__NetHackChallenge-v0__exp2,NetHackChallenge-v0,option,grammar,0,10000000,5000,0,0.999,primitive,exp2,16,10001771.0,30.2,25.18,32.86813182939725,median-range,5,10001771
0830-172041__NetHackChallenge-v0__exp2/NetHackChallenge-v0__option__grammar__n227__os0__max_episode_steps5000__discountprimitive__ent_coef0.01__exp2,0830-172041__NetHackChallenge-v0__exp2,NetHackChallenge-v0,option,grammar,0,10000000,5000,0,0.999,primitive,exp2,227,1925.0,1.1644318983768525,0.0,7.880085653104924,median-range,5,10000483
0830-172041__NetHackChallenge-v0__exp2/NetHackChallenge-v0__option__grammar__n227__os0__max_episode_steps5000__discountprimitive__ent_coef0.01__exp2,0830-172041__NetHackChallenge-v0__exp2,NetHackChallenge-v0,option,grammar,0,10000000,5000,0,0.999,primitive,exp2,227,2009.5649234169762,1.7612203487436568,0.0,9.96251952739877,median-range,5,10000483
0830-172041__NetHackChallenge-v0__exp2/NetHackChallenge-v0__option__grammar__n227__os0__max_episode_steps5000__discountprimitive__ent_coef0.01__exp2,0830-172041__NetHackChallenge-v0__exp2,NetHackChallenge-v0,option,grammar,0,10000000,5000,0,0.999,primitive,exp2,227,2097.8447695729237,2.3842256144878173,0.0,11.536220569690384,median-range,5,10000483
0830-172041__NetHackChallenge-v0__exp2/NetHackChallenge-v0__option__grammar__n227__os0__max_episode_steps5000__discountprimitive__ent_coef0.01__exp2,0830-172041__NetHackChallenge-v0__exp2,NetHackChallenge-v0,option,grammar,0,10000000,5000,0,0.999,primitive,exp2,227,2190.002734393518,3.0345993958611013,0.0,11.66537683776582,median-range,5,10000483
0830-172041__NetHackChallenge-v0__exp2/NetHackChallenge-v0__option__grammar__n227__os0__max_episode_steps5000__discountprimitive__ent_coef0.01__exp2,0830-172041__NetHackChallenge-v0__exp2,NetHackChallenge-v0,option,grammar,0,10000000,5000,0,0.999,primitive,exp2,227,2286.2091829737556,3.7135439871118954,0.0,11.800206918785987,median-range,5,10000483
0830-172041__NetHackChallenge-v0__exp2/NetHackChallenge-v0__option__grammar__n227__os0__max_episode_steps5000__discountprimitive__ent_coef0.01__exp2,0830-172041__NetHackChallenge-v0__exp2,NetHackChallenge-v0,option,grammar,0,10000000,5000,0,0.999,primitive,exp2,227,2386.6419645183605,3.862511675008056,0.0,11.940960062390975,median-range,5,10000483
0830-172041__NetHackChallenge-v0__exp2/NetHackChallenge-v0__option__grammar__n227__os0__max_episode_steps5000__discountprimitive__ent_coef0.01__exp2,0830-172041__NetHackChallenge-v0__exp2,NetHackChallenge-v0,option,grammar,0,10000000,5000,0,0.999,primitive,exp2,227,2491.4867411174455,3.8402196904018613,0.0,12.087896467715264,median-range,5,10000483
0830-172041__NetHackChallenge-v0__exp2/NetHackChallenge-v0__option__grammar__n227__os0__max_episode_steps5000__discountprimitive__ent_coef0.01__exp2,0830-172041__NetHackChallenge-v0__exp2,NetHackChallenge-v0,option,grammar,0,10000000,5000,0,0.999,primitive,exp2,227,2600.937330965243,3.81694842269383,0.0,12.241287764397171,median-range,5,10000483
0830-172041__NetHackChallenge-v0__exp2/NetHackChallenge-v0__option__grammar__n227__os0__max_episode_steps5000__discountprimitive__ent_coef0.01__exp2,0830-172041__NetHackChallenge-v0__exp2,NetHackChallenge-v0,option,grammar,0,10000000,5000,0,0.999,primitive,exp2,227,2715.1960666563787,3.7926548521434373,0.0,12.401417514718943,median-range,5,10000483
0830-172041__NetHackChallenge-v0__exp2/NetHackChallenge-v0__option__grammar__n227__os0__max_episode_steps5000__discountprimitive__ent_coef0.01__exp2,0830-172041__NetHackChallenge-v0__exp2,NetHackChallenge-v0,option,grammar,0,10000000,5000,0,0.999,primitive,exp2,227,2834.4741692220273,3.767294069160256,0.0,12.568581737805774,median-range,5,10000483
0830-172041__NetHackChallenge-v0__exp2/NetHackChallenge-v0__option__grammar__n227__os0__max_episode_steps5000__discountprimitive__ent_coef0.01__exp2,0830-172041__NetHackChallenge-v0__exp2,NetHackChallenge-v0,option,grammar,0,10000000,5000,0,0.999,primitive,exp2,227,2958.992138597435,3.740819191283169,0.0,12.743089456852807,median-range,5,10000483
0830-172041__NetHackChallenge-v0__exp2/NetHackChallenge-v0__option__grammar__n227__os0__max_episode_steps5000__discountprimitive__ent_coef0.01__exp2,0830-172041__NetHackChallenge-v0__exp2,NetHackChallenge-v0,option,grammar,0,10000000,5000,0,0.999,primitive,exp2,227,3088.980161242592,3.7131812765124983,0.0,12.925263270391731,median-range,5,10000483
0830-172041__NetHackChallenge-v0__exp2/NetHackChallenge-v0__option__grammar__n227__os0__max_episode_steps5000__discountprimitive__ent_coef0.01__exp2,0830-172041__NetHackChallenge-v0__exp2,NetHackChallenge-v0,option,grammar,0,10000000,5000,0,0.999,primitive,exp2,227,3224.6785356696264,3.684329232834821,0.0,13.115439948652991,median-range,5,10000483
0830-172041__NetHackChallenge-v0__exp2/NetHackChallenge-v0__option__grammar__n227__os0__max_episode_steps5000__discountprimitive__ent_coef0.01__exp2,0830-172041__NetHackChallenge-v0__exp2,NetHackChallenge-v0,option,grammar,0,10000000,5000,0,0.999,primitive,exp2,227,3366.3381166635368,3.654209723773234,0.0,13.313971056126128,median-range,5,10000483
0830-172041__NetHackChallenge-v0__exp2/NetHackChallenge-v0__option__grammar__n227__os0__max_episode_steps5000__discountprimitive__ent_coef0.01__exp2,0830-172041__NetHackChallenge-v0__exp2,NetHackChallenge-v0,option,grammar,0,10000000,5000,0,0.999,primitive,exp2,227,3514.22077901746,3.622767069788453,0.0,13.521223601469057,median-range,5,10000483
0830-172041__NetHackChallenge-v0__exp2/NetHackChallenge-v0__option__grammar__n227__os0__max_episode_steps5000__discountprimitive__ent_coef0.01__exp2,0830-172041__NetHackChallenge-v0__exp2,NetHackChallenge-v0,option,grammar,0,10000000,5000,0,0.999,primitive,exp2,227,3668.5999016397764,3.5899431453484767,0.0,13.664118836775438,median-range,5,10000483
0830-172041__NetHackChallenge-v0__exp2/NetHackChallenge-v0__option__grammar__n227__os0__max_episode_steps5000__discountprimitive__ent_coef0.01__exp2,0830-172041__NetHackChallenge-v0__exp2,NetHackChallenge-v0,option,grammar,0,10000000,5000,0,0.999,primitive,exp2,227,3829.7608729279304,3.5556772714765468,0.0,14.606639893633949,median-range,5,10000483
0830-172041__NetHackChallenge-v0__exp2/NetHackChallenge-v0__option__grammar__n227__os0__max_episode_steps5000__discountprimitive__ent_coef0.01__exp2,0830-172041__NetHackChallenge-v0__exp2,NetHackChallenge-v0,option,grammar,0,10000000,5000,0,0.999,primitive,exp2,227,3998.0016183432467,3.5199061035787493,0.0,15.793942260714516,median-range,5,10000483
0830-172041__NetHackChallenge-v0__exp2/NetHackChallenge-v0__option__grammar__n227__os0__max_episode_steps5000__discountprimitive__ent_coef0.01__exp2,0830-172041__NetHackChallenge-v0__exp2,NetHackChallenge-v0,option,grammar,0,10000000,5000,0,0.999,primitive,exp2,227,4173.633151162024,3.482563514343906,0.0,17.03340261935091,median-range,5,10000483
0830-172041__NetHackChallenge-v0__exp2/NetHackChallenge-v0__option__grammar__n227__os0__max_episode_steps5000__discountprimitive__ent_coef0.01__exp2,0830-172041__NetHackChallenge-v0__exp2,NetHackChallenge-v0,option,grammar,0,10000000,5000,0,0.999,primitive,exp2,227,4356.980147421027,3.443580471499277,0.0,18.327312261263426,median-range,5,10000483
0830-172041__NetHackChallenge-v0__exp2/NetHackChallenge-v0__option__grammar__n227__os0__max_episode_steps5000__discountprimitive__ent_coef0.01__exp2,0830-172041__NetHackChallenge-v0__exp2,NetHackChallenge-v0,option,grammar,0,10000000,5000,0,0.999,primitive,exp2,227,4548.38154612022,3.402884910196094,0.0,19.678063134228797,median-range,5,10000483
0830-172041__NetHackChallenge-v0__exp2/NetHackChallenge-v0__option__grammar__n227__os0__max_episode_steps5000__discountprimitive__ent_coef0.01__exp2,0830-172041__NetHackChallenge-v0__exp2,NetHackChallenge-v0,option,grammar,0,10000000,5000,0,0.999,primitive,exp2,227,4748.191175792348,3.360401599789008,0.0,19.407225240056555,median-range,5,10000483
0830-172041__NetHackChallenge-v0__exp2/NetHackChallenge-v0__option__grammar__n227__os0__max_episode_steps5000__discountprimitive__ent_coef0.01__exp2,0830-172041__NetHackChallenge-v0__exp2,NetHackChallenge-v0,option,grammar,0,10000000,5000,0,0.999,primitive,exp2,227,4956.778408597566,3.3160520047631814,0.0,18.605329501094836,median-range,5,10000483
0830-172041__NetHackChallenge-v0__exp2/NetHackChallenge-v0__option__grammar__n227__os0__max_episode_steps5000__discountprimitive__ent_coef0.01__exp2,0830-172041__NetHackChallenge-v0__exp2,NetHackChallenge-v0,option,grammar,0,10000000,5000,0,0.999,primitive,exp2,227,5174.528843152365,3.2697541395519343,0.0,17.768206618364946,median-range,5,10000483
0830-172041__NetHackChallenge-v0__exp2/NetHackChallenge-v0__option__grammar__n227__os0__max_episode_steps5000__discountprimitive__ent_coef0.01__exp2,0830-172041__NetHackChallenge-v0__exp2,NetHackChallenge-v0,option,grammar,0,10000000,5000,0,0.999,primitive,exp2,227,5401.845017355024,3.2214224169765537,0.0,16.894309069417595,median-range,5,10000483
0830-172041__NetHackChallenge-v0__exp2/NetHackChallenge-v0__option__grammar__n227__os0__max_episode_steps5000__discountprimitive__ent_coef0.01__exp2,0830-172041__NetHackChallenge-v0__exp2,NetHackChallenge-v0,option,grammar,0,10000000,5000,0,0.999,primitive,exp2,227,5639.147152525416,3.1709674900280835,0.0,15.98202134940478,median-range,5,10000483
0830-172041__NetHackChallenge-v0__exp2/NetHackChallenge-v0__option__grammar__n227__os0__max_episode_steps5000__discountprimitive__ent_coef0.01__exp2,0830-172041__NetHackChallenge-v0__exp2,NetHackChallenge-v0,option,grammar,0,10000000,5000,0,0.999,primitive,exp2,227,5886.873930234701,3.118296086698623,0.0,15.029656984624623,median-range,5,10000483
0830-172041__NetHackChallenge-v0__exp2/NetHackChallenge-v0__option__grammar__n227__os0__max_episode_steps5000__discountprimitive__ent_coef0.01__exp2,0830-172041__NetHackChallenge-v0__exp2,NetHackChallenge-v0,option,grammar,0,10000000,5000,0,0.999,primitive,exp2,227,6145.483303261036,3.063310837556788,0.0,14.354682246366531,median-range,5,10000483
0830-172041__NetHackChallenge-v0__exp2/NetHackChallenge-v0__option__grammar__n227__os0__max_episode_steps5000__discountprimitive__ent_coef0.01__exp2,0830-172041__NetHackChallenge-v0__exp2,NetHackChallenge-v0,option,grammar,0,10000000,5000,0,0.999,primitive,exp2,227,6415.453342170427,3.0059100957485936,0.0,14.4290668768569,median-range,5,10000483
0830-172041__NetHackChallenge-v0__exp2/NetHackChallenge-v0__option__grammar__n227__os0__max_episode_steps5000__discountprimitive__ent_coef0.01__exp2,0830-172041__NetHackChallenge-v0__exp2,NetHackChallenge-v0,option,grammar,0,10000000,5000,0,0.999,primitive,exp2,227,6697.283119087749,2.9459877490910014,0.0,14.506719211545098,median-range,5,10000483
0830-172041__NetHackChallenge-v0__exp2/NetHackChallenge-v0__option__grammar__n227__os0__max_episode_steps5000__discountprimitive__ent_coef0.01__exp2,0830-172041__NetHackChallenge-v0__exp2,NetHackChallenge-v0,option,grammar,0,10000000,5000,0,0.999,primitive,exp2,227,6991.493630291627,2.8834330239107793,0.0,14.587782800122156,median-range,5,10000483
0830-172041__NetHackChallenge-v0__exp2/NetHackChallenge-v0__option__grammar__n227__os0__max_episode_steps5000__discountprimitive__ent_coef0.01__exp2,0830-172041__NetHackChallenge-v0__exp2,NetHackChallenge-v0,option,grammar,0,10000000,5000,0,0.999,primitive,exp2,227,7298.628759338843,3.5688315217089204,1.3359935871643578,14.672407498392682,median-range,5,10000483
0830-172041__NetHackChallenge-v0__exp2/NetHackChallenge-v0__option__grammar__n227__os0__max_episode_steps5000__discountprimitive__ent_coef0.01__exp2,0830-172041__NetHackChallenge-v0__exp2,NetHackChallenge-v0,option,grammar,0,10000000,5000,0,0.999,primitive,exp2,227,7619.25628249855,7.993187166862265,1.4047436814734935,14.760749745301354,median-range,5,10000483
0830-172041__NetHackChallenge-v0__exp2/NetHackChallenge-v0__option__grammar__n227__os0__max_episode_steps5000__discountprimitive__ent_coef0.01__exp2,0830-172041__NetHackChallenge-v0__exp2,NetHackChallenge-v0,option,grammar,0,10000000,5000,0,0.999,primitive,exp2,227,7953.968918355082,10.587211747066236,1.4765139557619358,14.85297285212915,median-range,5,10000483
0830-172041__NetHackChallenge-v0__exp2/NetHackChallenge-v0__option__grammar__n227__os0__max_episode_steps5000__discountprimitive__ent_coef0.01__exp2,0830-172041__NetHackChallenge-v0__exp2,NetHackChallenge-v0,option,grammar,0,10000000,5000,0,0.999,primitive,exp2,227,8303.385423519607,10.390268614857622,1.551437086023788,14.949247304393918,median-range,5,10000483
0830-172041__NetHackChallenge-v0__exp2/NetHackChallenge-v0__option__grammar__n227__os0__max_episode_steps5000__discountprimitive__ent_coef0.01__exp2,0830-172041__NetHackChallenge-v0__exp2,NetHackChallenge-v0,option,grammar,0,10000000,5000,0,0.999,primitive,exp2,227,8668.15173647627,10.184673804263177,1.6296515766870707,15.049751077013376,median-range,5,10000483
0830-172041__NetHackChallenge-v0__exp2/NetHackChallenge-v0__option__grammar__n227__os0__max_episode_steps5000__discountprimitive__ent_coef0.01__exp2,0830-172041__NetHackChallenge-v0__exp2,NetHackChallenge-v0,option,grammar,0,10000000,5000,0,0.999,primitive,exp2,227,9048.94217167723,9.970047248519203,1.711302016655828,15.15466996331319,median-range,5,10000483
0830-172041__NetHackChallenge-v0__exp2/NetHackChallenge-v0__option__grammar__n227__os0__max_episode_steps5000__discountprimitive__ent_coef0.01__exp2,0830-172041__NetHackChallenge-v0__exp2,NetHackChallenge-v0,option,grammar,0,10000000,5000,0,0.999,primitive,exp2,227,9446.460666094134,9.745992184593543,1.7965393466001287,15.264197918488295,median-range,5,10000483
0830-172041__NetHackChallenge-v0__exp2/NetHackChallenge-v0__option__grammar__n227__os0__max_episode_steps5000__discountprimitive__ent_coef0.01__exp2,0830-172041__NetHackChallenge-v0__exp2,NetHackChallenge-v0,option,grammar,0,10000000,5000,0,0.999,primitive,exp2,227,9861.442080530358,9.512094419721363,1.885521137988069,15.378537418152439,median-range,5,10000483
0830-172041__NetHackChallenge-v0__exp2/NetHackChallenge-v0__option__grammar__n227__os0__max_episode_steps5000__discountprimitive__ent_coef0.01__exp2,0830-172041__NetHackChallenge-v0__exp2,NetHackChallenge-v0,option,grammar,0,10000000,5000,0,0.999,primitive,exp2,227,10294.65355809971,9.267921565719924,1.9784118843756078,15.49789983263873,median-range,5,10000483
0830-172041__NetHackChallenge-v0__exp2/NetHackChallenge-v0__option__grammar__n227__os0__max_episode_steps5000__discountprimitive__ent_coef0.01__exp2,0830-172041__NetHackChallenge-v0__exp2,NetHackChallenge-v0,option,grammar,0,10000000,5000,0,0.999,primitive,exp2,227,10746.895942382831,9.013022239666988,2.075383305492709,15.622505817743152,median-range,5,10000483
0830-172041__NetHackChallenge-v0__exp2/NetHackChallenge-v0__option__grammar__n227__os0__max_episode_steps5000__discountprimitive__ent_coef0.01__exp2,0830-172041__NetHackChallenge-v0__exp2,NetHackChallenge-v0,option,grammar,0,10000000,5000,0,0.999,primitive,exp2,227,11219.005257883022,11.92407991578273,2.1766146646879467,15.752585722633372,median-range,5,10000483
0830-172041__NetHackChallenge-v0__exp2/NetHackChallenge-v0__option__grammar__n227__os0__max_episode_steps5000__discountprimitive__ent_coef0.01__exp2,0830-172041__NetHackChallenge-v0__exp2,NetHackChallenge-v0,option,grammar,0,10000000,5000,0,0.999,primitive,exp2,227,11711.854255518107,11.743075561981808,2.28229310031837,15.888380015676901,median-range,5,10000483
0830-172041__NetHackChallenge-v0__exp2/NetHackChallenge-v0__option__grammar__n227__os0__max_episode_steps5000__discountprimitive__ent_coef0.01__exp2,0830-172041__NetHackChallenge-v0__exp2,NetHackChallenge-v0,option,grammar,0,10000000,5000,0,0.999,primitive,exp2,227,12226.354026005733,11.554119717626437,2.3926139716973194,16.03013972897585,median-range,5,10000483
0830-172041__NetHackChallenge-v0__exp2/NetHackChallenge-v0__option__grammar__n227__os0__max_episode_steps5000__discountprimitive__ent_coef0.01__exp2,0830-172041__NetHackChallenge-v0__exp2,NetHackChallenge-v0,option,grammar,0,10000000,5000,0,0.999,primitive,exp2,227,12763.455684124185,11.401498159236278,2.507781220239622,16.17812692242999,median-range,5,10000483
0830-172041__NetHackChallenge-v0__exp2/NetHackChallenge-v0__option__grammar__n227__os0__max_episode_steps5000__discountprimitive__ent_coef0.01__exp2,0830-172041__NetHackChallenge-v0__exp2,NetHackChallenge-v0,option,grammar,0,10000000,5000,0,0.999,primitive,exp2,227,13324.152126962596,11.408649899578604,2.628007746471859,16.332615168186024,median-range,5,10000483
0830-172041__NetHackChallenge-v0__exp2/NetHackChallenge-v0__option__grammar__n227__os0__max_episode_steps5000__discountprimitive__ent_coef0.01__exp2,0830-172041__NetHackChallenge-v0__exp2,NetHackChallenge-v0,option,grammar,0,10000000,5000,0,0.999,primitive,exp2,227,13909.479869410772,11.416115814660852,2.7535158036046252,16.49389005636864,median-range,5,10000483
0830-172041__NetHackChallenge-v0__exp2/NetHackChallenge-v0__option__grammar__n227__os0__max_episode_steps5000__discountprimitive__ent_coef0.01__exp2,0830-172041__NetHackChallenge-v0__exp2,NetHackChallenge-v0,option,grammar,0,10000000,5000,0,0.999,primitive,exp2,227,14520.520960281785,11.423909706126043,2.8845374083943502,16.662249723028275,median-range,5,10000483
0830-172041__NetHackChallenge-v0__exp2/NetHackChallenge-v0__option__grammar__n227__os0__max_episode_steps5000__discountprimitive__ent_coef0.01__exp2,0830-172041__NetHackChallenge-v0__exp2,NetHackChallenge-v0,option,grammar,0,10000000,5000,0,0.999,primitive,exp2,227,15158.404982609492,15.063732229852025,5.832402127210948,16.695802321955405,median-range,5,10000483
0830-172041__NetHackChallenge-v0__exp2/NetHackChallenge-v0__option__grammar__n227__os0__max_episode_steps5000__discountprimitive__ent_coef0.01__exp2,0830-172041__NetHackChallenge-v0__exp2,NetHackChallenge-v0,option,grammar,0,10000000,5000,0,0.999,primitive,exp2,227,15824.311141818785,15.173925462079344,6.562154757074532,29.828784476333546,median-range,5,10000483
0830-172041__NetHackChallenge-v0__exp2/NetHackChallenge-v0__option__grammar__n227__os0__max_episode_steps5000__discountprimitive__ent_coef0.01__exp2,0830-172041__NetHackChallenge-v0__exp2,NetHackChallenge-v0,option,grammar,0,10000000,5000,0,0.999,primitive,exp2,227,16519.47044562882,15.011455818331736,7.323965296162923,28.376128155531738,median-range,5,10000483
0830-172041__NetHackChallenge-v0__exp2/NetHackChallenge-v0__option__grammar__n227__os0__max_episode_steps5000__discountprimitive__ent_coef0.01__exp2,0830-172041__NetHackChallenge-v0__exp2,NetHackChallenge-v0,option,grammar,0,10000000,5000,0,0.999,primitive,exp2,227,17245.167979719008,14.841848910697841,7.807815447873997,27.667023666485235,median-range,5,10000483
0830-172041__NetHackChallenge-v0__exp2/NetHackChallenge-v0__option__grammar__n227__os0__max_episode_steps5000__discountprimitive__ent_coef0.01__exp2,0830-172041__NetHackChallenge-v0__exp2,NetHackChallenge-v0,option,grammar,0,10000000,5000,0,0.999,primitive,exp2,227,18002.745283364675,14.664791200385991,7.651568253940956,26.92676833753696,median-range,5,10000483
0830-172041__NetHackChallenge-v0__exp2/NetHackChallenge-v0__option__grammar__n227__os0__max_episode_steps5000__discountprimitive__ent_coef0.01__exp2,0830-172041__NetHackChallenge-v0__exp2,NetHackChallenge-v0,option,grammar,0,10000000,5000,0,0.999,primitive,exp2,227,18793.602829433807,14.937495628627264,7.488457147286331,26.15399371757494,median-range,5,10000483
0830-172041__NetHackChallenge-v0__exp2/NetHackChallenge-v0__option__grammar__n227__os0__max_episode_steps5000__discountprimitive__ent_coef0.01__exp2,0830-172041__NetHackChallenge-v0__exp2,NetHackChallenge-v0,option,grammar,0,10000000,5000,0,0.999,primitive,exp2,227,19619.202613329984,15.353214525201661,7.318180597388743,25.347271239661925,median-range,5,10000483
0830-172041__NetHackChallenge-v0__exp2/NetHackChallenge-v0__option__grammar__n227__os0__max_episode_steps5000__discountprimitive__ent_coef0.01__exp2,0830-172041__NetHackChallenge-v0__exp2,NetHackChallenge-v0,option,grammar,0,10000000,5000,0,0.999,primitive,exp2,227,20481.070855666818,15.787195882374398,7.140423827542168,25.034227576962117,median-range,5,10000483
0830-172041__NetHackChallenge-v0__exp2/NetHackChallenge-v0__option__grammar__n227__os0__max_episode_steps5000__discountprimitive__ent_coef0.01__exp2,0830-172041__NetHackChallenge-v0__exp2,NetHackChallenge-v0,option,grammar,0,10000000,5000,0,0.999,primitive,exp2,227,21380.800823670525,16.24024196694127,6.9548582329532955,28.632360232404224,median-range,5,10000483
0830-172041__NetHackChallenge-v0__exp2/NetHackChallenge-v0__option__grammar__n227__os0__max_episode_steps5000__discountprimitive__ent_coef0.01__exp2,0830-172041__NetHackChallenge-v0__exp2,NetHackChallenge-v0,option,grammar,0,10000000,5000,0,0.999,primitive,exp2,227,22320.055776526282,17.880827617593535,8.468073349243108,27.09346793676485,median-range,5,10000483
0830-172041__NetHackChallenge-v0__exp2/NetHackChallenge-v0__option__grammar__n227__os0__max_episode_steps5000__discountprimitive__ent_coef0.01__exp2,0830-172041__NetHackChallenge-v0__exp2,NetHackChallenge-v0,option,grammar,0,10000000,5000,0,0.999,primitive,exp2,227,23300.572040113086,17.349823792270335,11.2975597787637,23.712572404808157,median-range,5,10000483
0830-172041__NetHackChallenge-v0__exp2/NetHackChallenge-v0__option__grammar__n227__os0__max_episode_steps5000__discountprimitive__ent_coef0.01__exp2,0830-172041__NetHackChallenge-v0__exp2,NetHackChallenge-v0,option,grammar,0,10000000,5000,0,0.999,primitive,exp2,227,24324.162216811223,16.861403102869055,13.534124440983787,23.848648459038497,median-range,5,10000483
0830-172041__NetHackChallenge-v0__exp2/NetHackChallenge-v0__option__grammar__n227__os0__max_episode_steps5000__discountprimitive__ent_coef0.01__exp2,0830-172041__NetHackChallenge-v0__exp2,NetHackChallenge-v0,option,grammar,0,10000000,5000,0,0.999,primitive,exp2,227,25392.71853631603,15.663807375011771,14.303510113824728,23.990702311245393,median-range,5,10000483
0830-172041__NetHackChallenge-v0__exp2/NetHackChallenge-v0__option__grammar__n227__os0__max_episode_steps5000__discountprimitive__ent_coef0.01__exp2,0830-172041__NetHackChallenge-v0__exp2,NetHackChallenge-v0,option,grammar,0,10000000,5000,0,0.999,primitive,exp2,227,26508.216353652402,16.388576519636004,14.499005426553293,24.13899656507981,median-range,5,10000483
0830-172041__NetHackChallenge-v0__exp2/NetHackChallenge-v0__option__grammar__n227__os0__max_episode_steps5000__discountprimitive__ent_coef0.01__exp2,0830-172041__NetHackChallenge-v0__exp2,NetHackChallenge-v0,option,grammar,0,10000000,5000,0,0.999,primitive,exp2,227,27672.71780085618,16.72694276200401,15.5193061504895,24.293805360326523,median-range,5,10000483
0830-172041__NetHackChallenge-v0__exp2/NetHackChallenge-v0__option__grammar__n227__os0__max_episode_steps5000__discountprimitive__ent_coef0.01__exp2,0830-172041__NetHackChallenge-v0__exp2,NetHackChallenge-v0,option,grammar,0,10000000,5000,0,0.999,primitive,exp2,227,28888.375599073846,16.306077199734126,15.734556920637385,24.159540963664003,median-range,5,10000483
0830-172041__NetHackChallenge-v0__exp2/NetHackChallenge-v0__option__grammar__n227__os0__max_episode_steps5000__discountprimitive__ent_coef0.01__exp2,0830-172041__NetHackChallenge-v0__exp2,NetHackChallenge-v0,option,grammar,0,10000000,5000,0,0.999,primitive,exp2,227,30157.437038126594,16.199857591809554,15.125353391386186,23.784368952456724,median-range,5,10000483
0830-172041__NetHackChallenge-v0__exp2/NetHackChallenge-v0__option__grammar__n227__os0__max_episode_steps5000__discountprimitive__ent_coef0.01__exp2,0830-172041__NetHackChallenge-v0__exp2,NetHackChallenge-v0,option,grammar,0,10000000,5000,0,0.999,primitive,exp2,227,31482.24813089619,17.900010612449517,15.070043718430481,23.392715698446356,median-range,5,10000483
0830-172041__NetHackChallenge-v0__exp2/NetHackChallenge-v0__option__grammar__n227__os0__max_episode_steps5000__discountprimitive__ent_coef0.01__exp2,0830-172041__NetHackChallenge-v0__exp2,NetHackChallenge-v0,option,grammar,0,10000000,5000,0,0.999,primitive,exp2,227,32865.25795021229,19.084636745892794,14.544374186501297,28.54666508780091,median-range,5,10000483
0830-172041__NetHackChallenge-v0__exp2/NetHackChallenge-v0__option__grammar__n227__os0__max_episode_steps5000__discountprimitive__ent_coef0.01__exp2,0830-172041__NetHackChallenge-v0__exp2,NetHackChallenge-v0,option,grammar,0,10000000,5000,0,0.999,primitive,exp2,227,34309.02315625847,19.338025293854038,13.948321536028077,27.607753853694046,median-range,5,10000483
0830-172041__NetHackChallenge-v0__exp2/NetHackChallenge-v0__option__grammar__n227__os0__max_episode_steps5000__discountprimitive__ent_coef0.01__exp2,0830-172041__NetHackChallenge-v0__exp2,NetHackChallenge-v0,option,grammar,0,10000000,5000,0,0.999,primitive,exp2,227,35816.21272286641,20.175984365978973,13.336237979821629,27.367102711067538,median-range,5,10000483
0830-172041__NetHackChallenge-v0__exp2/NetHackChallenge-v0__option__grammar__n227__os0__max_episode_steps5000__discountprimitive__ent_coef0.01__exp2,0830-172041__NetHackChallenge-v0__exp2,NetHackChallenge-v0,option,grammar,0,10000000,5000,0,0.999,primitive,exp2,227,37389.61287143542,20.365856323952276,12.730944199947865,29.65148148070024,median-range,5,10000483
0830-172041__NetHackChallenge-v0__exp2/NetHackChallenge-v0__option__grammar__n227__os0__max_episode_steps5000__discountprimitive__ent_coef0.01__exp2,0830-172041__NetHackChallenge-v0__exp2,NetHackChallenge-v0,option,grammar,0,10000000,5000,0,0.999,primitive,exp2,227,39032.13222159819,21.492297614657147,12.576769146429545,32.10256065900869,median-range,5,10000483
0830-172041__NetHackChallenge-v0__exp2/NetHackChallenge-v0__option__grammar__n227__os0__max_episode_steps5000__discountprimitive__ent_coef0.01__exp2,0830-172041__NetHackChallenge-v0__exp2,NetHackChallenge-v0,option,grammar,0,10000000,5000,0,0.999,primitive,exp2,227,40746.80716815443,24.3308239205322,12.304276043615358,32.89217835970155,median-range,5,10000483
0830-172041__NetHackChallenge-v0__exp2/NetHackChallenge-v0__option__grammar__n227__os0__max_episode_steps5000__discountprimitive__ent_coef0.01__exp2,0830-172041__NetHackChallenge-v0__exp2,NetHackChallenge-v0,option,grammar,0,10000000,5000,0,0.999,primitive,exp2,227,42536.807494212255,23.828217270433264,13.894110330558583,31.03619264901108,median-range,5,10000483
0830-172041__NetHackChallenge-v0__exp2/NetHackChallenge-v0__option__grammar__n227__os0__max_episode_steps5000__discountprimitive__ent_coef0.01__exp2,0830-172041__NetHackChallenge-v0__exp2,NetHackChallenge-v0,option,grammar,0,10000000,5000,0,0.999,primitive,exp2,227,44405.44223091403,23.294888533541872,15.540963878904053,30.595794930844693,median-range,5,10000483
0830-172041__NetHackChallenge-v0__exp2/NetHackChallenge-v0__option__grammar__n227__os0__max_episode_steps5000__discountprimitive__ent_coef0.01__exp2,0830-172041__NetHackChallenge-v0__exp2,NetHackChallenge-v0,option,grammar,0,10000000,5000,0,0.999,primitive,exp2,227,46356.16577457856,22.90141631314081,15.911871674831245,29.385016948081372,median-range,5,10000483
0830-172041__NetHackChallenge-v0__exp2/NetHackChallenge-v0__option__grammar__n227__os0__max_episode_steps5000__discountprimitive__ent_coef0.01__exp2,0830-172041__NetHackChallenge-v0__exp2,NetHackChallenge-v0,option,grammar,0,10000000,5000,0,0.999,primitive,exp2,227,48392.58427256917,22.984604998106818,16.299073387307704,29.128084297112462,median-range,5,10000483
0830-172041__NetHackChallenge-v0__exp2/NetHackChallenge-v0__option__grammar__n227__os0__max_episode_steps5000__discountprimitive__ent_coef0.01__exp2,0830-172041__NetHackChallenge-v0__exp2,NetHackChallenge-v0,option,grammar,0,10000000,5000,0,0.999,primitive,exp2,227,50518.462289690935,23.056606583266074,17.404728906990755,28.216596965132325,median-range,5,10000483
0830-172041__NetHackChallenge-v0__exp2/NetHackChallenge-v0__option__grammar__n227__os0__max_episode_steps5000__discountprimitive__ent_coef0.01__exp2,0830-172041__NetHackChallenge-v0__exp2,NetHackChallenge-v0,option,grammar,0,10000000,5000,0,0.999,primitive,exp2,227,52737.72976744218,22.66053351271746,19.434735866140777,27.781743395152983,median-range,5,10000483
0830-172041__NetHackChallenge-v0__exp2/NetHackChallenge-v0__option__grammar__n227__os0__max_episode_steps5000__discountprimitive__ent_coef0.01__exp2,0830-172041__NetHackChallenge-v0__exp2,NetHackChallenge-v0,option,grammar,0,10000000,5000,0,0.999,primitive,exp2,227,55054.4892889845,21.766937949060527,19.227597430374182,26.28626337857485,median-range,5,10000483
0830-172041__NetHackChallenge-v0__exp2/NetHackChallenge-v0__option__grammar__n227__os0__max_episode_steps5000__discountprimitive__ent_coef0.01__exp2,0830-172041__NetHackChallenge-v0__exp2,NetHackChallenge-v0,option,grammar,0,10000000,5000,0,0.999,primitive,exp2,227,57473.02366326177,22.91671093434824,18.74940199076189,25.489280670072986,median-range,5,10000483
0830-172041__NetHackChallenge-v0__exp2/NetHackChallenge-v0__option__grammar__n227__os0__max_episode_steps5000__discountprimitive__ent_coef0.01__exp2,0830-172041__NetHackChallenge-v0__exp2,NetHackChallenge-v0,option,grammar,0,10000000,5000,0,0.999,primitive,exp2,227,59997.80384228817,23.551197151467367,18.753865839313043,25.901901947972384,median-range,5,10000483
0830-172041__NetHackChallenge-v0__exp2/NetHackChallenge-v0__option__grammar__n227__os0__max_episode_steps5000__discountprimitive__ent_coef0.01__exp2,0830-172041__NetHackChallenge-v0__exp2,NetHackChallenge-v0,option,grammar,0,10000000,5000,0,0.999,primitive,exp2,227,62633.49718624149,23.341072936044828,19.071869804943066,25.870102232706056,median-range,5,10000483
0830-172041__NetHackChallenge-v0__exp2/NetHackChallenge-v0__option__grammar__n227__os0__max_episode_steps5000__discountprimitive__ent_coef0.01__exp2,0830-172041__NetHackChallenge-v0__exp2,NetHackChallenge-v0,option,grammar,0,10000000,5000,0,0.999,primitive,exp2,227,65384.9760916399,23.00303824976803,19.748508537807606,25.40321146793845,median-range,5,10000483
0830-172041__NetHackChallenge-v0__exp2/NetHackChallenge-v0__option__grammar__n227__os0__max_episode_steps5000__discountprimitive__ent_coef0.01__exp2,0830-172041__NetHackChallenge-v0__exp2,NetHackChallenge-v0,option,grammar,0,10000000,5000,0,0.999,primitive,exp2,227,68257.32699855439,22.8996709763368,19.643014369872674,25.035131567796462,median-range,5,10000483
0830-172041__NetHackChallenge-v0__exp2/NetHackChallenge-v0__option__grammar__n227__os0__max_episode_steps5000__discountprimitive__ent_coef0.01__exp2,0830-172041__NetHackChallenge-v0__exp2,NetHackChallenge-v0,option,grammar,0,10000000,5000,0,0.999,primitive,exp2,227,71255.85979350518,23.89677442813817,19.94217714886657,24.966973522424762,median-range,5,10000483
0830-172041__NetHackChallenge-v0__exp2/NetHackChallenge-v0__option__grammar__n227__os0__max_episode_steps5000__discountprimitive__ent_coef0.01__exp2,0830-172041__NetHackChallenge-v0__exp2,NetHackChallenge-v0,option,grammar,0,10000000,5000,0,0.999,primitive,exp2,227,74386.11762542653,23.96905513038348,19.889596364179386,25.565582485973003,median-range,5,10000483
0830-172041__NetHackChallenge-v0__exp2/NetHackChallenge-v0__option__grammar__n227__os0__max_episode_steps5000__discountprimitive__ent_coef0.01__exp2,0830-172041__NetHackChallenge-v0__exp2,NetHackChallenge-v0,option,grammar,0,10000000,5000,0,0.999,primitive,exp2,227,77653.88715284494,23.632664698345952,19.834705714541414,26.933074840351576,median-range,5,10000483
0830-172041__NetHackChallenge-v0__exp2/NetHackChallenge-v0__option__grammar__n227__os0__max_episode_steps5000__discountprimitive__ent_coef0.01__exp2,0830-172041__NetHackChallenge-v0__exp2,NetHackChallenge-v0,option,grammar,0,10000000,5000,0,0.999,primitive,exp2,227,81065.20924121422,24.2852624928925,19.554470881378695,30.3420162365664,median-range,5,10000483
0830-172041__NetHackChallenge-v0__exp2/NetHackChallenge-v0__option__grammar__n227__os0__max_episode_steps5000__discountprimitive__ent_coef0.01__exp2,0830-172041__NetHackChallenge-v0__exp2,NetHackChallenge-v0,option,grammar,0,10000000,5000,0,0.999,primitive,exp2,227,84626.39013018279,24.82584504145092,21.366430464259984,30.273394223126505,median-range,5,10000483
0830-172041__NetHackChallenge-v0__exp2/NetHackChallenge-v0__option__grammar__n227__os0__max_episode_steps5000__discountprimitive__ent_coef0.01__exp2,0830-172041__NetHackChallenge-v0__exp2,NetHackChallenge-v0,option,grammar,0,10000000,5000,0,0.999,primitive,exp2,227,88344.01309143686,25.141676381159463,22.3521633410323,29.94671104917436,median-range,5,10000483
0830-172041__NetHackChallenge-v0__exp2/NetHackChallenge-v0__option__grammar__n227__os0__max_episode_steps5000__discountprimitive__ent_coef0.01__exp2,0830-172041__NetHackChallenge-v0__exp2,NetHackChallenge-v0,option,grammar,0,10000000,5000,0,0.999,primitive,exp2,227,92224.95059867103,25.39222645203058,22.760908490110626,29.29573739792673,median-range,5,10000483
0830-172041__NetHackChallenge-v0__exp2/NetHackChallenge-v0__option__grammar__n227__os0__max_episode_steps5000__discountprimitive__ent_coef0.01__exp2,0830-172041__NetHackChallenge-v0__exp2,NetHackChallenge-v0,option,grammar,0,10000000,5000,0,0.999,primitive,exp2,227,96276.37703218327,25.323944345092244,22.69509494222465,29.979826433878305,median-range,5,10000483
0830-172041__NetHackChallenge-v0__exp2/NetHackChallenge-v0__option__grammar__n227__os0__max_episode_steps5000__discountprimitive__ent_coef0.01__exp2,0830-172041__NetHackChallenge-v0__exp2,NetHackChallenge-v0,option,grammar,0,10000000,5000,0,0.999,primitive,exp2,227,100505.78194158096,25.252662616780405,23.555178514432868,31.370870879275248,median-range,5,10000483
0830-172041__NetHackChallenge-v0__exp2/NetHackChallenge-v0__option__grammar__n227__os0__max_episode_steps5000__discountprimitive__ent_coef0.01__exp2,0830-172041__NetHackChallenge-v0__exp2,NetHackChallenge-v0,option,grammar,0,10000000,5000,0,0.999,primitive,exp2,227,104920.98389111507,24.945222952978302,23.429746802956668,31.331264470763504,median-range,5,10000483
0830-172041__NetHackChallenge-v0__exp2/NetHackChallenge-v0__option__grammar__n227__os0__max_episode_steps5000__discountprimitive__ent_coef0.01__exp2,0830-172041__NetHackChallenge-v0__exp2,NetHackChallenge-v0,option,grammar,0,10000000,5000,0,0.999,primitive,exp2,227,109530.14491323789,24.587406632594178,23.005766443391355,31.857256622635756,median-range,5,10000483
0830-172041__NetHackChallenge-v0__exp2/NetHackChallenge-v0__option__grammar__n227__os0__max_episode_steps5000__discountprimitive__ent_coef0.01__exp2,0830-172041__NetHackChallenge-v0__exp2,NetHackChallenge-v0,option,grammar,0,10000000,5000,0,0.999,primitive,exp2,227,114341.78559710196,23.755963207756466,21.830685060071033,31.03239561364424,median-range,5,10000483
0830-172041__NetHackChallenge-v0__exp2/NetHackChallenge-v0__option__grammar__n227__os0__max_episode_steps5000__discountprimitive__ent_coef0.01__exp2,0830-172041__NetHackChallenge-v0__exp2,NetHackChallenge-v0,option,grammar,0,10000000,5000,0,0.999,primitive,exp2,227,119364.8008398964,23.606913731714446,21.423547465701287,28.96837556591398,median-range,5,10000483
0830-172041__NetHackChallenge-v0__exp2/NetHackChallenge-v0__option__grammar__n227__os0__max_episode_steps5000__discountprimitive__ent_coef0.01__exp2,0830-172041__NetHackChallenge-v0__exp2,NetHackChallenge-v0,option,grammar,0,10000000,5000,0,0.999,primitive,exp2,227,124608.4762901346,24.100190570174327,22.214742343307602,28.677662316350485,median-range,5,10000483
0830-172041__NetHackChallenge-v0__exp2/NetHackChallenge-v0__option__grammar__n227__os0__max_episode_steps5000__discountprimitive__ent_coef0.01__exp2,0830-172041__NetHackChallenge-v0__exp2,NetHackChallenge-v0,option,grammar,0,10000000,5000,0,0.999,primitive,exp2,227,130082.50551329377,24.13026128517172,22.794877494574404,28.841125068911122,median-range,5,10000483
0830-172041__NetHackChallenge-v0__exp2/NetHackChallenge-v0__option__grammar__n227__os0__max_episode_steps5000__discountprimitive__ent_coef0.01__exp2,0830-172041__NetHackChallenge-v0__exp2,NetHackChallenge-v0,option,grammar,0,10000000,5000,0,0.999,primitive,exp2,227,135797.007911538,24.423987491562634,23.412917985328516,27.968367694817225,median-range,5,10000483
0830-172041__NetHackChallenge-v0__exp2/NetHackChallenge-v0__option__grammar__n227__os0__max_episode_steps5000__discountprimitive__ent_coef0.01__exp2,0830-172041__NetHackChallenge-v0__exp2,NetHackChallenge-v0,option,grammar,0,10000000,5000,0,0.999,primitive,exp2,227,141762.54743065167,24.54192864030949,23.215634799829946,27.57363152123864,median-range,5,10000483
0830-172041__NetHackChallenge-v0__exp2/NetHackChallenge-v0__option__grammar__n227__os0__max_episode_steps5000__discountprimitive__ent_coef0.01__exp2,0830-172041__NetHackChallenge-v0__exp2,NetHackChallenge-v0,option,grammar,0,10000000,5000,0,0.999,primitive,exp2,227,147990.1520887652,24.27219031773681,23.604212558254318,26.704611516467878,median-range,5,10000483
0830-172041__NetHackChallenge-v0__exp2/NetHackChallenge-v0__option__grammar__n227__os0__max_episode_steps5000__discountprimitive__ent_coef0.01__exp2,0830-172041__NetHackChallenge-v0__exp2,NetHackChallenge-v0,option,grammar,0,10000000,5000,0,0.999,primitive,exp2,227,154491.33436297497,24.608563844818757,23.63432152757303,27.115163349392283,median-range,5,10000483
0830-172041__NetHackChallenge-v0__exp2/NetHackChallenge-v0__option__grammar__n227__os0__max_episode_steps5000__discountprimitive__ent_coef0.01__exp2,0830-172041__NetHackChallenge-v0__exp2,NetHackChallenge-v0,option,grammar,0,10000000,5000,0,0.999,primitive,exp2,227,161278.112471542,24.925783007033797,23.806551748606104,28.09778173961677,median-range,5,10000483
0830-172041__NetHackChallenge-v0__exp2/NetHackChallenge-v0__option__grammar__n227__os0__max_episode_steps5000__discountprimitive__ent_coef0.01__exp2,0830-172041__NetHackChallenge-v0__exp2,NetHackChallenge-v0,option,grammar,0,10000000,5000,0,0.999,primitive,exp2,227,168363.0325910176,24.518950485081568,24.260293318855044,30.158293847682753,median-range,5,10000483
0830-172041__NetHackChallenge-v0__exp2/NetHackChallenge-v0__option__grammar__n227__os0__max_episode_steps5000__discountprimitive__ent_coef0.01__exp2,0830-172041__NetHackChallenge-v0__exp2,NetHackChallenge-v0,option,grammar,0,10000000,5000,0,0.999,primitive,exp2,227,175759.1920493601,25.084299676220848,23.463615901279788,28.856728900327887,median-range,5,10000483
0830-172041__NetHackChallenge-v0__exp2/NetHackChallenge-v0__option__grammar__n227__os0__max_episode_steps5000__discountprimitive__ent_coef0.01__exp2,0830-172041__NetHackChallenge-v0__exp2,NetHackChallenge-v0,option,grammar,0,10000000,5000,0,0.999,primitive,exp2,227,183480.26353792317,26.069456743941913,21.757033010986557,31.414886746601496,median-range,5,10000483
0830-172041__NetHackChallenge-v0__exp2/NetHackChallenge-v0__option__grammar__n227__os0__max_episode_steps5000__discountprimitive__ent_coef0.01__exp2,0830-172041__NetHackChallenge-v0__exp2,NetHackChallenge-v0,option,grammar,0,10000000,5000,0,0.999,primitive,exp2,227,191540.52038707183,25.420686180041486,22.34765387417906,31.14554215840731,median-range,5,10000483
0830-172041__NetHackChallenge-v0__exp2/NetHackChallenge-v0__option__grammar__n227__os0__max_episode_steps5000__discountprimitive__ent_coef0.01__exp2,0830-172041__NetHackChallenge-v0__exp2,NetHackChallenge-v0,option,grammar,0,10000000,5000,0,0.999,primitive,exp2,227,199954.86295215265,26.832536492998436,23.277449279935425,29.918213749668116,median-range,5,10000483
0830-172041__NetHackChallenge-v0__exp2/NetHackChallenge-v0__option__grammar__n227__os0__max_episode_steps5000__discountprimitive__ent_coef0.01__exp2,0830-172041__NetHackChallenge-v0__exp2,NetHackChallenge-v0,option,grammar,0,10000000,5000,0,0.999,primitive,exp2,227,208738.84615859468,26.676085631426442,23.80768688110396,29.966199784017263,median-range,5,10000483
0830-172041__NetHackChallenge-v0__exp2/NetHackChallenge-v0__option__grammar__n227__os0__max_episode_steps5000__discountprimitive__ent_coef0.01__exp2,0830-172041__NetHackChallenge-v0__exp2,NetHackChallenge-v0,option,grammar,0,10000000,5000,0,0.999,primitive,exp2,227,217908.708257062,24.487296337702702,22.985453347485247,29.884982379972183,median-range,5,10000483
0830-172041__NetHackChallenge-v0__exp2/NetHackChallenge-v0__option__grammar__n227__os0__max_episode_steps5000__discountprimitive__ent_coef0.01__exp2,0830-172041__NetHackChallenge-v0__exp2,NetHackChallenge-v0,option,grammar,0,10000000,5000,0,0.999,primitive,exp2,227,227481.40084181566,24.30290813122554,22.518943494258945,26.959091575082045,median-range,5,10000483
0830-172041__NetHackChallenge-v0__exp2/NetHackChallenge-v0__option__grammar__n227__os0__max_episode_steps5000__discountprimitive__ent_coef0.01__exp2,0830-172041__NetHackChallenge-v0__exp2,NetHackChallenge-v0,option,grammar,0,10000000,5000,0,0.999,primitive,exp2,227,237474.62018777657,23.886120221113085,22.57207553319401,25.269531749376483,median-range,5,10000483
0830-172041__NetHackChallenge-v0__exp2/NetHackChallenge-v0__option__grammar__n227__os0__max_episode_steps5000__discountprimitive__ent_coef0.01__exp2,0830-172041__NetHackChallenge-v0__exp2,NetHackChallenge-v0,option,grammar,0,10000000,5000,0,0.999,primitive,exp2,227,247906.8399642207,23.568654546670494,21.62466920652342,30.211115355322143,median-range,5,10000483
0830-172041__NetHackChallenge-v0__exp2/NetHackChallenge-v0__option__grammar__n227__os0__max_episode_steps5000__discountprimitive__ent_coef0.01__exp2,0830-172041__NetHackChallenge-v0__exp2,NetHackChallenge-v0,option,grammar,0,10000000,5000,0,0.999,primitive,exp2,227,258797.34538558125,25.11645555633895,22.29,29.982918106920327,median-range,5,10000483
0830-172041__NetHackChallenge-v0__exp2/NetHackChallenge-v0__option__grammar__n227__os0__max_episode_steps5000__discountprimitive__ent_coef0.01__exp2,0830-172041__NetHackChallenge-v0__exp2,NetHackChallenge-v0,option,grammar,0,10000000,5000,0,0.999,primitive,exp2,227,270166.2688624896,25.505126280406632,24.355194149220303,30.420699117266256,median-range,5,10000483
0830-172041__NetHackChallenge-v0__exp2/NetHackChallenge-v0__option__grammar__n227__os0__max_episode_steps5000__discountprimitive__ent_coef0.01__exp2,0830-172041__NetHackChallenge-v0__exp2,NetHackChallenge-v0,option,grammar,0,10000000,5000,0,0.999,primitive,exp2,227,282034.62721896125,25.616635148672817,23.771471978001752,30.438757814691787,median-range,5,10000483
0830-172041__NetHackChallenge-v0__exp2/NetHackChallenge-v0__option__grammar__n227__os0__max_episode_steps5000__discountprimitive__ent_coef0.01__exp2,0830-172041__NetHackChallenge-v0__exp2,NetHackChallenge-v0,option,grammar,0,10000000,5000,0,0.999,primitive,exp2,227,294424.36054452334,25.648302272040024,23.382171471787565,32.47854720772341,median-range,5,10000483
0830-172041__NetHackChallenge-v0__exp2/NetHackChallenge-v0__option__grammar__n227__os0__max_episode_steps5000__discountprimitive__ent_coef0.01__exp2,0830-172041__NetHackChallenge-v0__exp2,NetHackChallenge-v0,option,grammar,0,10000000,5000,0,0.999,primitive,exp2,227,307358.37275311555,28.835025707308862,22.45,33.75669865144345,median-range,5,10000483
0830-172041__NetHackChallenge-v0__exp2/NetHackChallenge-v0__option__grammar__n227__os0__max_episode_steps5000__discountprimitive__ent_coef0.01__exp2,0830-172041__NetHackChallenge-v0__exp2,NetHackChallenge-v0,option,grammar,0,10000000,5000,0,0.999,primitive,exp2,227,320860.57392373047,30.61706061709122,22.55,33.7276972646143,median-range,5,10000483
0830-172041__NetHackChallenge-v0__exp2/NetHackChallenge-v0__option__grammar__n227__os0__max_episode_steps5000__discountprimitive__ent_coef0.01__exp2,0830-172041__NetHackChallenge-v0__exp2,NetHackChallenge-v0,option,grammar,0,10000000,5000,0,0.999,primitive,exp2,227,334955.92450107465,26.06186344094476,21.098655862466558,34.012628500566564,median-range,5,10000483
0830-172041__NetHackChallenge-v0__exp2/NetHackChallenge-v0__option__grammar__n227__os0__max_episode_steps5000__discountprimitive__ent_coef0.01__exp2,0830-172041__NetHackChallenge-v0__exp2,NetHackChallenge-v0,option,grammar,0,10000000,5000,0,0.999,primitive,exp2,227,349670.4814379564,26.010950385649274,22.14089527585355,34.55279036993005,median-range,5,10000483
0830-172041__NetHackChallenge-v0__exp2/NetHackChallenge-v0__option__grammar__n227__os0__max_episode_steps5000__discountprimitive__ent_coef0.01__exp2,0830-172041__NetHackChallenge-v0__exp2,NetHackChallenge-v0,option,grammar,0,10000000,5000,0,0.999,primitive,exp2,227,365031.4463646983,29.037005917957035,21.929120747760592,34.6867459731058,median-range,5,10000483
0830-172041__NetHackChallenge-v0__exp2/NetHackChallenge-v0__option__grammar__n227__os0__max_episode_steps5000__discountprimitive__ent_coef0.01__exp2,0830-172041__NetHackChallenge-v0__exp2,NetHackChallenge-v0,option,grammar,0,10000000,5000,0,0.999,primitive,exp2,227,381067.21587463026,29.06,22.36496538442119,35.39002816254947,median-range,5,10000483
0830-172041__NetHackChallenge-v0__exp2/NetHackChallenge-v0__option__grammar__n227__os0__max_episode_steps5000__discountprimitive__ent_coef0.01__exp2,0830-172041__NetHackChallenge-v0__exp2,NetHackChallenge-v0,option,grammar,0,10000000,5000,0,0.999,primitive,exp2,227,397807.43401860876,23.67702928972195,21.212626172906514,37.096804570390326,median-range,5,10000483
0830-172041__NetHackChallenge-v0__exp2/NetHackChallenge-v0__option__grammar__n227__os0__max_episode_steps5000__discountprimitive__ent_coef0.01__exp2,0830-172041__NetHackChallenge-v0__exp2,NetHackChallenge-v0,option,grammar,0,10000000,5000,0,0.999,primitive,exp2,227,415283.0471056154,25.688611988650297,22.079546265296933,35.86210863897476,median-range,5,10000483
0830-172041__NetHackChallenge-v0__exp2/NetHackChallenge-v0__option__grammar__n227__os0__max_episode_steps5000__discountprimitive__ent_coef0.01__exp2,0830-172041__NetHackChallenge-v0__exp2,NetHackChallenge-v0,option,grammar,0,10000000,5000,0,0.999,primitive,exp2,227,433526.3609107349,26.426857124985577,23.472870985575234,37.18204112472746,median-range,5,10000483
0830-172041__NetHackChallenge-v0__exp2/NetHackChallenge-v0__option__grammar__n227__os0__max_episode_steps5000__discountprimitive__ent_coef0.01__exp2,0830-172041__NetHackChallenge-v0__exp2,NetHackChallenge-v0,option,grammar,0,10000000,5000,0,0.999,primitive,exp2,227,452571.100396271,27.111246377496336,24.20608485721809,34.850081499247025,median-range,5,10000483
0830-172041__NetHackChallenge-v0__exp2/NetHackChallenge-v0__option__grammar__n227__os0__max_episode_steps5000__discountprimitive__ent_coef0.01__exp2,0830-172041__NetHackChallenge-v0__exp2,NetHackChallenge-v0,option,grammar,0,10000000,5000,0,0.999,primitive,exp2,227,472452.47205639957,25.995289988097493,20.89366832328856,33.04903857521671,median-range,5,10000483
0830-172041__NetHackChallenge-v0__exp2/NetHackChallenge-v0__option__grammar__n227__os0__max_episode_steps5000__discountprimitive__ent_coef0.01__exp2,0830-172041__NetHackChallenge-v0__exp2,NetHackChallenge-v0,option,grammar,0,10000000,5000,0,0.999,primitive,exp2,227,493207.229000613,25.626402849445302,24.241653609289074,34.70904058962892,median-range,5,10000483
0830-172041__NetHackChallenge-v0__exp2/NetHackChallenge-v0__option__grammar__n227__os0__max_episode_steps5000__discountprimitive__ent_coef0.01__exp2,0830-172041__NetHackChallenge-v0__exp2,NetHackChallenge-v0,option,grammar,0,10000000,5000,0,0.999,primitive,exp2,227,514873.73889626807,29.699055137104395,23.25,33.75115700019364,median-range,5,10000483
0830-172041__NetHackChallenge-v0__exp2/NetHackChallenge-v0__option__grammar__n227__os0__max_episode_steps5000__discountprimitive__ent_coef0.01__exp2,0830-172041__NetHackChallenge-v0__exp2,NetHackChallenge-v0,option,grammar,0,10000000,5000,0,0.999,primitive,exp2,227,537492.0548958398,32.919020680147725,25.05536803751116,33.84357058186531,median-range,5,10000483
0830-172041__NetHackChallenge-v0__exp2/NetHackChallenge-v0__option__grammar__n227__os0__max_episode_steps5000__discountprimitive__ent_coef0.01__exp2,0830-172041__NetHackChallenge-v0__exp2,NetHackChallenge-v0,option,grammar,0,10000000,5000,0,0.999,primitive,exp2,227,561103.9896799957,31.674359925192125,24.454658098168526,32.985242737687976,median-range,5,10000483
0830-172041__NetHackChallenge-v0__exp2/NetHackChallenge-v0__option__grammar__n227__os0__max_episode_steps5000__discountprimitive__ent_coef0.01__exp2,0830-172041__NetHackChallenge-v0__exp2,NetHackChallenge-v0,option,grammar,0,10000000,5000,0,0.999,primitive,exp2,227,585753.1927533718,31.436426552536087,25.83489891920578,33.58732230616104,median-range,5,10000483
0830-172041__NetHackChallenge-v0__exp2/NetHackChallenge-v0__option__grammar__n227__os0__max_episode_steps5000__discountprimitive__ent_coef0.01__exp2,0830-172041__NetHackChallenge-v0__exp2,NetHackChallenge-v0,option,grammar,0,10000000,5000,0,0.999,primitive,exp2,227,611485.2311359372,31.612732921347554,26.60166586087119,33.48396719803189,median-range,5,10000483
0830-172041__NetHackChallenge-v0__exp2/NetHackChallenge-v0__option__grammar__n227__os0__max_episode_steps5000__discountprimitive__ent_coef0.01__exp2,0830-172041__NetHackChallenge-v0__exp2,NetHackChallenge-v0,option,grammar,0,10000000,5000,0,0.999,primitive,exp2,227,638347.6735991179,30.10000133677172,26.901482554509897,34.71674653236903,median-range,5,10000483
0830-172041__NetHackChallenge-v0__exp2/NetHackChallenge-v0__option__grammar__n227__os0__max_episode_steps5000__discountprimitive__ent_coef0.01__exp2,0830-172041__NetHackChallenge-v0__exp2,NetHackChallenge-v0,option,grammar,0,10000000,5000,0,0.999,primitive,exp2,227,666390.1786023997,30.59920854184448,26.52183352387558,34.03067248752697,median-range,5,10000483
0830-172041__NetHackChallenge-v0__exp2/NetHackChallenge-v0__option__grammar__n227__os0__max_episode_steps5000__discountprimitive__ent_coef0.01__exp2,0830-172041__NetHackChallenge-v0__exp2,NetHackChallenge-v0,option,grammar,0,10000000,5000,0,0.999,primitive,exp2,227,695664.5860929645,30.701865754114458,27.93,33.99514344371858,median-range,5,10000483
0830-172041__NetHackChallenge-v0__exp2/NetHackChallenge-v0__option__grammar__n227__os0__max_episode_steps5000__discountprimitive__ent_coef0.01__exp2,0830-172041__NetHackChallenge-v0__exp2,NetHackChallenge-v0,option,grammar,0,10000000,5000,0,0.999,primitive,exp2,227,726225.0133380836,31.80237070662257,29.15,36.778811242439595,median-range,5,10000483
0830-172041__NetHackChallenge-v0__exp2/NetHackChallenge-v0__option__grammar__n227__os0__max_episode_steps5000__discountprimitive__ent_coef0.01__exp2,0830-172041__NetHackChallenge-v0__exp2,NetHackChallenge-v0,option,grammar,0,10000000,5000,0,0.999,primitive,exp2,227,758127.9549673969,34.556631729957886,27.443898446694597,38.108823338038555,median-range,5,10000483
0830-172041__NetHackChallenge-v0__exp2/NetHackChallenge-v0__option__grammar__n227__os0__max_episode_steps5000__discountprimitive__ent_coef0.01__exp2,0830-172041__NetHackChallenge-v0__exp2,NetHackChallenge-v0,option,grammar,0,10000000,5000,0,0.999,primitive,exp2,227,791432.3874100395,32.230409210550796,27.40316988574286,38.62086167377507,median-range,5,10000483
0830-172041__NetHackChallenge-v0__exp2/NetHackChallenge-v0__option__grammar__n227__os0__max_episode_steps5000__discountprimitive__ent_coef0.01__exp2,0830-172041__NetHackChallenge-v0__exp2,NetHackChallenge-v0,option,grammar,0,10000000,5000,0,0.999,primitive,exp2,227,826199.8779196751,36.50475398239133,28.287544359373744,37.52320295081146,median-range,5,10000483
0830-172041__NetHackChallenge-v0__exp2/NetHackChallenge-v0__option__grammar__n227__os0__max_episode_steps5000__discountprimitive__ent_coef0.01__exp2,0830-172041__NetHackChallenge-v0__exp2,NetHackChallenge-v0,option,grammar,0,10000000,5000,0,0.999,primitive,exp2,227,862494.69838897,37.976611502597486,28.03831865964817,43.16274256998371,median-range,5,10000483
0830-172041__NetHackChallenge-v0__exp2/NetHackChallenge-v0__option__grammar__n227__os0__max_episode_steps5000__discountprimitive__ent_coef0.01__exp2,0830-172041__NetHackChallenge-v0__exp2,NetHackChallenge-v0,option,grammar,0,10000000,5000,0,0.999,primitive,exp2,227,900383.9441639371,34.73747345066737,29.49520112396869,43.023725650015095,median-range,5,10000483
0830-172041__NetHackChallenge-v0__exp2/NetHackChallenge-v0__option__grammar__n227__os0__max_episode_steps5000__discountprimitive__ent_coef0.01__exp2,0830-172041__NetHackChallenge-v0__exp2,NetHackChallenge-v0,option,grammar,0,10000000,5000,0,0.999,primitive,exp2,227,939937.6580777548,33.89380179795526,28.248488602591827,41.26160726327787,median-range,5,10000483
0830-172041__NetHackChallenge-v0__exp2/NetHackChallenge-v0__option__grammar__n227__os0__max_episode_steps5000__discountprimitive__ent_coef0.01__exp2,0830-172041__NetHackChallenge-v0__exp2,NetHackChallenge-v0,option,grammar,0,10000000,5000,0,0.999,primitive,exp2,227,981228.9599333795,31.471844687189233,29.452507949726282,41.43591520574753,median-range,5,10000483
0830-172041__NetHackChallenge-v0__exp2/NetHackChallenge-v0__option__grammar__n227__os0__max_episode_steps5000__discountprimitive__ent_coef0.01__exp2,0830-172041__NetHackChallenge-v0__exp2,NetHackChallenge-v0,option,grammar,0,10000000,5000,0,0.999,primitive,exp2,227,1024334.1816743073,33.46813919172439,27.15965556041746,47.28692964068877,median-range,5,10000483
0830-172041__NetHackChallenge-v0__exp2/NetHackChallenge-v0__option__grammar__n227__os0__max_episode_steps5000__discountprimitive__ent_coef0.01__exp2,0830-172041__NetHackChallenge-v0__exp2,NetHackChallenge-v0,option,grammar,0,10000000,5000,0,0.999,primitive,exp2,227,1069333.0084933615,32.51532441640049,25.94191599826923,48.13983640203877,median-range,5,10000483
0830-172041__NetHackChallenge-v0__exp2/NetHackChallenge-v0__option__grammar__n227__os0__max_episode_steps5000__discountprimitive__ent_coef0.01__exp2,0830-172041__NetHackChallenge-v0__exp2,NetHackChallenge-v0,option,grammar,0,10000000,5000,0,0.999,primitive,exp2,227,1116308.6261403675,33.25514135707023,29.85185966167564,47.3214207312699,median-range,5,10000483
0830-172041__NetHackChallenge-v0__exp2/NetHackChallenge-v0__option__grammar__n227__os0__max_episode_steps5000__discountprimitive__ent_coef0.01__exp2,0830-172041__NetHackChallenge-v0__exp2,NetHackChallenge-v0,option,grammar,0,10000000,5000,0,0.999,primitive,exp2,227,1165347.8747010275,35.420750054358635,32.65618169535901,46.53389138877393,median-range,5,10000483
0830-172041__NetHackChallenge-v0__exp2/NetHackChallenge-v0__option__grammar__n227__os0__max_episode_steps5000__discountprimitive__ent_coef0.01__exp2,0830-172041__NetHackChallenge-v0__exp2,NetHackChallenge-v0,option,grammar,0,10000000,5000,0,0.999,primitive,exp2,227,1216541.4091312764,40.20650442914494,34.92,53.40033684466887,median-range,5,10000483
0830-172041__NetHackChallenge-v0__exp2/NetHackChallenge-v0__option__grammar__n227__os0__max_episode_steps5000__discountprimitive__ent_coef0.01__exp2,0830-172041__NetHackChallenge-v0__exp2,NetHackChallenge-v0,option,grammar,0,10000000,5000,0,0.999,primitive,exp2,227,1269983.866843883,40.616346178653906,33.07108289309309,48.314434054073516,median-range,5,10000483
0830-172041__NetHackChallenge-v0__exp2/NetHackChallenge-v0__option__grammar__n227__os0__max_episode_steps5000__discountprimitive__ent_coef0.01__exp2,0830-172041__NetHackChallenge-v0__exp2,NetHackChallenge-v0,option,grammar,0,10000000,5000,0,0.999,primitive,exp2,227,1325774.0426571032,40.58483137566758,31.566468659793397,45.51982930249579,median-range,5,10000483
0830-172041__NetHackChallenge-v0__exp2/NetHackChallenge-v0__option__grammar__n227__os0__max_episode_steps5000__discountprimitive__ent_coef0.01__exp2,0830-172041__NetHackChallenge-v0__exp2,NetHackChallenge-v0,option,grammar,0,10000000,5000,0,0.999,primitive,exp2,227,1384015.0714287986,41.4823919569068,33.53011237982176,52.74,median-range,5,10000483
0830-172041__NetHackChallenge-v0__exp2/NetHackChallenge-v0__option__grammar__n227__os0__max_episode_steps5000__discountprimitive__ent_coef0.01__exp2,0830-172041__NetHackChallenge-v0__exp2,NetHackChallenge-v0,option,grammar,0,10000000,5000,0,0.999,primitive,exp2,227,1444814.618713639,38.23302576621351,35.62986432252534,63.127035509457485,median-range,5,10000483
0830-172041__NetHackChallenge-v0__exp2/NetHackChallenge-v0__option__grammar__n227__os0__max_episode_steps5000__discountprimitive__ent_coef0.01__exp2,0830-172041__NetHackChallenge-v0__exp2,NetHackChallenge-v0,option,grammar,0,10000000,5000,0,0.999,primitive,exp2,227,1508285.0797958456,39.066002563059556,33.8812017279516,52.26,median-range,5,10000483
0830-172041__NetHackChallenge-v0__exp2/NetHackChallenge-v0__option__grammar__n227__os0__max_episode_steps5000__discountprimitive__ent_coef0.01__exp2,0830-172041__NetHackChallenge-v0__exp2,NetHackChallenge-v0,option,grammar,0,10000000,5000,0,0.999,primitive,exp2,227,1574543.787465406,39.38087295568064,34.466417934649044,57.37184687971882,median-range,5,10000483
0830-172041__NetHackChallenge-v0__exp2/NetHackChallenge-v0__option__grammar__n227__os0__max_episode_steps5000__discountprimitive__ent_coef0.01__exp2,0830-172041__NetHackChallenge-v0__exp2,NetHackChallenge-v0,option,grammar,0,10000000,5000,0,0.999,primitive,exp2,227,1643713.2289218712,42.26,34.61594983016689,50.85,median-range,5,10000483
0830-172041__NetHackChallenge-v0__exp2/NetHackChallenge-v0__option__grammar__n227__os0__max_episode_steps5000__discountprimitive__ent_coef0.01__exp2,0830-172041__NetHackChallenge-v0__exp2,NetHackChallenge-v0,option,grammar,0,10000000,5000,0,0.999,primitive,exp2,227,1715921.2722066762,39.7716909124141,33.577238979000185,54.88960753620951,median-range,5,10000483
0830-172041__NetHackChallenge-v0__exp2/NetHackChallenge-v0__option__grammar__n227__os0__max_episode_steps5000__discountprimitive__ent_coef0.01__exp2,0830-172041__NetHackChallenge-v0__exp2,NetHackChallenge-v0,option,grammar,0,10000000,5000,0,0.999,primitive,exp2,227,1791301.402582634,40.835059557484335,39.40546301561945,54.801350139017906,median-range,5,10000483
0830-172041__NetHackChallenge-v0__exp2/NetHackChallenge-v0__option__grammar__n227__os0__max_episode_steps5000__discountprimitive__ent_coef0.01__exp2,0830-172041__NetHackChallenge-v0__exp2,NetHackChallenge-v0,option,grammar,0,10000000,5000,0,0.999,primitive,exp2,227,1869992.9692975034,42.613607114877965,38.11967693819952,60.82503043346829,median-range,5,10000483
0830-172041__NetHackChallenge-v0__exp2/NetHackChallenge-v0__option__grammar__n227__os0__max_episode_steps5000__discountprimitive__ent_coef0.01__exp2,0830-172041__NetHackChallenge-v0__exp2,NetHackChallenge-v0,option,grammar,0,10000000,5000,0,0.999,primitive,exp2,227,1952141.4431878556,48.79374621761766,38.63832832655812,57.55161189970599,median-range,5,10000483
0830-172041__NetHackChallenge-v0__exp2/NetHackChallenge-v0__option__grammar__n227__os0__max_episode_steps5000__discountprimitive__ent_coef0.01__exp2,0830-172041__NetHackChallenge-v0__exp2,NetHackChallenge-v0,option,grammar,0,10000000,5000,0,0.999,primitive,exp2,227,2037898.685599438,45.57288539564733,42.47298237040507,56.6508607040069,median-range,5,10000483
0830-172041__NetHackChallenge-v0__exp2/NetHackChallenge-v0__option__grammar__n227__os0__max_episode_steps5000__discountprimitive__ent_coef0.01__exp2,0830-172041__NetHackChallenge-v0__exp2,NetHackChallenge-v0,option,grammar,0,10000000,5000,0,0.999,primitive,exp2,227,2127423.229121139,47.860905760190604,41.17801099340156,65.41209199679764,median-range,5,10000483
0830-172041__NetHackChallenge-v0__exp2/NetHackChallenge-v0__option__grammar__n227__os0__max_episode_steps5000__discountprimitive__ent_coef0.01__exp2,0830-172041__NetHackChallenge-v0__exp2,NetHackChallenge-v0,option,grammar,0,10000000,5000,0,0.999,primitive,exp2,227,2220880.570651594,50.24246460241028,39.36158591697248,50.72220970870436,median-range,5,10000483
0830-172041__NetHackChallenge-v0__exp2/NetHackChallenge-v0__option__grammar__n227__os0__max_episode_steps5000__discountprimitive__ent_coef0.01__exp2,0830-172041__NetHackChallenge-v0__exp2,NetHackChallenge-v0,option,grammar,0,10000000,5000,0,0.999,primitive,exp2,227,2318443.4773401152,47.09594216819653,44.59936525381508,55.86966665584103,median-range,5,10000483
0830-172041__NetHackChallenge-v0__exp2/NetHackChallenge-v0__option__grammar__n227__os0__max_episode_steps5000__discountprimitive__ent_coef0.01__exp2,0830-172041__NetHackChallenge-v0__exp2,NetHackChallenge-v0,option,grammar,0,10000000,5000,0,0.999,primitive,exp2,227,2420292.305967573,47.83986570868843,43.717187327838204,61.879461761302586,median-range,5,10000483
0830-172041__NetHackChallenge-v0__exp2/NetHackChallenge-v0__option__grammar__n227__os0__max_episode_steps5000__discountprimitive__ent_coef0.01__exp2,0830-172041__NetHackChallenge-v0__exp2,NetHackChallenge-v0,option,grammar,0,10000000,5000,0,0.999,primitive,exp2,227,2526615.336357623,47.989539958980295,36.600678937136955,61.74711733645692,median-range,5,10000483
0830-172041__NetHackChallenge-v0__exp2/NetHackChallenge-v0__option__grammar__n227__os0__max_episode_steps5000__discountprimitive__ent_coef0.01__exp2,0830-172041__NetHackChallenge-v0__exp2,NetHackChallenge-v0,option,grammar,0,10000000,5000,0,0.999,primitive,exp2,227,2637609.1194346314,50.5612810487294,47.846482842561315,57.51387370898355,median-range,5,10000483
0830-172041__NetHackChallenge-v0__exp2/NetHackChallenge-v0__option__grammar__n227__os0__max_episode_steps5000__discountprimitive__ent_coef0.01__exp2,0830-172041__NetHackChallenge-v0__exp2,NetHackChallenge-v0,option,grammar,0,10000000,5000,0,0.999,primitive,exp2,227,2753478.840571727,50.814365385682315,44.69365990762189,68.5665436119725,median-range,5,10000483
0830-172041__NetHackChallenge-v0__exp2/NetHackChallenge-v0__option__grammar__n227__os0__max_episode_steps5000__discountprimitive__ent_coef0.01__exp2,0830-172041__NetHackChallenge-v0__exp2,NetHackChallenge-v0,option,grammar,0,10000000,5000,0,0.999,primitive,exp2,227,2874438.6989006693,54.32967050686913,42.79869561139547,71.09811774868649,median-range,5,10000483
0830-172041__NetHackChallenge-v0__exp2/NetHackChallenge-v0__option__grammar__n227__os0__max_episode_steps5000__discountprimitive__ent_coef0.01__exp2,0830-172041__NetHackChallenge-v0__exp2,NetHackChallenge-v0,option,grammar,0,10000000,5000,0,0.999,primitive,exp2,227,3000712.303284737,54.393101032181775,51.91307642915275,59.61890078775669,median-range,5,10000483
0830-172041__NetHackChallenge-v0__exp2/NetHackChallenge-v0__option__grammar__n227__os0__max_episode_steps5000__discountprimitive__ent_coef0.01__exp2,0830-172041__NetHackChallenge-v0__exp2,NetHackChallenge-v0,option,grammar,0,10000000,5000,0,0.999,primitive,exp2,227,3132533.0856866348,55.096476736905664,45.033241256328616,63.01406931992978,median-range,5,10000483
0830-172041__NetHackChallenge-v0__exp2/NetHackChallenge-v0__option__grammar__n227__os0__max_episode_steps5000__discountprimitive__ent_coef0.01__exp2,0830-172041__NetHackChallenge-v0__exp2,NetHackChallenge-v0,option,grammar,0,10000000,5000,0,0.999,primitive,exp2,227,3270144.7326955884,53.33115260280316,50.200999969447345,55.75435464549231,median-range,5,10000483
0830-172041__NetHackChallenge-v0__exp2/NetHackChallenge-v0__option__grammar__n227__os0__max_episode_steps5000__discountprimitive__ent_coef0.01__exp2,0830-172041__NetHackChallenge-v0__exp2,NetHackChallenge-v0,option,grammar,0,10000000,5000,0,0.999,primitive,exp2,227,3413801.636011346,60.374886817059085,54.0035434523041,62.22758093192805,median-range,5,10000483
0830-172041__NetHackChallenge-v0__exp2/NetHackChallenge-v0__option__grammar__n227__os0__max_episode_steps5000__discountprimitive__ent_coef0.01__exp2,0830-172041__NetHackChallenge-v0__exp2,NetHackChallenge-v0,option,grammar,0,10000000,5000,0,0.999,primitive,exp2,227,3563769.3627178646,60.10339939508546,54.986473619383545,62.859526789680125,median-range,5,10000483
0830-172041__NetHackChallenge-v0__exp2/NetHackChallenge-v0__option__grammar__n227__os0__max_episode_steps5000__discountprimitive__ent_coef0.01__exp2,0830-172041__NetHackChallenge-v0__exp2,NetHackChallenge-v0,option,grammar,0,10000000,5000,0,0.999,primitive,exp2,227,3720325.146216049,58.05088741313875,53.27438063313966,59.737233807456924,median-range,5,10000483
0830-172041__NetHackChallenge-v0__exp2/NetHackChallenge-v0__option__grammar__n227__os0__max_episode_steps5000__discountprimitive__ent_coef0.01__exp2,0830-172041__NetHackChallenge-v0__exp2,NetHackChallenge-v0,option,grammar,0,10000000,5000,0,0.999,primitive,exp2,227,3883758.3987230766,54.54236077348679,52.45533741008651,70.53744329122546,median-range,5,10000483
0830-172041__NetHackChallenge-v0__exp2/NetHackChallenge-v0__option__grammar__n227__os0__max_episode_steps5000__discountprimitive__ent_coef0.01__exp2,0830-172041__NetHackChallenge-v0__exp2,NetHackChallenge-v0,option,grammar,0,10000000,5000,0,0.999,primitive,exp2,227,4054371.2462857035,55.24589050254435,51.28708835256087,59.4190634292771,median-range,5,10000483
0830-172041__NetHackChallenge-v0__exp2/NetHackChallenge-v0__option__grammar__n227__os0__max_episode_steps5000__discountprimitive__ent_coef0.01__exp2,0830-172041__NetHackChallenge-v0__exp2,NetHackChallenge-v0,option,grammar,0,10000000,5000,0,0.999,primitive,exp2,227,4232479.087296687,52.94421794491276,51.58652595040709,65.4184502966221,median-range,5,10000483
0830-172041__NetHackChallenge-v0__exp2/NetHackChallenge-v0__option__grammar__n227__os0__max_episode_steps5000__discountprimitive__ent_coef0.01__exp2,0830-172041__NetHackChallenge-v0__exp2,NetHackChallenge-v0,option,grammar,0,10000000,5000,0,0.999,primitive,exp2,227,4418411.175546661,63.74928246219658,56.16589659607797,70.10679315183722,median-range,5,10000483
0830-172041__NetHackChallenge-v0__exp2/NetHackChallenge-v0__option__grammar__n227__os0__max_episode_steps5000__discountprimitive__ent_coef0.01__exp2,0830-172041__NetHackChallenge-v0__exp2,NetHackChallenge-v0,option,grammar,0,10000000,5000,0,0.999,primitive,exp2,227,4612511.228889423,65.24683951898301,57.50563113679552,68.02152883662725,median-range,5,10000483
0830-172041__NetHackChallenge-v0__exp2/NetHackChallenge-v0__option__grammar__n227__os0__max_episode_steps5000__discountprimitive__ent_coef0.01__exp2,0830-172041__NetHackChallenge-v0__exp2,NetHackChallenge-v0,option,grammar,0,10000000,5000,0,0.999,primitive,exp2,227,4815138.064645787,62.21635928707382,52.31457788546029,65.99274973513944,median-range,5,10000483
0830-172041__NetHackChallenge-v0__exp2/NetHackChallenge-v0__option__grammar__n227__os0__max_episode_steps5000__discountprimitive__ent_coef0.01__exp2,0830-172041__NetHackChallenge-v0__exp2,NetHackChallenge-v0,option,grammar,0,10000000,5000,0,0.999,primitive,exp2,227,5026666.26292056,63.3172972756369,59.92950620992168,70.0365871096074,median-range,5,10000483
0830-172041__NetHackChallenge-v0__exp2/NetHackChallenge-v0__option__grammar__n227__os0__max_episode_steps5000__discountprimitive__ent_coef0.01__exp2,0830-172041__NetHackChallenge-v0__exp2,NetHackChallenge-v0,option,grammar,0,10000000,5000,0,0.999,primitive,exp2,227,5247486.859059043,63.568258851277704,56.344813583740546,68.21775102844882,median-range,5,10000483
0830-172041__NetHackChallenge-v0__exp2/NetHackChallenge-v0__option__grammar__n227__os0__max_episode_steps5000__discountprimitive__ent_coef0.01__exp2,0830-172041__NetHackChallenge-v0__exp2,NetHackChallenge-v0,option,grammar,0,10000000,5000,0,0.999,primitive,exp2,227,5478008.066522897,65.23617259305082,58.31589172207705,84.24075209113123,median-range,5,10000483
0830-172041__NetHackChallenge-v0__exp2/NetHackChallenge-v0__option__grammar__n227__os0__max_episode_steps5000__discountprimitive__ent_coef0.01__exp2,0830-172041__NetHackChallenge-v0__exp2,NetHackChallenge-v0,option,grammar,0,10000000,5000,0,0.999,primitive,exp2,227,5718656.031521905,70.87513711866997,60.28221448502845,77.30002181823582,median-range,5,10000483
0830-172041__NetHackChallenge-v0__exp2/NetHackChallenge-v0__option__grammar__n227__os0__max_episode_steps5000__discountprimitive__ent_coef0.01__exp2,0830-172041__NetHackChallenge-v0__exp2,NetHackChallenge-v0,option,grammar,0,10000000,5000,0,0.999,primitive,exp2,227,5969875.620796545,65.82592538537561,64.67296527647324,70.71091530380635,median-range,5,10000483
0830-172041__NetHackChallenge-v0__exp2/NetHackChallenge-v0__option__grammar__n227__os0__max_episode_steps5000__discountprimitive__ent_coef0.01__exp2,0830-172041__NetHackChallenge-v0__exp2,NetHackChallenge-v0,option,grammar,0,10000000,5000,0,0.999,primitive,exp2,227,6232131.244007733,69.07039536760709,65.89310767976878,81.5929894865751,median-range,5,10000483
0830-172041__NetHackChallenge-v0__exp2/NetHackChallenge-v0__option__grammar__n227__os0__max_episode_steps5000__discountprimitive__ent_coef0.01__exp2,0830-172041__NetHackChallenge-v0__exp2,NetHackChallenge-v0,option,grammar,0,10000000,5000,0,0.999,primitive,exp2,227,6505907.712253999,79.50180826126024,69.50373560581275,83.26842742686107,median-range,5,10000483
0830-172041__NetHackChallenge-v0__exp2/NetHackChallenge-v0__option__grammar__n227__os0__max_episode_steps5000__discountprimitive__ent_coef0.01__exp2,0830-172041__NetHackChallenge-v0__exp2,NetHackChallenge-v0,option,grammar,0,10000000,5000,0,0.999,primitive,exp2,227,6791711.134303182,71.32269340828432,66.2158715013865,80.99661433465533,median-range,5,10000483
0830-172041__NetHackChallenge-v0__exp2/NetHackChallenge-v0__option__grammar__n227__os0__max_episode_steps5000__discountprimitive__ent_coef0.01__exp2,0830-172041__NetHackChallenge-v0__exp2,NetHackChallenge-v0,option,grammar,0,10000000,5000,0,0.999,primitive,exp2,227,7090069.85219543,79.00208946847228,67.97641731820613,84.31593810761242,median-range,5,10000483
0830-172041__NetHackChallenge-v0__exp2/NetHackChallenge-v0__option__grammar__n227__os0__max_episode_steps5000__discountprimitive__ent_coef0.01__exp2,0830-172041__NetHackChallenge-v0__exp2,NetHackChallenge-v0,option,grammar,0,10000000,5000,0,0.999,primitive,exp2,227,7401535.417947078,77.647549951139,71.21389332630623,81.08657419551103,median-range,5,10000483
0830-172041__NetHackChallenge-v0__exp2/NetHackChallenge-v0__option__grammar__n227__os0__max_episode_steps5000__discountprimitive__ent_coef0.01__exp2,0830-172041__NetHackChallenge-v0__exp2,NetHackChallenge-v0,option,grammar,0,10000000,5000,0,0.999,primitive,exp2,227,7726683.613160966,79.10886082393226,69.78267567456676,87.95370214333963,median-range,5,10000483
0830-172041__NetHackChallenge-v0__exp2/NetHackChallenge-v0__option__grammar__n227__os0__max_episode_steps5000__discountprimitive__ent_coef0.01__exp2,0830-172041__NetHackChallenge-v0__exp2,NetHackChallenge-v0,option,grammar,0,10000000,5000,0,0.999,primitive,exp2,227,8066115.513428066,78.08838798651404,74.5874009161779,93.73308159762873,median-range,5,10000483
0830-172041__NetHackChallenge-v0__exp2/NetHackChallenge-v0__option__grammar__n227__os0__max_episode_steps5000__discountprimitive__ent_coef0.01__exp2,0830-172041__NetHackChallenge-v0__exp2,NetHackChallenge-v0,option,grammar,0,10000000,5000,0,0.999,primitive,exp2,227,8420458.599488083,79.08193064042172,64.87647386967332,99.0000226308307,median-range,5,10000483
0830-172041__NetHackChallenge-v0__exp2/NetHackChallenge-v0__option__grammar__n227__os0__max_episode_steps5000__discountprimitive__ent_coef0.01__exp2,0830-172041__NetHackChallenge-v0__exp2,NetHackChallenge-v0,option,grammar,0,10000000,5000,0,0.999,primitive,exp2,227,8790367.917203166,84.34939037745059,80.05,102.08532390078153,median-range,5,10000483
0830-172041__NetHackChallenge-v0__exp2/NetHackChallenge-v0__option__grammar__n227__os0__max_episode_steps5000__discountprimitive__ent_coef0.01__exp2,0830-172041__NetHackChallenge-v0__exp2,NetHackChallenge-v0,option,grammar,0,10000000,5000,0,0.999,primitive,exp2,227,9176527.288489053,81.27989746362618,79.933564628567,97.48934672907679,median-range,5,10000483
0830-172041__NetHackChallenge-v0__exp2/NetHackChallenge-v0__option__grammar__n227__os0__max_episode_steps5000__discountprimitive__ent_coef0.01__exp2,0830-172041__NetHackChallenge-v0__exp2,NetHackChallenge-v0,option,grammar,0,10000000,5000,0,0.999,primitive,exp2,227,9579650.575442255,90.87805444215199,83.77470625392789,95.34796929172299,median-range,5,10000483
0830-172041__NetHackChallenge-v0__exp2/NetHackChallenge-v0__option__grammar__n227__os0__max_episode_steps5000__discountprimitive__ent_coef0.01__exp2,0830-172041__NetHackChallenge-v0__exp2,NetHackChallenge-v0,option,grammar,0,10000000,5000,0,0.999,primitive,exp2,227,10000483.0,90.61,84.78502973395932,104.20959459459459,median-range,5,10000483
0830-172041__NetHackChallenge-v0__exp2/NetHackChallenge-v0__option__grammar__n32__os0__max_episode_steps5000__discountprimitive__ent_coef0.01__exp2,0830-172041__NetHackChallenge-v0__exp2,NetHackChallenge-v0,option,grammar,0,10000000,5000,0,0.999,primitive,exp2,32,11738.0,27.265576005453305,7.712490895848507,43.0,median-range,5,10006447
0830-172041__NetHackChallenge-v0__exp2/NetHackChallenge-v0__option__grammar__n32__os0__max_episode_steps5000__discountprimitive__ent_coef0.01__exp2,0830-172041__NetHackChallenge-v0__exp2,NetHackChallenge-v0,option,grammar,0,10000000,5000,0,0.999,primitive,exp2,32,12142.865077065891,26.46522922734077,7.687917875876068,39.93416752546383,median-range,5,10006447
0830-172041__NetHackChallenge-v0__exp2/NetHackChallenge-v0__option__grammar__n32__os0__max_episode_steps5000__discountprimitive__ent_coef0.01__exp2,0830-172041__NetHackChallenge-v0__exp2,NetHackChallenge-v0,option,grammar,0,10000000,5000,0,0.999,primitive,exp2,32,12561.694690733175,25.637277025817173,7.662497287525299,36.762588884538914,median-range,5,10006447
0830-172041__NetHackChallenge-v0__exp2/NetHackChallenge-v0__option__grammar__n32__os0__max_episode_steps5000__discountprimitive__ent_coef0.01__exp2,0830-172041__NetHackChallenge-v0__exp2,NetHackChallenge-v0,option,grammar,0,10000000,5000,0,0.999,primitive,exp2,32,12994.97050339647,24.780767239366217,7.63619989661347,33.48161669864206,median-range,5,10006447
0830-172041__NetHackChallenge-v0__exp2/NetHackChallenge-v0__option__grammar__n32__os0__max_episode_steps5000__discountprimitive__ent_coef0.01__exp2,0830-172041__NetHackChallenge-v0__exp2,NetHackChallenge-v0,option,grammar,0,10000000,5000,0,0.999,primitive,exp2,32,13443.190790866776,25.970702590156503,7.608995460617457,30.37448315235052,median-range,5,10006447
0830-172041__NetHackChallenge-v0__exp2/NetHackChallenge-v0__option__grammar__n32__os0__max_episode_steps5000__discountprimitive__ent_coef0.01__exp2,0830-172041__NetHackChallenge-v0__exp2,NetHackChallenge-v0,option,grammar,0,10000000,5000,0,0.999,primitive,exp2,32,13906.871015398663,26.576268814592556,7.58085269389423,29.17756848742796,median-range,5,10006447
0830-172041__NetHackChallenge-v0__exp2/NetHackChallenge-v0__option__grammar__n32__os0__max_episode_steps5000__discountprimitive__ent_coef0.01__exp2,0830-172041__NetHackChallenge-v0__exp2,NetHackChallenge-v0,option,grammar,0,10000000,5000,0,0.999,primitive,exp2,32,14386.544418482206,23.703737809254562,7.5517392317017356,30.501840249914533,median-range,5,10006447
0830-172041__NetHackChallenge-v0__exp2/NetHackChallenge-v0__option__grammar__n32__os0__max_episode_steps5000__discountprimitive__ent_coef0.01__exp2,0830-172041__NetHackChallenge-v0__exp2,NetHackChallenge-v0,option,grammar,0,10000000,5000,0,0.999,primitive,exp2,32,14882.76263408116,21.06308380867136,7.521621592978808,30.95673861961445,median-range,5,10006447
0830-172041__NetHackChallenge-v0__exp2/NetHackChallenge-v0__option__grammar__n32__os0__max_episode_steps5000__discountprimitive__ent_coef0.01__exp2,0830-172041__NetHackChallenge-v0__exp2,NetHackChallenge-v0,option,grammar,0,10000000,5000,0,0.999,primitive,exp2,32,15396.096323023068,18.331348824492277,7.4904651418412795,30.693368307623558,median-range,5,10006447
0830-172041__NetHackChallenge-v0__exp2/NetHackChallenge-v0__option__grammar__n32__os0__max_episode_steps5000__discountprimitive__ent_coef0.01__exp2,0830-172041__NetHackChallenge-v0__exp2,NetHackChallenge-v0,option,grammar,0,10000000,5000,0,0.999,primitive,exp2,32,15927.13582927068,18.086055172728912,7.458234047750019,30.420913872131113,median-range,5,10006447
0830-172041__NetHackChallenge-v0__exp2/NetHackChallenge-v0__option__grammar__n32__os0__max_episode_steps5000__discountprimitive__ent_coef0.01__exp2,0830-172041__NetHackChallenge-v0__exp2,NetHackChallenge-v0,option,grammar,0,10000000,5000,0,0.999,primitive,exp2,32,16476.491858829075,18.284372104526067,7.424891244305106,30.13906198511178,median-range,5,10006447
0830-172041__NetHackChallenge-v0__exp2/NetHackChallenge-v0__option__grammar__n32__os0__max_episode_steps5000__discountprimitive__ent_coef0.01__exp2,0830-172041__NetHackChallenge-v0__exp2,NetHackChallenge-v0,option,grammar,0,10000000,5000,0,0.999,primitive,exp2,32,17044.79618206981,17.45912642321103,7.390398386618729,29.847488511283878,median-range,5,10006447
0830-172041__NetHackChallenge-v0__exp2/NetHackChallenge-v0__option__grammar__n32__os0__max_episode_steps5000__discountprimitive__ent_coef0.01__exp2,0830-172041__NetHackChallenge-v0__exp2,NetHackChallenge-v0,option,grammar,0,10000000,5000,0,0.999,primitive,exp2,32,17632.70236027955,16.605416509798143,7.354715807217798,29.545858135347274,median-range,5,10006447
0830-172041__NetHackChallenge-v0__exp2/NetHackChallenge-v0__option__grammar__n32__os0__max_episode_steps5000__discountprimitive__ent_coef0.01__exp2,0830-172041__NetHackChallenge-v0__exp2,NetHackChallenge-v0,option,grammar,0,10000000,5000,0,0.999,primitive,exp2,32,18240.886497268333,15.722260580889783,8.164537325756019,29.233823976364242,median-range,5,10006447
0830-172041__NetHackChallenge-v0__exp2/NetHackChallenge-v0__option__grammar__n32__os0__max_episode_steps5000__discountprimitive__ent_coef0.01__exp2,0830-172041__NetHackChallenge-v0__exp2,NetHackChallenge-v0,option,grammar,0,10000000,5000,0,0.999,primitive,exp2,32,18870.048016902518,14.808642989584257,5.727605689732236,29.01339102663223,median-range,5,10006447
0830-172041__NetHackChallenge-v0__exp2/NetHackChallenge-v0__option__grammar__n32__os0__max_episode_steps5000__discountprimitive__ent_coef0.01__exp2,0830-172041__NetHackChallenge-v0__exp2,NetHackChallenge-v0,option,grammar,0,10000000,5000,0,0.999,primitive,exp2,32,19520.910467456284,19.36633477829757,5.347517830263791,29.48311286022968,median-range,5,10006447
0830-172041__NetHackChallenge-v0__exp2/NetHackChallenge-v0__option__grammar__n32__os0__max_episode_steps5000__discountprimitive__ent_coef0.01__exp2,0830-172041__NetHackChallenge-v0__exp2,NetHackChallenge-v0,option,grammar,0,10000000,5000,0,0.999,primitive,exp2,32,20194.222353706315,24.641357686095297,5.626164161442174,29.952596001026222,median-range,5,10006447
0830-172041__NetHackChallenge-v0__exp2/NetHackChallenge-v0__option__grammar__n32__os0__max_episode_steps5000__discountprimitive__ent_coef0.01__exp2,0830-172041__NetHackChallenge-v0__exp2,NetHackChallenge-v0,option,grammar,0,10000000,5000,0,0.999,primitive,exp2,32,20890.7579977273,20.127029658978696,11.20188052367914,30.40638938226386,median-range,5,10006447
0830-172041__NetHackChallenge-v0__exp2/NetHackChallenge-v0__option__grammar__n32__os0__max_episode_steps5000__discountprimitive__ent_coef0.01__exp2,0830-172041__NetHackChallenge-v0__exp2,NetHackChallenge-v0,option,grammar,0,10000000,5000,0,0.999,primitive,exp2,32,21611.318429377883,24.410231494914733,10.046639676628274,30.875834926754788,median-range,5,10006447
0830-172041__NetHackChallenge-v0__exp2/NetHackChallenge-v0__option__grammar__n32__os0__max_episode_steps5000__discountprimitive__ent_coef0.01__exp2,0830-172041__NetHackChallenge-v0__exp2,NetHackChallenge-v0,option,grammar,0,10000000,5000,0,0.999,primitive,exp2,32,22356.73230750068,25.274560722591236,9.240313083009259,31.361472506221737,median-range,5,10006447
0830-172041__NetHackChallenge-v0__exp2/NetHackChallenge-v0__option__grammar__n32__os0__max_episode_steps5000__discountprimitive__ent_coef0.01__exp2,0830-172041__NetHackChallenge-v0__exp2,NetHackChallenge-v0,option,grammar,0,10000000,5000,0,0.999,primitive,exp2,32,23127.85687289657,25.59861535801641,8.652480777128732,31.747237491839876,median-range,5,10006447
0830-172041__NetHackChallenge-v0__exp2/NetHackChallenge-v0__option__grammar__n32__os0__max_episode_steps5000__discountprimitive__ent_coef0.01__exp2,0830-172041__NetHackChallenge-v0__exp2,NetHackChallenge-v0,option,grammar,0,10000000,5000,0,0.999,primitive,exp2,32,23925.57893416884,24.73829950553087,10.749914964383008,30.281485556265046,median-range,5,10006447
0830-172041__NetHackChallenge-v0__exp2/NetHackChallenge-v0__option__grammar__n32__os0__max_episode_steps5000__discountprimitive__ent_coef0.01__exp2,0830-172041__NetHackChallenge-v0__exp2,NetHackChallenge-v0,option,grammar,0,10000000,5000,0,0.999,primitive,exp2,32,24750.81588757045,23.57185278508425,11.165063736484791,28.76517715703746,median-range,5,10006447
0830-172041__NetHackChallenge-v0__exp2/NetHackChallenge-v0__option__grammar__n32__os0__max_episode_steps5000__discountprimitive__ent_coef0.01__exp2,0830-172041__NetHackChallenge-v0__exp2,NetHackChallenge-v0,option,grammar,0,10000000,5000,0,0.999,primitive,exp2,32,25604.51677202811,22.445065867743214,11.443420753790779,27.270731931301736,median-range,5,10006447
0830-172041__NetHackChallenge-v0__exp2/NetHackChallenge-v0__option__grammar__n32__os0__max_episode_steps5000__discountprimitive__ent_coef0.01__exp2,0830-172041__NetHackChallenge-v0__exp2,NetHackChallenge-v0,option,grammar,0,10000000,5000,0,0.999,primitive,exp2,32,26487.663360556122,22.046290369206798,11.77869330856452,26.998009434844377,median-range,5,10006447
0830-172041__NetHackChallenge-v0__exp2/NetHackChallenge-v0__option__grammar__n32__os0__max_episode_steps5000__discountprimitive__ent_coef0.01__exp2,0830-172041__NetHackChallenge-v0__exp2,NetHackChallenge-v0,option,grammar,0,10000000,5000,0,0.999,primitive,exp2,32,27401.27128931457,22.37725814497392,12.149643522043124,24.949449701065326,median-range,5,10006447
0830-172041__NetHackChallenge-v0__exp2/NetHackChallenge-v0__option__grammar__n32__os0__max_episode_steps5000__discountprimitive__ent_coef0.01__exp2,0830-172041__NetHackChallenge-v0__exp2,NetHackChallenge-v0,option,grammar,0,10000000,5000,0,0.999,primitive,exp2,32,28346.391225611278,21.62469349135563,12.53338848648163,25.18281264829908,median-range,5,10006447
0830-172041__NetHackChallenge-v0__exp2/NetHackChallenge-v0__option__grammar__n32__os0__max_episode_steps5000__discountprimitive__ent_coef0.01__exp2,0830-172041__NetHackChallenge-v0__exp2,NetHackChallenge-v0,option,grammar,0,10000000,5000,0,0.999,primitive,exp2,32,29324.110076190314,21.589368908960147,12.492178095128585,24.802513682184987,median-range,5,10006447
0830-172041__NetHackChallenge-v0__exp2/NetHackChallenge-v0__option__grammar__n32__os0__max_episode_steps5000__discountprimitive__ent_coef0.01__exp2,0830-172041__NetHackChallenge-v0__exp2,NetHackChallenge-v0,option,grammar,0,10000000,5000,0,0.999,primitive,exp2,32,30335.552237196036,22.033626857577797,12.133253433086288,23.802377409479416,median-range,5,10006447
0830-172041__NetHackChallenge-v0__exp2/NetHackChallenge-v0__option__grammar__n32__os0__max_episode_steps5000__discountprimitive__ent_coef0.01__exp2,0830-172041__NetHackChallenge-v0__exp2,NetHackChallenge-v0,option,grammar,0,10000000,5000,0,0.999,primitive,exp2,32,31381.880887251213,20.11323291323129,11.618227553676052,22.672286940669288,median-range,5,10006447
0830-172041__NetHackChallenge-v0__exp2/NetHackChallenge-v0__option__grammar__n32__os0__max_episode_steps5000__discountprimitive__ent_coef0.01__exp2,0830-172041__NetHackChallenge-v0__exp2,NetHackChallenge-v0,option,grammar,0,10000000,5000,0,0.999,primitive,exp2,32,32464.2993251358,19.18995792693243,11.890384677423437,21.87991683771897,median-range,5,10006447
0830-172041__NetHackChallenge-v0__exp2/NetHackChallenge-v0__option__grammar__n32__os0__max_episode_steps5000__discountprimitive__ent_coef0.01__exp2,0830-172041__NetHackChallenge-v0__exp2,NetHackChallenge-v0,option,grammar,0,10000000,5000,0,0.999,primitive,exp2,32,33584.0523536041,18.47901773681388,12.086756464059123,21.553413433308123,median-range,5,10006447
0830-172041__NetHackChallenge-v0__exp2/NetHackChallenge-v0__option__grammar__n32__os0__max_episode_steps5000__discountprimitive__ent_coef0.01__exp2,0830-172041__NetHackChallenge-v0__exp2,NetHackChallenge-v0,option,grammar,0,10000000,5000,0,0.999,primitive,exp2,32,34742.42771093292,19.328944294004934,12.289901472583518,21.215648329630895,median-range,5,10006447
0830-172041__NetHackChallenge-v0__exp2/NetHackChallenge-v0__option__grammar__n32__os0__max_episode_steps5000__discountprimitive__ent_coef0.01__exp2,0830-172041__NetHackChallenge-v0__exp2,NetHackChallenge-v0,option,grammar,0,10000000,5000,0,0.999,primitive,exp2,32,35940.757551846415,19.151515996140056,12.500053323801039,20.830089795612437,median-range,5,10006447
0830-172041__NetHackChallenge-v0__exp2/NetHackChallenge-v0__option__grammar__n32__os0__max_episode_steps5000__discountprimitive__ent_coef0.01__exp2,0830-172041__NetHackChallenge-v0__exp2,NetHackChallenge-v0,option,grammar,0,10000000,5000,0,0.999,primitive,exp2,32,37180.419979520164,18.92962450812484,12.717453696524672,20.433889837969552,median-range,5,10006447
0830-172041__NetHackChallenge-v0__exp2/NetHackChallenge-v0__option__grammar__n32__os0__max_episode_steps5000__discountprimitive__ent_coef0.01__exp2,0830-172041__NetHackChallenge-v0__exp2,NetHackChallenge-v0,option,grammar,0,10000000,5000,0,0.999,primitive,exp2,32,38462.84063042742,18.271951927927145,12.942352605511445,20.037780510555844,median-range,5,10006447
0830-172041__NetHackChallenge-v0__exp2/NetHackChallenge-v0__option__grammar__n32__os0__max_episode_steps5000__discountprimitive__ent_coef0.01__exp2,0830-172041__NetHackChallenge-v0__exp2,NetHackChallenge-v0,option,grammar,0,10000000,5000,0,0.999,primitive,exp2,32,39789.49431384969,17.950164384927287,13.175008688984427,20.034277029835856,median-range,5,10006447
0830-172041__NetHackChallenge-v0__exp2/NetHackChallenge-v0__option__grammar__n32__os0__max_episode_steps5000__discountprimitive__ent_coef0.01__exp2,0830-172041__NetHackChallenge-v0__exp2,NetHackChallenge-v0,option,grammar,0,10000000,5000,0,0.999,primitive,exp2,32,41161.90670793635,17.69028841621819,12.661164604205077,19.879745353255668,median-range,5,10006447
0830-172041__NetHackChallenge-v0__exp2/NetHackChallenge-v0__option__grammar__n32__os0__max_episode_steps5000__discountprimitive__ent_coef0.01__exp2,0830-172041__NetHackChallenge-v0__exp2,NetHackChallenge-v0,option,grammar,0,10000000,5000,0,0.999,primitive,exp2,32,42581.656114265046,17.45073953709243,12.372726645677966,19.30499551066296,median-range,5,10006447
0830-172041__NetHackChallenge-v0__exp2/NetHackChallenge-v0__option__grammar__n32__os0__max_episode_steps5000__discountprimitive__ent_coef0.01__exp2,0830-172041__NetHackChallenge-v0__exp2,NetHackChallenge-v0,option,grammar,0,10000000,5000,0,0.999,primitive,exp2,32,44050.375272920246,17.883003295323235,12.515654715811662,18.62220925713961,median-range,5,10006447
0830-172041__NetHackChallenge-v0__exp2/NetHackChallenge-v0__option__grammar__n32__os0__max_episode_steps5000__discountprimitive__ent_coef0.01__exp2,0830-172041__NetHackChallenge-v0__exp2,NetHackChallenge-v0,option,grammar,0,10000000,5000,0,0.999,primitive,exp2,32,45569.753240176324,17.981053040826684,12.310761971243641,19.633536658431,median-range,5,10006447
0830-172041__NetHackChallenge-v0__exp2/NetHackChallenge-v0__option__grammar__n32__os0__max_episode_steps5000__discountprimitive__ent_coef0.01__exp2,0830-172041__NetHackChallenge-v0__exp2,NetHackChallenge-v0,option,grammar,0,10000000,5000,0,0.999,primitive,exp2,32,47141.537330946136,19.153743132699788,13.930417808713079,20.33637234791252,median-range,5,10006447
0830-172041__NetHackChallenge-v0__exp2/NetHackChallenge-v0__option__grammar__n32__os0__max_episode_steps5000__discountprimitive__ent_coef0.01__exp2,0830-172041__NetHackChallenge-v0__exp2,NetHackChallenge-v0,option,grammar,0,10000000,5000,0,0.999,primitive,exp2,32,48767.53512822826,19.2360758114293,15.336320427840382,28.75981072659485,median-range,5,10006447
0830-172041__NetHackChallenge-v0__exp2/NetHackChallenge-v0__option__grammar__n32__os0__max_episode_steps5000__discountprimitive__ent_coef0.01__exp2,0830-172041__NetHackChallenge-v0__exp2,NetHackChallenge-v0,option,grammar,0,10000000,5000,0,0.999,primitive,exp2,32,50449.61656186288,19.18861896847409,15.183154129149754,28.182144564035642,median-range,5,10006447
0830-172041__NetHackChallenge-v0__exp2/NetHackChallenge-v0__option__grammar__n32__os0__max_episode_steps5000__discountprimitive__ent_coef0.01__exp2,0830-172041__NetHackChallenge-v0__exp2,NetHackChallenge-v0,option,grammar,0,10000000,5000,0,0.999,primitive,exp2,32,52189.71605898858,19.133539396132225,15.129441088808953,28.8840542926659,median-range,5,10006447
0830-172041__NetHackChallenge-v0__exp2/NetHackChallenge-v0__option__grammar__n32__os0__max_episode_steps5000__discountprimitive__ent_coef0.01__exp2,0830-172041__NetHackChallenge-v0__exp2,NetHackChallenge-v0,option,grammar,0,10000000,5000,0,0.999,primitive,exp2,32,53989.834768672416,19.058687350858317,14.633246960974933,28.53718630740643,median-range,5,10006447
0830-172041__NetHackChallenge-v0__exp2/NetHackChallenge-v0__option__grammar__n32__os0__max_episode_steps5000__discountprimitive__ent_coef0.01__exp2,0830-172041__NetHackChallenge-v0__exp2,NetHackChallenge-v0,option,grammar,0,10000000,5000,0,0.999,primitive,exp2,32,55852.04286327054,19.015410804912854,14.444608190776615,27.77577346305157,median-range,5,10006447
0830-172041__NetHackChallenge-v0__exp2/NetHackChallenge-v0__option__grammar__n32__os0__max_episode_steps5000__discountprimitive__ent_coef0.01__exp2,0830-172041__NetHackChallenge-v0__exp2,NetHackChallenge-v0,option,grammar,0,10000000,5000,0,0.999,primitive,exp2,32,57778.48191916792,18.898141091839886,15.026676127324768,28.08295116003985,median-range,5,10006447
0830-172041__NetHackChallenge-v0__exp2/NetHackChallenge-v0__option__grammar__n32__os0__max_episode_steps5000__discountprimitive__ent_coef0.01__exp2,0830-172041__NetHackChallenge-v0__exp2,NetHackChallenge-v0,option,grammar,0,10000000,5000,0,0.999,primitive,exp2,32,59771.367379634234,18.931257512991703,16.594694582008184,28.06897170389021,median-range,5,10006447
0830-172041__NetHackChallenge-v0__exp2/NetHackChallenge-v0__option__grammar__n32__os0__max_episode_steps5000__discountprimitive__ent_coef0.01__exp2,0830-172041__NetHackChallenge-v0__exp2,NetHackChallenge-v0,option,grammar,0,10000000,5000,0,0.999,primitive,exp2,32,61832.99110262696,18.76975676240813,16.11097112494366,28.054510070743518,median-range,5,10006447
0830-172041__NetHackChallenge-v0__exp2/NetHackChallenge-v0__option__grammar__n32__os0__max_episode_steps5000__discountprimitive__ent_coef0.01__exp2,0830-172041__NetHackChallenge-v0__exp2,NetHackChallenge-v0,option,grammar,0,10000000,5000,0,0.999,primitive,exp2,32,63965.72399647408,18.556478880684207,15.612361781587897,28.473949399183738,median-range,5,10006447
0830-172041__NetHackChallenge-v0__exp2/NetHackChallenge-v0__option__grammar__n32__os0__max_episode_steps5000__discountprimitive__ent_coef0.01__exp2,0830-172041__NetHackChallenge-v0__exp2,NetHackChallenge-v0,option,grammar,0,10000000,5000,0,0.999,primitive,exp2,32,66172.01874646619,18.594074615613646,15.840153506953573,28.21806423680307,median-range,5,10006447
0830-172041__NetHackChallenge-v0__exp2/NetHackChallenge-v0__option__grammar__n32__os0__max_episode_steps5000__discountprimitive__ent_coef0.01__exp2,0830-172041__NetHackChallenge-v0__exp2,NetHackChallenge-v0,option,grammar,0,10000000,5000,0,0.999,primitive,exp2,32,68454.41263549267,18.584229226848617,16.25847698724173,27.953353127413777,median-range,5,10006447
0830-172041__NetHackChallenge-v0__exp2/NetHackChallenge-v0__option__grammar__n32__os0__max_episode_steps5000__discountprimitive__ent_coef0.01__exp2,0830-172041__NetHackChallenge-v0__exp2,NetHackChallenge-v0,option,grammar,0,10000000,5000,0,0.999,primitive,exp2,32,70815.53046196794,22.009242244812654,18.21339422739894,27.414985190980833,median-range,5,10006447
0830-172041__NetHackChallenge-v0__exp2/NetHackChallenge-v0__option__grammar__n32__os0__max_episode_steps5000__discountprimitive__ent_coef0.01__exp2,0830-172041__NetHackChallenge-v0__exp2,NetHackChallenge-v0,option,grammar,0,10000000,5000,0,0.999,primitive,exp2,32,73258.08755840224,21.750987562118013,18.718585503785626,26.902772867255354,median-range,5,10006447
0830-172041__NetHackChallenge-v0__exp2/NetHackChallenge-v0__option__grammar__n32__os0__max_episode_steps5000__discountprimitive__ent_coef0.01__exp2,0830-172041__NetHackChallenge-v0__exp2,NetHackChallenge-v0,option,grammar,0,10000000,5000,0,0.999,primitive,exp2,32,75784.89291408734,21.77614413663029,18.71535833971401,27.063244165210808,median-range,5,10006447
0830-172041__NetHackChallenge-v0__exp2/NetHackChallenge-v0__option__grammar__n32__os0__max_episode_steps5000__discountprimitive__ent_coef0.01__exp2,0830-172041__NetHackChallenge-v0__exp2,NetHackChallenge-v0,option,grammar,0,10000000,5000,0,0.999,primitive,exp2,32,78398.85240549044,21.268481696827877,18.467876376505217,29.523864544549483,median-range,5,10006447
0830-172041__NetHackChallenge-v0__exp2/NetHackChallenge-v0__option__grammar__n32__os0__max_episode_steps5000__discountprimitive__ent_coef0.01__exp2,0830-172041__NetHackChallenge-v0__exp2,NetHackChallenge-v0,option,grammar,0,10000000,5000,0,0.999,primitive,exp2,32,81102.97213807056,21.593405747846077,18.50122856607636,29.149581057836468,median-range,5,10006447
0830-172041__NetHackChallenge-v0__exp2/NetHackChallenge-v0__option__grammar__n32__os0__max_episode_steps5000__discountprimitive__ent_coef0.01__exp2,0830-172041__NetHackChallenge-v0__exp2,NetHackChallenge-v0,option,grammar,0,10000000,5000,0,0.999,primitive,exp2,32,83900.36190335867,21.03419532629281,18.70238994137375,28.320380536851207,median-range,5,10006447
0830-172041__NetHackChallenge-v0__exp2/NetHackChallenge-v0__option__grammar__n32__os0__max_episode_steps5000__discountprimitive__ent_coef0.01__exp2,0830-172041__NetHackChallenge-v0__exp2,NetHackChallenge-v0,option,grammar,0,10000000,5000,0,0.999,primitive,exp2,32,86794.23875528034,20.558465439881374,19.081524561958148,27.6023547650611,median-range,5,10006447
0830-172041__NetHackChallenge-v0__exp2/NetHackChallenge-v0__option__grammar__n32__os0__max_episode_steps5000__discountprimitive__ent_coef0.01__exp2,0830-172041__NetHackChallenge-v0__exp2,NetHackChallenge-v0,option,grammar,0,10000000,5000,0,0.999,primitive,exp2,32,89787.93070983232,20.130380645803502,19.271541460595405,27.38009499978863,median-range,5,10006447
0830-172041__NetHackChallenge-v0__exp2/NetHackChallenge-v0__option__grammar__n32__os0__max_episode_steps5000__discountprimitive__ent_coef0.01__exp2,0830-172041__NetHackChallenge-v0__exp2,NetHackChallenge-v0,option,grammar,0,10000000,5000,0,0.999,primitive,exp2,32,92884.88057236615,20.280149669625903,19.993346331410052,27.95789073049824,median-range,5,10006447
0830-172041__NetHackChallenge-v0__exp2/NetHackChallenge-v0__option__grammar__n32__os0__max_episode_steps5000__discountprimitive__ent_coef0.01__exp2,0830-172041__NetHackChallenge-v0__exp2,NetHackChallenge-v0,option,grammar,0,10000000,5000,0,0.999,primitive,exp2,32,96088.64989688343,20.443148028472084,19.646177365866226,28.380704885201155,median-range,5,10006447
0830-172041__NetHackChallenge-v0__exp2/NetHackChallenge-v0__option__grammar__n32__os0__max_episode_steps5000__discountprimitive__ent_coef0.01__exp2,0830-172041__NetHackChallenge-v0__exp2,NetHackChallenge-v0,option,grammar,0,10000000,5000,0,0.999,primitive,exp2,32,99402.92308189436,20.90305493554805,19.48623121778276,28.466893578252115,median-range,5,10006447
0830-172041__NetHackChallenge-v0__exp2/NetHackChallenge-v0__option__grammar__n32__os0__max_episode_steps5000__discountprimitive__ent_coef0.01__exp2,0830-172041__NetHackChallenge-v0__exp2,NetHackChallenge-v0,option,grammar,0,10000000,5000,0,0.999,primitive,exp2,32,102831.51160754821,21.139615909552205,18.8538597897387,28.605262412285434,median-range,5,10006447
0830-172041__NetHackChallenge-v0__exp2/NetHackChallenge-v0__option__grammar__n32__os0__max_episode_steps5000__discountprimitive__ent_coef0.01__exp2,0830-172041__NetHackChallenge-v0__exp2,NetHackChallenge-v0,option,grammar,0,10000000,5000,0,0.999,primitive,exp2,32,106378.35841891203,21.15077471945479,19.193621521810325,28.399601070259813,median-range,5,10006447
0830-172041__NetHackChallenge-v0__exp2/NetHackChallenge-v0__option__grammar__n32__os0__max_episode_steps5000__discountprimitive__ent_coef0.01__exp2,0830-172041__NetHackChallenge-v0__exp2,NetHackChallenge-v0,option,grammar,0,10000000,5000,0,0.999,primitive,exp2,32,110047.54246043654,21.276779721680057,18.70128279754663,28.456938226626335,median-range,5,10006447
0830-172041__NetHackChallenge-v0__exp2/NetHackChallenge-v0__option__grammar__n32__os0__max_episode_steps5000__discountprimitive__ent_coef0.01__exp2,0830-172041__NetHackChallenge-v0__exp2,NetHackChallenge-v0,option,grammar,0,10000000,5000,0,0.999,primitive,exp2,32,113843.28336682224,21.350625520369466,18.530889230877516,27.98074511731137,median-range,5,10006447
0830-172041__NetHackChallenge-v0__exp2/NetHackChallenge-v0__option__grammar__n32__os0__max_episode_steps5000__discountprimitive__ent_coef0.01__exp2,0830-172041__NetHackChallenge-v0__exp2,NetHackChallenge-v0,option,grammar,0,10000000,5000,0,0.999,primitive,exp2,32,117769.94631568395,21.426629690177066,19.00660970527537,27.593647569065855,median-range,5,10006447
0830-172041__NetHackChallenge-v0__exp2/NetHackChallenge-v0__option__grammar__n32__os0__max_episode_steps5000__discountprimitive__ent_coef0.01__exp2,0830-172041__NetHackChallenge-v0__exp2,NetHackChallenge-v0,option,grammar,0,10000000,5000,0,0.999,primitive,exp2,32,121832.04704759261,21.28113990476253,18.924976448394055,26.600019810906897,median-range,5,10006447
0830-172041__NetHackChallenge-v0__exp2/NetHackChallenge-v0__option__grammar__n32__os0__max_episode_steps5000__discountprimitive__ent_coef0.01__exp2,0830-172041__NetHackChallenge-v0__exp2,NetHackChallenge-v0,option,grammar,0,10000000,5000,0,0.999,primitive,exp2,32,126034.25705926561,21.329744895028703,19.474480189997497,26.098253087721595,median-range,5,10006447
0830-172041__NetHackChallenge-v0__exp2/NetHackChallenge-v0__option__grammar__n32__os0__max_episode_steps5000__discountprimitive__ent_coef0.01__exp2,0830-172041__NetHackChallenge-v0__exp2,NetHackChallenge-v0,option,grammar,0,10000000,5000,0,0.999,primitive,exp2,32,130381.40897588151,21.813390403672066,19.566363831813494,25.789959580295275,median-range,5,10006447
0830-172041__NetHackChallenge-v0__exp2/NetHackChallenge-v0__option__grammar__n32__os0__max_episode_steps5000__discountprimitive__ent_coef0.01__exp2,0830-172041__NetHackChallenge-v0__exp2,NetHackChallenge-v0,option,grammar,0,10000000,5000,0,0.999,primitive,exp2,32,134878.50210869618,21.50848553836634,19.271732813999584,25.630153881767068,median-range,5,10006447
0830-172041__NetHackChallenge-v0__exp2/NetHackChallenge-v0__option__grammar__n32__os0__max_episode_steps5000__discountprimitive__ent_coef0.01__exp2,0830-172041__NetHackChallenge-v0__exp2,NetHackChallenge-v0,option,grammar,0,10000000,5000,0,0.999,primitive,exp2,32,139530.70820434857,21.306338803627636,19.334968428498687,25.8189791847998,median-range,5,10006447
0830-172041__NetHackChallenge-v0__exp2/NetHackChallenge-v0__option__grammar__n32__os0__max_episode_steps5000__discountprimitive__ent_coef0.01__exp2,0830-172041__NetHackChallenge-v0__exp2,NetHackChallenge-v0,option,grammar,0,10000000,5000,0,0.999,primitive,exp2,32,144343.3773924732,21.894228003959167,18.943470432809097,26.467491344626595,median-range,5,10006447
0830-172041__NetHackChallenge-v0__exp2/NetHackChallenge-v0__option__grammar__n32__os0__max_episode_steps5000__discountprimitive__ent_coef0.01__exp2,0830-172041__NetHackChallenge-v0__exp2,NetHackChallenge-v0,option,grammar,0,10000000,5000,0,0.999,primitive,exp2,32,149322.04433845662,21.697159977647157,19.101311696874625,26.018967025064164,median-range,5,10006447
0830-172041__NetHackChallenge-v0__exp2/NetHackChallenge-v0__option__grammar__n32__os0__max_episode_steps5000__discountprimitive__ent_coef0.01__exp2,0830-172041__NetHackChallenge-v0__exp2,NetHackChallenge-v0,option,grammar,0,10000000,5000,0,0.999,primitive,exp2,32,154472.43460841096,22.0329651844355,20.96,26.120186958905865,median-range,5,10006447
0830-172041__NetHackChallenge-v0__exp2/NetHackChallenge-v0__option__grammar__n32__os0__max_episode_steps5000__discountprimitive__ent_coef0.01__exp2,0830-172041__NetHackChallenge-v0__exp2,NetHackChallenge-v0,option,grammar,0,10000000,5000,0,0.999,primitive,exp2,32,159800.47125368993,22.7428513247434,20.554313240221372,26.072523954728744,median-range,5,10006447
0830-172041__NetHackChallenge-v0__exp2/NetHackChallenge-v0__option__grammar__n32__os0__max_episode_steps5000__discountprimitive__ent_coef0.01__exp2,0830-172041__NetHackChallenge-v0__exp2,NetHackChallenge-v0,option,grammar,0,10000000,5000,0,0.999,primitive,exp2,32,165312.28162251675,23.874449183185444,20.430413757297455,25.63656229944701,median-range,5,10006447
0830-172041__NetHackChallenge-v0__exp2/NetHackChallenge-v0__option__grammar__n32__os0__max_episode_steps5000__discountprimitive__ent_coef0.01__exp2,0830-172041__NetHackChallenge-v0__exp2,NetHackChallenge-v0,option,grammar,0,10000000,5000,0,0.999,primitive,exp2,32,171014.20440655467,23.538193030773623,20.65819296796201,25.798757858741844,median-range,5,10006447
0830-172041__NetHackChallenge-v0__exp2/NetHackChallenge-v0__option__grammar__n32__os0__max_episode_steps5000__discountprimitive__ent_coef0.01__exp2,0830-172041__NetHackChallenge-v0__exp2,NetHackChallenge-v0,option,grammar,0,10000000,5000,0,0.999,primitive,exp2,32,176912.7969305294,24.087628209678947,21.708067805098665,27.707548091607407,median-range,5,10006447
0830-172041__NetHackChallenge-v0__exp2/NetHackChallenge-v0__option__grammar__n32__os0__max_episode_steps5000__discountprimitive__ent_coef0.01__exp2,0830-172041__NetHackChallenge-v0__exp2,NetHackChallenge-v0,option,grammar,0,10000000,5000,0,0.999,primitive,exp2,32,183014.84269328453,24.183604117847818,22.277293575420416,28.834521137253745,median-range,5,10006447
0830-172041__NetHackChallenge-v0__exp2/NetHackChallenge-v0__option__grammar__n32__os0__max_episode_steps5000__discountprimitive__ent_coef0.01__exp2,0830-172041__NetHackChallenge-v0__exp2,NetHackChallenge-v0,option,grammar,0,10000000,5000,0,0.999,primitive,exp2,32,189327.35916893766,25.124281587260494,22.931406780237435,27.313565168581015,median-range,5,10006447
0830-172041__NetHackChallenge-v0__exp2/NetHackChallenge-v0__option__grammar__n32__os0__max_episode_steps5000__discountprimitive__ent_coef0.01__exp2,0830-172041__NetHackChallenge-v0__exp2,NetHackChallenge-v0,option,grammar,0,10000000,5000,0,0.999,primitive,exp2,32,195857.60587711682,24.842495031415233,23.7385151295607,26.388443859015762,median-range,5,10006447
0830-172041__NetHackChallenge-v0__exp2/NetHackChallenge-v0__option__grammar__n32__os0__max_episode_steps5000__discountprimitive__ent_coef0.01__exp2,0830-172041__NetHackChallenge-v0__exp2,NetHackChallenge-v0,option,grammar,0,10000000,5000,0,0.999,primitive,exp2,32,202613.0927315535,25.032575453214758,23.2978732663665,26.50922243889449,median-range,5,10006447
0830-172041__NetHackChallenge-v0__exp2/NetHackChallenge-v0__option__grammar__n32__os0__max_episode_steps5000__discountprimitive__ent_coef0.01__exp2,0830-172041__NetHackChallenge-v0__exp2,NetHackChallenge-v0,option,grammar,0,10000000,5000,0,0.999,primitive,exp2,32,209601.58867663078,23.86770622279799,22.479247334576357,25.542788081159248,median-range,5,10006447
0830-172041__NetHackChallenge-v0__exp2/NetHackChallenge-v0__option__grammar__n32__os0__max_episode_steps5000__discountprimitive__ent_coef0.01__exp2,0830-172041__NetHackChallenge-v0__exp2,NetHackChallenge-v0,option,grammar,0,10000000,5000,0,0.999,primitive,exp2,32,216831.130621825,25.16084281536546,22.07757189020357,25.643347628356434,median-range,5,10006447
0830-172041__NetHackChallenge-v0__exp2/NetHackChallenge-v0__option__grammar__n32__os0__max_episode_steps5000__discountprimitive__ent_coef0.01__exp2,0830-172041__NetHackChallenge-v0__exp2,NetHackChallenge-v0,option,grammar,0,10000000,5000,0,0.999,primitive,exp2,32,224310.03268431328,24.193984931122984,21.898355524018356,25.93662637344109,median-range,5,10006447
0830-172041__NetHackChallenge-v0__exp2/NetHackChallenge-v0__option__grammar__n32__os0__max_episode_steps5000__discountprimitive__ent_coef0.01__exp2,0830-172041__NetHackChallenge-v0__exp2,NetHackChallenge-v0,option,grammar,0,10000000,5000,0,0.999,primitive,exp2,32,232046.89575037092,23.389467294005073,21.68,29.109774315432034,median-range,5,10006447
0830-172041__NetHackChallenge-v0__exp2/NetHackChallenge-v0__option__grammar__n32__os0__max_episode_steps5000__discountprimitive__ent_coef0.01__exp2,0830-172041__NetHackChallenge-v0__exp2,NetHackChallenge-v0,option,grammar,0,10000000,5000,0,0.999,primitive,exp2,32,240050.61736656335,22.952928849945433,21.886322791293612,29.202269052625383,median-range,5,10006447
0830-172041__NetHackChallenge-v0__exp2/NetHackChallenge-v0__option__grammar__n32__os0__max_episode_steps5000__discountprimitive__ent_coef0.01__exp2,0830-172041__NetHackChallenge-v0__exp2,NetHackChallenge-v0,option,grammar,0,10000000,5000,0,0.999,primitive,exp2,32,248330.4019721031,23.10963481423939,21.550125577486515,30.066753772763253,median-range,5,10006447
0830-172041__NetHackChallenge-v0__exp2/NetHackChallenge-v0__option__grammar__n32__os0__max_episode_steps5000__discountprimitive__ent_coef0.01__exp2,0830-172041__NetHackChallenge-v0__exp2,NetHackChallenge-v0,option,grammar,0,10000000,5000,0,0.999,primitive,exp2,32,256895.77148413556,24.087382841176733,21.93533182208522,29.73115940576214,median-range,5,10006447
0830-172041__NetHackChallenge-v0__exp2/NetHackChallenge-v0__option__grammar__n32__os0__max_episode_steps5000__discountprimitive__ent_coef0.01__exp2,0830-172041__NetHackChallenge-v0__exp2,NetHackChallenge-v0,option,grammar,0,10000000,5000,0,0.999,primitive,exp2,32,265756.57624813425,24.56570532038187,21.9765380719247,29.789945625315706,median-range,5,10006447
0830-172041__NetHackChallenge-v0__exp2/NetHackChallenge-v0__option__grammar__n32__os0__max_episode_steps5000__discountprimitive__ent_coef0.01__exp2,0830-172041__NetHackChallenge-v0__exp2,NetHackChallenge-v0,option,grammar,0,10000000,5000,0,0.999,primitive,exp2,32,274923.0063659964,25.254541450311052,23.126132545861246,29.91938428790034,median-range,5,10006447
0830-172041__NetHackChallenge-v0__exp2/NetHackChallenge-v0__option__grammar__n32__os0__max_episode_steps5000__discountprimitive__ent_coef0.01__exp2,0830-172041__NetHackChallenge-v0__exp2,NetHackChallenge-v0,option,grammar,0,10000000,5000,0,0.999,primitive,exp2,32,284405.6034148593,27.662707641818834,23.084961615498486,34.93974448524192,median-range,5,10006447
0830-172041__NetHackChallenge-v0__exp2/NetHackChallenge-v0__option__grammar__n32__os0__max_episode_steps5000__discountprimitive__ent_coef0.01__exp2,0830-172041__NetHackChallenge-v0__exp2,NetHackChallenge-v0,option,grammar,0,10000000,5000,0,0.999,primitive,exp2,32,294215.2725701258,27.894939201582737,23.737549047971704,36.331359506513245,median-range,5,10006447
0830-172041__NetHackChallenge-v0__exp2/NetHackChallenge-v0__option__grammar__n32__os0__max_episode_steps5000__discountprimitive__ent_coef0.01__exp2,0830-172041__NetHackChallenge-v0__exp2,NetHackChallenge-v0,option,grammar,0,10000000,5000,0,0.999,primitive,exp2,32,304363.29514663486,27.48,23.230687722257844,36.365532429130056,median-range,5,10006447
0830-172041__NetHackChallenge-v0__exp2/NetHackChallenge-v0__option__grammar__n32__os0__max_episode_steps5000__discountprimitive__ent_coef0.01__exp2,0830-172041__NetHackChallenge-v0__exp2,NetHackChallenge-v0,option,grammar,0,10000000,5000,0,0.999,primitive,exp2,32,314861.3415723946,26.31281232567998,22.96,36.27981422023508,median-range,5,10006447
0830-172041__NetHackChallenge-v0__exp2/NetHackChallenge-v0__option__grammar__n32__os0__max_episode_steps5000__discountprimitive__ent_coef0.01__exp2,0830-172041__NetHackChallenge-v0__exp2,NetHackChallenge-v0,option,grammar,0,10000000,5000,0,0.999,primitive,exp2,32,325721.48480980867,26.906021331516914,23.387661729105155,35.556673414600915,median-range,5,10006447
0830-172041__NetHackChallenge-v0__exp2/NetHackChallenge-v0__option__grammar__n32__os0__max_episode_steps5000__discountprimitive__ent_coef0.01__exp2,0830-172041__NetHackChallenge-v0__exp2,NetHackChallenge-v0,option,grammar,0,10000000,5000,0,0.999,primitive,exp2,32,336956.2142398254,27.816031113676893,23.345317588894194,35.141854806353486,median-range,5,10006447
0830-172041__NetHackChallenge-v0__exp2/NetHackChallenge-v0__option__grammar__n32__os0__max_episode_steps5000__discountprimitive__ent_coef0.01__exp2,0830-172041__NetHackChallenge-v0__exp2,NetHackChallenge-v0,option,grammar,0,10000000,5000,0,0.999,primitive,exp2,32,348578.4500249706,28.26781795995455,23.61600163043477,35.124629765273916,median-range,5,10006447
0830-172041__NetHackChallenge-v0__exp2/NetHackChallenge-v0__option__grammar__n32__os0__max_episode_steps5000__discountprimitive__ent_coef0.01__exp2,0830-172041__NetHackChallenge-v0__exp2,NetHackChallenge-v0,option,grammar,0,10000000,5000,0,0.999,primitive,exp2,32,360601.55796779355,27.66064141359113,23.736054186449095,36.645231646991824,median-range,5,10006447
0830-172041__NetHackChallenge-v0__exp2/NetHackChallenge-v0__option__grammar__n32__os0__max_episode_steps5000__discountprimitive__ent_coef0.01__exp2,0830-172041__NetHackChallenge-v0__exp2,NetHackChallenge-v0,option,grammar,0,10000000,5000,0,0.999,primitive,exp2,32,373039.3648818085,27.785228227272167,24.822026864157433,33.90300752980856,median-range,5,10006447
0830-172041__NetHackChallenge-v0__exp2/NetHackChallenge-v0__option__grammar__n32__os0__max_episode_steps5000__discountprimitive__ent_coef0.01__exp2,0830-172041__NetHackChallenge-v0__exp2,NetHackChallenge-v0,option,grammar,0,10000000,5000,0,0.999,primitive,exp2,32,385906.1744926009,26.484425003080574,21.53271924287798,34.77262123530228,median-range,5,10006447
0830-172041__NetHackChallenge-v0__exp2/NetHackChallenge-v0__option__grammar__n32__os0__max_episode_steps5000__discountprimitive__ent_coef0.01__exp2,0830-172041__NetHackChallenge-v0__exp2,NetHackChallenge-v0,option,grammar,0,10000000,5000,0,0.999,primitive,exp2,32,399216.78388739866,27.03749862099133,21.42738129141699,32.38049615218461,median-range,5,10006447
0830-172041__NetHackChallenge-v0__exp2/NetHackChallenge-v0__option__grammar__n32__os0__max_episode_steps5000__discountprimitive__ent_coef0.01__exp2,0830-172041__NetHackChallenge-v0__exp2,NetHackChallenge-v0,option,grammar,0,10000000,5000,0,0.999,primitive,exp2,32,412986.50053201994,25.099673643159317,22.75785404680859,31.944951199824924,median-range,5,10006447
0830-172041__NetHackChallenge-v0__exp2/NetHackChallenge-v0__option__grammar__n32__os0__max_episode_steps5000__discountprimitive__ent_coef0.01__exp2,0830-172041__NetHackChallenge-v0__exp2,NetHackChallenge-v0,option,grammar,0,10000000,5000,0,0.999,primitive,exp2,32,427231.15987475845,25.120126073343307,23.03803610075191,32.45018191140623,median-range,5,10006447
0830-172041__NetHackChallenge-v0__exp2/NetHackChallenge-v0__option__grammar__n32__os0__max_episode_steps5000__discountprimitive__ent_coef0.01__exp2,0830-172041__NetHackChallenge-v0__exp2,NetHackChallenge-v0,option,grammar,0,10000000,5000,0,0.999,primitive,exp2,32,441967.1435574667,25.411378892370188,22.085251549907515,28.355161153826952,median-range,5,10006447
0830-172041__NetHackChallenge-v0__exp2/NetHackChallenge-v0__option__grammar__n32__os0__max_episode_steps5000__discountprimitive__ent_coef0.01__exp2,0830-172041__NetHackChallenge-v0__exp2,NetHackChallenge-v0,option,grammar,0,10000000,5000,0,0.999,primitive,exp2,32,457211.39825477294,24.588657412970903,23.234210025061202,27.252942159573433,median-range,5,10006447
0830-172041__NetHackChallenge-v0__exp2/NetHackChallenge-v0__option__grammar__n32__os0__max_episode_steps5000__discountprimitive__ent_coef0.01__exp2,0830-172041__NetHackChallenge-v0__exp2,NetHackChallenge-v0,option,grammar,0,10000000,5000,0,0.999,primitive,exp2,32,472981.4551630894,25.35531873131661,21.684151446153884,26.94546951715793,median-range,5,10006447
0830-172041__NetHackChallenge-v0__exp2/NetHackChallenge-v0__option__grammar__n32__os0__max_episode_steps5000__discountprimitive__ent_coef0.01__exp2,0830-172041__NetHackChallenge-v0__exp2,NetHackChallenge-v0,option,grammar,0,10000000,5000,0,0.999,primitive,exp2,32,489295.45016183914,25.04139072360052,21.987191224070333,26.97503199694046,median-range,5,10006447
0830-172041__NetHackChallenge-v0__exp2/NetHackChallenge-v0__option__grammar__n32__os0__max_episode_steps5000__discountprimitive__ent_coef0.01__exp2,0830-172041__NetHackChallenge-v0__exp2,NetHackChallenge-v0,option,grammar,0,10000000,5000,0,0.999,primitive,exp2,32,506172.14467008226,24.81,22.727567863944223,25.739229001435323,median-range,5,10006447
0830-172041__NetHackChallenge-v0__exp2/NetHackChallenge-v0__option__grammar__n32__os0__max_episode_steps5000__discountprimitive__ent_coef0.01__exp2,0830-172041__NetHackChallenge-v0__exp2,NetHackChallenge-v0,option,grammar,0,10000000,5000,0,0.999,primitive,exp2,32,523630.94722251495,24.28681492336731,21.613324238289767,25.47641233999476,median-range,5,10006447
0830-172041__NetHackChallenge-v0__exp2/NetHackChallenge-v0__option__grammar__n32__os0__max_episode_steps5000__discountprimitive__ent_coef0.01__exp2,0830-172041__NetHackChallenge-v0__exp2,NetHackChallenge-v0,option,grammar,0,10000000,5000,0,0.999,primitive,exp2,32,541691.9357896738,25.478071770401495,23.03710987938063,26.709588475742038,median-range,5,10006447
0830-172041__NetHackChallenge-v0__exp2/NetHackChallenge-v0__option__grammar__n32__os0__max_episode_steps5000__discountprimitive__ent_coef0.01__exp2,0830-172041__NetHackChallenge-v0__exp2,NetHackChallenge-v0,option,grammar,0,10000000,5000,0,0.999,primitive,exp2,32,560375.8808680051,24.48,23.759165378677114,25.33020711254231,median-range,5,10006447
0830-172041__NetHackChallenge-v0__exp2/NetHackChallenge-v0__option__grammar__n32__os0__max_episode_steps5000__discountprimitive__ent_coef0.01__exp2,0830-172041__NetHackChallenge-v0__exp2,NetHackChallenge-v0,option,grammar,0,10000000,5000,0,0.999,primitive,exp2,32,579704.2693663414,24.640345330474563,22.644674058236344,25.2214470271647,median-range,5,10006447
0830-172041__NetHackChallenge-v0__exp2/NetHackChallenge-v0__option__grammar__n32__os0__max_episode_steps5000__discountprimitive__ent_coef0.01__exp2,0830-172041__NetHackChallenge-v0__exp2,NetHackChallenge-v0,option,grammar,0,10000000,5000,0,0.999,primitive,exp2,32,599699.3293162838,25.029483827805535,22.07842121373818,27.184019209789657,median-range,5,10006447
0830-172041__NetHackChallenge-v0__exp2/NetHackChallenge-v0__option__grammar__n32__os0__max_episode_steps5000__discountprimitive__ent_coef0.01__exp2,0830-172041__NetHackChallenge-v0__exp2,NetHackChallenge-v0,option,grammar,0,10000000,5000,0,0.999,primitive,exp2,32,620384.0554348725,25.12,20.997737698891285,27.73,median-range,5,10006447
0830-172041__NetHackChallenge-v0__exp2/NetHackChallenge-v0__option__grammar__n32__os0__max_episode_steps5000__discountprimitive__ent_coef0.01__exp2,0830-172041__NetHackChallenge-v0__exp2,NetHackChallenge-v0,option,grammar,0,10000000,5000,0,0.999,primitive,exp2,32,641782.2355689728,27.454986712008683,22.404830718117193,28.690346893661,median-range,5,10006447
0830-172041__NetHackChallenge-v0__exp2/NetHackChallenge-v0__option__grammar__n32__os0__max_episode_steps5000__discountprimitive__ent_coef0.01__exp2,0830-172041__NetHackChallenge-v0__exp2,NetHackChallenge-v0,option,grammar,0,10000000,5000,0,0.999,primitive,exp2,32,663918.4780517761,27.406682534366038,22.09216264735142,28.66,median-range,5,10006447
0830-172041__NetHackChallenge-v0__exp2/NetHackChallenge-v0__option__grammar__n32__os0__max_episode_steps5000__discountprimitive__ent_coef0.01__exp2,0830-172041__NetHackChallenge-v0__exp2,NetHackChallenge-v0,option,grammar,0,10000000,5000,0,0.999,primitive,exp2,32,686818.240002866,26.873404797724127,21.68459578862588,28.286534707634317,median-range,5,10006447
0830-172041__NetHackChallenge-v0__exp2/NetHackChallenge-v0__option__grammar__n32__os0__max_episode_steps5000__discountprimitive__ent_coef0.01__exp2,0830-172041__NetHackChallenge-v0__exp2,NetHackChallenge-v0,option,grammar,0,10000000,5000,0,0.999,primitive,exp2,32,710507.8566044163,28.253051430674788,24.021823326815333,29.85920521494291,median-range,5,10006447
0830-172041__NetHackChallenge-v0__exp2/NetHackChallenge-v0__option__grammar__n32__os0__max_episode_steps5000__discountprimitive__ent_coef0.01__exp2,0830-172041__NetHackChallenge-v0__exp2,NetHackChallenge-v0,option,grammar,0,10000000,5000,0,0.999,primitive,exp2,32,735014.5713871783,27.60226424419758,22.844027346277777,30.73414567935486,median-range,5,10006447
0830-172041__NetHackChallenge-v0__exp2/NetHackChallenge-v0__option__grammar__n32__os0__max_episode_steps5000__discountprimitive__ent_coef0.01__exp2,0830-172041__NetHackChallenge-v0__exp2,NetHackChallenge-v0,option,grammar,0,10000000,5000,0,0.999,primitive,exp2,32,760366.5675610764,26.903947889888293,23.66,29.1333338405085,median-range,5,10006447
0830-172041__NetHackChallenge-v0__exp2/NetHackChallenge-v0__option__grammar__n32__os0__max_episode_steps5000__discountprimitive__ent_coef0.01__exp2,0830-172041__NetHackChallenge-v0__exp2,NetHackChallenge-v0,option,grammar,0,10000000,5000,0,0.999,primitive,exp2,32,786593.0004264635,27.437835470813503,22.200575347431325,28.949825319948538,median-range,5,10006447
0830-172041__NetHackChallenge-v0__exp2/NetHackChallenge-v0__option__grammar__n32__os0__max_episode_steps5000__discountprimitive__ent_coef0.01__exp2,0830-172041__NetHackChallenge-v0__exp2,NetHackChallenge-v0,option,grammar,0,10000000,5000,0,0.999,primitive,exp2,32,813724.0309033031,26.183840720480845,24.37723664003109,27.659343128053518,median-range,5,10006447
0830-172041__NetHackChallenge-v0__exp2/NetHackChallenge-v0__option__grammar__n32__os0__max_episode_steps5000__discountprimitive__ent_coef0.01__exp2,0830-172041__NetHackChallenge-v0__exp2,NetHackChallenge-v0,option,grammar,0,10000000,5000,0,0.999,primitive,exp2,32,841790.8602168169,26.690473923944047,23.21466462111507,28.879893651053923,median-range,5,10006447
0830-172041__NetHackChallenge-v0__exp2/NetHackChallenge-v0__option__grammar__n32__os0__max_episode_steps5000__discountprimitive__ent_coef0.01__exp2,0830-172041__NetHackChallenge-v0__exp2,NetHackChallenge-v0,option,grammar,0,10000000,5000,0,0.999,primitive,exp2,32,870825.7657795205,26.65203939175008,22.054826702584805,27.339401246148157,median-range,5,10006447
0830-172041__NetHackChallenge-v0__exp2/NetHackChallenge-v0__option__grammar__n32__os0__max_episode_steps5000__discountprimitive__ent_coef0.01__exp2,0830-172041__NetHackChallenge-v0__exp2,NetHackChallenge-v0,option,grammar,0,10000000,5000,0,0.999,primitive,exp2,32,900862.1383108955,27.126332481066378,22.62036934305778,30.478113696246112,median-range,5,10006447
0830-172041__NetHackChallenge-v0__exp2/NetHackChallenge-v0__option__grammar__n32__os0__max_episode_steps5000__discountprimitive__ent_coef0.01__exp2,0830-172041__NetHackChallenge-v0__exp2,NetHackChallenge-v0,option,grammar,0,10000000,5000,0,0.999,primitive,exp2,32,931934.5202373716,26.768915625581542,23.01,29.050439974046625,median-range,5,10006447
0830-172041__NetHackChallenge-v0__exp2/NetHackChallenge-v0__option__grammar__n32__os0__max_episode_steps5000__discountprimitive__ent_coef0.01__exp2,0830-172041__NetHackChallenge-v0__exp2,NetHackChallenge-v0,option,grammar,0,10000000,5000,0,0.999,primitive,exp2,32,964078.6454168088,28.934150786473545,22.097566340568974,30.47675862204356,median-range,5,10006447
0830-172041__NetHackChallenge-v0__exp2/NetHackChallenge-v0__option__grammar__n32__os0__max_episode_steps5000__discountprimitive__ent_coef0.01__exp2,0830-172041__NetHackChallenge-v0__exp2,NetHackChallenge-v0,option,grammar,0,10000000,5000,0,0.999,primitive,exp2,32,997331.4802331529,28.777964577776995,19.758241214761362,33.50104178144204,median-range,5,10006447
0830-172041__NetHackChallenge-v0__exp2/NetHackChallenge-v0__option__grammar__n32__os0__max_episode_steps5000__discountprimitive__ent_coef0.01__exp2,0830-172041__NetHackChallenge-v0__exp2,NetHackChallenge-v0,option,grammar,0,10000000,5000,0,0.999,primitive,exp2,32,1031731.2661085,25.693998689477972,18.46353203092545,32.80865675956359,median-range,5,10006447
0830-172041__NetHackChallenge-v0__exp2/NetHackChallenge-v0__option__grammar__n32__os0__max_episode_steps5000__discountprimitive__ent_coef0.01__exp2,0830-172041__NetHackChallenge-v0__exp2,NetHackChallenge-v0,option,grammar,0,10000000,5000,0,0.999,primitive,exp2,32,1067317.5634814997,27.293945181197838,19.438812809206212,28.68912772000024,median-range,5,10006447
0830-172041__NetHackChallenge-v0__exp2/NetHackChallenge-v0__option__grammar__n32__os0__max_episode_steps5000__discountprimitive__ent_coef0.01__exp2,0830-172041__NetHackChallenge-v0__exp2,NetHackChallenge-v0,option,grammar,0,10000000,5000,0,0.999,primitive,exp2,32,1104131.2973026538,24.9848970204773,22.39332954739951,28.030467320679552,median-range,5,10006447
0830-172041__NetHackChallenge-v0__exp2/NetHackChallenge-v0__option__grammar__n32__os0__max_episode_steps5000__discountprimitive__ent_coef0.01__exp2,0830-172041__NetHackChallenge-v0__exp2,NetHackChallenge-v0,option,grammar,0,10000000,5000,0,0.999,primitive,exp2,32,1142214.8040988105,24.220788020160573,21.662954361476153,34.4107813990625,median-range,5,10006447
0830-172041__NetHackChallenge-v0__exp2/NetHackChallenge-v0__option__grammar__n32__os0__max_episode_steps5000__discountprimitive__ent_coef0.01__exp2,0830-172041__NetHackChallenge-v0__exp2,NetHackChallenge-v0,option,grammar,0,10000000,5000,0,0.999,primitive,exp2,32,1181611.8806610235,25.507487721211735,21.66355169471917,33.471354102942,median-range,5,10006447
0830-172041__NetHackChallenge-v0__exp2/NetHackChallenge-v0__option__grammar__n32__os0__max_episode_steps5000__discountprimitive__ent_coef0.01__exp2,0830-172041__NetHackChallenge-v0__exp2,NetHackChallenge-v0,option,grammar,0,10000000,5000,0,0.999,primitive,exp2,32,1222367.8344117268,25.036648433507956,22.58028216942825,30.115822188128966,median-range,5,10006447
0830-172041__NetHackChallenge-v0__exp2/NetHackChallenge-v0__option__grammar__n32__os0__max_episode_steps5000__discountprimitive__ent_coef0.01__exp2,0830-172041__NetHackChallenge-v0__exp2,NetHackChallenge-v0,option,grammar,0,10000000,5000,0,0.999,primitive,exp2,32,1264529.535509182,22.298882190833414,21.1998946012249,27.49430778505188,median-range,5,10006447
0830-172041__NetHackChallenge-v0__exp2/NetHackChallenge-v0__option__grammar__n32__os0__max_episode_steps5000__discountprimitive__ent_coef0.01__exp2,0830-172041__NetHackChallenge-v0__exp2,NetHackChallenge-v0,option,grammar,0,10000000,5000,0,0.999,primitive,exp2,32,1308145.4707490897,23.112115770479562,20.19568116363688,25.036292469656328,median-range,5,10006447
0830-172041__NetHackChallenge-v0__exp2/NetHackChallenge-v0__option__grammar__n32__os0__max_episode_steps5000__discountprimitive__ent_coef0.01__exp2,0830-172041__NetHackChallenge-v0__exp2,NetHackChallenge-v0,option,grammar,0,10000000,5000,0,0.999,primitive,exp2,32,1353265.7993253532,23.147622477999537,20.569676075568893,24.598669395614056,median-range,5,10006447
0830-172041__NetHackChallenge-v0__exp2/NetHackChallenge-v0__option__grammar__n32__os0__max_episode_steps5000__discountprimitive__ent_coef0.01__exp2,0830-172041__NetHackChallenge-v0__exp2,NetHackChallenge-v0,option,grammar,0,10000000,5000,0,0.999,primitive,exp2,32,1399942.4105141798,24.219764399142115,17.835717943335116,25.778612696744545,median-range,5,10006447
0830-172041__NetHackChallenge-v0__exp2/NetHackChallenge-v0__option__grammar__n32__os0__max_episode_steps5000__discountprimitive__ent_coef0.01__exp2,0830-172041__NetHackChallenge-v0__exp2,NetHackChallenge-v0,option,grammar,0,10000000,5000,0,0.999,primitive,exp2,32,1448228.9833477675,23.700231306173272,20.360576490767986,30.157901988069646,median-range,5,10006447
0830-172041__NetHackChallenge-v0__exp2/NetHackChallenge-v0__option__grammar__n32__os0__max_episode_steps5000__discountprimitive__ent_coef0.01__exp2,0830-172041__NetHackChallenge-v0__exp2,NetHackChallenge-v0,option,grammar,0,10000000,5000,0,0.999,primitive,exp2,32,1498181.0483462426,27.191117838349367,22.355889561197678,30.492643516851565,median-range,5,10006447
0830-172041__NetHackChallenge-v0__exp2/NetHackChallenge-v0__option__grammar__n32__os0__max_episode_steps5000__discountprimitive__ent_coef0.01__exp2,0830-172041__NetHackChallenge-v0__exp2,NetHackChallenge-v0,option,grammar,0,10000000,5000,0,0.999,primitive,exp2,32,1549856.0513788979,28.608488490307984,26.02640650895338,32.687770904112554,median-range,5,10006447
0830-172041__NetHackChallenge-v0__exp2/NetHackChallenge-v0__option__grammar__n32__os0__max_episode_steps5000__discountprimitive__ent_coef0.01__exp2,0830-172041__NetHackChallenge-v0__exp2,NetHackChallenge-v0,option,grammar,0,10000000,5000,0,0.999,primitive,exp2,32,1603313.4197280696,27.71318802147911,24.612300429272636,29.187119595366067,median-range,5,10006447
0830-172041__NetHackChallenge-v0__exp2/NetHackChallenge-v0__option__grammar__n32__os0__max_episode_steps5000__discountprimitive__ent_coef0.01__exp2,0830-172041__NetHackChallenge-v0__exp2,NetHackChallenge-v0,option,grammar,0,10000000,5000,0,0.999,primitive,exp2,32,1658614.6304316754,25.636796851507043,21.939977185825985,26.403543004716116,median-range,5,10006447
0830-172041__NetHackChallenge-v0__exp2/NetHackChallenge-v0__option__grammar__n32__os0__max_episode_steps5000__discountprimitive__ent_coef0.01__exp2,0830-172041__NetHackChallenge-v0__exp2,NetHackChallenge-v0,option,grammar,0,10000000,5000,0,0.999,primitive,exp2,32,1715823.2809830706,23.735755750727122,21.513309594514464,28.332186213237055,median-range,5,10006447
0830-172041__NetHackChallenge-v0__exp2/NetHackChallenge-v0__option__grammar__n32__os0__max_episode_steps5000__discountprimitive__ent_coef0.01__exp2,0830-172041__NetHackChallenge-v0__exp2,NetHackChallenge-v0,option,grammar,0,10000000,5000,0,0.999,primitive,exp2,32,1775005.162469413,23.916422165833943,23.06718607751279,26.311691374524614,median-range,5,10006447
0830-172041__NetHackChallenge-v0__exp2/NetHackChallenge-v0__option__grammar__n32__os0__max_episode_steps5000__discountprimitive__ent_coef0.01__exp2,0830-172041__NetHackChallenge-v0__exp2,NetHackChallenge-v0,option,grammar,0,10000000,5000,0,0.999,primitive,exp2,32,1836228.3352327007,25.0238247073354,24.106651018605955,27.570145772092,median-range,5,10006447
0830-172041__NetHackChallenge-v0__exp2/NetHackChallenge-v0__option__grammar__n32__os0__max_episode_steps5000__discountprimitive__ent_coef0.01__exp2,0830-172041__NetHackChallenge-v0__exp2,NetHackChallenge-v0,option,grammar,0,10000000,5000,0,0.999,primitive,exp2,32,1899563.2071405635,25.47296599641251,24.58953538198346,25.94417196160614,median-range,5,10006447
0830-172041__NetHackChallenge-v0__exp2/NetHackChallenge-v0__option__grammar__n32__os0__max_episode_steps5000__discountprimitive__ent_coef0.01__exp2,0830-172041__NetHackChallenge-v0__exp2,NetHackChallenge-v0,option,grammar,0,10000000,5000,0,0.999,primitive,exp2,32,1965082.6145566928,26.292874321969414,23.226476648216092,32.23855341901179,median-range,5,10006447
0830-172041__NetHackChallenge-v0__exp2/NetHackChallenge-v0__option__grammar__n32__os0__max_episode_steps5000__discountprimitive__ent_coef0.01__exp2,0830-172041__NetHackChallenge-v0__exp2,NetHackChallenge-v0,option,grammar,0,10000000,5000,0,0.999,primitive,exp2,32,2032861.9061040832,26.71809492976913,25.100176108360735,26.881593928291085,median-range,5,10006447
0830-172041__NetHackChallenge-v0__exp2/NetHackChallenge-v0__option__grammar__n32__os0__max_episode_steps5000__discountprimitive__ent_coef0.01__exp2,0830-172041__NetHackChallenge-v0__exp2,NetHackChallenge-v0,option,grammar,0,10000000,5000,0,0.999,primitive,exp2,32,2102979.0293174987,25.613827658417485,22.39,28.765973305216505,median-range,5,10006447
0830-172041__NetHackChallenge-v0__exp2/NetHackChallenge-v0__option__grammar__n32__os0__max_episode_steps5000__discountprimitive__ent_coef0.01__exp2,0830-172041__NetHackChallenge-v0__exp2,NetHackChallenge-v0,option,grammar,0,10000000,5000,0,0.999,primitive,exp2,32,2175514.6202846663,26.48172375314325,22.512807529740744,28.753276323858667,median-range,5,10006447
0830-172041__NetHackChallenge-v0__exp2/NetHackChallenge-v0__option__grammar__n32__os0__max_episode_steps5000__discountprimitive__ent_coef0.01__exp2,0830-172041__NetHackChallenge-v0__exp2,NetHackChallenge-v0,option,grammar,0,10000000,5000,0,0.999,primitive,exp2,32,2250552.096379354,26.13920257011611,20.604031268517282,31.286591314133737,median-range,5,10006447
0830-172041__NetHackChallenge-v0__exp2/NetHackChallenge-v0__option__grammar__n32__os0__max_episode_steps5000__discountprimitive__ent_coef0.01__exp2,0830-172041__NetHackChallenge-v0__exp2,NetHackChallenge-v0,option,grammar,0,10000000,5000,0,0.999,primitive,exp2,32,2328177.7521930663,26.781124357204707,20.958238083919657,28.072818572804767,median-range,5,10006447
0830-172041__NetHackChallenge-v0__exp2/NetHackChallenge-v0__option__grammar__n32__os0__max_episode_steps5000__discountprimitive__ent_coef0.01__exp2,0830-172041__NetHackChallenge-v0__exp2,NetHackChallenge-v0,option,grammar,0,10000000,5000,0,0.999,primitive,exp2,32,2408480.858775514,28.021632038255216,22.06318458912456,29.030591445988183,median-range,5,10006447
0830-172041__NetHackChallenge-v0__exp2/NetHackChallenge-v0__option__grammar__n32__os0__max_episode_steps5000__discountprimitive__ent_coef0.01__exp2,0830-172041__NetHackChallenge-v0__exp2,NetHackChallenge-v0,option,grammar,0,10000000,5000,0,0.999,primitive,exp2,32,2491553.7662980724,25.990370302791387,23.517359515686724,29.763205489906756,median-range,5,10006447
0830-172041__NetHackChallenge-v0__exp2/NetHackChallenge-v0__option__grammar__n32__os0__max_episode_steps5000__discountprimitive__ent_coef0.01__exp2,0830-172041__NetHackChallenge-v0__exp2,NetHackChallenge-v0,option,grammar,0,10000000,5000,0,0.999,primitive,exp2,32,2577492.0102583715,26.308840621232353,22.968348594364034,31.199504376241254,median-range,5,10006447
0830-172041__NetHackChallenge-v0__exp2/NetHackChallenge-v0__option__grammar__n32__os0__max_episode_steps5000__discountprimitive__ent_coef0.01__exp2,0830-172041__NetHackChallenge-v0__exp2,NetHackChallenge-v0,option,grammar,0,10000000,5000,0,0.999,primitive,exp2,32,2666394.4213479906,27.90284494668979,26.581650323787017,33.9596811812636,median-range,5,10006447
0830-172041__NetHackChallenge-v0__exp2/NetHackChallenge-v0__option__grammar__n32__os0__max_episode_steps5000__discountprimitive__ent_coef0.01__exp2,0830-172041__NetHackChallenge-v0__exp2,NetHackChallenge-v0,option,grammar,0,10000000,5000,0,0.999,primitive,exp2,32,2758363.239109712,26.791872699863546,24.280306064005735,33.54725079585249,median-range,5,10006447
0830-172041__NetHackChallenge-v0__exp2/NetHackChallenge-v0__option__grammar__n32__os0__max_episode_steps5000__discountprimitive__ent_coef0.01__exp2,0830-172041__NetHackChallenge-v0__exp2,NetHackChallenge-v0,option,grammar,0,10000000,5000,0,0.999,primitive,exp2,32,2853504.2295150436,28.557961690282593,26.300697552823102,33.04049120226173,median-range,5,10006447
0830-172041__NetHackChallenge-v0__exp2/NetHackChallenge-v0__option__grammar__n32__os0__max_episode_steps5000__discountprimitive__ent_coef0.01__exp2,0830-172041__NetHackChallenge-v0__exp2,NetHackChallenge-v0,option,grammar,0,10000000,5000,0,0.999,primitive,exp2,32,2951926.806597206,25.75333327421843,24.81904342323203,34.555289122375804,median-range,5,10006447
0830-172041__NetHackChallenge-v0__exp2/NetHackChallenge-v0__option__grammar__n32__os0__max_episode_steps5000__discountprimitive__ent_coef0.01__exp2,0830-172041__NetHackChallenge-v0__exp2,NetHackChallenge-v0,option,grammar,0,10000000,5000,0,0.999,primitive,exp2,32,3053744.158279419,25.881323800759503,24.042559022688852,32.1008793712722,median-range,5,10006447
0830-172041__NetHackChallenge-v0__exp2/NetHackChallenge-v0__option__grammar__n32__os0__max_episode_steps5000__discountprimitive__ent_coef0.01__exp2,0830-172041__NetHackChallenge-v0__exp2,NetHackChallenge-v0,option,grammar,0,10000000,5000,0,0.999,primitive,exp2,32,3159073.37654328,29.578978370446638,25.804415265138456,34.207601923637235,median-range,5,10006447
0830-172041__NetHackChallenge-v0__exp2/NetHackChallenge-v0__option__grammar__n32__os0__max_episode_steps5000__discountprimitive__ent_coef0.01__exp2,0830-172041__NetHackChallenge-v0__exp2,NetHackChallenge-v0,option,grammar,0,10000000,5000,0,0.999,primitive,exp2,32,3268035.5920868968,31.391509806778583,21.453110022596604,31.52656256181233,median-range,5,10006447
0830-172041__NetHackChallenge-v0__exp2/NetHackChallenge-v0__option__grammar__n32__os0__max_episode_steps5000__discountprimitive__ent_coef0.01__exp2,0830-172041__NetHackChallenge-v0__exp2,NetHackChallenge-v0,option,grammar,0,10000000,5000,0,0.999,primitive,exp2,32,3380756.1136275595,30.9343520484173,27.23092689527924,31.445671442879142,median-range,5,10006447
0830-172041__NetHackChallenge-v0__exp2/NetHackChallenge-v0__option__grammar__n32__os0__max_episode_steps5000__discountprimitive__ent_coef0.01__exp2,0830-172041__NetHackChallenge-v0__exp2,NetHackChallenge-v0,option,grammar,0,10000000,5000,0,0.999,primitive,exp2,32,3497364.5720092845,26.126098766644006,24.693788593244633,28.262313595942945,median-range,5,10006447
0830-172041__NetHackChallenge-v0__exp2/NetHackChallenge-v0__option__grammar__n32__os0__max_episode_steps5000__discountprimitive__ent_coef0.01__exp2,0830-172041__NetHackChallenge-v0__exp2,NetHackChallenge-v0,option,grammar,0,10000000,5000,0,0.999,primitive,exp2,32,3617995.069280883,27.84,26.35,29.30671684405883,median-range,5,10006447
0830-172041__NetHackChallenge-v0__exp2/NetHackChallenge-v0__option__grammar__n32__os0__max_episode_steps5000__discountprimitive__ent_coef0.01__exp2,0830-172041__NetHackChallenge-v0__exp2,NetHackChallenge-v0,option,grammar,0,10000000,5000,0,0.999,primitive,exp2,32,3742786.332915947,27.938298498962663,24.842215626255726,28.73,median-range,5,10006447
0830-172041__NetHackChallenge-v0__exp2/NetHackChallenge-v0__option__grammar__n32__os0__max_episode_steps5000__discountprimitive__ent_coef0.01__exp2,0830-172041__NetHackChallenge-v0__exp2,NetHackChallenge-v0,option,grammar,0,10000000,5000,0,0.999,primitive,exp2,32,3871881.875352226,29.227819121955886,26.150644406113493,31.45826906292829,median-range,5,10006447
0830-172041__NetHackChallenge-v0__exp2/NetHackChallenge-v0__option__grammar__n32__os0__max_episode_steps5000__discountprimitive__ent_coef0.01__exp2,0830-172041__NetHackChallenge-v0__exp2,NetHackChallenge-v0,option,grammar,0,10000000,5000,0,0.999,primitive,exp2,32,4005430.159033813,27.227016231403468,25.01,30.281464511088178,median-range,5,10006447
0830-172041__NetHackChallenge-v0__exp2/NetHackChallenge-v0__option__grammar__n32__os0__max_episode_steps5000__discountprimitive__ent_coef0.01__exp2,0830-172041__NetHackChallenge-v0__exp2,NetHackChallenge-v0,option,grammar,0,10000000,5000,0,0.999,primitive,exp2,32,4143584.767145862,26.601106207782056,24.021617823154386,32.33936732016852,median-range,5,10006447
0830-172041__NetHackChallenge-v0__exp2/NetHackChallenge-v0__option__grammar__n32__os0__max_episode_steps5000__discountprimitive__ent_coef0.01__exp2,0830-172041__NetHackChallenge-v0__exp2,NetHackChallenge-v0,option,grammar,0,10000000,5000,0,0.999,primitive,exp2,32,4286504.580238332,26.7877101888327,23.431455444906835,29.32542883427275,median-range,5,10006447
0830-172041__NetHackChallenge-v0__exp2/NetHackChallenge-v0__option__grammar__n32__os0__max_episode_steps5000__discountprimitive__ent_coef0.01__exp2,0830-172041__NetHackChallenge-v0__exp2,NetHackChallenge-v0,option,grammar,0,10000000,5000,0,0.999,primitive,exp2,32,4434353.958941812,25.500287045551932,24.410394317182103,26.495318187213208,median-range,5,10006447
0830-172041__NetHackChallenge-v0__exp2/NetHackChallenge-v0__option__grammar__n32__os0__max_episode_steps5000__discountprimitive__ent_coef0.01__exp2,0830-172041__NetHackChallenge-v0__exp2,NetHackChallenge-v0,option,grammar,0,10000000,5000,0,0.999,primitive,exp2,32,4587302.932985462,27.54285526130574,24.399972774765768,30.506896771205824,median-range,5,10006447
0830-172041__NetHackChallenge-v0__exp2/NetHackChallenge-v0__option__grammar__n32__os0__max_episode_steps5000__discountprimitive__ent_coef0.01__exp2,0830-172041__NetHackChallenge-v0__exp2,NetHackChallenge-v0,option,grammar,0,10000000,5000,0,0.999,primitive,exp2,32,4745527.396734618,28.264310901527715,23.989529722264585,30.39345068143241,median-range,5,10006447
0830-172041__NetHackChallenge-v0__exp2/NetHackChallenge-v0__option__grammar__n32__os0__max_episode_steps5000__discountprimitive__ent_coef0.01__exp2,0830-172041__NetHackChallenge-v0__exp2,NetHackChallenge-v0,option,grammar,0,10000000,5000,0,0.999,primitive,exp2,32,4909209.311472836,27.40053878524703,25.308218726483613,30.423344440245913,median-range,5,10006447
0830-172041__NetHackChallenge-v0__exp2/NetHackChallenge-v0__option__grammar__n32__os0__max_episode_steps5000__discountprimitive__ent_coef0.01__exp2,0830-172041__NetHackChallenge-v0__exp2,NetHackChallenge-v0,option,grammar,0,10000000,5000,0,0.999,primitive,exp2,32,5078536.914660942,25.88274285421139,21.61542728724431,28.398116856263602,median-range,5,10006447
0830-172041__NetHackChallenge-v0__exp2/NetHackChallenge-v0__option__grammar__n32__os0__max_episode_steps5000__discountprimitive__ent_coef0.01__exp2,0830-172041__NetHackChallenge-v0__exp2,NetHackChallenge-v0,option,grammar,0,10000000,5000,0,0.999,primitive,exp2,32,5253704.936413881,28.451698714947096,23.365855285842898,32.58463837691315,median-range,5,10006447
0830-172041__NetHackChallenge-v0__exp2/NetHackChallenge-v0__option__grammar__n32__os0__max_episode_steps5000__discountprimitive__ent_coef0.01__exp2,0830-172041__NetHackChallenge-v0__exp2,NetHackChallenge-v0,option,grammar,0,10000000,5000,0,0.999,primitive,exp2,32,5434914.823444261,28.28040482332757,24.03315716206209,29.427444502087795,median-range,5,10006447
0830-172041__NetHackChallenge-v0__exp2/NetHackChallenge-v0__option__grammar__n32__os0__max_episode_steps5000__discountprimitive__ent_coef0.01__exp2,0830-172041__NetHackChallenge-v0__exp2,NetHackChallenge-v0,option,grammar,0,10000000,5000,0,0.999,primitive,exp2,32,5622374.9707300225,30.948265361121862,26.78241995092441,36.66146299613444,median-range,5,10006447
0830-172041__NetHackChallenge-v0__exp2/NetHackChallenge-v0__option__grammar__n32__os0__max_episode_steps5000__discountprimitive__ent_coef0.01__exp2,0830-172041__NetHackChallenge-v0__exp2,NetHackChallenge-v0,option,grammar,0,10000000,5000,0,0.999,primitive,exp2,32,5816300.961172836,27.484896343018548,23.865025397210346,36.86594713744904,median-range,5,10006447
0830-172041__NetHackChallenge-v0__exp2/NetHackChallenge-v0__option__grammar__n32__os0__max_episode_steps5000__discountprimitive__ent_coef0.01__exp2,0830-172041__NetHackChallenge-v0__exp2,NetHackChallenge-v0,option,grammar,0,10000000,5000,0,0.999,primitive,exp2,32,6016915.813522777,28.663065678500168,25.157200891853662,36.0968014158943,median-range,5,10006447
0830-172041__NetHackChallenge-v0__exp2/NetHackChallenge-v0__option__grammar__n32__os0__max_episode_steps5000__discountprimitive__ent_coef0.01__exp2,0830-172041__NetHackChallenge-v0__exp2,NetHackChallenge-v0,option,grammar,0,10000000,5000,0,0.999,primitive,exp2,32,6224450.238854248,29.166305900286094,24.845151286318725,30.83196260510519,median-range,5,10006447
0830-172041__NetHackChallenge-v0__exp2/NetHackChallenge-v0__option__grammar__n32__os0__max_episode_steps5000__discountprimitive__ent_coef0.01__exp2,0830-172041__NetHackChallenge-v0__exp2,NetHackChallenge-v0,option,grammar,0,10000000,5000,0,0.999,primitive,exp2,32,6439142.905888352,32.442925890385254,28.816240392977257,39.075294864773596,median-range,5,10006447
0830-172041__NetHackChallenge-v0__exp2/NetHackChallenge-v0__option__grammar__n32__os0__max_episode_steps5000__discountprimitive__ent_coef0.01__exp2,0830-172041__NetHackChallenge-v0__exp2,NetHackChallenge-v0,option,grammar,0,10000000,5000,0,0.999,primitive,exp2,32,6661240.715466705,30.528000591670743,28.60071390623378,33.215692474654546,median-range,5,10006447
0830-172041__NetHackChallenge-v0__exp2/NetHackChallenge-v0__option__grammar__n32__os0__max_episode_steps5000__discountprimitive__ent_coef0.01__exp2,0830-172041__NetHackChallenge-v0__exp2,NetHackChallenge-v0,option,grammar,0,10000000,5000,0,0.999,primitive,exp2,32,6890999.084492247,28.906344433580315,27.17643890976632,31.177697836906503,median-range,5,10006447
0830-172041__NetHackChallenge-v0__exp2/NetHackChallenge-v0__option__grammar__n32__os0__max_episode_steps5000__discountprimitive__ent_coef0.01__exp2,0830-172041__NetHackChallenge-v0__exp2,NetHackChallenge-v0,option,grammar,0,10000000,5000,0,0.999,primitive,exp2,32,7128682.2396638,30.71844145895559,27.820429754340367,34.571547029966446,median-range,5,10006447
0830-172041__NetHackChallenge-v0__exp2/NetHackChallenge-v0__option__grammar__n32__os0__max_episode_steps5000__discountprimitive__ent_coef0.01__exp2,0830-172041__NetHackChallenge-v0__exp2,NetHackChallenge-v0,option,grammar,0,10000000,5000,0,0.999,primitive,exp2,32,7374563.521342081,29.142958148786974,24.90528606590839,36.2406774559915,median-range,5,10006447
0830-172041__NetHackChallenge-v0__exp2/NetHackChallenge-v0__option__grammar__n32__os0__max_episode_steps5000__discountprimitive__ent_coef0.01__exp2,0830-172041__NetHackChallenge-v0__exp2,NetHackChallenge-v0,option,grammar,0,10000000,5000,0,0.999,primitive,exp2,32,7628925.697896468,30.498334110412067,26.742912033988205,31.661210798181777,median-range,5,10006447
0830-172041__NetHackChallenge-v0__exp2/NetHackChallenge-v0__option__grammar__n32__os0__max_episode_steps5000__discountprimitive__ent_coef0.01__exp2,0830-172041__NetHackChallenge-v0__exp2,NetHackChallenge-v0,option,grammar,0,10000000,5000,0,0.999,primitive,exp2,32,7892061.2908943,28.062588528066637,24.26397637730958,31.075182965644565,median-range,5,10006447
0830-172041__NetHackChallenge-v0__exp2/NetHackChallenge-v0__option__grammar__n32__os0__max_episode_steps5000__discountprimitive__ent_coef0.01__exp2,0830-172041__NetHackChallenge-v0__exp2,NetHackChallenge-v0,option,grammar,0,10000000,5000,0,0.999,primitive,exp2,32,8164272.911506548,28.749499534000435,25.01245200380082,30.248311150557047,median-range,5,10006447
0830-172041__NetHackChallenge-v0__exp2/NetHackChallenge-v0__option__grammar__n32__os0__max_episode_steps5000__discountprimitive__ent_coef0.01__exp2,0830-172041__NetHackChallenge-v0__exp2,NetHackChallenge-v0,option,grammar,0,10000000,5000,0,0.999,primitive,exp2,32,8445873.6085166,29.76785117127677,26.905546344939133,30.496049498448922,median-range,5,10006447
0830-172041__NetHackChallenge-v0__exp2/NetHackChallenge-v0__option__grammar__n32__os0__max_episode_steps5000__discountprimitive__ent_coef0.01__exp2,0830-172041__NetHackChallenge-v0__exp2,NetHackChallenge-v0,option,grammar,0,10000000,5000,0,0.999,primitive,exp2,32,8737187.22833263,29.277179339646178,28.862170856123985,35.99191397544876,median-range,5,10006447
0830-172041__NetHackChallenge-v0__exp2/NetHackChallenge-v0__option__grammar__n32__os0__max_episode_steps5000__discountprimitive__ent_coef0.01__exp2,0830-172041__NetHackChallenge-v0__exp2,NetHackChallenge-v0,option,grammar,0,10000000,5000,0,0.999,primitive,exp2,32,9038548.787417475,27.913295483804767,25.64583625146124,34.981058302400506,median-range,5,10006447
0830-172041__NetHackChallenge-v0__exp2/NetHackChallenge-v0__option__grammar__n32__os0__max_episode_steps5000__discountprimitive__ent_coef0.01__exp2,0830-172041__NetHackChallenge-v0__exp2,NetHackChallenge-v0,option,grammar,0,10000000,5000,0,0.999,primitive,exp2,32,9350304.857564135,29.571419120996588,26.685955946738186,31.673965349455663,median-range,5,10006447
0830-172041__NetHackChallenge-v0__exp2/NetHackChallenge-v0__option__grammar__n32__os0__max_episode_steps5000__discountprimitive__ent_coef0.01__exp2,0830-172041__NetHackChallenge-v0__exp2,NetHackChallenge-v0,option,grammar,0,10000000,5000,0,0.999,primitive,exp2,32,9672813.96446028,28.45772936824421,23.445729179084942,33.62276158623963,median-range,5,10006447
0830-172041__NetHackChallenge-v0__exp2/NetHackChallenge-v0__option__grammar__n32__os0__max_episode_steps5000__discountprimitive__ent_coef0.01__exp2,0830-172041__NetHackChallenge-v0__exp2,NetHackChallenge-v0,option,grammar,0,10000000,5000,0,0.999,primitive,exp2,32,10006447.0,30.385095942120163,26.96,36.516918654785854,median-range,5,10006447
0830-172041__NetHackChallenge-v0__exp2/NetHackChallenge-v0__option__grammar__n64__os0__max_episode_steps5000__discountprimitive__ent_coef0.01__exp2,0830-172041__NetHackChallenge-v0__exp2,NetHackChallenge-v0,option,grammar,0,10000000,5000,0,0.999,primitive,exp2,64,5729.0,6.095658572479764,2.8174180570346707,16.80391418893489,median-range,5,9999821
0830-172041__NetHackChallenge-v0__exp2/NetHackChallenge-v0__option__grammar__n64__os0__max_episode_steps5000__discountprimitive__ent_coef0.01__exp2,0830-172041__NetHackChallenge-v0__exp2,NetHackChallenge-v0,option,grammar,0,10000000,5000,0,0.999,primitive,exp2,64,5947.984722783898,6.417931895193375,3.076540909695774,16.474242043230866,median-range,5,9999821
0830-172041__NetHackChallenge-v0__exp2/NetHackChallenge-v0__option__grammar__n64__os0__max_episode_steps5000__discountprimitive__ent_coef0.01__exp2,0830-172041__NetHackChallenge-v0__exp2,NetHackChallenge-v0,option,grammar,0,10000000,5000,0,0.999,primitive,exp2,64,6175.339895700925,6.7844638484788495,3.3455684483504022,16.298654998796202,median-range,5,9999821
0830-172041__NetHackChallenge-v0__exp2/NetHackChallenge-v0__option__grammar__n64__os0__max_episode_steps5000__discountprimitive__ent_coef0.01__exp2,0830-172041__NetHackChallenge-v0__exp2,NetHackChallenge-v0,option,grammar,0,10000000,5000,0,0.999,primitive,exp2,64,6411.385469999476,7.2610760038064885,3.624879268724975,16.456597838741704,median-range,5,9999821
0830-172041__NetHackChallenge-v0__exp2/NetHackChallenge-v0__option__grammar__n64__os0__max_episode_steps5000__discountprimitive__ent_coef0.01__exp2,0830-172041__NetHackChallenge-v0__exp2,NetHackChallenge-v0,option,grammar,0,10000000,5000,0,0.999,primitive,exp2,64,6656.453626712428,7.755906134471846,3.9148664379510447,16.62057786999828,median-range,5,9999821
0830-172041__NetHackChallenge-v0__exp2/NetHackChallenge-v0__option__grammar__n64__os0__max_episode_steps5000__discountprimitive__ent_coef0.01__exp2,0830-172041__NetHackChallenge-v0__exp2,NetHackChallenge-v0,option,grammar,0,10000000,5000,0,0.999,primitive,exp2,64,6910.889244127244,8.269650602541452,4.215938047718902,16.79082585756256,median-range,5,9999821
0830-172041__NetHackChallenge-v0__exp2/NetHackChallenge-v0__option__grammar__n64__os0__max_episode_steps5000__discountprimitive__ent_coef0.01__exp2,0830-172041__NetHackChallenge-v0__exp2,NetHackChallenge-v0,option,grammar,0,10000000,5000,0,0.999,primitive,exp2,64,7175.050383124524,8.80303238775576,4.528517788574754,16.967581387169304,median-range,5,9999821
0830-172041__NetHackChallenge-v0__exp2/NetHackChallenge-v0__option__grammar__n64__os0__max_episode_steps5000__discountprimitive__ent_coef0.01__exp2,0830-172041__NetHackChallenge-v0__exp2,NetHackChallenge-v0,option,grammar,0,10000000,5000,0,0.999,primitive,exp2,64,7449.308791068139,9.356802104960474,4.853045546169849,17.151093202454426,median-range,5,9999821
0830-172041__NetHackChallenge-v0__exp2/NetHackChallenge-v0__option__grammar__n64__os0__max_episode_steps5000__discountprimitive__ent_coef0.01__exp2,0830-172041__NetHackChallenge-v0__exp2,NetHackChallenge-v0,option,grammar,0,10000000,5000,0,0.999,primitive,exp2,64,7734.050424956025,9.93173906042811,5.189978020300586,17.341619555005703,median-range,5,9999821
0830-172041__NetHackChallenge-v0__exp2/NetHackChallenge-v0__option__grammar__n64__os0__max_episode_steps5000__discountprimitive__ent_coef0.01__exp2,0830-172041__NetHackChallenge-v0__exp2,NetHackChallenge-v0,option,grammar,0,10000000,5000,0,0.999,primitive,exp2,64,8029.675994567768,10.528652348556125,5.539789367610659,17.539428567793756,median-range,5,9999821
0830-172041__NetHackChallenge-v0__exp2/NetHackChallenge-v0__option__grammar__n64__os0__max_episode_steps5000__discountprimitive__ent_coef0.01__exp2,0830-172041__NetHackChallenge-v0__exp2,NetHackChallenge-v0,option,grammar,0,10000000,5000,0,0.999,primitive,exp2,64,8336.601526373472,11.14838199048526,5.902971868859865,17.744798612494794,median-range,5,9999821
0830-172041__NetHackChallenge-v0__exp2/NetHackChallenge-v0__option__grammar__n64__os0__max_episode_steps5000__discountprimitive__ent_coef0.01__exp2,0830-172041__NetHackChallenge-v0__exp2,NetHackChallenge-v0,option,grammar,0,10000000,5000,0,0.999,primitive,exp2,64,8655.258948997438,11.791800116240356,6.280036621698542,17.958018701236156,median-range,5,9999821
0830-172041__NetHackChallenge-v0__exp2/NetHackChallenge-v0__option__grammar__n64__os0__max_episode_steps5000__discountprimitive__ent_coef0.01__exp2,0830-172041__NetHackChallenge-v0__exp2,NetHackChallenge-v0,option,grammar,0,10000000,5000,0,0.999,primitive,exp2,64,8986.096701060449,12.459812192056981,6.667105392990379,19.047373070901443,median-range,5,9999821
0830-172041__NetHackChallenge-v0__exp2/NetHackChallenge-v0__option__grammar__n64__os0__max_episode_steps5000__discountprimitive__ent_coef0.01__exp2,0830-172041__NetHackChallenge-v0__exp2,NetHackChallenge-v0,option,grammar,0,10000000,5000,0,0.999,primitive,exp2,64,9329.580362256296,13.120712955120501,6.703889947613275,22.43798389408875,median-range,5,9999821
0830-172041__NetHackChallenge-v0__exp2/NetHackChallenge-v0__option__grammar__n64__os0__max_episode_steps5000__discountprimitive__ent_coef0.01__exp2,0830-172041__NetHackChallenge-v0__exp2,NetHackChallenge-v0,option,grammar,0,10000000,5000,0,0.999,primitive,exp2,64,9686.193308550366,13.804791167361003,6.74208055137159,22.645800296358022,median-range,5,9999821
0830-172041__NetHackChallenge-v0__exp2/NetHackChallenge-v0__option__grammar__n64__os0__max_episode_steps5000__discountprimitive__ent_coef0.01__exp2,0830-172041__NetHackChallenge-v0__exp2,NetHackChallenge-v0,option,grammar,0,10000000,5000,0,0.999,primitive,exp2,64,10056.43739242263,14.515017516740658,6.781730948946796,23.22887180769498,median-range,5,9999821
0830-172041__NetHackChallenge-v0__exp2/NetHackChallenge-v0__option__grammar__n64__os0__max_episode_steps5000__discountprimitive__ent_coef0.01__exp2,0830-172041__NetHackChallenge-v0__exp2,NetHackChallenge-v0,option,grammar,0,10000000,5000,0,0.999,primitive,exp2,64,10440.833649111966,15.654714226633736,6.822896939351689,24.730592217603913,median-range,5,9999821
0830-172041__NetHackChallenge-v0__exp2/NetHackChallenge-v0__option__grammar__n64__os0__max_episode_steps5000__discountprimitive__ent_coef0.01__exp2,0830-172041__NetHackChallenge-v0__exp2,NetHackChallenge-v0,option,grammar,0,10000000,5000,0,0.999,primitive,exp2,64,10839.923029856163,17.1011039708664,6.865636454454947,26.289714238206315,median-range,5,9999821
0830-172041__NetHackChallenge-v0__exp2/NetHackChallenge-v0__option__grammar__n64__os0__max_episode_steps5000__discountprimitive__ent_coef0.01__exp2,0830-172041__NetHackChallenge-v0__exp2,NetHackChallenge-v0,option,grammar,0,10000000,5000,0,0.999,primitive,exp2,64,11254.267163158966,17.34891062842729,6.9100096405072025,27.908431982925983,median-range,5,9999821
0830-172041__NetHackChallenge-v0__exp2/NetHackChallenge-v0__option__grammar__n64__os0__max_episode_steps5000__discountprimitive__ent_coef0.01__exp2,0830-172041__NetHackChallenge-v0__exp2,NetHackChallenge-v0,option,grammar,0,10000000,5000,0,0.999,primitive,exp2,64,11684.449145155884,17.368041944127096,6.956078942783355,29.2161983979313,median-range,5,9999821
0830-172041__NetHackChallenge-v0__exp2/NetHackChallenge-v0__option__grammar__n64__os0__max_episode_steps5000__discountprimitive__ent_coef0.01__exp2,0830-172041__NetHackChallenge-v0__exp2,NetHackChallenge-v0,option,grammar,0,10000000,5000,0,0.999,primitive,exp2,64,12131.074360190694,17.387904533324026,7.003909193460236,28.41686915402113,median-range,5,9999821
0830-172041__NetHackChallenge-v0__exp2/NetHackChallenge-v0__option__grammar__n64__os0__max_episode_steps5000__discountprimitive__ent_coef0.01__exp2,0830-172041__NetHackChallenge-v0__exp2,NetHackChallenge-v0,option,grammar,0,10000000,5000,0,0.999,primitive,exp2,64,12594.77133275783,17.40852634814306,7.053567702853326,27.586986429068762,median-range,5,9999821
0830-172041__NetHackChallenge-v0__exp2/NetHackChallenge-v0__option__grammar__n64__os0__max_episode_steps5000__discountprimitive__ent_coef0.01__exp2,0830-172041__NetHackChallenge-v0__exp2,NetHackChallenge-v0,option,grammar,0,10000000,5000,0,0.999,primitive,exp2,64,13076.192612009116,17.42993640914842,7.1051243541408695,26.72538234987183,median-range,5,9999821
0830-172041__NetHackChallenge-v0__exp2/NetHackChallenge-v0__option__grammar__n64__os0__max_episode_steps5000__discountprimitive__ent_coef0.01__exp2,0830-172041__NetHackChallenge-v0__exp2,NetHackChallenge-v0,option,grammar,0,10000000,5000,0,0.999,primitive,exp2,64,13576.015690069784,17.45216484618346,7.158651701708716,25.83084440255967,median-range,5,9999821
0830-172041__NetHackChallenge-v0__exp2/NetHackChallenge-v0__option__grammar__n64__os0__max_episode_steps5000__discountprimitive__ent_coef0.01__exp2,0830-172041__NetHackChallenge-v0__exp2,NetHackChallenge-v0,option,grammar,0,10000000,5000,0,0.999,primitive,exp2,64,14094.943955456358,17.47524294077166,7.2142250732543065,24.9021137262526,median-range,5,9999821
0830-172041__NetHackChallenge-v0__exp2/NetHackChallenge-v0__option__grammar__n64__os0__max_episode_steps5000__discountprimitive__ent_coef0.01__exp2,0830-172041__NetHackChallenge-v0__exp2,NetHackChallenge-v0,option,grammar,0,10000000,5000,0,0.999,primitive,exp2,64,14633.707682937638,17.499203170138315,7.128349942516567,23.911760128124648,median-range,5,9999821
0830-172041__NetHackChallenge-v0__exp2/NetHackChallenge-v0__option__grammar__n64__os0__max_episode_steps5000__discountprimitive__ent_coef0.01__exp2,0830-172041__NetHackChallenge-v0__exp2,NetHackChallenge-v0,option,grammar,0,10000000,5000,0,0.999,primitive,exp2,64,15193.065061232031,16.82980369767419,6.795944943120309,22.489665098562632,median-range,5,9999821
0830-172041__NetHackChallenge-v0__exp2/NetHackChallenge-v0__option__grammar__n64__os0__max_episode_steps5000__discountprimitive__ent_coef0.01__exp2,0830-172041__NetHackChallenge-v0__exp2,NetHackChallenge-v0,option,grammar,0,10000000,5000,0,0.999,primitive,exp2,64,15773.80325998775,16.834225972667088,6.450834128285968,21.013212050878604,median-range,5,9999821
0830-172041__NetHackChallenge-v0__exp2/NetHackChallenge-v0__option__grammar__n64__os0__max_episode_steps5000__discountprimitive__ent_coef0.01__exp2,0830-172041__NetHackChallenge-v0__exp2,NetHackChallenge-v0,option,grammar,0,10000000,5000,0,0.999,primitive,exp2,64,16376.739537546877,17.017312212919688,6.092531832195504,19.202673211843585,median-range,5,9999821
0830-172041__NetHackChallenge-v0__exp2/NetHackChallenge-v0__option__grammar__n64__os0__max_episode_steps5000__discountprimitive__ent_coef0.01__exp2,0830-172041__NetHackChallenge-v0__exp2,NetHackChallenge-v0,option,grammar,0,10000000,5000,0,0.999,primitive,exp2,64,17002.72239105249,17.207396723300963,5.958159083203847,19.321662484167206,median-range,5,9999821
0830-172041__NetHackChallenge-v0__exp2/NetHackChallenge-v0__option__grammar__n64__os0__max_episode_steps5000__discountprimitive__ent_coef0.01__exp2,0830-172041__NetHackChallenge-v0__exp2,NetHackChallenge-v0,option,grammar,0,10000000,5000,0,0.999,primitive,exp2,64,17652.632750517685,17.597947165646012,6.726835337110705,20.27244934608688,median-range,5,9999821
0830-172041__NetHackChallenge-v0__exp2/NetHackChallenge-v0__option__grammar__n64__os0__max_episode_steps5000__discountprimitive__ent_coef0.01__exp2,0830-172041__NetHackChallenge-v0__exp2,NetHackChallenge-v0,option,grammar,0,10000000,5000,0,0.999,primitive,exp2,64,18327.385218536176,17.663470652236914,7.524893395236855,22.13509792313409,median-range,5,9999821
0830-172041__NetHackChallenge-v0__exp2/NetHackChallenge-v0__option__grammar__n64__os0__max_episode_steps5000__discountprimitive__ent_coef0.01__exp2,0830-172041__NetHackChallenge-v0__exp2,NetHackChallenge-v0,option,grammar,0,10000000,5000,0,0.999,primitive,exp2,64,19027.929357379766,17.694625678813463,7.5195585578016235,23.68809298612779,median-range,5,9999821
0830-172041__NetHackChallenge-v0__exp2/NetHackChallenge-v0__option__grammar__n64__os0__max_episode_steps5000__discountprimitive__ent_coef0.01__exp2,0830-172041__NetHackChallenge-v0__exp2,NetHackChallenge-v0,option,grammar,0,10000000,5000,0,0.999,primitive,exp2,64,19755.251025293408,21.041470610347968,9.140718050298245,28.337966658721964,median-range,5,9999821
0830-172041__NetHackChallenge-v0__exp2/NetHackChallenge-v0__option__grammar__n64__os0__max_episode_steps5000__discountprimitive__ent_coef0.01__exp2,0830-172041__NetHackChallenge-v0__exp2,NetHackChallenge-v0,option,grammar,0,10000000,5000,0,0.999,primitive,exp2,64,20510.373763869084,21.48655647424081,11.2306149246337,34.18476399333225,median-range,5,9999821
0830-172041__NetHackChallenge-v0__exp2/NetHackChallenge-v0__option__grammar__n64__os0__max_episode_steps5000__discountprimitive__ent_coef0.01__exp2,0830-172041__NetHackChallenge-v0__exp2,NetHackChallenge-v0,option,grammar,0,10000000,5000,0,0.999,primitive,exp2,64,21294.360238450183,21.92484003690037,13.400395807988879,33.68168276531062,median-range,5,9999821
0830-172041__NetHackChallenge-v0__exp2/NetHackChallenge-v0__option__grammar__n64__os0__max_episode_steps5000__discountprimitive__ent_coef0.01__exp2,0830-172041__NetHackChallenge-v0__exp2,NetHackChallenge-v0,option,grammar,0,10000000,5000,0,0.999,primitive,exp2,64,22108.313733593717,21.247815869755957,15.868475359997365,33.12775439193785,median-range,5,9999821
0830-172041__NetHackChallenge-v0__exp2/NetHackChallenge-v0__option__grammar__n64__os0__max_episode_steps5000__discountprimitive__ent_coef0.01__exp2,0830-172041__NetHackChallenge-v0__exp2,NetHackChallenge-v0,option,grammar,0,10000000,5000,0,0.999,primitive,exp2,64,22953.379705695355,22.801722949127868,16.311696618773265,32.16347221267337,median-range,5,9999821
0830-172041__NetHackChallenge-v0__exp2/NetHackChallenge-v0__option__grammar__n64__os0__max_episode_steps5000__discountprimitive__ent_coef0.01__exp2,0830-172041__NetHackChallenge-v0__exp2,NetHackChallenge-v0,option,grammar,0,10000000,5000,0,0.999,primitive,exp2,64,23830.747394961432,26.582395375453178,18.11382119923611,30.973860651045886,median-range,5,9999821
0830-172041__NetHackChallenge-v0__exp2/NetHackChallenge-v0__option__grammar__n64__os0__max_episode_steps5000__discountprimitive__ent_coef0.01__exp2,0830-172041__NetHackChallenge-v0__exp2,NetHackChallenge-v0,option,grammar,0,10000000,5000,0,0.999,primitive,exp2,64,24741.651498996787,26.366763121488972,19.60060334502668,33.08523480722718,median-range,5,9999821
0830-172041__NetHackChallenge-v0__exp2/NetHackChallenge-v0__option__grammar__n64__os0__max_episode_steps5000__discountprimitive__ent_coef0.01__exp2,0830-172041__NetHackChallenge-v0__exp2,NetHackChallenge-v0,option,grammar,0,10000000,5000,0,0.999,primitive,exp2,64,25687.373910364116,26.181958291459495,20.843153721467328,36.60724818159153,median-range,5,9999821
0830-172041__NetHackChallenge-v0__exp2/NetHackChallenge-v0__option__grammar__n64__os0__max_episode_steps5000__discountprimitive__ent_coef0.01__exp2,0830-172041__NetHackChallenge-v0__exp2,NetHackChallenge-v0,option,grammar,0,10000000,5000,0,0.999,primitive,exp2,64,26669.245520559183,24.557893694240505,20.544818295267376,34.98095980031605,median-range,5,9999821
0830-172041__NetHackChallenge-v0__exp2/NetHackChallenge-v0__option__grammar__n64__os0__max_episode_steps5000__discountprimitive__ent_coef0.01__exp2,0830-172041__NetHackChallenge-v0__exp2,NetHackChallenge-v0,option,grammar,0,10000000,5000,0,0.999,primitive,exp2,64,27688.648092940955,25.742012986059077,20.018686197273574,33.53488101200225,median-range,5,9999821
0830-172041__NetHackChallenge-v0__exp2/NetHackChallenge-v0__option__grammar__n64__os0__max_episode_steps5000__discountprimitive__ent_coef0.01__exp2,0830-172041__NetHackChallenge-v0__exp2,NetHackChallenge-v0,option,grammar,0,10000000,5000,0,0.999,primitive,exp2,64,28747.016207252942,24.973643938471664,18.372621476174597,31.766920100538815,median-range,5,9999821
0830-172041__NetHackChallenge-v0__exp2/NetHackChallenge-v0__option__grammar__n64__os0__max_episode_steps5000__discountprimitive__ent_coef0.01__exp2,0830-172041__NetHackChallenge-v0__exp2,NetHackChallenge-v0,option,grammar,0,10000000,5000,0,0.999,primitive,exp2,64,29845.83927847118,26.04631330704217,19.76670302180369,30.57578397997704,median-range,5,9999821
0830-172041__NetHackChallenge-v0__exp2/NetHackChallenge-v0__option__grammar__n64__os0__max_episode_steps5000__discountprimitive__ent_coef0.01__exp2,0830-172041__NetHackChallenge-v0__exp2,NetHackChallenge-v0,option,grammar,0,10000000,5000,0,0.999,primitive,exp2,64,30986.663652820793,26.05581604520313,20.15906891530008,31.407588377242696,median-range,5,9999821
0830-172041__NetHackChallenge-v0__exp2/NetHackChallenge-v0__option__grammar__n64__os0__max_episode_steps5000__discountprimitive__ent_coef0.01__exp2,0830-172041__NetHackChallenge-v0__exp2,NetHackChallenge-v0,option,grammar,0,10000000,5000,0,0.999,primitive,exp2,64,32171.094783910095,26.065682015076753,20.566432563451208,33.13098007501214,median-range,5,9999821
0830-172041__NetHackChallenge-v0__exp2/NetHackChallenge-v0__option__grammar__n64__os0__max_episode_steps5000__discountprimitive__ent_coef0.01__exp2,0830-172041__NetHackChallenge-v0__exp2,NetHackChallenge-v0,option,grammar,0,10000000,5000,0,0.999,primitive,exp2,64,33400.799492045684,25.946593832935523,22.24963879416228,33.37655687552401,median-range,5,9999821
0830-172041__NetHackChallenge-v0__exp2/NetHackChallenge-v0__option__grammar__n64__os0__max_episode_steps5000__discountprimitive__ent_coef0.01__exp2,0830-172041__NetHackChallenge-v0__exp2,NetHackChallenge-v0,option,grammar,0,10000000,5000,0,0.999,primitive,exp2,64,34677.50830990681,26.628501114776093,22.261776219982846,32.44186073245143,median-range,5,9999821
0830-172041__NetHackChallenge-v0__exp2/NetHackChallenge-v0__option__grammar__n64__os0__max_episode_steps5000__discountprimitive__ent_coef0.01__exp2,0830-172041__NetHackChallenge-v0__exp2,NetHackChallenge-v0,option,grammar,0,10000000,5000,0,0.999,primitive,exp2,64,36003.01791788045,26.435647164027362,23.212244825511533,30.50573349305383,median-range,5,9999821
0830-172041__NetHackChallenge-v0__exp2/NetHackChallenge-v0__option__grammar__n64__os0__max_episode_steps5000__discountprimitive__ent_coef0.01__exp2,0830-172041__NetHackChallenge-v0__exp2,NetHackChallenge-v0,option,grammar,0,10000000,5000,0,0.999,primitive,exp2,64,37379.19367248518,26.667274638733932,22.559194559439888,30.34896593650247,median-range,5,9999821
0830-172041__NetHackChallenge-v0__exp2/NetHackChallenge-v0__option__grammar__n64__os0__max_episode_steps5000__discountprimitive__ent_coef0.01__exp2,0830-172041__NetHackChallenge-v0__exp2,NetHackChallenge-v0,option,grammar,0,10000000,5000,0,0.999,primitive,exp2,64,38807.972231440406,26.90775581885816,23.020655250769984,29.22790906699369,median-range,5,9999821
0830-172041__NetHackChallenge-v0__exp2/NetHackChallenge-v0__option__grammar__n64__os0__max_episode_steps5000__discountprimitive__ent_coef0.01__exp2,0830-172041__NetHackChallenge-v0__exp2,NetHackChallenge-v0,option,grammar,0,10000000,5000,0,0.999,primitive,exp2,64,40291.36427907653,26.85054431689627,23.952267428427476,29.976317272022772,median-range,5,9999821
0830-172041__NetHackChallenge-v0__exp2/NetHackChallenge-v0__option__grammar__n64__os0__max_episode_steps5000__discountprimitive__ent_coef0.01__exp2,0830-172041__NetHackChallenge-v0__exp2,NetHackChallenge-v0,option,grammar,0,10000000,5000,0,0.999,primitive,exp2,64,41831.45735592036,27.77460501721557,23.86144403820355,31.3464827634345,median-range,5,9999821
0830-172041__NetHackChallenge-v0__exp2/NetHackChallenge-v0__option__grammar__n64__os0__max_episode_steps5000__discountprimitive__ent_coef0.01__exp2,0830-172041__NetHackChallenge-v0__exp2,NetHackChallenge-v0,option,grammar,0,10000000,5000,0,0.999,primitive,exp2,64,43430.41879643928,28.49536798620169,23.93804779325179,30.819896523539175,median-range,5,9999821
0830-172041__NetHackChallenge-v0__exp2/NetHackChallenge-v0__option__grammar__n64__os0__max_episode_steps5000__discountprimitive__ent_coef0.01__exp2,0830-172041__NetHackChallenge-v0__exp2,NetHackChallenge-v0,option,grammar,0,10000000,5000,0,0.999,primitive,exp2,64,45090.49877907613,29.093427118190462,24.249348223679036,31.349281938364527,median-range,5,9999821
0830-172041__NetHackChallenge-v0__exp2/NetHackChallenge-v0__option__grammar__n64__os0__max_episode_steps5000__discountprimitive__ent_coef0.01__exp2,0830-172041__NetHackChallenge-v0__exp2,NetHackChallenge-v0,option,grammar,0,10000000,5000,0,0.999,primitive,exp2,64,46814.03349286969,29.714346402601457,24.107419492966887,31.931703224320806,median-range,5,9999821
0830-172041__NetHackChallenge-v0__exp2/NetHackChallenge-v0__option__grammar__n64__os0__max_episode_steps5000__discountprimitive__ent_coef0.01__exp2,0830-172041__NetHackChallenge-v0__exp2,NetHackChallenge-v0,option,grammar,0,10000000,5000,0,0.999,primitive,exp2,64,48603.44842511473,29.205361756205946,24.79617993188588,31.867675373834416,median-range,5,9999821
0830-172041__NetHackChallenge-v0__exp2/NetHackChallenge-v0__option__grammar__n64__os0__max_episode_steps5000__discountprimitive__ent_coef0.01__exp2,0830-172041__NetHackChallenge-v0__exp2,NetHackChallenge-v0,option,grammar,0,10000000,5000,0,0.999,primitive,exp2,64,50461.26177468978,28.769323404739197,24.90190763163486,31.807948564907967,median-range,5,9999821
0830-172041__NetHackChallenge-v0__exp2/NetHackChallenge-v0__option__grammar__n64__os0__max_episode_steps5000__discountprimitive__ent_coef0.01__exp2,0830-172041__NetHackChallenge-v0__exp2,NetHackChallenge-v0,option,grammar,0,10000000,5000,0,0.999,primitive,exp2,64,52390.08799585504,28.362135490272504,25.53470625312228,31.161102424354656,median-range,5,9999821
0830-172041__NetHackChallenge-v0__exp2/NetHackChallenge-v0__option__grammar__n64__os0__max_episode_steps5000__discountprimitive__ent_coef0.01__exp2,0830-172041__NetHackChallenge-v0__exp2,NetHackChallenge-v0,option,grammar,0,10000000,5000,0,0.999,primitive,exp2,64,54392.64147750907,27.70808573878975,25.06749685209494,31.752576677342297,median-range,5,9999821
0830-172041__NetHackChallenge-v0__exp2/NetHackChallenge-v0__option__grammar__n64__os0__max_episode_steps5000__discountprimitive__ent_coef0.01__exp2,0830-172041__NetHackChallenge-v0__exp2,NetHackChallenge-v0,option,grammar,0,10000000,5000,0,0.999,primitive,exp2,64,56471.74036308012,27.139528957829267,24.88962882050722,33.376267067722054,median-range,5,9999821
0830-172041__NetHackChallenge-v0__exp2/NetHackChallenge-v0__option__grammar__n64__os0__max_episode_steps5000__discountprimitive__ent_coef0.01__exp2,0830-172041__NetHackChallenge-v0__exp2,NetHackChallenge-v0,option,grammar,0,10000000,5000,0,0.999,primitive,exp2,64,58630.31051642851,26.46036130581844,24.399961112908546,32.79218103717576,median-range,5,9999821
0830-172041__NetHackChallenge-v0__exp2/NetHackChallenge-v0__option__grammar__n64__os0__max_episode_steps5000__discountprimitive__ent_coef0.01__exp2,0830-172041__NetHackChallenge-v0__exp2,NetHackChallenge-v0,option,grammar,0,10000000,5000,0,0.999,primitive,exp2,64,60871.38963934237,27.60142504034625,24.718557773265854,31.691041896747965,median-range,5,9999821
0830-172041__NetHackChallenge-v0__exp2/NetHackChallenge-v0__option__grammar__n64__os0__max_episode_steps5000__discountprimitive__ent_coef0.01__exp2,0830-172041__NetHackChallenge-v0__exp2,NetHackChallenge-v0,option,grammar,0,10000000,5000,0,0.999,primitive,exp2,64,63198.13154641892,27.588184711443894,24.224767818880817,31.966492463080954,median-range,5,9999821
0830-172041__NetHackChallenge-v0__exp2/NetHackChallenge-v0__option__grammar__n64__os0__max_episode_steps5000__discountprimitive__ent_coef0.01__exp2,0830-172041__NetHackChallenge-v0__exp2,NetHackChallenge-v0,option,grammar,0,10000000,5000,0,0.999,primitive,exp2,64,65613.81060334912,27.687991580561032,24.53264320391398,30.905958122171825,median-range,5,9999821
0830-172041__NetHackChallenge-v0__exp2/NetHackChallenge-v0__option__grammar__n64__os0__max_episode_steps5000__discountprimitive__ent_coef0.01__exp2,0830-172041__NetHackChallenge-v0__exp2,NetHackChallenge-v0,option,grammar,0,10000000,5000,0,0.999,primitive,exp2,64,68121.8263348501,26.921816768388805,24.638245308794886,31.143210527142713,median-range,5,9999821
0830-172041__NetHackChallenge-v0__exp2/NetHackChallenge-v0__option__grammar__n64__os0__max_episode_steps5000__discountprimitive__ent_coef0.01__exp2,0830-172041__NetHackChallenge-v0__exp2,NetHackChallenge-v0,option,grammar,0,10000000,5000,0,0.999,primitive,exp2,64,70725.70820873216,26.868908835372228,24.398845797563535,31.59935443436121,median-range,5,9999821
0830-172041__NetHackChallenge-v0__exp2/NetHackChallenge-v0__option__grammar__n64__os0__max_episode_steps5000__discountprimitive__ent_coef0.01__exp2,0830-172041__NetHackChallenge-v0__exp2,NetHackChallenge-v0,option,grammar,0,10000000,5000,0,0.999,primitive,exp2,64,73429.12060282948,26.30822255107709,24.262368839524086,30.8609676498786,median-range,5,9999821
0830-172041__NetHackChallenge-v0__exp2/NetHackChallenge-v0__option__grammar__n64__os0__max_episode_steps5000__discountprimitive__ent_coef0.01__exp2,0830-172041__NetHackChallenge-v0__exp2,NetHackChallenge-v0,option,grammar,0,10000000,5000,0,0.999,primitive,exp2,64,76235.86796178836,25.70275564446514,25.131773341512602,30.77086792734325,median-range,5,9999821
0830-172041__NetHackChallenge-v0__exp2/NetHackChallenge-v0__option__grammar__n64__os0__max_episode_steps5000__discountprimitive__ent_coef0.01__exp2,0830-172041__NetHackChallenge-v0__exp2,NetHackChallenge-v0,option,grammar,0,10000000,5000,0,0.999,primitive,exp2,64,79149.9001509665,25.374832691849686,24.68126634876595,29.808285684742675,median-range,5,9999821
0830-172041__NetHackChallenge-v0__exp2/NetHackChallenge-v0__option__grammar__n64__os0__max_episode_steps5000__discountprimitive__ent_coef0.01__exp2,0830-172041__NetHackChallenge-v0__exp2,NetHackChallenge-v0,option,grammar,0,10000000,5000,0,0.999,primitive,exp2,64,82175.31801497993,25.038536148832637,24.510076486874794,29.20001627922998,median-range,5,9999821
0830-172041__NetHackChallenge-v0__exp2/NetHackChallenge-v0__option__grammar__n64__os0__max_episode_steps5000__discountprimitive__ent_coef0.01__exp2,0830-172041__NetHackChallenge-v0__exp2,NetHackChallenge-v0,option,grammar,0,10000000,5000,0,0.999,primitive,exp2,64,85316.37914871852,25.07926237416518,24.075608734623543,29.217994734298838,median-range,5,9999821
0830-172041__NetHackChallenge-v0__exp2/NetHackChallenge-v0__option__grammar__n64__os0__max_episode_steps5000__discountprimitive__ent_coef0.01__exp2,0830-172041__NetHackChallenge-v0__exp2,NetHackChallenge-v0,option,grammar,0,10000000,5000,0,0.999,primitive,exp2,64,88577.50388895371,24.29498583792273,23.853028533156312,28.949602480995882,median-range,5,9999821
0830-172041__NetHackChallenge-v0__exp2/NetHackChallenge-v0__option__grammar__n64__os0__max_episode_steps5000__discountprimitive__ent_coef0.01__exp2,0830-172041__NetHackChallenge-v0__exp2,NetHackChallenge-v0,option,grammar,0,10000000,5000,0,0.999,primitive,exp2,64,91963.28153496743,23.882793483862468,23.109517054576248,28.663552816519584,median-range,5,9999821
0830-172041__NetHackChallenge-v0__exp2/NetHackChallenge-v0__option__grammar__n64__os0__max_episode_steps5000__discountprimitive__ent_coef0.01__exp2,0830-172041__NetHackChallenge-v0__exp2,NetHackChallenge-v0,option,grammar,0,10000000,5000,0,0.999,primitive,exp2,64,95478.47680695761,24.79568515889082,21.974416890803834,29.57282730103725,median-range,5,9999821
0830-172041__NetHackChallenge-v0__exp2/NetHackChallenge-v0__option__grammar__n64__os0__max_episode_steps5000__discountprimitive__ent_coef0.01__exp2,0830-172041__NetHackChallenge-v0__exp2,NetHackChallenge-v0,option,grammar,0,10000000,5000,0,0.999,primitive,exp2,64,99128.03655131084,24.569496784150562,21.545048973659945,29.14529634766622,median-range,5,9999821
0830-172041__NetHackChallenge-v0__exp2/NetHackChallenge-v0__option__grammar__n64__os0__max_episode_steps5000__discountprimitive__ent_coef0.01__exp2,0830-172041__NetHackChallenge-v0__exp2,NetHackChallenge-v0,option,grammar,0,10000000,5000,0,0.999,primitive,exp2,64,102917.0967021749,24.509893187708535,22.758919626970776,29.009464216670647,median-range,5,9999821
0830-172041__NetHackChallenge-v0__exp2/NetHackChallenge-v0__option__grammar__n64__os0__max_episode_steps5000__discountprimitive__ent_coef0.01__exp2,0830-172041__NetHackChallenge-v0__exp2,NetHackChallenge-v0,option,grammar,0,10000000,5000,0,0.999,primitive,exp2,64,106850.98950913071,26.042098546354264,22.94266320971457,29.125453444584526,median-range,5,9999821
0830-172041__NetHackChallenge-v0__exp2/NetHackChallenge-v0__option__grammar__n64__os0__max_episode_steps5000__discountprimitive__ent_coef0.01__exp2,0830-172041__NetHackChallenge-v0__exp2,NetHackChallenge-v0,option,grammar,0,10000000,5000,0,0.999,primitive,exp2,64,110935.25104113304,26.1070933275108,23.538800786118493,28.238966910303933,median-range,5,9999821
0830-172041__NetHackChallenge-v0__exp2/NetHackChallenge-v0__option__grammar__n64__os0__max_episode_steps5000__discountprimitive__ent_coef0.01__exp2,0830-172041__NetHackChallenge-v0__exp2,NetHackChallenge-v0,option,grammar,0,10000000,5000,0,0.999,primitive,exp2,64,115175.62897728336,26.661651031159487,24.294488470562353,28.37605567298944,median-range,5,9999821
0830-172041__NetHackChallenge-v0__exp2/NetHackChallenge-v0__option__grammar__n64__os0__max_episode_steps5000__discountprimitive__ent_coef0.01__exp2,0830-172041__NetHackChallenge-v0__exp2,NetHackChallenge-v0,option,grammar,0,10000000,5000,0,0.999,primitive,exp2,64,119578.09069539308,26.651539797586274,24.421470457185976,28.914052176334135,median-range,5,9999821
0830-172041__NetHackChallenge-v0__exp2/NetHackChallenge-v0__option__grammar__n64__os0__max_episode_steps5000__discountprimitive__ent_coef0.01__exp2,0830-172041__NetHackChallenge-v0__exp2,NetHackChallenge-v0,option,grammar,0,10000000,5000,0,0.999,primitive,exp2,64,124148.83166972674,27.050943889223973,24.197050708429895,30.63798670592309,median-range,5,9999821
0830-172041__NetHackChallenge-v0__exp2/NetHackChallenge-v0__option__grammar__n64__os0__max_episode_steps5000__discountprimitive__ent_coef0.01__exp2,0830-172041__NetHackChallenge-v0__exp2,NetHackChallenge-v0,option,grammar,0,10000000,5000,0,0.999,primitive,exp2,64,128894.28418973705,26.68248905950628,24.426575708245526,30.4201153012178,median-range,5,9999821
0830-172041__NetHackChallenge-v0__exp2/NetHackChallenge-v0__option__grammar__n64__os0__max_episode_steps5000__discountprimitive__ent_coef0.01__exp2,0830-172041__NetHackChallenge-v0__exp2,NetHackChallenge-v0,option,grammar,0,10000000,5000,0,0.999,primitive,exp2,64,133821.12641206512,26.85727220019114,25.327312879751325,29.871348861970237,median-range,5,9999821
0830-172041__NetHackChallenge-v0__exp2/NetHackChallenge-v0__option__grammar__n64__os0__max_episode_steps5000__discountprimitive__ent_coef0.01__exp2,0830-172041__NetHackChallenge-v0__exp2,NetHackChallenge-v0,option,grammar,0,10000000,5000,0,0.999,primitive,exp2,64,138936.29175854367,27.27189872442374,25.29,30.78873893739171,median-range,5,9999821
0830-172041__NetHackChallenge-v0__exp2/NetHackChallenge-v0__option__grammar__n64__os0__max_episode_steps5000__discountprimitive__ent_coef0.01__exp2,0830-172041__NetHackChallenge-v0__exp2,NetHackChallenge-v0,option,grammar,0,10000000,5000,0,0.999,primitive,exp2,64,144246.978673427,26.655223572919713,23.579361768764016,30.762690450718623,median-range,5,9999821
0830-172041__NetHackChallenge-v0__exp2/NetHackChallenge-v0__option__grammar__n64__os0__max_episode_steps5000__discountprimitive__ent_coef0.01__exp2,0830-172041__NetHackChallenge-v0__exp2,NetHackChallenge-v0,option,grammar,0,10000000,5000,0,0.999,primitive,exp2,64,149760.66075358336,27.86423443129609,23.97767533892568,30.27,median-range,5,9999821
0830-172041__NetHackChallenge-v0__exp2/NetHackChallenge-v0__option__grammar__n64__os0__max_episode_steps5000__discountprimitive__ent_coef0.01__exp2,0830-172041__NetHackChallenge-v0__exp2,NetHackChallenge-v0,option,grammar,0,10000000,5000,0,0.999,primitive,exp2,64,155485.0972658989,27.4030652142814,23.47549135854945,31.205492948934676,median-range,5,9999821
0830-172041__NetHackChallenge-v0__exp2/NetHackChallenge-v0__option__grammar__n64__os0__max_episode_steps5000__discountprimitive__ent_coef0.01__exp2,0830-172041__NetHackChallenge-v0__exp2,NetHackChallenge-v0,option,grammar,0,10000000,5000,0,0.999,primitive,exp2,64,161428.34406670165,27.30050571823336,23.535533180469375,31.36174023507344,median-range,5,9999821
0830-172041__NetHackChallenge-v0__exp2/NetHackChallenge-v0__option__grammar__n64__os0__max_episode_steps5000__discountprimitive__ent_coef0.01__exp2,0830-172041__NetHackChallenge-v0__exp2,NetHackChallenge-v0,option,grammar,0,10000000,5000,0,0.999,primitive,exp2,64,167598.76493856573,28.56238220633147,24.207097743532593,31.134731040376575,median-range,5,9999821
0830-172041__NetHackChallenge-v0__exp2/NetHackChallenge-v0__option__grammar__n64__os0__max_episode_steps5000__discountprimitive__ent_coef0.01__exp2,0830-172041__NetHackChallenge-v0__exp2,NetHackChallenge-v0,option,grammar,0,10000000,5000,0,0.999,primitive,exp2,64,174005.0433604537,28.14002822186811,22.846802823587854,31.908102051252197,median-range,5,9999821
0830-172041__NetHackChallenge-v0__exp2/NetHackChallenge-v0__option__grammar__n64__os0__max_episode_steps5000__discountprimitive__ent_coef0.01__exp2,0830-172041__NetHackChallenge-v0__exp2,NetHackChallenge-v0,option,grammar,0,10000000,5000,0,0.999,primitive,exp2,64,180656.19472775827,26.61226759418734,22.896353300672022,31.026637545275353,median-range,5,9999821
0830-172041__NetHackChallenge-v0__exp2/NetHackChallenge-v0__option__grammar__n64__os0__max_episode_steps5000__discountprimitive__ent_coef0.01__exp2,0830-172041__NetHackChallenge-v0__exp2,NetHackChallenge-v0,option,grammar,0,10000000,5000,0,0.999,primitive,exp2,64,187561.57903944454,26.883467033908108,21.960241992651042,29.948524930719206,median-range,5,9999821
0830-172041__NetHackChallenge-v0__exp2/NetHackChallenge-v0__option__grammar__n64__os0__max_episode_steps5000__discountprimitive__ent_coef0.01__exp2,0830-172041__NetHackChallenge-v0__exp2,NetHackChallenge-v0,option,grammar,0,10000000,5000,0,0.999,primitive,exp2,64,194730.91407014165,28.34283083237764,22.10941455696911,29.430805372899183,median-range,5,9999821
0830-172041__NetHackChallenge-v0__exp2/NetHackChallenge-v0__option__grammar__n64__os0__max_episode_steps5000__discountprimitive__ent_coef0.01__exp2,0830-172041__NetHackChallenge-v0__exp2,NetHackChallenge-v0,option,grammar,0,10000000,5000,0,0.999,primitive,exp2,64,202174.28904572263,28.51554811533724,22.886897032393843,29.145993712776786,median-range,5,9999821
0830-172041__NetHackChallenge-v0__exp2/NetHackChallenge-v0__option__grammar__n64__os0__max_episode_steps5000__discountprimitive__ent_coef0.01__exp2,0830-172041__NetHackChallenge-v0__exp2,NetHackChallenge-v0,option,grammar,0,10000000,5000,0,0.999,primitive,exp2,64,209902.17884162205,28.95559494266004,23.01249860700153,30.28964408575764,median-range,5,9999821
0830-172041__NetHackChallenge-v0__exp2/NetHackChallenge-v0__option__grammar__n64__os0__max_episode_steps5000__discountprimitive__ent_coef0.01__exp2,0830-172041__NetHackChallenge-v0__exp2,NetHackChallenge-v0,option,grammar,0,10000000,5000,0,0.999,primitive,exp2,64,217925.45872386452,26.476048226578193,23.299803973790297,32.90317093826998,median-range,5,9999821
0830-172041__NetHackChallenge-v0__exp2/NetHackChallenge-v0__option__grammar__n64__os0__max_episode_steps5000__discountprimitive__ent_coef0.01__exp2,0830-172041__NetHackChallenge-v0__exp2,NetHackChallenge-v0,option,grammar,0,10000000,5000,0,0.999,primitive,exp2,64,226255.41965355564,26.022435013788094,22.10682832405767,34.86280519331249,median-range,5,9999821
0830-172041__NetHackChallenge-v0__exp2/NetHackChallenge-v0__option__grammar__n64__os0__max_episode_steps5000__discountprimitive__ent_coef0.01__exp2,0830-172041__NetHackChallenge-v0__exp2,NetHackChallenge-v0,option,grammar,0,10000000,5000,0,0.999,primitive,exp2,64,234903.78417636704,26.03654311278159,22.459075816640667,34.77926563566781,median-range,5,9999821
0830-172041__NetHackChallenge-v0__exp2/NetHackChallenge-v0__option__grammar__n64__os0__max_episode_steps5000__discountprimitive__ent_coef0.01__exp2,0830-172041__NetHackChallenge-v0__exp2,NetHackChallenge-v0,option,grammar,0,10000000,5000,0,0.999,primitive,exp2,64,243882.72291938527,25.517687867496065,23.223196983905094,34.859443451775114,median-range,5,9999821
0830-172041__NetHackChallenge-v0__exp2/NetHackChallenge-v0__option__grammar__n64__os0__max_episode_steps5000__discountprimitive__ent_coef0.01__exp2,0830-172041__NetHackChallenge-v0__exp2,NetHackChallenge-v0,option,grammar,0,10000000,5000,0,0.999,primitive,exp2,64,253204.87171852682,26.400342945412305,23.6,34.3343533756135,median-range,5,9999821
0830-172041__NetHackChallenge-v0__exp2/NetHackChallenge-v0__option__grammar__n64__os0__max_episode_steps5000__discountprimitive__ent_coef0.01__exp2,0830-172041__NetHackChallenge-v0__exp2,NetHackChallenge-v0,option,grammar,0,10000000,5000,0,0.999,primitive,exp2,64,262883.3494006375,27.75833928323413,24.79276181307227,38.016775292174806,median-range,5,9999821
0830-172041__NetHackChallenge-v0__exp2/NetHackChallenge-v0__option__grammar__n64__os0__max_episode_steps5000__discountprimitive__ent_coef0.01__exp2,0830-172041__NetHackChallenge-v0__exp2,NetHackChallenge-v0,option,grammar,0,10000000,5000,0,0.999,primitive,exp2,64,272931.7762452874,28.83343788524781,24.83319592217878,39.25332936605119,median-range,5,9999821
0830-172041__NetHackChallenge-v0__exp2/NetHackChallenge-v0__option__grammar__n64__os0__max_episode_steps5000__discountprimitive__ent_coef0.01__exp2,0830-172041__NetHackChallenge-v0__exp2,NetHackChallenge-v0,option,grammar,0,10000000,5000,0,0.999,primitive,exp2,64,283364.29315225064,29.10427783879344,25.530142478997494,38.79767919160663,median-range,5,9999821
0830-172041__NetHackChallenge-v0__exp2/NetHackChallenge-v0__option__grammar__n64__os0__max_episode_steps5000__discountprimitive__ent_coef0.01__exp2,0830-172041__NetHackChallenge-v0__exp2,NetHackChallenge-v0,option,grammar,0,10000000,5000,0,0.999,primitive,exp2,64,294195.5815416377,30.051240602207006,23.607360518103643,37.78013221778241,median-range,5,9999821
0830-172041__NetHackChallenge-v0__exp2/NetHackChallenge-v0__option__grammar__n64__os0__max_episode_steps5000__discountprimitive__ent_coef0.01__exp2,0830-172041__NetHackChallenge-v0__exp2,NetHackChallenge-v0,option,grammar,0,10000000,5000,0,0.999,primitive,exp2,64,305440.88401469425,30.624795310591026,23.413946894642635,39.6341817221277,median-range,5,9999821
0830-172041__NetHackChallenge-v0__exp2/NetHackChallenge-v0__option__grammar__n64__os0__max_episode_steps5000__discountprimitive__ent_coef0.01__exp2,0830-172041__NetHackChallenge-v0__exp2,NetHackChallenge-v0,option,grammar,0,10000000,5000,0,0.999,primitive,exp2,64,317116.0258043308,32.291447010982104,24.52078893214552,39.12606922777114,median-range,5,9999821
0830-172041__NetHackChallenge-v0__exp2/NetHackChallenge-v0__option__grammar__n64__os0__max_episode_steps5000__discountprimitive__ent_coef0.01__exp2,0830-172041__NetHackChallenge-v0__exp2,NetHackChallenge-v0,option,grammar,0,10000000,5000,0,0.999,primitive,exp2,64,329237.43704557547,33.13169475700666,26.341882411924875,39.7986370420802,median-range,5,9999821
0830-172041__NetHackChallenge-v0__exp2/NetHackChallenge-v0__option__grammar__n64__os0__max_episode_steps5000__discountprimitive__ent_coef0.01__exp2,0830-172041__NetHackChallenge-v0__exp2,NetHackChallenge-v0,option,grammar,0,10000000,5000,0,0.999,primitive,exp2,64,341822.17589729547,32.73107382612694,28.607684070803238,37.84764668897791,median-range,5,9999821
0830-172041__NetHackChallenge-v0__exp2/NetHackChallenge-v0__option__grammar__n64__os0__max_episode_steps5000__discountprimitive__ent_coef0.01__exp2,0830-172041__NetHackChallenge-v0__exp2,NetHackChallenge-v0,option,grammar,0,10000000,5000,0,0.999,primitive,exp2,64,354887.95254771534,34.81932903736429,28.30171596676845,38.076688541651095,median-range,5,9999821
0830-172041__NetHackChallenge-v0__exp2/NetHackChallenge-v0__option__grammar__n64__os0__max_episode_steps5000__discountprimitive__ent_coef0.01__exp2,0830-172041__NetHackChallenge-v0__exp2,NetHackChallenge-v0,option,grammar,0,10000000,5000,0,0.999,primitive,exp2,64,368453.15413752303,33.236658810726944,29.841923180360194,37.93377281846079,median-range,5,9999821
0830-172041__NetHackChallenge-v0__exp2/NetHackChallenge-v0__option__grammar__n64__os0__max_episode_steps5000__discountprimitive__ent_coef0.01__exp2,0830-172041__NetHackChallenge-v0__exp2,NetHackChallenge-v0,option,grammar,0,10000000,5000,0,0.999,primitive,exp2,64,382536.8706356301,32.68853147032354,30.740500534631966,36.447168388969814,median-range,5,9999821
0830-172041__NetHackChallenge-v0__exp2/NetHackChallenge-v0__option__grammar__n64__os0__max_episode_steps5000__discountprimitive__ent_coef0.01__exp2,0830-172041__NetHackChallenge-v0__exp2,NetHackChallenge-v0,option,grammar,0,10000000,5000,0,0.999,primitive,exp2,64,397158.9217040129,33.52410814369661,30.249980441316815,35.780087582882516,median-range,5,9999821
0830-172041__NetHackChallenge-v0__exp2/NetHackChallenge-v0__option__grammar__n64__os0__max_episode_steps5000__discountprimitive__ent_coef0.01__exp2,0830-172041__NetHackChallenge-v0__exp2,NetHackChallenge-v0,option,grammar,0,10000000,5000,0,0.999,primitive,exp2,64,412339.88458942086,32.95636634748729,31.65122766794367,34.38793400198773,median-range,5,9999821
0830-172041__NetHackChallenge-v0__exp2/NetHackChallenge-v0__option__grammar__n64__os0__max_episode_steps5000__discountprimitive__ent_coef0.01__exp2,0830-172041__NetHackChallenge-v0__exp2,NetHackChallenge-v0,option,grammar,0,10000000,5000,0,0.999,primitive,exp2,64,428101.1230812267,33.57452060324284,28.79426169588269,35.78481379623782,median-range,5,9999821
0830-172041__NetHackChallenge-v0__exp2/NetHackChallenge-v0__option__grammar__n64__os0__max_episode_steps5000__discountprimitive__ent_coef0.01__exp2,0830-172041__NetHackChallenge-v0__exp2,NetHackChallenge-v0,option,grammar,0,10000000,5000,0,0.999,primitive,exp2,64,444464.8175761498,34.13008007925447,29.279150986826888,35.22852785802293,median-range,5,9999821
0830-172041__NetHackChallenge-v0__exp2/NetHackChallenge-v0__option__grammar__n64__os0__max_episode_steps5000__discountprimitive__ent_coef0.01__exp2,0830-172041__NetHackChallenge-v0__exp2,NetHackChallenge-v0,option,grammar,0,10000000,5000,0,0.999,primitive,exp2,64,461453.9962921755,35.47207265092734,30.784875671339936,37.66858085094794,median-range,5,9999821
0830-172041__NetHackChallenge-v0__exp2/NetHackChallenge-v0__option__grammar__n64__os0__max_episode_steps5000__discountprimitive__ent_coef0.01__exp2,0830-172041__NetHackChallenge-v0__exp2,NetHackChallenge-v0,option,grammar,0,10000000,5000,0,0.999,primitive,exp2,64,479092.56767558627,34.38930388781866,32.047290735431375,37.22442722664577,median-range,5,9999821
0830-172041__NetHackChallenge-v0__exp2/NetHackChallenge-v0__option__grammar__n64__os0__max_episode_steps5000__discountprimitive__ent_coef0.01__exp2,0830-172041__NetHackChallenge-v0__exp2,NetHackChallenge-v0,option,grammar,0,10000000,5000,0,0.999,primitive,exp2,64,497405.3540467262,36.48373316252867,32.482151145448256,38.13596954107415,median-range,5,9999821
0830-172041__NetHackChallenge-v0__exp2/NetHackChallenge-v0__option__grammar__n64__os0__max_episode_steps5000__discountprimitive__ent_coef0.01__exp2,0830-172041__NetHackChallenge-v0__exp2,NetHackChallenge-v0,option,grammar,0,10000000,5000,0,0.999,primitive,exp2,64,516418.1265318285,34.47341253028146,32.83499498784208,39.24462884102967,median-range,5,9999821
0830-172041__NetHackChallenge-v0__exp2/NetHackChallenge-v0__option__grammar__n64__os0__max_episode_steps5000__discountprimitive__ent_coef0.01__exp2,0830-172041__NetHackChallenge-v0__exp2,NetHackChallenge-v0,option,grammar,0,10000000,5000,0,0.999,primitive,exp2,64,536157.641330074,33.14861523550408,32.523875552742396,38.89760432138441,median-range,5,9999821
0830-172041__NetHackChallenge-v0__exp2/NetHackChallenge-v0__option__grammar__n64__os0__max_episode_steps5000__discountprimitive__ent_coef0.01__exp2,0830-172041__NetHackChallenge-v0__exp2,NetHackChallenge-v0,option,grammar,0,10000000,5000,0,0.999,primitive,exp2,64,556651.677366927,34.45911790978934,33.361290125976375,38.54545515300289,median-range,5,9999821
0830-172041__NetHackChallenge-v0__exp2/NetHackChallenge-v0__option__grammar__n64__os0__max_episode_steps5000__discountprimitive__ent_coef0.01__exp2,0830-172041__NetHackChallenge-v0__exp2,NetHackChallenge-v0,option,grammar,0,10000000,5000,0,0.999,primitive,exp2,64,577929.0753867183,34.144050257812175,32.12558333053833,37.58981929522021,median-range,5,9999821
0830-172041__NetHackChallenge-v0__exp2/NetHackChallenge-v0__option__grammar__n64__os0__max_episode_steps5000__discountprimitive__ent_coef0.01__exp2,0830-172041__NetHackChallenge-v0__exp2,NetHackChallenge-v0,option,grammar,0,10000000,5000,0,0.999,primitive,exp2,64,600019.7785395054,35.10503383070916,31.1986838681142,35.89878640981765,median-range,5,9999821
0830-172041__NetHackChallenge-v0__exp2/NetHackChallenge-v0__option__grammar__n64__os0__max_episode_steps5000__discountprimitive__ent_coef0.01__exp2,0830-172041__NetHackChallenge-v0__exp2,NetHackChallenge-v0,option,grammar,0,10000000,5000,0,0.999,primitive,exp2,64,622954.8745193143,34.397968804623375,28.742488976233453,38.714789271290215,median-range,5,9999821
0830-172041__NetHackChallenge-v0__exp2/NetHackChallenge-v0__option__grammar__n64__os0__max_episode_steps5000__discountprimitive__ent_coef0.01__exp2,0830-172041__NetHackChallenge-v0__exp2,NetHackChallenge-v0,option,grammar,0,10000000,5000,0,0.999,primitive,exp2,64,646766.6393130815,34.48765938646638,31.18241058722339,36.40943942619485,median-range,5,9999821
0830-172041__NetHackChallenge-v0__exp2/NetHackChallenge-v0__option__grammar__n64__os0__max_episode_steps5000__discountprimitive__ent_coef0.01__exp2,0830-172041__NetHackChallenge-v0__exp2,NetHackChallenge-v0,option,grammar,0,10000000,5000,0,0.999,primitive,exp2,64,671488.5826218341,33.81125763950777,29.42,38.61,median-range,5,9999821
0830-172041__NetHackChallenge-v0__exp2/NetHackChallenge-v0__option__grammar__n64__os0__max_episode_steps5000__discountprimitive__ent_coef0.01__exp2,0830-172041__NetHackChallenge-v0__exp2,NetHackChallenge-v0,option,grammar,0,10000000,5000,0,0.999,primitive,exp2,64,697155.4950180621,33.55813713613553,32.52213300399176,39.950655302790246,median-range,5,9999821
0830-172041__NetHackChallenge-v0__exp2/NetHackChallenge-v0__option__grammar__n64__os0__max_episode_steps5000__discountprimitive__ent_coef0.01__exp2,0830-172041__NetHackChallenge-v0__exp2,NetHackChallenge-v0,option,grammar,0,10000000,5000,0,0.999,primitive,exp2,64,723803.4969056159,34.867893340879355,33.01668635141199,37.86678866512459,median-range,5,9999821
0830-172041__NetHackChallenge-v0__exp2/NetHackChallenge-v0__option__grammar__n64__os0__max_episode_steps5000__discountprimitive__ent_coef0.01__exp2,0830-172041__NetHackChallenge-v0__exp2,NetHackChallenge-v0,option,grammar,0,10000000,5000,0,0.999,primitive,exp2,64,751470.0893510492,36.80661616937494,33.726296512362346,37.98725765659888,median-range,5,9999821
0830-172041__NetHackChallenge-v0__exp2/NetHackChallenge-v0__option__grammar__n64__os0__max_episode_steps5000__discountprimitive__ent_coef0.01__exp2,0830-172041__NetHackChallenge-v0__exp2,NetHackChallenge-v0,option,grammar,0,10000000,5000,0,0.999,primitive,exp2,64,780194.2068579324,36.98877469260867,34.65041000674714,40.31711945869201,median-range,5,9999821
0830-172041__NetHackChallenge-v0__exp2/NetHackChallenge-v0__option__grammar__n64__os0__max_episode_steps5000__discountprimitive__ent_coef0.01__exp2,0830-172041__NetHackChallenge-v0__exp2,NetHackChallenge-v0,option,grammar,0,10000000,5000,0,0.999,primitive,exp2,64,810016.2721584004,38.32239465893913,36.29635469981015,44.15439144173651,median-range,5,9999821
0830-172041__NetHackChallenge-v0__exp2/NetHackChallenge-v0__option__grammar__n64__os0__max_episode_steps5000__discountprimitive__ent_coef0.01__exp2,0830-172041__NetHackChallenge-v0__exp2,NetHackChallenge-v0,option,grammar,0,10000000,5000,0,0.999,primitive,exp2,64,840978.2530990633,42.818619287291575,36.31787318143112,44.561427328042654,median-range,5,9999821
0830-172041__NetHackChallenge-v0__exp2/NetHackChallenge-v0__option__grammar__n64__os0__max_episode_steps5000__discountprimitive__ent_coef0.01__exp2,0830-172041__NetHackChallenge-v0__exp2,NetHackChallenge-v0,option,grammar,0,10000000,5000,0,0.999,primitive,exp2,64,873123.7217012938,42.384547851957,32.68141931027928,47.54808750530469,median-range,5,9999821
0830-172041__NetHackChallenge-v0__exp2/NetHackChallenge-v0__option__grammar__n64__os0__max_episode_steps5000__discountprimitive__ent_coef0.01__exp2,0830-172041__NetHackChallenge-v0__exp2,NetHackChallenge-v0,option,grammar,0,10000000,5000,0,0.999,primitive,exp2,64,906497.9154790555,37.969805884084636,33.267983147386865,50.10705487305057,median-range,5,9999821
0830-172041__NetHackChallenge-v0__exp2/NetHackChallenge-v0__option__grammar__n64__os0__max_episode_steps5000__discountprimitive__ent_coef0.01__exp2,0830-172041__NetHackChallenge-v0__exp2,NetHackChallenge-v0,option,grammar,0,10000000,5000,0,0.999,primitive,exp2,64,941147.8011005174,41.73152189367522,34.64265166741825,44.485112874309245,median-range,5,9999821
0830-172041__NetHackChallenge-v0__exp2/NetHackChallenge-v0__option__grammar__n64__os0__max_episode_steps5000__discountprimitive__ent_coef0.01__exp2,0830-172041__NetHackChallenge-v0__exp2,NetHackChallenge-v0,option,grammar,0,10000000,5000,0,0.999,primitive,exp2,64,977122.1404830737,40.69282925658434,39.80620701237877,47.48001067156408,median-range,5,9999821
0830-172041__NetHackChallenge-v0__exp2/NetHackChallenge-v0__option__grammar__n64__os0__max_episode_steps5000__discountprimitive__ent_coef0.01__exp2,0830-172041__NetHackChallenge-v0__exp2,NetHackChallenge-v0,option,grammar,0,10000000,5000,0,0.999,primitive,exp2,64,1014471.559414772,44.158143503322556,39.45917187848877,52.215190564795016,median-range,5,9999821
0830-172041__NetHackChallenge-v0__exp2/NetHackChallenge-v0__option__grammar__n64__os0__max_episode_steps5000__discountprimitive__ent_coef0.01__exp2,0830-172041__NetHackChallenge-v0__exp2,NetHackChallenge-v0,option,grammar,0,10000000,5000,0,0.999,primitive,exp2,64,1053248.6187987127,46.178457643008215,41.5140225028563,55.189478858188586,median-range,5,9999821
0830-172041__NetHackChallenge-v0__exp2/NetHackChallenge-v0__option__grammar__n64__os0__max_episode_steps5000__discountprimitive__ent_coef0.01__exp2,0830-172041__NetHackChallenge-v0__exp2,NetHackChallenge-v0,option,grammar,0,10000000,5000,0,0.999,primitive,exp2,64,1093507.8886206977,41.89554227254288,40.137728692262684,56.2,median-range,5,9999821
0830-172041__NetHackChallenge-v0__exp2/NetHackChallenge-v0__option__grammar__n64__os0__max_episode_steps5000__discountprimitive__ent_coef0.01__exp2,0830-172041__NetHackChallenge-v0__exp2,NetHackChallenge-v0,option,grammar,0,10000000,5000,0,0.999,primitive,exp2,64,1135306.0247442098,42.1949846295357,37.53320277839128,51.313926172285356,median-range,5,9999821
0830-172041__NetHackChallenge-v0__exp2/NetHackChallenge-v0__option__grammar__n64__os0__max_episode_steps5000__discountprimitive__ent_coef0.01__exp2,0830-172041__NetHackChallenge-v0__exp2,NetHackChallenge-v0,option,grammar,0,10000000,5000,0,0.999,primitive,exp2,64,1178701.8486407872,44.32113186261182,40.673911815464656,47.69320589194575,median-range,5,9999821
0830-172041__NetHackChallenge-v0__exp2/NetHackChallenge-v0__option__grammar__n64__os0__max_episode_steps5000__discountprimitive__ent_coef0.01__exp2,0830-172041__NetHackChallenge-v0__exp2,NetHackChallenge-v0,option,grammar,0,10000000,5000,0,0.999,primitive,exp2,64,1223756.4301680103,46.1,41.89977695909426,49.12581580336206,median-range,5,9999821
0830-172041__NetHackChallenge-v0__exp2/NetHackChallenge-v0__option__grammar__n64__os0__max_episode_steps5000__discountprimitive__ent_coef0.01__exp2,0830-172041__NetHackChallenge-v0__exp2,NetHackChallenge-v0,option,grammar,0,10000000,5000,0,0.999,primitive,exp2,64,1270533.1735115887,47.3270895450631,38.46123440526642,49.691383805067545,median-range,5,9999821
0830-172041__NetHackChallenge-v0__exp2/NetHackChallenge-v0__option__grammar__n64__os0__max_episode_steps5000__discountprimitive__ent_coef0.01__exp2,0830-172041__NetHackChallenge-v0__exp2,NetHackChallenge-v0,option,grammar,0,10000000,5000,0,0.999,primitive,exp2,64,1319097.9064124739,42.52413986137276,40.40524149726028,51.6507540396536,median-range,5,9999821
0830-172041__NetHackChallenge-v0__exp2/NetHackChallenge-v0__option__grammar__n64__os0__max_episode_steps5000__discountprimitive__ent_coef0.01__exp2,0830-172041__NetHackChallenge-v0__exp2,NetHackChallenge-v0,option,grammar,0,10000000,5000,0,0.999,primitive,exp2,64,1369518.9728046125,44.53496610273477,39.27739210132484,49.36218725725613,median-range,5,9999821
0830-172041__NetHackChallenge-v0__exp2/NetHackChallenge-v0__option__grammar__n64__os0__max_episode_steps5000__discountprimitive__ent_coef0.01__exp2,0830-172041__NetHackChallenge-v0__exp2,NetHackChallenge-v0,option,grammar,0,10000000,5000,0,0.999,primitive,exp2,64,1421867.3289936327,45.64610063002103,42.27345634008043,58.86373530268025,median-range,5,9999821
0830-172041__NetHackChallenge-v0__exp2/NetHackChallenge-v0__option__grammar__n64__os0__max_episode_steps5000__discountprimitive__ent_coef0.01__exp2,0830-172041__NetHackChallenge-v0__exp2,NetHackChallenge-v0,option,grammar,0,10000000,5000,0,0.999,primitive,exp2,64,1476216.643511898,54.663256812442164,40.741835388018664,59.77300173732709,median-range,5,9999821
0830-172041__NetHackChallenge-v0__exp2/NetHackChallenge-v0__option__grammar__n64__os0__max_episode_steps5000__discountprimitive__ent_coef0.01__exp2,0830-172041__NetHackChallenge-v0__exp2,NetHackChallenge-v0,option,grammar,0,10000000,5000,0,0.999,primitive,exp2,64,1532643.400790379,49.88834523061025,42.91766479428886,60.26418421050276,median-range,5,9999821
0830-172041__NetHackChallenge-v0__exp2/NetHackChallenge-v0__option__grammar__n64__os0__max_episode_steps5000__discountprimitive__ent_coef0.01__exp2,0830-172041__NetHackChallenge-v0__exp2,NetHackChallenge-v0,option,grammar,0,10000000,5000,0,0.999,primitive,exp2,64,1591227.0087932835,47.592144168034736,42.46170398514368,62.34859705993535,median-range,5,9999821
0830-172041__NetHackChallenge-v0__exp2/NetHackChallenge-v0__option__grammar__n64__os0__max_episode_steps5000__discountprimitive__ent_coef0.01__exp2,0830-172041__NetHackChallenge-v0__exp2,NetHackChallenge-v0,option,grammar,0,10000000,5000,0,0.999,primitive,exp2,64,1652049.910766901,53.63979348746405,40.54709550587883,63.670232538993226,median-range,5,9999821
0830-172041__NetHackChallenge-v0__exp2/NetHackChallenge-v0__option__grammar__n64__os0__max_episode_steps5000__discountprimitive__ent_coef0.01__exp2,0830-172041__NetHackChallenge-v0__exp2,NetHackChallenge-v0,option,grammar,0,10000000,5000,0,0.999,primitive,exp2,64,1715197.7012599122,55.39902649835472,44.3472532430516,65.17261508641131,median-range,5,9999821
0830-172041__NetHackChallenge-v0__exp2/NetHackChallenge-v0__option__grammar__n64__os0__max_episode_steps5000__discountprimitive__ent_coef0.01__exp2,0830-172041__NetHackChallenge-v0__exp2,NetHackChallenge-v0,option,grammar,0,10000000,5000,0,0.999,primitive,exp2,64,1780759.2465784613,51.42894376976791,45.298313577273355,65.5227457587151,median-range,5,9999821
0830-172041__NetHackChallenge-v0__exp2/NetHackChallenge-v0__option__grammar__n64__os0__max_episode_steps5000__discountprimitive__ent_coef0.01__exp2,0830-172041__NetHackChallenge-v0__exp2,NetHackChallenge-v0,option,grammar,0,10000000,5000,0,0.999,primitive,exp2,64,1848826.8098454946,54.722611631542485,41.29177050016139,68.09261435842197,median-range,5,9999821
0830-172041__NetHackChallenge-v0__exp2/NetHackChallenge-v0__option__grammar__n64__os0__max_episode_steps5000__discountprimitive__ent_coef0.01__exp2,0830-172041__NetHackChallenge-v0__exp2,NetHackChallenge-v0,option,grammar,0,10000000,5000,0,0.999,primitive,exp2,64,1919496.1808403349,50.45875444151789,40.71832486515634,67.02140454235742,median-range,5,9999821
0830-172041__NetHackChallenge-v0__exp2/NetHackChallenge-v0__option__grammar__n64__os0__max_episode_steps5000__discountprimitive__ent_coef0.01__exp2,0830-172041__NetHackChallenge-v0__exp2,NetHackChallenge-v0,option,grammar,0,10000000,5000,0,0.999,primitive,exp2,64,1992866.8108012455,55.55105884385558,43.81509874167153,72.85896631158677,median-range,5,9999821
0830-172041__NetHackChallenge-v0__exp2/NetHackChallenge-v0__option__grammar__n64__os0__max_episode_steps5000__discountprimitive__ent_coef0.01__exp2,0830-172041__NetHackChallenge-v0__exp2,NetHackChallenge-v0,option,grammar,0,10000000,5000,0,0.999,primitive,exp2,64,2069041.952380675,54.85598775743825,43.29216163962037,68.54800235598,median-range,5,9999821
0830-172041__NetHackChallenge-v0__exp2/NetHackChallenge-v0__option__grammar__n64__os0__max_episode_steps5000__discountprimitive__ent_coef0.01__exp2,0830-172041__NetHackChallenge-v0__exp2,NetHackChallenge-v0,option,grammar,0,10000000,5000,0,0.999,primitive,exp2,64,2148128.804950115,52.470864072858554,48.44436429676212,73.356914593514,median-range,5,9999821
0830-172041__NetHackChallenge-v0__exp2/NetHackChallenge-v0__option__grammar__n64__os0__max_episode_steps5000__discountprimitive__ent_coef0.01__exp2,0830-172041__NetHackChallenge-v0__exp2,NetHackChallenge-v0,option,grammar,0,10000000,5000,0,0.999,primitive,exp2,64,2230238.6654591244,56.05366786803669,52.34572157898056,76.48702830457768,median-range,5,9999821
0830-172041__NetHackChallenge-v0__exp2/NetHackChallenge-v0__option__grammar__n64__os0__max_episode_steps5000__discountprimitive__ent_coef0.01__exp2,0830-172041__NetHackChallenge-v0__exp2,NetHackChallenge-v0,option,grammar,0,10000000,5000,0,0.999,primitive,exp2,64,2315487.0850607096,60.528480233123,46.68564036287452,79.19972813479997,median-range,5,9999821
0830-172041__NetHackChallenge-v0__exp2/NetHackChallenge-v0__option__grammar__n64__os0__max_episode_steps5000__discountprimitive__ent_coef0.01__exp2,0830-172041__NetHackChallenge-v0__exp2,NetHackChallenge-v0,option,grammar,0,10000000,5000,0,0.999,primitive,exp2,64,2403994.0317236,56.52358874904281,49.89833151278693,75.15825622394105,median-range,5,9999821
0830-172041__NetHackChallenge-v0__exp2/NetHackChallenge-v0__option__grammar__n64__os0__max_episode_steps5000__discountprimitive__ent_coef0.01__exp2,0830-172041__NetHackChallenge-v0__exp2,NetHackChallenge-v0,option,grammar,0,10000000,5000,0,0.999,primitive,exp2,64,2495884.059060154,56.924703568924905,55.03387821461881,61.25955345197366,median-range,5,9999821
0830-172041__NetHackChallenge-v0__exp2/NetHackChallenge-v0__option__grammar__n64__os0__max_episode_steps5000__discountprimitive__ent_coef0.01__exp2,0830-172041__NetHackChallenge-v0__exp2,NetHackChallenge-v0,option,grammar,0,10000000,5000,0,0.999,primitive,exp2,64,2591286.481607548,59.733419529972345,53.31766469734904,74.16205259905364,median-range,5,9999821
0830-172041__NetHackChallenge-v0__exp2/NetHackChallenge-v0__option__grammar__n64__os0__max_episode_steps5000__discountprimitive__ent_coef0.01__exp2,0830-172041__NetHackChallenge-v0__exp2,NetHackChallenge-v0,option,grammar,0,10000000,5000,0,0.999,primitive,exp2,64,2690335.556808892,61.92669456590679,55.01799232623906,73.93964547816793,median-range,5,9999821
0830-172041__NetHackChallenge-v0__exp2/NetHackChallenge-v0__option__grammar__n64__os0__max_episode_steps5000__discountprimitive__ent_coef0.01__exp2,0830-172041__NetHackChallenge-v0__exp2,NetHackChallenge-v0,option,grammar,0,10000000,5000,0,0.999,primitive,exp2,64,2793170.6739503606,62.32733437130032,55.85205217244483,76.45900431501647,median-range,5,9999821
0830-172041__NetHackChallenge-v0__exp2/NetHackChallenge-v0__option__grammar__n64__os0__max_episode_steps5000__discountprimitive__ent_coef0.01__exp2,0830-172041__NetHackChallenge-v0__exp2,NetHackChallenge-v0,option,grammar,0,10000000,5000,0,0.999,primitive,exp2,64,2899936.550320253,60.14807718772999,44.847660950412944,72.57588936113525,median-range,5,9999821
0830-172041__NetHackChallenge-v0__exp2/NetHackChallenge-v0__option__grammar__n64__os0__max_episode_steps5000__discountprimitive__ent_coef0.01__exp2,0830-172041__NetHackChallenge-v0__exp2,NetHackChallenge-v0,option,grammar,0,10000000,5000,0,0.999,primitive,exp2,64,3010783.434866029,62.43435347311404,48.91535427926664,80.75775093823606,median-range,5,9999821
0830-172041__NetHackChallenge-v0__exp2/NetHackChallenge-v0__option__grammar__n64__os0__max_episode_steps5000__discountprimitive__ent_coef0.01__exp2,0830-172041__NetHackChallenge-v0__exp2,NetHackChallenge-v0,option,grammar,0,10000000,5000,0,0.999,primitive,exp2,64,3125867.3196358783,69.91626688741187,56.580840934076974,92.3748211745862,median-range,5,9999821
0830-172041__NetHackChallenge-v0__exp2/NetHackChallenge-v0__option__grammar__n64__os0__max_episode_steps5000__discountprimitive__ent_coef0.01__exp2,0830-172041__NetHackChallenge-v0__exp2,NetHackChallenge-v0,option,grammar,0,10000000,5000,0,0.999,primitive,exp2,64,3245350.1593024316,70.16441100025241,56.156301091601904,91.69438334691952,median-range,5,9999821
0830-172041__NetHackChallenge-v0__exp2/NetHackChallenge-v0__option__grammar__n64__os0__max_episode_steps5000__discountprimitive__ent_coef0.01__exp2,0830-172041__NetHackChallenge-v0__exp2,NetHackChallenge-v0,option,grammar,0,10000000,5000,0,0.999,primitive,exp2,64,3369400.0990775297,72.48211882571483,53.590908712676075,85.5334058851038,median-range,5,9999821
0830-172041__NetHackChallenge-v0__exp2/NetHackChallenge-v0__option__grammar__n64__os0__max_episode_steps5000__discountprimitive__ent_coef0.01__exp2,0830-172041__NetHackChallenge-v0__exp2,NetHackChallenge-v0,option,grammar,0,10000000,5000,0,0.999,primitive,exp2,64,3498191.7113387454,65.40634949163928,59.73184071647445,90.514058820883,median-range,5,9999821
0830-172041__NetHackChallenge-v0__exp2/NetHackChallenge-v0__option__grammar__n64__os0__max_episode_steps5000__discountprimitive__ent_coef0.01__exp2,0830-172041__NetHackChallenge-v0__exp2,NetHackChallenge-v0,option,grammar,0,10000000,5000,0,0.999,primitive,exp2,64,3631906.2413007743,77.69971607884544,63.919238792759955,89.78268443044055,median-range,5,9999821
0830-172041__NetHackChallenge-v0__exp2/NetHackChallenge-v0__option__grammar__n64__os0__max_episode_steps5000__discountprimitive__ent_coef0.01__exp2,0830-172041__NetHackChallenge-v0__exp2,NetHackChallenge-v0,option,grammar,0,10000000,5000,0,0.999,primitive,exp2,64,3770731.8620772325,75.95129870941179,56.17329437740365,84.76302709525866,median-range,5,9999821
0830-172041__NetHackChallenge-v0__exp2/NetHackChallenge-v0__option__grammar__n64__os0__max_episode_steps5000__discountprimitive__ent_coef0.01__exp2,0830-172041__NetHackChallenge-v0__exp2,NetHackChallenge-v0,option,grammar,0,10000000,5000,0,0.999,primitive,exp2,64,3914863.9394920287,77.54452507776315,63.32531744196743,82.66573428989568,median-range,5,9999821
0830-172041__NetHackChallenge-v0__exp2/NetHackChallenge-v0__option__grammar__n64__os0__max_episode_steps5000__discountprimitive__ent_coef0.01__exp2,0830-172041__NetHackChallenge-v0__exp2,NetHackChallenge-v0,option,grammar,0,10000000,5000,0,0.999,primitive,exp2,64,4064505.307012767,74.68548512591232,63.451352245066765,77.63183842581823,median-range,5,9999821
0830-172041__NetHackChallenge-v0__exp2/NetHackChallenge-v0__option__grammar__n64__os0__max_episode_steps5000__discountprimitive__ent_coef0.01__exp2,0830-172041__NetHackChallenge-v0__exp2,NetHackChallenge-v0,option,grammar,0,10000000,5000,0,0.999,primitive,exp2,64,4219866.551193225,73.5169126111357,66.33121708921809,86.98311872790202,median-range,5,9999821
0830-172041__NetHackChallenge-v0__exp2/NetHackChallenge-v0__option__grammar__n64__os0__max_episode_steps5000__discountprimitive__ent_coef0.01__exp2,0830-172041__NetHackChallenge-v0__exp2,NetHackChallenge-v0,option,grammar,0,10000000,5000,0,0.999,primitive,exp2,64,4381166.3080265485,78.75245037919304,68.96917195655442,89.7379707454977,median-range,5,9999821
0830-172041__NetHackChallenge-v0__exp2/NetHackChallenge-v0__option__grammar__n64__os0__max_episode_steps5000__discountprimitive__ent_coef0.01__exp2,0830-172041__NetHackChallenge-v0__exp2,NetHackChallenge-v0,option,grammar,0,10000000,5000,0,0.999,primitive,exp2,64,4548631.570626184,79.7228400595346,68.69146114809115,90.29297736981452,median-range,5,9999821
0830-172041__NetHackChallenge-v0__exp2/NetHackChallenge-v0__option__grammar__n64__os0__max_episode_steps5000__discountprimitive__ent_coef0.01__exp2,0830-172041__NetHackChallenge-v0__exp2,NetHackChallenge-v0,option,grammar,0,10000000,5000,0,0.999,primitive,exp2,64,4722498.008667672,81.45391117628343,70.08493432832739,85.81774057710379,median-range,5,9999821
0830-172041__NetHackChallenge-v0__exp2/NetHackChallenge-v0__option__grammar__n64__os0__max_episode_steps5000__discountprimitive__ent_coef0.01__exp2,0830-172041__NetHackChallenge-v0__exp2,NetHackChallenge-v0,option,grammar,0,10000000,5000,0,0.999,primitive,exp2,64,4903010.30004061,85.35478323953282,69.36693665777895,92.97,median-range,5,9999821
0830-172041__NetHackChallenge-v0__exp2/NetHackChallenge-v0__option__grammar__n64__os0__max_episode_steps5000__discountprimitive__ent_coef0.01__exp2,0830-172041__NetHackChallenge-v0__exp2,NetHackChallenge-v0,option,grammar,0,10000000,5000,0,0.999,primitive,exp2,64,5090422.475177798,82.04995668612959,73.28881633880455,90.45054527085662,median-range,5,9999821
0830-172041__NetHackChallenge-v0__exp2/NetHackChallenge-v0__option__grammar__n64__os0__max_episode_steps5000__discountprimitive__ent_coef0.01__exp2,0830-172041__NetHackChallenge-v0__exp2,NetHackChallenge-v0,option,grammar,0,10000000,5000,0,0.999,primitive,exp2,64,5284998.274545873,85.19622154914727,77.32065571590007,90.9468191146711,median-range,5,9999821
0830-172041__NetHackChallenge-v0__exp2/NetHackChallenge-v0__option__grammar__n64__os0__max_episode_steps5000__discountprimitive__ent_coef0.01__exp2,0830-172041__NetHackChallenge-v0__exp2,NetHackChallenge-v0,option,grammar,0,10000000,5000,0,0.999,primitive,exp2,64,5487011.519800687,85.77068379665366,66.82245338714313,93.65144624585328,median-range,5,9999821
0830-172041__NetHackChallenge-v0__exp2/NetHackChallenge-v0__option__grammar__n64__os0__max_episode_steps5000__discountprimitive__ent_coef0.01__exp2,0830-172041__NetHackChallenge-v0__exp2,NetHackChallenge-v0,option,grammar,0,10000000,5000,0,0.999,primitive,exp2,64,5696746.499129639,84.08491747193644,77.89600673217092,100.20722975835677,median-range,5,9999821
0830-172041__NetHackChallenge-v0__exp2/NetHackChallenge-v0__option__grammar__n64__os0__max_episode_steps5000__discountprimitive__ent_coef0.01__exp2,0830-172041__NetHackChallenge-v0__exp2,NetHackChallenge-v0,option,grammar,0,10000000,5000,0,0.999,primitive,exp2,64,5914498.367323402,84.95200386766791,73.81130518992607,92.01960359557118,median-range,5,9999821
0830-172041__NetHackChallenge-v0__exp2/NetHackChallenge-v0__option__grammar__n64__os0__max_episode_steps5000__discountprimitive__ent_coef0.01__exp2,0830-172041__NetHackChallenge-v0__exp2,NetHackChallenge-v0,option,grammar,0,10000000,5000,0,0.999,primitive,exp2,64,6140573.56113979,80.04037270613267,74.60512554926646,96.20122688731806,median-range,5,9999821
0830-172041__NetHackChallenge-v0__exp2/NetHackChallenge-v0__option__grammar__n64__os0__max_episode_steps5000__discountprimitive__ent_coef0.01__exp2,0830-172041__NetHackChallenge-v0__exp2,NetHackChallenge-v0,option,grammar,0,10000000,5000,0,0.999,primitive,exp2,64,6375290.230544623,85.35749682431697,84.43225319685456,94.03618496391168,median-range,5,9999821
0830-172041__NetHackChallenge-v0__exp2/NetHackChallenge-v0__option__grammar__n64__os0__max_episode_steps5000__discountprimitive__ent_coef0.01__exp2,0830-172041__NetHackChallenge-v0__exp2,NetHackChallenge-v0,option,grammar,0,10000000,5000,0,0.999,primitive,exp2,64,6618978.686436168,86.45563371448534,77.6776374545932,94.25555676956982,median-range,5,9999821
0830-172041__NetHackChallenge-v0__exp2/NetHackChallenge-v0__option__grammar__n64__os0__max_episode_steps5000__discountprimitive__ent_coef0.01__exp2,0830-172041__NetHackChallenge-v0__exp2,NetHackChallenge-v0,option,grammar,0,10000000,5000,0,0.999,primitive,exp2,64,6871981.865483419,90.74625464306044,85.73014887175438,99.84637477079849,median-range,5,9999821
0830-172041__NetHackChallenge-v0__exp2/NetHackChallenge-v0__option__grammar__n64__os0__max_episode_steps5000__discountprimitive__ent_coef0.01__exp2,0830-172041__NetHackChallenge-v0__exp2,NetHackChallenge-v0,option,grammar,0,10000000,5000,0,0.999,primitive,exp2,64,7134655.812732309,95.72187908676004,79.84088680058586,113.32423657430033,median-range,5,9999821
0830-172041__NetHackChallenge-v0__exp2/NetHackChallenge-v0__option__grammar__n64__os0__max_episode_steps5000__discountprimitive__ent_coef0.01__exp2,0830-172041__NetHackChallenge-v0__exp2,NetHackChallenge-v0,option,grammar,0,10000000,5000,0,0.999,primitive,exp2,64,7407370.182658938,92.44848910165024,83.54796849246755,95.07125684379953,median-range,5,9999821
0830-172041__NetHackChallenge-v0__exp2/NetHackChallenge-v0__option__grammar__n64__os0__max_episode_steps5000__discountprimitive__ent_coef0.01__exp2,0830-172041__NetHackChallenge-v0__exp2,NetHackChallenge-v0,option,grammar,0,10000000,5000,0,0.999,primitive,exp2,64,7690508.759375174,90.62196394609526,83.22163885523892,100.70677218480354,median-range,5,9999821
0830-172041__NetHackChallenge-v0__exp2/NetHackChallenge-v0__option__grammar__n64__os0__max_episode_steps5000__discountprimitive__ent_coef0.01__exp2,0830-172041__NetHackChallenge-v0__exp2,NetHackChallenge-v0,option,grammar,0,10000000,5000,0,0.999,primitive,exp2,64,7984469.9967183145,95.8619335858509,83.23038539077137,102.50566536699831,median-range,5,9999821
0830-172041__NetHackChallenge-v0__exp2/NetHackChallenge-v0__option__grammar__n64__os0__max_episode_steps5000__discountprimitive__ent_coef0.01__exp2,0830-172041__NetHackChallenge-v0__exp2,NetHackChallenge-v0,option,grammar,0,10000000,5000,0,0.999,primitive,exp2,64,8289667.578985316,93.6575352366549,89.78074877643733,94.84989561484123,median-range,5,9999821
0830-172041__NetHackChallenge-v0__exp2/NetHackChallenge-v0__option__grammar__n64__os0__max_episode_steps5000__discountprimitive__ent_coef0.01__exp2,0830-172041__NetHackChallenge-v0__exp2,NetHackChallenge-v0,option,grammar,0,10000000,5000,0,0.999,primitive,exp2,64,8606531.003100293,95.24973443709833,87.14125658002044,98.78083000416153,median-range,5,9999821
0830-172041__NetHackChallenge-v0__exp2/NetHackChallenge-v0__option__grammar__n64__os0__max_episode_steps5000__discountprimitive__ent_coef0.01__exp2,0830-172041__NetHackChallenge-v0__exp2,NetHackChallenge-v0,option,grammar,0,10000000,5000,0,0.999,primitive,exp2,64,8935506.183034815,90.67343111308413,86.96178248160588,107.14091268957556,median-range,5,9999821
0830-172041__NetHackChallenge-v0__exp2/NetHackChallenge-v0__option__grammar__n64__os0__max_episode_steps5000__discountprimitive__ent_coef0.01__exp2,0830-172041__NetHackChallenge-v0__exp2,NetHackChallenge-v0,option,grammar,0,10000000,5000,0,0.999,primitive,exp2,64,9277056.077331502,91.33821364273871,88.44032434386735,102.60105125771571,median-range,5,9999821
0830-172041__NetHackChallenge-v0__exp2/NetHackChallenge-v0__option__grammar__n64__os0__max_episode_steps5000__discountprimitive__ent_coef0.01__exp2,0830-172041__NetHackChallenge-v0__exp2,NetHackChallenge-v0,option,grammar,0,10000000,5000,0,0.999,primitive,exp2,64,9631661.340613952,96.37037065943586,84.85339171898488,105.92312305156909,median-range,5,9999821
0830-172041__NetHackChallenge-v0__exp2/NetHackChallenge-v0__option__grammar__n64__os0__max_episode_steps5000__discountprimitive__ent_coef0.01__exp2,0830-172041__NetHackChallenge-v0__exp2,NetHackChallenge-v0,option,grammar,0,10000000,5000,0,0.999,primitive,exp2,64,9999821.0,99.26450991501416,89.46,101.21064891846922,median-range,5,9999821
0830-172041__NetHackChallenge-v0__exp2/NetHackChallenge-v0__option__grammar__n8__os0__max_episode_steps5000__discountprimitive__ent_coef0.01__exp2,0830-172041__NetHackChallenge-v0__exp2,NetHackChallenge-v0,option,grammar,0,10000000,5000,0,0.999,primitive,exp2,8,12681.0,4.0,0.0,5.3581402257872845,median-range,5,10000189
0830-172041__NetHackChallenge-v0__exp2/NetHackChallenge-v0__option__grammar__n8__os0__max_episode_steps5000__discountprimitive__ent_coef0.01__exp2,0830-172041__NetHackChallenge-v0__exp2,NetHackChallenge-v0,option,grammar,0,10000000,5000,0,0.999,primitive,exp2,8,13113.25665466383,3.066251950818417,0.21400629484451902,5.9296025291901495,median-range,5,10000189
0830-172041__NetHackChallenge-v0__exp2/NetHackChallenge-v0__option__grammar__n8__os0__max_episode_steps5000__discountprimitive__ent_coef0.01__exp2,0830-172041__NetHackChallenge-v0__exp2,NetHackChallenge-v0,option,grammar,0,10000000,5000,0,0.999,primitive,exp2,8,13560.247621724267,4.511996362733341,2.2748587052638047,6.520544241435825,median-range,5,10000189
0830-172041__NetHackChallenge-v0__exp2/NetHackChallenge-v0__option__grammar__n8__os0__max_episode_steps5000__discountprimitive__ent_coef0.01__exp2,0830-172041__NetHackChallenge-v0__exp2,NetHackChallenge-v0,option,grammar,0,10000000,5000,0,0.999,primitive,exp2,8,14022.475148999685,4.579531832834413,2.1289535514521196,7.131629356223588,median-range,5,10000189
0830-172041__NetHackChallenge-v0__exp2/NetHackChallenge-v0__option__grammar__n8__os0__max_episode_steps5000__discountprimitive__ent_coef0.01__exp2,0830-172041__NetHackChallenge-v0__exp2,NetHackChallenge-v0,option,grammar,0,10000000,5000,0,0.999,primitive,exp2,8,14500.458604406447,4.542667563728342,1.978074935477763,7.763544500775011,median-range,5,10000189
0830-172041__NetHackChallenge-v0__exp2/NetHackChallenge-v0__option__grammar__n8__os0__max_episode_steps5000__discountprimitive__ent_coef0.01__exp2,0830-172041__NetHackChallenge-v0__exp2,NetHackChallenge-v0,option,grammar,0,10000000,5000,0,0.999,primitive,exp2,8,14994.735059530833,4.465645633013424,1.8220533271682977,10.472656140369821,median-range,5,10000189
0830-172041__NetHackChallenge-v0__exp2/NetHackChallenge-v0__option__grammar__n8__os0__max_episode_steps5000__discountprimitive__ent_coef0.01__exp2,0830-172041__NetHackChallenge-v0__exp2,NetHackChallenge-v0,option,grammar,0,10000000,5000,0,0.999,primitive,exp2,8,15505.859893093098,4.395892257615986,1.7224538223198151,10.390797582784577,median-range,5,10000189
0830-172041__NetHackChallenge-v0__exp2/NetHackChallenge-v0__option__grammar__n8__os0__max_episode_steps5000__discountprimitive__ent_coef0.01__exp2,0830-172041__NetHackChallenge-v0__exp2,NetHackChallenge-v0,option,grammar,0,10000000,5000,0,0.999,primitive,exp2,8,16034.407414982092,4.323761202169593,1.6709814704385832,10.306148716370581,median-range,5,10000189
0830-172041__NetHackChallenge-v0__exp2/NetHackChallenge-v0__option__grammar__n8__os0__max_episode_steps5000__discountprimitive__ent_coef0.01__exp2,0830-172041__NetHackChallenge-v0__exp2,NetHackChallenge-v0,option,grammar,0,10000000,5000,0,0.999,primitive,exp2,8,16580.971511561016,4.249171418805473,1.617754582903073,10.218614428001118,median-range,5,10000189
0830-172041__NetHackChallenge-v0__exp2/NetHackChallenge-v0__option__grammar__n8__os0__max_episode_steps5000__discountprimitive__ent_coef0.01__exp2,0830-172041__NetHackChallenge-v0__exp2,NetHackChallenge-v0,option,grammar,0,10000000,5000,0,0.999,primitive,exp2,8,17146.166312969697,4.172039096979953,1.562713352938399,9.831092553673932,median-range,5,10000189
0830-172041__NetHackChallenge-v0__exp2/NetHackChallenge-v0__option__grammar__n8__os0__max_episode_steps5000__discountprimitive__ent_coef0.01__exp2,0830-172041__NetHackChallenge-v0__exp2,NetHackChallenge-v0,option,grammar,0,10000000,5000,0,0.999,primitive,exp2,8,17730.62688317345,4.139549628014802,1.505795935138924,8.372084932250516,median-range,5,10000189
0830-172041__NetHackChallenge-v0__exp2/NetHackChallenge-v0__option__grammar__n8__os0__max_episode_steps5000__discountprimitive__ent_coef0.01__exp2,0830-172041__NetHackChallenge-v0__exp2,NetHackChallenge-v0,option,grammar,0,10000000,5000,0,0.999,primitive,exp2,8,18335.00993353331,4.134156047569668,1.4469383759775574,8.24494870122848,median-range,5,10000189
0830-172041__NetHackChallenge-v0__exp2/NetHackChallenge-v0__option__grammar__n8__os0__max_episode_steps5000__discountprimitive__ent_coef0.01__exp2,0830-172041__NetHackChallenge-v0__exp2,NetHackChallenge-v0,option,grammar,0,10000000,5000,0,0.999,primitive,exp2,8,18959.994560699706,4.243666054462588,1.3762861425041946,8.150846313538382,median-range,5,10000189
0830-172041__NetHackChallenge-v0__exp2/NetHackChallenge-v0__option__grammar__n8__os0__max_episode_steps5000__discountprimitive__ent_coef0.01__exp2,0830-172041__NetHackChallenge-v0__exp2,NetHackChallenge-v0,option,grammar,0,10000000,5000,0,0.999,primitive,exp2,8,19606.283009658997,6.026513013916266,1.2691072952472642,8.053536262154656,median-range,5,10000189
0830-172041__NetHackChallenge-v0__exp2/NetHackChallenge-v0__option__grammar__n8__os0__max_episode_steps5000__discountprimitive__ent_coef0.01__exp2,0830-172041__NetHackChallenge-v0__exp2,NetHackChallenge-v0,option,grammar,0,10000000,5000,0,0.999,primitive,exp2,8,20274.60146278945,6.078280516095232,1.2844540567724652,7.952909207594825,median-range,5,10000189
0830-172041__NetHackChallenge-v0__exp2/NetHackChallenge-v0__option__grammar__n8__os0__max_episode_steps5000__discountprimitive__ent_coef0.01__exp2,0830-172041__NetHackChallenge-v0__exp2,NetHackChallenge-v0,option,grammar,0,10000000,5000,0,0.999,primitive,exp2,8,20965.70085581426,5.992822450461306,2.0,7.866990847523987,median-range,5,10000189
0830-172041__NetHackChallenge-v0__exp2/NetHackChallenge-v0__option__grammar__n8__os0__max_episode_steps5000__discountprimitive__ent_coef0.01__exp2,0830-172041__NetHackChallenge-v0__exp2,NetHackChallenge-v0,option,grammar,0,10000000,5000,0,0.999,primitive,exp2,8,21680.35772156753,5.806323760360987,2.0740651821212857,7.597168602299261,median-range,5,10000189
0830-172041__NetHackChallenge-v0__exp2/NetHackChallenge-v0__option__grammar__n8__os0__max_episode_steps5000__discountprimitive__ent_coef0.01__exp2,0830-172041__NetHackChallenge-v0__exp2,NetHackChallenge-v0,option,grammar,0,10000000,5000,0,0.999,primitive,exp2,8,22419.37506252169,5.613467898122683,2.593585281210326,7.86085609958581,median-range,5,10000189
0830-172041__NetHackChallenge-v0__exp2/NetHackChallenge-v0__option__grammar__n8__os0__max_episode_steps5000__discountprimitive__ent_coef0.01__exp2,0830-172041__NetHackChallenge-v0__exp2,NetHackChallenge-v0,option,grammar,0,10000000,5000,0,0.999,primitive,exp2,8,23183.583253057066,5.418032212643199,3.1308142376499584,7.812755321181939,median-range,5,10000189
0830-172041__NetHackChallenge-v0__exp2/NetHackChallenge-v0__option__grammar__n8__os0__max_episode_steps5000__discountprimitive__ent_coef0.01__exp2,0830-172041__NetHackChallenge-v0__exp2,NetHackChallenge-v0,option,grammar,0,10000000,5000,0,0.999,primitive,exp2,8,23973.840972486705,5.218072262584081,3.686355692433536,7.763014933791426,median-range,5,10000189
0830-172041__NetHackChallenge-v0__exp2/NetHackChallenge-v0__option__grammar__n8__os0__max_episode_steps5000__discountprimitive__ent_coef0.01__exp2,0830-172041__NetHackChallenge-v0__exp2,NetHackChallenge-v0,option,grammar,0,10000000,5000,0,0.999,primitive,exp2,8,24791.036169885137,6.378778501731588,4.880792987490558,7.711579048139334,median-range,5,10000189
0830-172041__NetHackChallenge-v0__exp2/NetHackChallenge-v0__option__grammar__n8__os0__max_episode_steps5000__discountprimitive__ent_coef0.01__exp2,0830-172041__NetHackChallenge-v0__exp2,NetHackChallenge-v0,option,grammar,0,10000000,5000,0,0.999,primitive,exp2,8,25636.087061805672,6.135435036095905,4.956288082894601,6.966156464941086,median-range,5,10000189
0830-172041__NetHackChallenge-v0__exp2/NetHackChallenge-v0__option__grammar__n8__os0__max_episode_steps5000__discountprimitive__ent_coef0.01__exp2,0830-172041__NetHackChallenge-v0__exp2,NetHackChallenge-v0,option,grammar,0,10000000,5000,0,0.999,primitive,exp2,8,26509.94316400639,5.616288837406899,5.285679737582184,6.808078298841102,median-range,5,10000189
0830-172041__NetHackChallenge-v0__exp2/NetHackChallenge-v0__option__grammar__n8__os0__max_episode_steps5000__discountprimitive__ent_coef0.01__exp2,0830-172041__NetHackChallenge-v0__exp2,NetHackChallenge-v0,option,grammar,0,10000000,5000,0,0.999,primitive,exp2,8,27413.586358344484,5.3896607984353,5.252579254273096,6.63732027772957,median-range,5,10000189
0830-172041__NetHackChallenge-v0__exp2/NetHackChallenge-v0__option__grammar__n8__os0__max_episode_steps5000__discountprimitive__ent_coef0.01__exp2,0830-172041__NetHackChallenge-v0__exp2,NetHackChallenge-v0,option,grammar,0,10000000,5000,0,0.999,primitive,exp2,8,28348.031996038335,5.607653472057821,5.217924133569452,7.787853802573319,median-range,5,10000189
0830-172041__NetHackChallenge-v0__exp2/NetHackChallenge-v0__option__grammar__n8__os0__max_episode_steps5000__discountprimitive__ent_coef0.01__exp2,0830-172041__NetHackChallenge-v0__exp2,NetHackChallenge-v0,option,grammar,0,10000000,5000,0,0.999,primitive,exp2,8,29314.33003853587,5.919985958382429,5.128390745646474,9.239664278722657,median-range,5,10000189
0830-172041__NetHackChallenge-v0__exp2/NetHackChallenge-v0__option__grammar__n8__os0__max_episode_steps5000__discountprimitive__ent_coef0.01__exp2,0830-172041__NetHackChallenge-v0__exp2,NetHackChallenge-v0,option,grammar,0,10000000,5000,0,0.999,primitive,exp2,8,30313.56623727167,6.001605762942196,5.035805437311522,9.679041336319212,median-range,5,10000189
0830-172041__NetHackChallenge-v0__exp2/NetHackChallenge-v0__option__grammar__n8__os0__max_episode_steps5000__discountprimitive__ent_coef0.01__exp2,0830-172041__NetHackChallenge-v0__exp2,NetHackChallenge-v0,option,grammar,0,10000000,5000,0,0.999,primitive,exp2,8,31346.863353638924,6.042300988215703,4.799980410130203,9.567875272292147,median-range,5,10000189
0830-172041__NetHackChallenge-v0__exp2/NetHackChallenge-v0__option__grammar__n8__os0__max_episode_steps5000__discountprimitive__ent_coef0.01__exp2,0830-172041__NetHackChallenge-v0__exp2,NetHackChallenge-v0,option,grammar,0,10000000,5000,0,0.999,primitive,exp2,8,32415.382420546008,6.9415112895332305,4.411305119973554,9.452919895833212,median-range,5,10000189
0830-172041__NetHackChallenge-v0__exp2/NetHackChallenge-v0__option__grammar__n8__os0__max_episode_steps5000__discountprimitive__ent_coef0.01__exp2,0830-172041__NetHackChallenge-v0__exp2,NetHackChallenge-v0,option,grammar,0,10000000,5000,0,0.999,primitive,exp2,8,33520.3240469756,7.3104121751781586,4.790634200786145,9.706015158472445,median-range,5,10000189
0830-172041__NetHackChallenge-v0__exp2/NetHackChallenge-v0__option__grammar__n8__os0__max_episode_steps5000__discountprimitive__ent_coef0.01__exp2,0830-172041__NetHackChallenge-v0__exp2,NetHackChallenge-v0,option,grammar,0,10000000,5000,0,0.999,primitive,exp2,8,34662.92976701289,7.691887768080511,4.5516496099660335,10.621471254180209,median-range,5,10000189
0830-172041__NetHackChallenge-v0__exp2/NetHackChallenge-v0__option__grammar__n8__os0__max_episode_steps5000__discountprimitive__ent_coef0.01__exp2,0830-172041__NetHackChallenge-v0__exp2,NetHackChallenge-v0,option,grammar,0,10000000,5000,0,0.999,primitive,exp2,8,35844.483434857444,8.086366701699223,4.539813928958512,10.357622306553067,median-range,5,10000189
0830-172041__NetHackChallenge-v0__exp2/NetHackChallenge-v0__option__grammar__n8__os0__max_episode_steps5000__discountprimitive__ent_coef0.01__exp2,0830-172041__NetHackChallenge-v0__exp2,NetHackChallenge-v0,option,grammar,0,10000000,5000,0,0.999,primitive,exp2,8,37066.31266738676,8.079874376582985,4.52757480564534,9.662756111586207,median-range,5,10000189
0830-172041__NetHackChallenge-v0__exp2/NetHackChallenge-v0__option__grammar__n8__os0__max_episode_steps5000__discountprimitive__ent_coef0.01__exp2,0830-172041__NetHackChallenge-v0__exp2,NetHackChallenge-v0,option,grammar,0,10000000,5000,0,0.999,primitive,exp2,8,38329.79033589301,8.00966831519118,4.578292700634665,9.849037142738219,median-range,5,10000189
0830-172041__NetHackChallenge-v0__exp2/NetHackChallenge-v0__option__grammar__n8__os0__max_episode_steps5000__discountprimitive__ent_coef0.01__exp2,0830-172041__NetHackChallenge-v0__exp2,NetHackChallenge-v0,option,grammar,0,10000000,5000,0,0.999,primitive,exp2,8,39636.33610866801,7.453702153764467,4.637978752991562,10.041667926697833,median-range,5,10000189
0830-172041__NetHackChallenge-v0__exp2/NetHackChallenge-v0__option__grammar__n8__os0__max_episode_steps5000__discountprimitive__ent_coef0.01__exp2,0830-172041__NetHackChallenge-v0__exp2,NetHackChallenge-v0,option,grammar,0,10000000,5000,0,0.999,primitive,exp2,8,40987.418046170074,7.248715899482599,4.699699321027178,10.240864907192385,median-range,5,10000189
0830-172041__NetHackChallenge-v0__exp2/NetHackChallenge-v0__option__grammar__n8__os0__max_episode_steps5000__discountprimitive__ent_coef0.01__exp2,0830-172041__NetHackChallenge-v0__exp2,NetHackChallenge-v0,option,grammar,0,10000000,5000,0,0.999,primitive,exp2,8,42384.5542505661,7.161155659623948,4.512631375887714,10.021465776819293,median-range,5,10000189
0830-172041__NetHackChallenge-v0__exp2/NetHackChallenge-v0__option__grammar__n8__os0__max_episode_steps5000__discountprimitive__ent_coef0.01__exp2,0830-172041__NetHackChallenge-v0__exp2,NetHackChallenge-v0,option,grammar,0,10000000,5000,0,0.999,primitive,exp2,8,43829.31457150033,7.0706107579592254,4.659326840222148,9.588514396511037,median-range,5,10000189
0830-172041__NetHackChallenge-v0__exp2/NetHackChallenge-v0__option__grammar__n8__os0__max_episode_steps5000__discountprimitive__ent_coef0.01__exp2,0830-172041__NetHackChallenge-v0__exp2,NetHackChallenge-v0,option,grammar,0,10000000,5000,0,0.999,primitive,exp2,8,45323.322370008726,6.878942721748537,4.589775380040141,9.315692231128507,median-range,5,10000189
0830-172041__NetHackChallenge-v0__exp2/NetHackChallenge-v0__option__grammar__n8__os0__max_episode_steps5000__discountprimitive__ent_coef0.01__exp2,0830-172041__NetHackChallenge-v0__exp2,NetHackChallenge-v0,option,grammar,0,10000000,5000,0,0.999,primitive,exp2,8,46868.25634255898,6.493537669519871,4.7465884031983485,9.589523421186149,median-range,5,10000189
0830-172041__NetHackChallenge-v0__exp2/NetHackChallenge-v0__option__grammar__n8__os0__max_episode_steps5000__discountprimitive__ent_coef0.01__exp2,0830-172041__NetHackChallenge-v0__exp2,NetHackChallenge-v0,option,grammar,0,10000000,5000,0,0.999,primitive,exp2,8,48465.85240726699,6.679401233400276,5.395104866123836,9.978432707353274,median-range,5,10000189
0830-172041__NetHackChallenge-v0__exp2/NetHackChallenge-v0__option__grammar__n8__os0__max_episode_steps5000__discountprimitive__ent_coef0.01__exp2,0830-172041__NetHackChallenge-v0__exp2,NetHackChallenge-v0,option,grammar,0,10000000,5000,0,0.999,primitive,exp2,8,50117.90565440804,7.557825276474807,5.510414408479721,10.122226856161953,median-range,5,10000189
0830-172041__NetHackChallenge-v0__exp2/NetHackChallenge-v0__option__grammar__n8__os0__max_episode_steps5000__discountprimitive__ent_coef0.01__exp2,0830-172041__NetHackChallenge-v0__exp2,NetHackChallenge-v0,option,grammar,0,10000000,5000,0,0.999,primitive,exp2,8,51826.27236341622,7.496152923529237,5.46423754878573,10.006241151972112,median-range,5,10000189
0830-172041__NetHackChallenge-v0__exp2/NetHackChallenge-v0__option__grammar__n8__os0__max_episode_steps5000__discountprimitive__ent_coef0.01__exp2,0830-172041__NetHackChallenge-v0__exp2,NetHackChallenge-v0,option,grammar,0,10000000,5000,0,0.999,primitive,exp2,8,53592.87208863555,7.808483819177448,5.551964964681886,9.889374210234639,median-range,5,10000189
0830-172041__NetHackChallenge-v0__exp2/NetHackChallenge-v0__option__grammar__n8__os0__max_episode_steps5000__discountprimitive__ent_coef0.01__exp2,0830-172041__NetHackChallenge-v0__exp2,NetHackChallenge-v0,option,grammar,0,10000000,5000,0,0.999,primitive,exp2,8,55419.68981616963,7.698580607957789,6.617168336240306,9.667046527516222,median-range,5,10000189
0830-172041__NetHackChallenge-v0__exp2/NetHackChallenge-v0__option__grammar__n8__os0__max_episode_steps5000__discountprimitive__ent_coef0.01__exp2,0830-172041__NetHackChallenge-v0__exp2,NetHackChallenge-v0,option,grammar,0,10000000,5000,0,0.999,primitive,exp2,8,57308.778194250655,7.872561087749856,6.370444776271216,9.59918252361038,median-range,5,10000189
0830-172041__NetHackChallenge-v0__exp2/NetHackChallenge-v0__option__grammar__n8__os0__max_episode_steps5000__discountprimitive__ent_coef0.01__exp2,0830-172041__NetHackChallenge-v0__exp2,NetHackChallenge-v0,option,grammar,0,10000000,5000,0,0.999,primitive,exp2,8,59262.259839634906,7.824458722256036,6.238910119543096,9.508174105371886,median-range,5,10000189
0830-172041__NetHackChallenge-v0__exp2/NetHackChallenge-v0__option__grammar__n8__os0__max_episode_steps5000__discountprimitive__ent_coef0.01__exp2,0830-172041__NetHackChallenge-v0__exp2,NetHackChallenge-v0,option,grammar,0,10000000,5000,0,0.999,primitive,exp2,8,61282.329722617214,8.012935905170073,6.0,9.860741714830928,median-range,5,10000189
0830-172041__NetHackChallenge-v0__exp2/NetHackChallenge-v0__option__grammar__n8__os0__max_episode_steps5000__discountprimitive__ent_coef0.01__exp2,0830-172041__NetHackChallenge-v0__exp2,NetHackChallenge-v0,option,grammar,0,10000000,5000,0,0.999,primitive,exp2,8,63371.25763334235,9.039934687166548,6.0,9.923193087288837,median-range,5,10000189
0830-172041__NetHackChallenge-v0__exp2/NetHackChallenge-v0__option__grammar__n8__os0__max_episode_steps5000__discountprimitive__ent_coef0.01__exp2,0830-172041__NetHackChallenge-v0__exp2,NetHackChallenge-v0,option,grammar,0,10000000,5000,0,0.999,primitive,exp2,8,65531.39073218531,9.030215398104227,7.527171580500009,10.13297600514297,median-range,5,10000189
0830-172041__NetHackChallenge-v0__exp2/NetHackChallenge-v0__option__grammar__n8__os0__max_episode_steps5000__discountprimitive__ent_coef0.01__exp2,0830-172041__NetHackChallenge-v0__exp2,NetHackChallenge-v0,option,grammar,0,10000000,5000,0,0.999,primitive,exp2,8,67765.15618706758,9.17262081242628,7.255394655176759,10.349909783518928,median-range,5,10000189
0830-172041__NetHackChallenge-v0__exp2/NetHackChallenge-v0__option__grammar__n8__os0__max_episode_steps5000__discountprimitive__ent_coef0.01__exp2,0830-172041__NetHackChallenge-v0__exp2,NetHackChallenge-v0,option,grammar,0,10000000,5000,0,0.999,primitive,exp2,8,70075.06390067021,9.229896487179424,7.275897636444887,9.683194951521186,median-range,5,10000189
0830-172041__NetHackChallenge-v0__exp2/NetHackChallenge-v0__option__grammar__n8__os0__max_episode_steps5000__discountprimitive__ent_coef0.01__exp2,0830-172041__NetHackChallenge-v0__exp2,NetHackChallenge-v0,option,grammar,0,10000000,5000,0,0.999,primitive,exp2,8,72463.70933060927,9.276392825589326,7.429427174081628,9.992190739581877,median-range,5,10000189
0830-172041__NetHackChallenge-v0__exp2/NetHackChallenge-v0__option__grammar__n8__os0__max_episode_steps5000__discountprimitive__ent_coef0.01__exp2,0830-172041__NetHackChallenge-v0__exp2,NetHackChallenge-v0,option,grammar,0,10000000,5000,0,0.999,primitive,exp2,8,74933.77640574377,9.153605280884245,7.357841654731009,9.882761712207639,median-range,5,10000189
0830-172041__NetHackChallenge-v0__exp2/NetHackChallenge-v0__option__grammar__n8__os0__max_episode_steps5000__discountprimitive__ent_coef0.01__exp2,0830-172041__NetHackChallenge-v0__exp2,NetHackChallenge-v0,option,grammar,0,10000000,5000,0,0.999,primitive,exp2,8,77488.04054189041,9.294536765214788,7.204069645378045,9.558720059053492,median-range,5,10000189
0830-172041__NetHackChallenge-v0__exp2/NetHackChallenge-v0__option__grammar__n8__os0__max_episode_steps5000__discountprimitive__ent_coef0.01__exp2,0830-172041__NetHackChallenge-v0__exp2,NetHackChallenge-v0,option,grammar,0,10000000,5000,0,0.999,primitive,exp2,8,80129.3717603347,9.207087466627817,7.014692820918733,9.964611421529561,median-range,5,10000189
0830-172041__NetHackChallenge-v0__exp2/NetHackChallenge-v0__option__grammar__n8__os0__max_episode_steps5000__discountprimitive__ent_coef0.01__exp2,0830-172041__NetHackChallenge-v0__exp2,NetHackChallenge-v0,option,grammar,0,10000000,5000,0,0.999,primitive,exp2,8,82860.73791264412,9.068590443445753,6.999874829034321,9.864945816481033,median-range,5,10000189
0830-172041__NetHackChallenge-v0__exp2/NetHackChallenge-v0__option__grammar__n8__os0__max_episode_steps5000__discountprimitive__ent_coef0.01__exp2,0830-172041__NetHackChallenge-v0__exp2,NetHackChallenge-v0,option,grammar,0,10000000,5000,0,0.999,primitive,exp2,8,85685.20801540396,8.88030116467281,6.767798074035304,10.133457052304625,median-range,5,10000189
0830-172041__NetHackChallenge-v0__exp2/NetHackChallenge-v0__option__grammar__n8__os0__max_episode_steps5000__discountprimitive__ent_coef0.01__exp2,0830-172041__NetHackChallenge-v0__exp2,NetHackChallenge-v0,option,grammar,0,10000000,5000,0,0.999,primitive,exp2,8,88605.9556986239,8.59262532439476,6.773643706004365,9.883843624524198,median-range,5,10000189
0830-172041__NetHackChallenge-v0__exp2/NetHackChallenge-v0__option__grammar__n8__os0__max_episode_steps5000__discountprimitive__ent_coef0.01__exp2,0830-172041__NetHackChallenge-v0__exp2,NetHackChallenge-v0,option,grammar,0,10000000,5000,0,0.999,primitive,exp2,8,91626.26277169229,8.219758804133692,6.761837404352074,9.755524276129862,median-range,5,10000189
0830-172041__NetHackChallenge-v0__exp2/NetHackChallenge-v0__option__grammar__n8__os0__max_episode_steps5000__discountprimitive__ent_coef0.01__exp2,0830-172041__NetHackChallenge-v0__exp2,NetHackChallenge-v0,option,grammar,0,10000000,5000,0,0.999,primitive,exp2,8,94749.52291088003,8.216736622241603,6.778014139812897,9.641827452818232,median-range,5,10000189
0830-172041__NetHackChallenge-v0__exp2/NetHackChallenge-v0__option__grammar__n8__os0__max_episode_steps5000__discountprimitive__ent_coef0.01__exp2,0830-172041__NetHackChallenge-v0__exp2,NetHackChallenge-v0,option,grammar,0,10000000,5000,0,0.999,primitive,exp2,8,97979.24547254315,8.380768504207525,7.567802184668295,9.572066942103275,median-range,5,10000189
0830-172041__NetHackChallenge-v0__exp2/NetHackChallenge-v0__option__grammar__n8__os0__max_episode_steps5000__discountprimitive__ent_coef0.01__exp2,0830-172041__NetHackChallenge-v0__exp2,NetHackChallenge-v0,option,grammar,0,10000000,5000,0,0.999,primitive,exp2,8,101319.05943630364,7.894907776724845,7.434022876385499,9.419940369422662,median-range,5,10000189
0830-172041__NetHackChallenge-v0__exp2/NetHackChallenge-v0__option__grammar__n8__os0__max_episode_steps5000__discountprimitive__ent_coef0.01__exp2,0830-172041__NetHackChallenge-v0__exp2,NetHackChallenge-v0,option,grammar,0,10000000,5000,0,0.999,primitive,exp2,8,104772.71748264258,8.047256196265613,7.497871691914193,9.37219469834818,median-range,5,10000189
0830-172041__NetHackChallenge-v0__exp2/NetHackChallenge-v0__option__grammar__n8__os0__max_episode_steps5000__discountprimitive__ent_coef0.01__exp2,0830-172041__NetHackChallenge-v0__exp2,NetHackChallenge-v0,option,grammar,0,10000000,5000,0,0.999,primitive,exp2,8,108344.10020948468,8.462576355275889,7.8802018641995835,10.398775623218405,median-range,5,10000189
0830-172041__NetHackChallenge-v0__exp2/NetHackChallenge-v0__option__grammar__n8__os0__max_episode_steps5000__discountprimitive__ent_coef0.01__exp2,0830-172041__NetHackChallenge-v0__exp2,NetHackChallenge-v0,option,grammar,0,10000000,5000,0,0.999,primitive,exp2,8,112037.22049251571,8.25633108999372,7.7169941565580435,10.391078246688506,median-range,5,10000189
0830-172041__NetHackChallenge-v0__exp2/NetHackChallenge-v0__option__grammar__n8__os0__max_episode_steps5000__discountprimitive__ent_coef0.01__exp2,0830-172041__NetHackChallenge-v0__exp2,NetHackChallenge-v0,option,grammar,0,10000000,5000,0,0.999,primitive,exp2,8,115856.22799412659,8.596359582545766,7.520704496848707,10.448037963941001,median-range,5,10000189
0830-172041__NetHackChallenge-v0__exp2/NetHackChallenge-v0__option__grammar__n8__os0__max_episode_steps5000__discountprimitive__ent_coef0.01__exp2,0830-172041__NetHackChallenge-v0__exp2,NetHackChallenge-v0,option,grammar,0,10000000,5000,0,0.999,primitive,exp2,8,119805.41382605705,8.328963163159875,7.77419549358565,10.317396127988017,median-range,5,10000189
0830-172041__NetHackChallenge-v0__exp2/NetHackChallenge-v0__option__grammar__n8__os0__max_episode_steps5000__discountprimitive__ent_coef0.01__exp2,0830-172041__NetHackChallenge-v0__exp2,NetHackChallenge-v0,option,grammar,0,10000000,5000,0,0.999,primitive,exp2,8,123889.2153709722,8.334637105436645,7.934519834479359,10.703548096414908,median-range,5,10000189
0830-172041__NetHackChallenge-v0__exp2/NetHackChallenge-v0__option__grammar__n8__os0__max_episode_steps5000__discountprimitive__ent_coef0.01__exp2,0830-172041__NetHackChallenge-v0__exp2,NetHackChallenge-v0,option,grammar,0,10000000,5000,0,0.999,primitive,exp2,8,128112.22126839212,9.023233972867466,8.309821007252234,10.103016219837494,median-range,5,10000189
0830-172041__NetHackChallenge-v0__exp2/NetHackChallenge-v0__option__grammar__n8__os0__max_episode_steps5000__discountprimitive__ent_coef0.01__exp2,0830-172041__NetHackChallenge-v0__exp2,NetHackChallenge-v0,option,grammar,0,10000000,5000,0,0.999,primitive,exp2,8,132479.17657057857,9.083038669214229,8.117017443485294,10.091784064591035,median-range,5,10000189
0830-172041__NetHackChallenge-v0__exp2/NetHackChallenge-v0__option__grammar__n8__os0__max_episode_steps5000__discountprimitive__ent_coef0.01__exp2,0830-172041__NetHackChallenge-v0__exp2,NetHackChallenge-v0,option,grammar,0,10000000,5000,0,0.999,primitive,exp2,8,136994.98807416816,9.1881555461068,8.261666286128658,9.885080023846696,median-range,5,10000189
0830-172041__NetHackChallenge-v0__exp2/NetHackChallenge-v0__option__grammar__n8__os0__max_episode_steps5000__discountprimitive__ent_coef0.01__exp2,0830-172041__NetHackChallenge-v0__exp2,NetHackChallenge-v0,option,grammar,0,10000000,5000,0,0.999,primitive,exp2,8,141664.72983354438,9.595271043625843,7.79517782627306,9.924756987979373,median-range,5,10000189
0830-172041__NetHackChallenge-v0__exp2/NetHackChallenge-v0__option__grammar__n8__os0__max_episode_steps5000__discountprimitive__ent_coef0.01__exp2,0830-172041__NetHackChallenge-v0__exp2,NetHackChallenge-v0,option,grammar,0,10000000,5000,0,0.999,primitive,exp2,8,146493.64886214636,9.606588435921347,7.679160808559457,10.163890927084008,median-range,5,10000189
0830-172041__NetHackChallenge-v0__exp2/NetHackChallenge-v0__option__grammar__n8__os0__max_episode_steps5000__discountprimitive__ent_coef0.01__exp2,0830-172041__NetHackChallenge-v0__exp2,NetHackChallenge-v0,option,grammar,0,10000000,5000,0,0.999,primitive,exp2,8,151487.17102811526,9.76567562429325,7.54766627753514,10.00145965058612,median-range,5,10000189
0830-172041__NetHackChallenge-v0__exp2/NetHackChallenge-v0__option__grammar__n8__os0__max_episode_steps5000__discountprimitive__ent_coef0.01__exp2,0830-172041__NetHackChallenge-v0__exp2,NetHackChallenge-v0,option,grammar,0,10000000,5000,0,0.999,primitive,exp2,8,156650.9071509052,9.762424330047532,7.594926879063127,10.137149127640015,median-range,5,10000189
0830-172041__NetHackChallenge-v0__exp2/NetHackChallenge-v0__option__grammar__n8__os0__max_episode_steps5000__discountprimitive__ent_coef0.01__exp2,0830-172041__NetHackChallenge-v0__exp2,NetHackChallenge-v0,option,grammar,0,10000000,5000,0,0.999,primitive,exp2,8,161990.65930571218,9.752694666523622,7.72,10.551353720394557,median-range,5,10000189
0830-172041__NetHackChallenge-v0__exp2/NetHackChallenge-v0__option__grammar__n8__os0__max_episode_steps5000__discountprimitive__ent_coef0.01__exp2,0830-172041__NetHackChallenge-v0__exp2,NetHackChallenge-v0,option,grammar,0,10000000,5000,0,0.999,primitive,exp2,8,167512.42734279708,9.850515071486202,8.183696727753663,10.978569717471327,median-range,5,10000189
0830-172041__NetHackChallenge-v0__exp2/NetHackChallenge-v0__option__grammar__n8__os0__max_episode_steps5000__discountprimitive__ent_coef0.01__exp2,0830-172041__NetHackChallenge-v0__exp2,NetHackChallenge-v0,option,grammar,0,10000000,5000,0,0.999,primitive,exp2,8,173222.41562903742,9.839866299834888,8.43847248427443,11.674517624567896,median-range,5,10000189
0830-172041__NetHackChallenge-v0__exp2/NetHackChallenge-v0__option__grammar__n8__os0__max_episode_steps5000__discountprimitive__ent_coef0.01__exp2,0830-172041__NetHackChallenge-v0__exp2,NetHackChallenge-v0,option,grammar,0,10000000,5000,0,0.999,primitive,exp2,8,179127.04001927428,9.469868096439528,8.138546150869852,11.463997660013876,median-range,5,10000189
0830-172041__NetHackChallenge-v0__exp2/NetHackChallenge-v0__option__grammar__n8__os0__max_episode_steps5000__discountprimitive__ent_coef0.01__exp2,0830-172041__NetHackChallenge-v0__exp2,NetHackChallenge-v0,option,grammar,0,10000000,5000,0,0.999,primitive,exp2,8,185232.9350652934,9.3,7.96,11.468127085985694,median-range,5,10000189
0830-172041__NetHackChallenge-v0__exp2/NetHackChallenge-v0__option__grammar__n8__os0__max_episode_steps5000__discountprimitive__ent_coef0.01__exp2,0830-172041__NetHackChallenge-v0__exp2,NetHackChallenge-v0,option,grammar,0,10000000,5000,0,0.999,primitive,exp2,8,191546.96147053625,9.29853975875802,7.978118926804616,11.485552821961894,median-range,5,10000189
0830-172041__NetHackChallenge-v0__exp2/NetHackChallenge-v0__option__grammar__n8__os0__max_episode_steps5000__discountprimitive__ent_coef0.01__exp2,0830-172041__NetHackChallenge-v0__exp2,NetHackChallenge-v0,option,grammar,0,10000000,5000,0,0.999,primitive,exp2,8,198076.2137989235,9.288696424064106,8.183450271135694,11.47163200081635,median-range,5,10000189
0830-172041__NetHackChallenge-v0__exp2/NetHackChallenge-v0__option__grammar__n8__os0__max_episode_steps5000__discountprimitive__ent_coef0.01__exp2,0830-172041__NetHackChallenge-v0__exp2,NetHackChallenge-v0,option,grammar,0,10000000,5000,0,0.999,primitive,exp2,8,204828.0284464433,8.941354726845624,7.878633594997977,11.31,median-range,5,10000189
0830-172041__NetHackChallenge-v0__exp2/NetHackChallenge-v0__option__grammar__n8__os0__max_episode_steps5000__discountprimitive__ent_coef0.01__exp2,0830-172041__NetHackChallenge-v0__exp2,NetHackChallenge-v0,option,grammar,0,10000000,5000,0,0.999,primitive,exp2,8,211809.99188447226,9.10554612343509,8.079999360982066,11.083793803062736,median-range,5,10000189
0830-172041__NetHackChallenge-v0__exp2/NetHackChallenge-v0__option__grammar__n8__os0__max_episode_steps5000__discountprimitive__ent_coef0.01__exp2,0830-172041__NetHackChallenge-v0__exp2,NetHackChallenge-v0,option,grammar,0,10000000,5000,0,0.999,primitive,exp2,8,219029.94918408213,8.65487245173922,8.310637735123183,11.140815196249443,median-range,5,10000189
0830-172041__NetHackChallenge-v0__exp2/NetHackChallenge-v0__option__grammar__n8__os0__max_episode_steps5000__discountprimitive__ent_coef0.01__exp2,0830-172041__NetHackChallenge-v0__exp2,NetHackChallenge-v0,option,grammar,0,10000000,5000,0,0.999,primitive,exp2,8,226496.01283091627,8.73,8.247154622236039,10.367398917312538,median-range,5,10000189
0830-172041__NetHackChallenge-v0__exp2/NetHackChallenge-v0__option__grammar__n8__os0__max_episode_steps5000__discountprimitive__ent_coef0.01__exp2,0830-172041__NetHackChallenge-v0__exp2,NetHackChallenge-v0,option,grammar,0,10000000,5000,0,0.999,primitive,exp2,8,234216.57184053582,8.490714927671176,8.145567046232921,10.685735651680915,median-range,5,10000189
0830-172041__NetHackChallenge-v0__exp2/NetHackChallenge-v0__option__grammar__n8__os0__max_episode_steps5000__discountprimitive__ent_coef0.01__exp2,0830-172041__NetHackChallenge-v0__exp2,NetHackChallenge-v0,option,grammar,0,10000000,5000,0,0.999,primitive,exp2,8,242200.3011844854,8.871945582730184,8.660843027932437,11.153287230398949,median-range,5,10000189
0830-172041__NetHackChallenge-v0__exp2/NetHackChallenge-v0__option__grammar__n8__os0__max_episode_steps5000__discountprimitive__ent_coef0.01__exp2,0830-172041__NetHackChallenge-v0__exp2,NetHackChallenge-v0,option,grammar,0,10000000,5000,0,0.999,primitive,exp2,8,250456.1715376575,8.830861085298375,8.58,11.273166991871193,median-range,5,10000189
0830-172041__NetHackChallenge-v0__exp2/NetHackChallenge-v0__option__grammar__n8__os0__max_episode_steps5000__discountprimitive__ent_coef0.01__exp2,0830-172041__NetHackChallenge-v0__exp2,NetHackChallenge-v0,option,grammar,0,10000000,5000,0,0.999,primitive,exp2,8,258993.45935792214,8.704784259079373,8.086805670602955,11.31,median-range,5,10000189
0830-172041__NetHackChallenge-v0__exp2/NetHackChallenge-v0__option__grammar__n8__os0__max_episode_steps5000__discountprimitive__ent_coef0.01__exp2,0830-172041__NetHackChallenge-v0__exp2,NetHackChallenge-v0,option,grammar,0,10000000,5000,0,0.999,primitive,exp2,8,267821.75730933546,8.66481842347871,8.07,11.729083194359719,median-range,5,10000189
0830-172041__NetHackChallenge-v0__exp2/NetHackChallenge-v0__option__grammar__n8__os0__max_episode_steps5000__discountprimitive__ent_coef0.01__exp2,0830-172041__NetHackChallenge-v0__exp2,NetHackChallenge-v0,option,grammar,0,10000000,5000,0,0.999,primitive,exp2,8,276950.98504064366,8.428530717775018,7.18463188250909,11.77,median-range,5,10000189
0830-172041__NetHackChallenge-v0__exp2/NetHackChallenge-v0__option__grammar__n8__os0__max_episode_steps5000__discountprimitive__ent_coef0.01__exp2,0830-172041__NetHackChallenge-v0__exp2,NetHackChallenge-v0,option,grammar,0,10000000,5000,0,0.999,primitive,exp2,8,286391.4003311979,8.243321034371801,7.13,11.914545143898085,median-range,5,10000189
0830-172041__NetHackChallenge-v0__exp2/NetHackChallenge-v0__option__grammar__n8__os0__max_episode_steps5000__discountprimitive__ent_coef0.01__exp2,0830-172041__NetHackChallenge-v0__exp2,NetHackChallenge-v0,option,grammar,0,10000000,5000,0,0.999,primitive,exp2,8,296153.6106167951,8.374301854205738,7.12,10.91,median-range,5,10000189
0830-172041__NetHackChallenge-v0__exp2/NetHackChallenge-v0__option__grammar__n8__os0__max_episode_steps5000__discountprimitive__ent_coef0.01__exp2,0830-172041__NetHackChallenge-v0__exp2,NetHackChallenge-v0,option,grammar,0,10000000,5000,0,0.999,primitive,exp2,8,306248.58490839886,8.368446844689029,7.81,10.357456661781592,median-range,5,10000189
0830-172041__NetHackChallenge-v0__exp2/NetHackChallenge-v0__option__grammar__n8__os0__max_episode_steps5000__discountprimitive__ent_coef0.01__exp2,0830-172041__NetHackChallenge-v0__exp2,NetHackChallenge-v0,option,grammar,0,10000000,5000,0,0.999,primitive,exp2,8,316687.666117139,7.87,7.48980165272155,10.334855191926307,median-range,5,10000189
0830-172041__NetHackChallenge-v0__exp2/NetHackChallenge-v0__option__grammar__n8__os0__max_episode_steps5000__discountprimitive__ent_coef0.01__exp2,0830-172041__NetHackChallenge-v0__exp2,NetHackChallenge-v0,option,grammar,0,10000000,5000,0,0.999,primitive,exp2,8,327482.58379942714,8.248007887954437,7.505049273476932,10.359271196766413,median-range,5,10000189
0830-172041__NetHackChallenge-v0__exp2/NetHackChallenge-v0__option__grammar__n8__os0__max_episode_steps5000__discountprimitive__ent_coef0.01__exp2,0830-172041__NetHackChallenge-v0__exp2,NetHackChallenge-v0,option,grammar,0,10000000,5000,0,0.999,primitive,exp2,8,338645.4673365145,8.05637951664476,6.870697173993983,9.703264064375402,median-range,5,10000189
0830-172041__NetHackChallenge-v0__exp2/NetHackChallenge-v0__option__grammar__n8__os0__max_episode_steps5000__discountprimitive__ent_coef0.01__exp2,0830-172041__NetHackChallenge-v0__exp2,NetHackChallenge-v0,option,grammar,0,10000000,5000,0,0.999,primitive,exp2,8,350188.8595633071,7.93,6.5054311439505685,10.621980071069919,median-range,5,10000189
0830-172041__NetHackChallenge-v0__exp2/NetHackChallenge-v0__option__grammar__n8__os0__max_episode_steps5000__discountprimitive__ent_coef0.01__exp2,0830-172041__NetHackChallenge-v0__exp2,NetHackChallenge-v0,option,grammar,0,10000000,5000,0,0.999,primitive,exp2,8,362125.7308617357,8.51025987761968,6.977140195474438,10.88497623986555,median-range,5,10000189
0830-172041__NetHackChallenge-v0__exp2/NetHackChallenge-v0__option__grammar__n8__os0__max_episode_steps5000__discountprimitive__ent_coef0.01__exp2,0830-172041__NetHackChallenge-v0__exp2,NetHackChallenge-v0,option,grammar,0,10000000,5000,0,0.999,primitive,exp2,8,374469.49373453634,8.488828425878049,7.0553253498078305,11.16,median-range,5,10000189
0830-172041__NetHackChallenge-v0__exp2/NetHackChallenge-v0__option__grammar__n8__os0__max_episode_steps5000__discountprimitive__ent_coef0.01__exp2,0830-172041__NetHackChallenge-v0__exp2,NetHackChallenge-v0,option,grammar,0,10000000,5000,0,0.999,primitive,exp2,8,387234.01787579845,8.0,7.309006979050734,10.657354549617924,median-range,5,10000189
0830-172041__NetHackChallenge-v0__exp2/NetHackChallenge-v0__option__grammar__n8__os0__max_episode_steps5000__discountprimitive__ent_coef0.01__exp2,0830-172041__NetHackChallenge-v0__exp2,NetHackChallenge-v0,option,grammar,0,10000000,5000,0,0.999,primitive,exp2,8,400433.64575522696,7.740003482080102,7.048233564619218,10.51831125693074,median-range,5,10000189
0830-172041__NetHackChallenge-v0__exp2/NetHackChallenge-v0__option__grammar__n8__os0__max_episode_steps5000__discountprimitive__ent_coef0.01__exp2,0830-172041__NetHackChallenge-v0__exp2,NetHackChallenge-v0,option,grammar,0,10000000,5000,0,0.999,primitive,exp2,8,414083.2087336192,8.087536708140476,7.253793646632442,9.955273599009443,median-range,5,10000189
0830-172041__NetHackChallenge-v0__exp2/NetHackChallenge-v0__option__grammar__n8__os0__max_episode_steps5000__discountprimitive__ent_coef0.01__exp2,0830-172041__NetHackChallenge-v0__exp2,NetHackChallenge-v0,option,grammar,0,10000000,5000,0,0.999,primitive,exp2,8,428198.0437276785,8.3649929849143,7.680675683532733,10.105133708259872,median-range,5,10000189
0830-172041__NetHackChallenge-v0__exp2/NetHackChallenge-v0__option__grammar__n8__os0__max_episode_steps5000__discountprimitive__ent_coef0.01__exp2,0830-172041__NetHackChallenge-v0__exp2,NetHackChallenge-v0,option,grammar,0,10000000,5000,0,0.999,primitive,exp2,8,442794.01044286805,8.210040455329121,7.830819576495783,9.803311922435457,median-range,5,10000189
0830-172041__NetHackChallenge-v0__exp2/NetHackChallenge-v0__option__grammar__n8__os0__max_episode_steps5000__discountprimitive__ent_coef0.01__exp2,0830-172041__NetHackChallenge-v0__exp2,NetHackChallenge-v0,option,grammar,0,10000000,5000,0,0.999,primitive,exp2,8,457887.50919369294,8.73,8.092341890543269,9.44782735417243,median-range,5,10000189
0830-172041__NetHackChallenge-v0__exp2/NetHackChallenge-v0__option__grammar__n8__os0__max_episode_steps5000__discountprimitive__ent_coef0.01__exp2,0830-172041__NetHackChallenge-v0__exp2,NetHackChallenge-v0,option,grammar,0,10000000,5000,0,0.999,primitive,exp2,8,473495.49933141196,8.88,8.32,10.023558400343948,median-range,5,10000189
0830-172041__NetHackChallenge-v0__exp2/NetHackChallenge-v0__option__grammar__n8__os0__max_episode_steps5000__discountprimitive__ent_coef0.01__exp2,0830-172041__NetHackChallenge-v0__exp2,NetHackChallenge-v0,option,grammar,0,10000000,5000,0,0.999,primitive,exp2,8,489635.518299899,9.491102950832614,7.330682374689619,9.835439098283747,median-range,5,10000189
0830-172041__NetHackChallenge-v0__exp2/NetHackChallenge-v0__option__grammar__n8__os0__max_episode_steps5000__discountprimitive__ent_coef0.01__exp2,0830-172041__NetHackChallenge-v0__exp2,NetHackChallenge-v0,option,grammar,0,10000000,5000,0,0.999,primitive,exp2,8,506325.7013410551,9.077111342739375,7.590053690948027,10.345478030120626,median-range,5,10000189
0830-172041__NetHackChallenge-v0__exp2/NetHackChallenge-v0__option__grammar__n8__os0__max_episode_steps5000__discountprimitive__ent_coef0.01__exp2,0830-172041__NetHackChallenge-v0__exp2,NetHackChallenge-v0,option,grammar,0,10000000,5000,0,0.999,primitive,exp2,8,523584.8018719289,9.12863557644526,8.23501735523486,10.732277331664298,median-range,5,10000189
0830-172041__NetHackChallenge-v0__exp2/NetHackChallenge-v0__option__grammar__n8__os0__max_episode_steps5000__discountprimitive__ent_coef0.01__exp2,0830-172041__NetHackChallenge-v0__exp2,NetHackChallenge-v0,option,grammar,0,10000000,5000,0,0.999,primitive,exp2,8,541432.2125564158,8.839683359310731,8.457919444757655,10.597050613020489,median-range,5,10000189
0830-172041__NetHackChallenge-v0__exp2/NetHackChallenge-v0__option__grammar__n8__os0__max_episode_steps5000__discountprimitive__ent_coef0.01__exp2,0830-172041__NetHackChallenge-v0__exp2,NetHackChallenge-v0,option,grammar,0,10000000,5000,0,0.999,primitive,exp2,8,559887.987095243,9.125692652117076,8.04434265470252,10.89192691240869,median-range,5,10000189
0830-172041__NetHackChallenge-v0__exp2/NetHackChallenge-v0__option__grammar__n8__os0__max_episode_steps5000__discountprimitive__ent_coef0.01__exp2,0830-172041__NetHackChallenge-v0__exp2,NetHackChallenge-v0,option,grammar,0,10000000,5000,0,0.999,primitive,exp2,8,578972.8627586974,9.750918557730401,8.92036672284315,9.968848929562444,median-range,5,10000189
0830-172041__NetHackChallenge-v0__exp2/NetHackChallenge-v0__option__grammar__n8__os0__max_episode_steps5000__discountprimitive__ent_coef0.01__exp2,0830-172041__NetHackChallenge-v0__exp2,NetHackChallenge-v0,option,grammar,0,10000000,5000,0,0.999,primitive,exp2,8,598708.2836874261,9.84,8.646784210654427,10.733669865210562,median-range,5,10000189
0830-172041__NetHackChallenge-v0__exp2/NetHackChallenge-v0__option__grammar__n8__os0__max_episode_steps5000__discountprimitive__ent_coef0.01__exp2,0830-172041__NetHackChallenge-v0__exp2,NetHackChallenge-v0,option,grammar,0,10000000,5000,0,0.999,primitive,exp2,8,619116.4249875005,9.937999892328342,8.754886580570181,11.078630479596274,median-range,5,10000189
0830-172041__NetHackChallenge-v0__exp2/NetHackChallenge-v0__option__grammar__n8__os0__max_episode_steps5000__discountprimitive__ent_coef0.01__exp2,0830-172041__NetHackChallenge-v0__exp2,NetHackChallenge-v0,option,grammar,0,10000000,5000,0,0.999,primitive,exp2,8,640220.217646797,9.576924167804627,7.69,10.5,median-range,5,10000189
0830-172041__NetHackChallenge-v0__exp2/NetHackChallenge-v0__option__grammar__n8__os0__max_episode_steps5000__discountprimitive__ent_coef0.01__exp2,0830-172041__NetHackChallenge-v0__exp2,NetHackChallenge-v0,option,grammar,0,10000000,5000,0,0.999,primitive,exp2,8,662043.3743007003,9.662578477000796,8.461004589460865,10.66421771007528,median-range,5,10000189
0830-172041__NetHackChallenge-v0__exp2/NetHackChallenge-v0__option__grammar__n8__os0__max_episode_steps5000__discountprimitive__ent_coef0.01__exp2,0830-172041__NetHackChallenge-v0__exp2,NetHackChallenge-v0,option,grammar,0,10000000,5000,0,0.999,primitive,exp2,8,684610.415876094,9.157162561216088,7.911904931767531,10.486265852494846,median-range,5,10000189
0830-172041__NetHackChallenge-v0__exp2/NetHackChallenge-v0__option__grammar__n8__os0__max_episode_steps5000__discountprimitive__ent_coef0.01__exp2,0830-172041__NetHackChallenge-v0__exp2,NetHackChallenge-v0,option,grammar,0,10000000,5000,0,0.999,primitive,exp2,8,707946.6991435513,9.016119806944609,8.865696572596859,9.720914508850282,median-range,5,10000189
0830-172041__NetHackChallenge-v0__exp2/NetHackChallenge-v0__option__grammar__n8__os0__max_episode_steps5000__discountprimitive__ent_coef0.01__exp2,0830-172041__NetHackChallenge-v0__exp2,NetHackChallenge-v0,option,grammar,0,10000000,5000,0,0.999,primitive,exp2,8,732078.4452086949,9.527667612184866,8.67,10.552167339547465,median-range,5,10000189
0830-172041__NetHackChallenge-v0__exp2/NetHackChallenge-v0__option__grammar__n8__os0__max_episode_steps5000__discountprimitive__ent_coef0.01__exp2,0830-172041__NetHackChallenge-v0__exp2,NetHackChallenge-v0,option,grammar,0,10000000,5000,0,0.999,primitive,exp2,8,757032.768974756,8.658534085933418,8.274638466699619,11.067221678494489,median-range,5,10000189
0830-172041__NetHackChallenge-v0__exp2/NetHackChallenge-v0__option__grammar__n8__os0__max_episode_steps5000__discountprimitive__ent_coef0.01__exp2,0830-172041__NetHackChallenge-v0__exp2,NetHackChallenge-v0,option,grammar,0,10000000,5000,0,0.999,primitive,exp2,8,782837.7096093997,9.837262204525663,8.543959161400736,11.779060162400295,median-range,5,10000189
0830-172041__NetHackChallenge-v0__exp2/NetHackChallenge-v0__option__grammar__n8__os0__max_episode_steps5000__discountprimitive__ent_coef0.01__exp2,0830-172041__NetHackChallenge-v0__exp2,NetHackChallenge-v0,option,grammar,0,10000000,5000,0,0.999,primitive,exp2,8,809522.2620500941,9.241453421592327,8.692187583879011,13.073975344426945,median-range,5,10000189
0830-172041__NetHackChallenge-v0__exp2/NetHackChallenge-v0__option__grammar__n8__os0__max_episode_steps5000__discountprimitive__ent_coef0.01__exp2,0830-172041__NetHackChallenge-v0__exp2,NetHackChallenge-v0,option,grammar,0,10000000,5000,0,0.999,primitive,exp2,8,837116.409583385,9.032079102030488,7.8971254717618775,13.725086895500695,median-range,5,10000189
0830-172041__NetHackChallenge-v0__exp2/NetHackChallenge-v0__option__grammar__n8__os0__max_episode_steps5000__discountprimitive__ent_coef0.01__exp2,0830-172041__NetHackChallenge-v0__exp2,NetHackChallenge-v0,option,grammar,0,10000000,5000,0,0.999,primitive,exp2,8,865651.1575347079,9.377747373358245,7.349535787149127,14.323898290683939,median-range,5,10000189
0830-172041__NetHackChallenge-v0__exp2/NetHackChallenge-v0__option__grammar__n8__os0__max_episode_steps5000__discountprimitive__ent_coef0.01__exp2,0830-172041__NetHackChallenge-v0__exp2,NetHackChallenge-v0,option,grammar,0,10000000,5000,0,0.999,primitive,exp2,8,895158.5681065726,9.806999151916974,7.419483787151908,13.929908537152347,median-range,5,10000189
0830-172041__NetHackChallenge-v0__exp2/NetHackChallenge-v0__option__grammar__n8__os0__max_episode_steps5000__discountprimitive__ent_coef0.01__exp2,0830-172041__NetHackChallenge-v0__exp2,NetHackChallenge-v0,option,grammar,0,10000000,5000,0,0.999,primitive,exp2,8,925671.7964042957,9.76578973872045,5.67941915975885,15.727074258597526,median-range,5,10000189
0830-172041__NetHackChallenge-v0__exp2/NetHackChallenge-v0__option__grammar__n8__os0__max_episode_steps5000__discountprimitive__ent_coef0.01__exp2,0830-172041__NetHackChallenge-v0__exp2,NetHackChallenge-v0,option,grammar,0,10000000,5000,0,0.999,primitive,exp2,8,957225.1276897124,10.235371561670087,5.973792093110107,13.743683825606949,median-range,5,10000189
0830-172041__NetHackChallenge-v0__exp2/NetHackChallenge-v0__option__grammar__n8__os0__max_episode_steps5000__discountprimitive__ent_coef0.01__exp2,0830-172041__NetHackChallenge-v0__exp2,NetHackChallenge-v0,option,grammar,0,10000000,5000,0,0.999,primitive,exp2,8,989854.0159047826,9.840796567315094,6.31109341603585,11.57,median-range,5,10000189
0830-172041__NetHackChallenge-v0__exp2/NetHackChallenge-v0__option__grammar__n8__os0__max_episode_steps5000__discountprimitive__ent_coef0.01__exp2,0830-172041__NetHackChallenge-v0__exp2,NetHackChallenge-v0,option,grammar,0,10000000,5000,0,0.999,primitive,exp2,8,1023595.1235083272,9.549748980852868,6.790414515165539,10.280146193665276,median-range,5,10000189
0830-172041__NetHackChallenge-v0__exp2/NetHackChallenge-v0__option__grammar__n8__os0__max_episode_steps5000__discountprimitive__ent_coef0.01__exp2,0830-172041__NetHackChallenge-v0__exp2,NetHackChallenge-v0,option,grammar,0,10000000,5000,0,0.999,primitive,exp2,8,1058486.362670691,9.914580163162507,8.306060568631434,10.278366074876276,median-range,5,10000189
0830-172041__NetHackChallenge-v0__exp2/NetHackChallenge-v0__option__grammar__n8__os0__max_episode_steps5000__discountprimitive__ent_coef0.01__exp2,0830-172041__NetHackChallenge-v0__exp2,NetHackChallenge-v0,option,grammar,0,10000000,5000,0,0.999,primitive,exp2,8,1094566.9378725921,10.297449832606613,8.718559498529,10.763690399237163,median-range,5,10000189
0830-172041__NetHackChallenge-v0__exp2/NetHackChallenge-v0__option__grammar__n8__os0__max_episode_steps5000__discountprimitive__ent_coef0.01__exp2,0830-172041__NetHackChallenge-v0__exp2,NetHackChallenge-v0,option,grammar,0,10000000,5000,0,0.999,primitive,exp2,8,1131877.38995606,9.91,8.809787038963984,11.309119263405446,median-range,5,10000189
0830-172041__NetHackChallenge-v0__exp2/NetHackChallenge-v0__option__grammar__n8__os0__max_episode_steps5000__discountprimitive__ent_coef0.01__exp2,0830-172041__NetHackChallenge-v0__exp2,NetHackChallenge-v0,option,grammar,0,10000000,5000,0,0.999,primitive,exp2,8,1170459.6416769042,11.537076326192624,8.975136045234956,12.097157931831763,median-range,5,10000189
0830-172041__NetHackChallenge-v0__exp2/NetHackChallenge-v0__option__grammar__n8__os0__max_episode_steps5000__discountprimitive__ent_coef0.01__exp2,0830-172041__NetHackChallenge-v0__exp2,NetHackChallenge-v0,option,grammar,0,10000000,5000,0,0.999,primitive,exp2,8,1210357.0448099594,11.69,9.253822300397445,13.491532716671877,median-range,5,10000189
0830-172041__NetHackChallenge-v0__exp2/NetHackChallenge-v0__option__grammar__n8__os0__max_episode_steps5000__discountprimitive__ent_coef0.01__exp2,0830-172041__NetHackChallenge-v0__exp2,NetHackChallenge-v0,option,grammar,0,10000000,5000,0,0.999,primitive,exp2,8,1251614.4288599847,10.515208948677735,6.744193732314918,13.843481169318693,median-range,5,10000189
0830-172041__NetHackChallenge-v0__exp2/NetHackChallenge-v0__option__grammar__n8__os0__max_episode_steps5000__discountprimitive__ent_coef0.01__exp2,0830-172041__NetHackChallenge-v0__exp2,NetHackChallenge-v0,option,grammar,0,10000000,5000,0,0.999,primitive,exp2,8,1294278.1514329668,9.295694791644205,6.296763739081291,16.040702220227285,median-range,5,10000189
0830-172041__NetHackChallenge-v0__exp2/NetHackChallenge-v0__option__grammar__n8__os0__max_episode_steps5000__discountprimitive__ent_coef0.01__exp2,0830-172041__NetHackChallenge-v0__exp2,NetHackChallenge-v0,option,grammar,0,10000000,5000,0,0.999,primitive,exp2,8,1338396.150324452,9.09,8.74,16.476570461496213,median-range,5,10000189
0830-172041__NetHackChallenge-v0__exp2/NetHackChallenge-v0__option__grammar__n8__os0__max_episode_steps5000__discountprimitive__ent_coef0.01__exp2,0830-172041__NetHackChallenge-v0__exp2,NetHackChallenge-v0,option,grammar,0,10000000,5000,0,0.999,primitive,exp2,8,1384017.9973833733,9.711596666008532,9.108257269783106,13.096404517628196,median-range,5,10000189
0830-172041__NetHackChallenge-v0__exp2/NetHackChallenge-v0__option__grammar__n8__os0__max_episode_steps5000__discountprimitive__ent_coef0.01__exp2,0830-172041__NetHackChallenge-v0__exp2,NetHackChallenge-v0,option,grammar,0,10000000,5000,0,0.999,primitive,exp2,8,1431194.954211972,9.956772742284246,7.41522081829846,13.42,median-range,5,10000189
0830-172041__NetHackChallenge-v0__exp2/NetHackChallenge-v0__option__grammar__n8__os0__max_episode_steps5000__discountprimitive__ent_coef0.01__exp2,0830-172041__NetHackChallenge-v0__exp2,NetHackChallenge-v0,option,grammar,0,10000000,5000,0,0.999,primitive,exp2,8,1479980.0297643263,9.311502966233254,7.84,12.788765958060957,median-range,5,10000189
0830-172041__NetHackChallenge-v0__exp2/NetHackChallenge-v0__option__grammar__n8__os0__max_episode_steps5000__discountprimitive__ent_coef0.01__exp2,0830-172041__NetHackChallenge-v0__exp2,NetHackChallenge-v0,option,grammar,0,10000000,5000,0,0.999,primitive,exp2,8,1530428.0399082573,8.84,7.4930604824195415,12.070658891128769,median-range,5,10000189
0830-172041__NetHackChallenge-v0__exp2/NetHackChallenge-v0__option__grammar__n8__os0__max_episode_steps5000__discountprimitive__ent_coef0.01__exp2,0830-172041__NetHackChallenge-v0__exp2,NetHackChallenge-v0,option,grammar,0,10000000,5000,0,0.999,primitive,exp2,8,1582595.6690175147,8.508270562021611,8.271677083684285,11.670820584624026,median-range,5,10000189
0830-172041__NetHackChallenge-v0__exp2/NetHackChallenge-v0__option__grammar__n8__os0__max_episode_steps5000__discountprimitive__ent_coef0.01__exp2,0830-172041__NetHackChallenge-v0__exp2,NetHackChallenge-v0,option,grammar,0,10000000,5000,0,0.999,primitive,exp2,8,1636541.533663442,9.76827203666109,8.253323912884676,11.308137700439838,median-range,5,10000189
0830-172041__NetHackChallenge-v0__exp2/NetHackChallenge-v0__option__grammar__n8__os0__max_episode_steps5000__discountprimitive__ent_coef0.01__exp2,0830-172041__NetHackChallenge-v0__exp2,NetHackChallenge-v0,option,grammar,0,10000000,5000,0,0.999,primitive,exp2,8,1692326.2484777118,11.163011877300695,8.67858172062472,13.040190542291079,median-range,5,10000189
0830-172041__NetHackChallenge-v0__exp2/NetHackChallenge-v0__option__grammar__n8__os0__max_episode_steps5000__discountprimitive__ent_coef0.01__exp2,0830-172041__NetHackChallenge-v0__exp2,NetHackChallenge-v0,option,grammar,0,10000000,5000,0,0.999,primitive,exp2,8,1750012.4942601225,11.37,10.191659820956323,13.490447052760743,median-range,5,10000189
0830-172041__NetHackChallenge-v0__exp2/NetHackChallenge-v0__option__grammar__n8__os0__max_episode_steps5000__discountprimitive__ent_coef0.01__exp2,0830-172041__NetHackChallenge-v0__exp2,NetHackChallenge-v0,option,grammar,0,10000000,5000,0,0.999,primitive,exp2,8,1809665.0884079633,11.63,10.992499781656736,14.75,median-range,5,10000189
0830-172041__NetHackChallenge-v0__exp2/NetHackChallenge-v0__option__grammar__n8__os0__max_episode_steps5000__discountprimitive__ent_coef0.01__exp2,0830-172041__NetHackChallenge-v0__exp2,NetHackChallenge-v0,option,grammar,0,10000000,5000,0,0.999,primitive,exp2,8,1871351.0577461212,11.819487755714338,10.895952918563752,12.870829684216597,median-range,5,10000189
0830-172041__NetHackChallenge-v0__exp2/NetHackChallenge-v0__option__grammar__n8__os0__max_episode_steps5000__discountprimitive__ent_coef0.01__exp2,0830-172041__NetHackChallenge-v0__exp2,NetHackChallenge-v0,option,grammar,0,10000000,5000,0,0.999,primitive,exp2,8,1935139.7138397212,11.57491137846631,11.195516276069277,12.597818023449031,median-range,5,10000189
0830-172041__NetHackChallenge-v0__exp2/NetHackChallenge-v0__option__grammar__n8__os0__max_episode_steps5000__discountprimitive__ent_coef0.01__exp2,0830-172041__NetHackChallenge-v0__exp2,NetHackChallenge-v0,option,grammar,0,10000000,5000,0,0.999,primitive,exp2,8,2001102.730873986,10.244006924549518,9.549935985079193,11.92066339335613,median-range,5,10000189
0830-172041__NetHackChallenge-v0__exp2/NetHackChallenge-v0__option__grammar__n8__os0__max_episode_steps5000__discountprimitive__ent_coef0.01__exp2,0830-172041__NetHackChallenge-v0__exp2,NetHackChallenge-v0,option,grammar,0,10000000,5000,0,0.999,primitive,exp2,8,2069314.2261887265,10.009800364870381,7.97,13.743410392035958,median-range,5,10000189
0830-172041__NetHackChallenge-v0__exp2/NetHackChallenge-v0__option__grammar__n8__os0__max_episode_steps5000__discountprimitive__ent_coef0.01__exp2,0830-172041__NetHackChallenge-v0__exp2,NetHackChallenge-v0,option,grammar,0,10000000,5000,0,0.999,primitive,exp2,8,2139850.8435580656,9.54656035541707,7.896548762060116,10.726104112321067,median-range,5,10000189
0830-172041__NetHackChallenge-v0__exp2/NetHackChallenge-v0__option__grammar__n8__os0__max_episode_steps5000__discountprimitive__ent_coef0.01__exp2,0830-172041__NetHackChallenge-v0__exp2,NetHackChallenge-v0,option,grammar,0,10000000,5000,0,0.999,primitive,exp2,8,2212791.839308871,9.327693356442998,7.715321161638436,10.223371084998176,median-range,5,10000189
0830-172041__NetHackChallenge-v0__exp2/NetHackChallenge-v0__option__grammar__n8__os0__max_episode_steps5000__discountprimitive__ent_coef0.01__exp2,0830-172041__NetHackChallenge-v0__exp2,NetHackChallenge-v0,option,grammar,0,10000000,5000,0,0.999,primitive,exp2,8,2288219.1713747266,10.145119556571206,8.8930994279633,12.466822008561056,median-range,5,10000189
0830-172041__NetHackChallenge-v0__exp2/NetHackChallenge-v0__option__grammar__n8__os0__max_episode_steps5000__discountprimitive__ent_coef0.01__exp2,0830-172041__NetHackChallenge-v0__exp2,NetHackChallenge-v0,option,grammar,0,10000000,5000,0,0.999,primitive,exp2,8,2366217.591385456,9.51975959969141,8.503967630832495,11.94,median-range,5,10000189
0830-172041__NetHackChallenge-v0__exp2/NetHackChallenge-v0__option__grammar__n8__os0__max_episode_steps5000__discountprimitive__ent_coef0.01__exp2,0830-172041__NetHackChallenge-v0__exp2,NetHackChallenge-v0,option,grammar,0,10000000,5000,0,0.999,primitive,exp2,8,2446874.739895749,9.557038823870974,9.003781055591892,11.756698315812555,median-range,5,10000189
0830-172041__NetHackChallenge-v0__exp2/NetHackChallenge-v0__option__grammar__n8__os0__max_episode_steps5000__discountprimitive__ent_coef0.01__exp2,0830-172041__NetHackChallenge-v0__exp2,NetHackChallenge-v0,option,grammar,0,10000000,5000,0,0.999,primitive,exp2,8,2530281.244859769,10.66,10.297842417743974,12.055820573293241,median-range,5,10000189
0830-172041__NetHackChallenge-v0__exp2/NetHackChallenge-v0__option__grammar__n8__os0__max_episode_steps5000__discountprimitive__ent_coef0.01__exp2,0830-172041__NetHackChallenge-v0__exp2,NetHackChallenge-v0,option,grammar,0,10000000,5000,0,0.999,primitive,exp2,8,2616530.823462536,10.481464298838876,8.738930893790787,12.664178451291786,median-range,5,10000189
0830-172041__NetHackChallenge-v0__exp2/NetHackChallenge-v0__option__grammar__n8__os0__max_episode_steps5000__discountprimitive__ent_coef0.01__exp2,0830-172041__NetHackChallenge-v0__exp2,NetHackChallenge-v0,option,grammar,0,10000000,5000,0,0.999,primitive,exp2,8,2705720.3874223726,9.762112911871238,8.18261301226594,11.869329906148913,median-range,5,10000189
0830-172041__NetHackChallenge-v0__exp2/NetHackChallenge-v0__option__grammar__n8__os0__max_episode_steps5000__discountprimitive__ent_coef0.01__exp2,0830-172041__NetHackChallenge-v0__exp2,NetHackChallenge-v0,option,grammar,0,10000000,5000,0,0.999,primitive,exp2,8,2797950.1518828226,9.60947445659766,7.564757672208796,10.47,median-range,5,10000189
0830-172041__NetHackChallenge-v0__exp2/NetHackChallenge-v0__option__grammar__n8__os0__max_episode_steps5000__discountprimitive__ent_coef0.01__exp2,0830-172041__NetHackChallenge-v0__exp2,NetHackChallenge-v0,option,grammar,0,10000000,5000,0,0.999,primitive,exp2,8,2893323.748016335,9.974049016385221,8.59,10.72838866395843,median-range,5,10000189
0830-172041__NetHackChallenge-v0__exp2/NetHackChallenge-v0__option__grammar__n8__os0__max_episode_steps5000__discountprimitive__ent_coef0.01__exp2,0830-172041__NetHackChallenge-v0__exp2,NetHackChallenge-v0,option,grammar,0,10000000,5000,0,0.999,primitive,exp2,8,2991948.339466294,11.131069760971114,10.1,12.644288655795378,median-range,5,10000189
0830-172041__NetHackChallenge-v0__exp2/NetHackChallenge-v0__option__grammar__n8__os0__max_episode_steps5000__discountprimitive__ent_coef0.01__exp2,0830-172041__NetHackChallenge-v0__exp2,NetHackChallenge-v0,option,grammar,0,10000000,5000,0,0.999,primitive,exp2,8,3093934.742758201,12.445503729215176,10.526678488945349,13.116772640460049,median-range,5,10000189
0830-172041__NetHackChallenge-v0__exp2/NetHackChallenge-v0__option__grammar__n8__os0__max_episode_steps5000__discountprimitive__ent_coef0.01__exp2,0830-172041__NetHackChallenge-v0__exp2,NetHackChallenge-v0,option,grammar,0,10000000,5000,0,0.999,primitive,exp2,8,3199397.5518152807,10.892423485608512,10.349663256556392,14.415595283836065,median-range,5,10000189
0830-172041__NetHackChallenge-v0__exp2/NetHackChallenge-v0__option__grammar__n8__os0__max_episode_steps5000__discountprimitive__ent_coef0.01__exp2,0830-172041__NetHackChallenge-v0__exp2,NetHackChallenge-v0,option,grammar,0,10000000,5000,0,0.999,primitive,exp2,8,3308455.2667184654,10.845858235347547,7.570564473104717,13.152851691776208,median-range,5,10000189
0830-172041__NetHackChallenge-v0__exp2/NetHackChallenge-v0__option__grammar__n8__os0__max_episode_steps5000__discountprimitive__ent_coef0.01__exp2,0830-172041__NetHackChallenge-v0__exp2,NetHackChallenge-v0,option,grammar,0,10000000,5000,0,0.999,primitive,exp2,8,3421230.4268554193,10.350301204970439,7.5202714518889415,12.72,median-range,5,10000189
0830-172041__NetHackChallenge-v0__exp2/NetHackChallenge-v0__option__grammar__n8__os0__max_episode_steps5000__discountprimitive__ent_coef0.01__exp2,0830-172041__NetHackChallenge-v0__exp2,NetHackChallenge-v0,option,grammar,0,10000000,5000,0,0.999,primitive,exp2,8,3537849.7486081743,9.721590063258162,7.440372280668664,15.566353479876337,median-range,5,10000189
0830-172041__NetHackChallenge-v0__exp2/NetHackChallenge-v0__option__grammar__n8__os0__max_episode_steps5000__discountprimitive__ent_coef0.01__exp2,0830-172041__NetHackChallenge-v0__exp2,NetHackChallenge-v0,option,grammar,0,10000000,5000,0,0.999,primitive,exp2,8,3658444.267734159,10.12,6.43,11.802733132431985,median-range,5,10000189
0830-172041__NetHackChallenge-v0__exp2/NetHackChallenge-v0__option__grammar__n8__os0__max_episode_steps5000__discountprimitive__ent_coef0.01__exp2,0830-172041__NetHackChallenge-v0__exp2,NetHackChallenge-v0,option,grammar,0,10000000,5000,0,0.999,primitive,exp2,8,3783149.4866005573,8.474106374241492,8.04317768392598,12.659219830569699,median-range,5,10000189
0830-172041__NetHackChallenge-v0__exp2/NetHackChallenge-v0__option__grammar__n8__os0__max_episode_steps5000__discountprimitive__ent_coef0.01__exp2,0830-172041__NetHackChallenge-v0__exp2,NetHackChallenge-v0,option,grammar,0,10000000,5000,0,0.999,primitive,exp2,8,3912105.5264374083,10.183219569602066,8.56,13.95,median-range,5,10000189
0830-172041__NetHackChallenge-v0__exp2/NetHackChallenge-v0__option__grammar__n8__os0__max_episode_steps5000__discountprimitive__ent_coef0.01__exp2,0830-172041__NetHackChallenge-v0__exp2,NetHackChallenge-v0,option,grammar,0,10000000,5000,0,0.999,primitive,exp2,8,4045457.2847805815,9.877492854741385,8.49,13.054139091551647,median-range,5,10000189
0830-172041__NetHackChallenge-v0__exp2/NetHackChallenge-v0__option__grammar__n8__os0__max_episode_steps5000__discountprimitive__ent_coef0.01__exp2,0830-172041__NetHackChallenge-v0__exp2,NetHackChallenge-v0,option,grammar,0,10000000,5000,0,0.999,primitive,exp2,8,4183354.59828146,9.950436572316775,8.883298470619897,13.740717537010669,median-range,5,10000189
0830-172041__NetHackChallenge-v0__exp2/NetHackChallenge-v0__option__grammar__n8__os0__max_episode_steps5000__discountprimitive__ent_coef0.01__exp2,0830-172041__NetHackChallenge-v0__exp2,NetHackChallenge-v0,option,grammar,0,10000000,5000,0,0.999,primitive,exp2,8,4325952.411066395,12.535928642904464,7.278487212711598,14.17908888680908,median-range,5,10000189
0830-172041__NetHackChallenge-v0__exp2/NetHackChallenge-v0__option__grammar__n8__os0__max_episode_steps5000__discountprimitive__ent_coef0.01__exp2,0830-172041__NetHackChallenge-v0__exp2,NetHackChallenge-v0,option,grammar,0,10000000,5000,0,0.999,primitive,exp2,8,4473410.948834903,10.01375281227279,9.150940938610217,11.734666558723424,median-range,5,10000189
0830-172041__NetHackChallenge-v0__exp2/NetHackChallenge-v0__option__grammar__n8__os0__max_episode_steps5000__discountprimitive__ent_coef0.01__exp2,0830-172041__NetHackChallenge-v0__exp2,NetHackChallenge-v0,option,grammar,0,10000000,5000,0,0.999,primitive,exp2,8,4625895.89889246,10.061651746678645,9.494655713005232,12.3607006562585,median-range,5,10000189
0830-172041__NetHackChallenge-v0__exp2/NetHackChallenge-v0__option__grammar__n8__os0__max_episode_steps5000__discountprimitive__ent_coef0.01__exp2,0830-172041__NetHackChallenge-v0__exp2,NetHackChallenge-v0,option,grammar,0,10000000,5000,0,0.999,primitive,exp2,8,4783578.596319977,9.781837358339088,8.937790636482617,11.225166530680868,median-range,5,10000189
0830-172041__NetHackChallenge-v0__exp2/NetHackChallenge-v0__option__grammar__n8__os0__max_episode_steps5000__discountprimitive__ent_coef0.01__exp2,0830-172041__NetHackChallenge-v0__exp2,NetHackChallenge-v0,option,grammar,0,10000000,5000,0,0.999,primitive,exp2,8,4946636.216489274,11.66,9.086679077815074,12.611791887048527,median-range,5,10000189
0830-172041__NetHackChallenge-v0__exp2/NetHackChallenge-v0__option__grammar__n8__os0__max_episode_steps5000__discountprimitive__ent_coef0.01__exp2,0830-172041__NetHackChallenge-v0__exp2,NetHackChallenge-v0,option,grammar,0,10000000,5000,0,0.999,primitive,exp2,8,5115251.974140764,9.189731058827077,6.619646662413185,13.97758285211363,median-range,5,10000189
0830-172041__NetHackChallenge-v0__exp2/NetHackChallenge-v0__option__grammar__n8__os0__max_episode_steps5000__discountprimitive__ent_coef0.01__exp2,0830-172041__NetHackChallenge-v0__exp2,NetHackChallenge-v0,option,grammar,0,10000000,5000,0,0.999,primitive,exp2,8,5289615.329247201,12.116483537639956,5.4414150387965785,12.944725634799013,median-range,5,10000189
0830-172041__NetHackChallenge-v0__exp2/NetHackChallenge-v0__option__grammar__n8__os0__max_episode_steps5000__discountprimitive__ent_coef0.01__exp2,0830-172041__NetHackChallenge-v0__exp2,NetHackChallenge-v0,option,grammar,0,10000000,5000,0,0.999,primitive,exp2,8,5469922.199894536,10.133791830608864,7.748175161548425,11.946679036351297,median-range,5,10000189
0830-172041__NetHackChallenge-v0__exp2/NetHackChallenge-v0__option__grammar__n8__os0__max_episode_steps5000__discountprimitive__ent_coef0.01__exp2,0830-172041__NetHackChallenge-v0__exp2,NetHackChallenge-v0,option,grammar,0,10000000,5000,0,0.999,primitive,exp2,8,5656375.182419399,11.957378090422381,9.371783758560085,15.498585770994765,median-range,5,10000189
0830-172041__NetHackChallenge-v0__exp2/NetHackChallenge-v0__option__grammar__n8__os0__max_episode_steps5000__discountprimitive__ent_coef0.01__exp2,0830-172041__NetHackChallenge-v0__exp2,NetHackChallenge-v0,option,grammar,0,10000000,5000,0,0.999,primitive,exp2,8,5849183.779050269,10.42,7.87,15.372659625353695,median-range,5,10000189
0830-172041__NetHackChallenge-v0__exp2/NetHackChallenge-v0__option__grammar__n8__os0__max_episode_steps5000__discountprimitive__ent_coef0.01__exp2,0830-172041__NetHackChallenge-v0__exp2,NetHackChallenge-v0,option,grammar,0,10000000,5000,0,0.999,primitive,exp2,8,6048564.633308317,10.02360803191564,7.309743468782392,11.55902039989506,median-range,5,10000189
0830-172041__NetHackChallenge-v0__exp2/NetHackChallenge-v0__option__grammar__n8__os0__max_episode_steps5000__discountprimitive__ent_coef0.01__exp2,0830-172041__NetHackChallenge-v0__exp2,NetHackChallenge-v0,option,grammar,0,10000000,5000,0,0.999,primitive,exp2,8,6254741.773432275,10.656605190768417,8.509714862644588,12.16,median-range,5,10000189
0830-172041__NetHackChallenge-v0__exp2/NetHackChallenge-v0__option__grammar__n8__os0__max_episode_steps5000__discountprimitive__ent_coef0.01__exp2,0830-172041__NetHackChallenge-v0__exp2,NetHackChallenge-v0,option,grammar,0,10000000,5000,0,0.999,primitive,exp2,8,6467946.864100983,10.08,8.194374982592585,11.951369114288545,median-range,5,10000189
0830-172041__NetHackChallenge-v0__exp2/NetHackChallenge-v0__option__grammar__n8__os0__max_episode_steps5000__discountprimitive__ent_coef0.01__exp2,0830-172041__NetHackChallenge-v0__exp2,NetHackChallenge-v0,option,grammar,0,10000000,5000,0,0.999,primitive,exp2,8,6688419.466736393,8.719500085235762,6.0,12.55,median-range,5,10000189
0830-172041__NetHackChallenge-v0__exp2/NetHackChallenge-v0__option__grammar__n8__os0__max_episode_steps5000__discountprimitive__ent_coef0.01__exp2,0830-172041__NetHackChallenge-v0__exp2,NetHackChallenge-v0,option,grammar,0,10000000,5000,0,0.999,primitive,exp2,8,6916407.308679446,8.508397191175192,6.40853739331682,13.708590405269929,median-range,5,10000189
0830-172041__NetHackChallenge-v0__exp2/NetHackChallenge-v0__option__grammar__n8__os0__max_episode_steps5000__discountprimitive__ent_coef0.01__exp2,0830-172041__NetHackChallenge-v0__exp2,NetHackChallenge-v0,option,grammar,0,10000000,5000,0,0.999,primitive,exp2,8,7152166.5615413785,9.73,6.683116208167401,14.688281079521449,median-range,5,10000189
0830-172041__NetHackChallenge-v0__exp2/NetHackChallenge-v0__option__grammar__n8__os0__max_episode_steps5000__discountprimitive__ent_coef0.01__exp2,0830-172041__NetHackChallenge-v0__exp2,NetHackChallenge-v0,option,grammar,0,10000000,5000,0,0.999,primitive,exp2,8,7395962.1290431935,10.546310570077445,4.03,12.066331738735427,median-range,5,10000189
0830-172041__NetHackChallenge-v0__exp2/NetHackChallenge-v0__option__grammar__n8__os0__max_episode_steps5000__discountprimitive__ent_coef0.01__exp2,0830-172041__NetHackChallenge-v0__exp2,NetHackChallenge-v0,option,grammar,0,10000000,5000,0,0.999,primitive,exp2,8,7648067.944666623,10.3,0.55,11.954506280421153,median-range,5,10000189
0830-172041__NetHackChallenge-v0__exp2/NetHackChallenge-v0__option__grammar__n8__os0__max_episode_steps5000__discountprimitive__ent_coef0.01__exp2,0830-172041__NetHackChallenge-v0__exp2,NetHackChallenge-v0,option,grammar,0,10000000,5000,0,0.999,primitive,exp2,8,7908767.279451198,8.928281991317082,0.18,11.392790428292223,median-range,5,10000189
0830-172041__NetHackChallenge-v0__exp2/NetHackChallenge-v0__option__grammar__n8__os0__max_episode_steps5000__discountprimitive__ent_coef0.01__exp2,0830-172041__NetHackChallenge-v0__exp2,NetHackChallenge-v0,option,grammar,0,10000000,5000,0,0.999,primitive,exp2,8,8178353.060283172,7.96,0.43,17.45200730602744,median-range,5,10000189
0830-172041__NetHackChallenge-v0__exp2/NetHackChallenge-v0__option__grammar__n8__os0__max_episode_steps5000__discountprimitive__ent_coef0.01__exp2,0830-172041__NetHackChallenge-v0__exp2,NetHackChallenge-v0,option,grammar,0,10000000,5000,0,0.999,primitive,exp2,8,8457128.199033871,10.14427193958789,1.014130216248247,15.42155412476516,median-range,5,10000189
0830-172041__NetHackChallenge-v0__exp2/NetHackChallenge-v0__option__grammar__n8__os0__max_episode_steps5000__discountprimitive__ent_coef0.01__exp2,0830-172041__NetHackChallenge-v0__exp2,NetHackChallenge-v0,option,grammar,0,10000000,5000,0,0.999,primitive,exp2,8,8745405.93291745,12.13,2.7870944243065288,13.447531689914763,median-range,5,10000189
0830-172041__NetHackChallenge-v0__exp2/NetHackChallenge-v0__option__grammar__n8__os0__max_episode_steps5000__discountprimitive__ent_coef0.01__exp2,0830-172041__NetHackChallenge-v0__exp2,NetHackChallenge-v0,option,grammar,0,10000000,5000,0,0.999,primitive,exp2,8,9043510.176450297,9.65575856459851,1.15,11.529709353387414,median-range,5,10000189
0830-172041__NetHackChallenge-v0__exp2/NetHackChallenge-v0__option__grammar__n8__os0__max_episode_steps5000__discountprimitive__ent_coef0.01__exp2,0830-172041__NetHackChallenge-v0__exp2,NetHackChallenge-v0,option,grammar,0,10000000,5000,0,0.999,primitive,exp2,8,9351775.885407861,11.516654508992415,0.6529462905973931,16.266917941280283,median-range,5,10000189
0830-172041__NetHackChallenge-v0__exp2/NetHackChallenge-v0__option__grammar__n8__os0__max_episode_steps5000__discountprimitive__ent_coef0.01__exp2,0830-172041__NetHackChallenge-v0__exp2,NetHackChallenge-v0,option,grammar,0,10000000,5000,0,0.999,primitive,exp2,8,9670549.433187388,11.200092784980505,0.37,13.066583793008713,median-range,5,10000189
0830-172041__NetHackChallenge-v0__exp2/NetHackChallenge-v0__option__grammar__n8__os0__max_episode_steps5000__discountprimitive__ent_coef0.01__exp2,0830-172041__NetHackChallenge-v0__exp2,NetHackChallenge-v0,option,grammar,0,10000000,5000,0,0.999,primitive,exp2,8,10000189.0,10.498063534978034,0.58,11.963803894297635,median-range,5,10000189
