cell,group,env_id,condition,family,option_seed,budget,max_steps,reward_delay,gamma,discount,tag,n_options,n_draws,primitive_step,point,low,high,method,n_seeds,limit
0830-211803__NetHackChallenge-v0__exp3-pooled/NetHackChallenge-v0__action__max_episode_steps5000__discountprimitive__ent_coef0.01__exp3,0830-211803__NetHackChallenge-v0__exp3-pooled,NetHackChallenge-v0,action,-,0,10000000,5000,0,0.999,primitive,exp3,0,1,38632.0,4.02726139088729,1.8529990911844896,9.0,median-range,5,9996584
0830-211803__NetHackChallenge-v0__exp3-pooled/NetHackChallenge-v0__action__max_episode_steps5000__discountprimitive__ent_coef0.01__exp3,0830-211803__NetHackChallenge-v0__exp3-pooled,NetHackChallenge-v0,action,-,0,10000000,5000,0,0.999,primitive,exp3,0,1,39725.77150264233,3.9468241580790613,1.7701627156435678,8.520836082370474,median-range,5,9996584
0830-211803__NetHackChallenge-v0__exp3-pooled/NetHackChallenge-v0__action__max_episode_steps5000__discountprimitive__ent_coef0.01__exp3,0830-211803__NetHackChallenge-v0__exp3-pooled,NetHackChallenge-v0,action,-,0,10000000,5000,0,0.999,primitive,exp3,0,1,40850.51049596577,3.8641095398650274,2.072863904285121,8.363424954914768,median-range,5,9996584
0830-211803__NetHackChallenge-v0__exp3-pooled/NetHackChallenge-v0__action__max_episode_steps5000__discountprimitive__ent_coef0.01__exp3,0830-211803__NetHackChallenge-v0__exp3-pooled,NetHackChallenge-v0,action,-,0,10000000,5000,0,0.999,primitive,exp3,0,1,42007.09374945715,3.7494233901879532,2.507825371393268,8.267915625091748,median-range,5,9996584
0830-211803__NetHackChallenge-v0__exp3-pooled/NetHackChallenge-v0__action__max_episode_steps5000__discountprimitive__ent_coef0.01__exp3,0830-211803__NetHackChallenge-v0__exp3-pooled,NetHackChallenge-v0,action,-,0,10000000,5000,0,0.999,primitive,exp3,0,1,43196.42285620754,3.614214905084308,3.127319727148839,8.169702179944725,median-range,5,9996584
0830-211803__NetHackChallenge-v0__exp3-pooled/NetHackChallenge-v0__action__max_episode_steps5000__discountprimitive__ent_coef0.01__exp3,0830-211803__NetHackChallenge-v0__exp3-pooled,NetHackChallenge-v0,action,-,0,10000000,5000,0,0.999,primitive,exp3,0,1,44419.42493573249,6.443872929880189,3.4257137073321173,8.068708058998414,median-range,5,9996584
0830-211803__NetHackChallenge-v0__exp3-pooled/NetHackChallenge-v0__action__max_episode_steps5000__discountprimitive__ent_coef0.01__exp3,0830-211803__NetHackChallenge-v0__exp3-pooled,NetHackChallenge-v0,action,-,0,10000000,5000,0,0.999,primitive,exp3,0,1,45677.05335669088,5.913674055187991,3.3322052492467638,7.964854534153119,median-range,5,9996584
0830-211803__NetHackChallenge-v0__exp3-pooled/NetHackChallenge-v0__action__max_episode_steps5000__discountprimitive__ent_coef0.01__exp3,0830-211803__NetHackChallenge-v0__exp3-pooled,NetHackChallenge-v0,action,-,0,10000000,5000,0,0.999,primitive,exp3,0,1,46970.28848006584,5.347128294363678,3.297804326357168,7.858060648313708,median-range,5,9996584
0830-211803__NetHackChallenge-v0__exp3-pooled/NetHackChallenge-v0__action__max_episode_steps5000__discountprimitive__ent_coef0.01__exp3,0830-211803__NetHackChallenge-v0__exp3-pooled,NetHackChallenge-v0,action,-,0,10000000,5000,0,0.999,primitive,exp3,0,1,48300.13842338707,4.764542162651693,3.315986107784979,7.748243152280995,median-range,5,9996584
0830-211803__NetHackChallenge-v0__exp3-pooled/NetHackChallenge-v0__action__max_episode_steps5000__discountprimitive__ent_coef0.01__exp3,0830-211803__NetHackChallenge-v0__exp3-pooled,NetHackChallenge-v0,action,-,0,10000000,5000,0,0.999,primitive,exp3,0,1,49667.63984659014,5.503378868564383,3.33468266231263,11.905808352389236,median-range,5,9996584
0830-211803__NetHackChallenge-v0__exp3-pooled/NetHackChallenge-v0__action__max_episode_steps5000__discountprimitive__ent_coef0.01__exp3,0830-211803__NetHackChallenge-v0__exp3-pooled,NetHackChallenge-v0,action,-,0,10000000,5000,0,0.999,primitive,exp3,0,1,51073.85876012562,5.335324689888133,3.345182752927127,11.713745673554433,median-range,5,9996584
0830-211803__NetHackChallenge-v0__exp3-pooled/NetHackChallenge-v0__action__max_episode_steps5000__discountprimitive__ent_coef0.01__exp3,0830-211803__NetHackChallenge-v0__exp3-pooled,NetHackChallenge-v0,action,-,0,10000000,5000,0,0.999,primitive,exp3,0,1,52519.89135594787,5.162512464216231,3.373678801524225,11.516245205197196,median-range,5,9996584
0830-211803__NetHackChallenge-v0__exp3-pooled/NetHackChallenge-v0__action__max_episode_steps5000__discountprimitive__ent_coef0.01__exp3,0830-211803__NetHackChallenge-v0__exp3-pooled,NetHackChallenge-v0,action,-,0,10000000,5000,0,0.999,primitive,exp3,0,1,54006.86486203109,5.0970760154756025,3.3940087849274883,11.313152989479022,median-range,5,9996584
0830-211803__NetHackChallenge-v0__exp3-pooled/NetHackChallenge-v0__action__max_episode_steps5000__discountprimitive__ent_coef0.01__exp3,0830-211803__NetHackChallenge-v0__exp3-pooled,NetHackChallenge-v0,action,-,0,10000000,5000,0,0.999,primitive,exp3,0,1,55535.93842107917,5.076770019500182,3.414914362565989,11.104310709618142,median-range,5,9996584
0830-211803__NetHackChallenge-v0__exp3-pooled/NetHackChallenge-v0__action__max_episode_steps5000__discountprimitive__ent_coef0.01__exp3,0830-211803__NetHackChallenge-v0__exp3-pooled,NetHackChallenge-v0,action,-,0,10000000,5000,0,0.999,primitive,exp3,0,1,57108.30399411373,5.055889108435442,3.4364118309962475,10.889555566476613,median-range,5,9996584
0830-211803__NetHackChallenge-v0__exp3-pooled/NetHackChallenge-v0__action__max_episode_steps5000__discountprimitive__ent_coef0.01__exp3,0830-211803__NetHackChallenge-v0__exp3-pooled,NetHackChallenge-v0,action,-,0,10000000,5000,0,0.999,primitive,exp3,0,1,58725.18728964586,5.294567400284743,3.4585179481723136,10.668720151653195,median-range,5,9996584
0830-211803__NetHackChallenge-v0__exp3-pooled/NetHackChallenge-v0__action__max_episode_steps5000__discountprimitive__ent_coef0.01__exp3,0830-211803__NetHackChallenge-v0__exp3-pooled,NetHackChallenge-v0,action,-,0,10000000,5000,0,0.999,primitive,exp3,0,1,60387.848719153735,5.724802068000261,3.4812499465091076,10.441632316983327,median-range,5,9996584
0830-211803__NetHackChallenge-v0__exp3-pooled/NetHackChallenge-v0__action__max_episode_steps5000__discountprimitive__ent_coef0.01__exp3,0830-211803__NetHackChallenge-v0__exp3-pooled,NetHackChallenge-v0,action,-,0,10000000,5000,0,0.999,primitive,exp3,0,1,62097.58437961363,6.167217788185132,3.5046255463156397,10.208115040344143,median-range,5,9996584
0830-211803__NetHackChallenge-v0__exp3-pooled/NetHackChallenge-v0__action__max_episode_steps5000__discountprimitive__ent_coef0.01__exp3,0830-211803__NetHackChallenge-v0__exp3-pooled,NetHackChallenge-v0,action,-,0,10000000,5000,0,0.999,primitive,exp3,0,1,63855.727063848186,6.622159437834158,3.5286629696085443,9.96798628766016,median-range,5,9996584
0830-211803__NetHackChallenge-v0__exp3-pooled/NetHackChallenge-v0__action__max_episode_steps5000__discountprimitive__ent_coef0.01__exp3,0830-211803__NetHackChallenge-v0__exp3-pooled,NetHackChallenge-v0,action,-,0,10000000,5000,0,0.999,primitive,exp3,0,1,65663.6472994804,7.089981658298859,3.5533809543167196,9.721058871001993,median-range,5,9996584
0830-211803__NetHackChallenge-v0__exp3-pooled/NetHackChallenge-v0__action__max_episode_steps5000__discountprimitive__ent_coef0.01__exp3,0830-211803__NetHackChallenge-v0__exp3-pooled,NetHackChallenge-v0,action,-,0,10000000,5000,0,0.999,primitive,exp3,0,1,67522.75441730316,7.013881825584698,3.578798768888131,9.467140302667449,median-range,5,9996584
0830-211803__NetHackChallenge-v0__exp3-pooled/NetHackChallenge-v0__action__max_episode_steps5000__discountprimitive__ent_coef0.01__exp3,0830-211803__NetHackChallenge-v0__exp3-pooled,NetHackChallenge-v0,action,-,0,10000000,5000,0,0.999,primitive,exp3,0,1,69434.49764989695,6.826977611622902,3.604936227310176,9.206032645131307,median-range,5,9996584
0830-211803__NetHackChallenge-v0__exp3-pooled/NetHackChallenge-v0__action__max_episode_steps5000__discountprimitive__ent_coef0.01__exp3,0830-211803__NetHackChallenge-v0__exp3-pooled,NetHackChallenge-v0,action,-,0,10000000,5000,0,0.999,primitive,exp3,0,1,71400.36726135231,6.634781657576328,3.5744379702658238,8.949987177544854,median-range,5,9996584
0830-211803__NetHackChallenge-v0__exp3-pooled/NetHackChallenge-v0__action__max_episode_steps5000__discountprimitive__ent_coef0.01__exp3,0830-211803__NetHackChallenge-v0__exp3-pooled,NetHackChallenge-v0,action,-,0,10000000,5000,0,0.999,primitive,exp3,0,1,73421.89570897768,6.43714414064253,3.369343074585948,8.728934312850992,median-range,5,9996584
0830-211803__NetHackChallenge-v0__exp3-pooled/NetHackChallenge-v0__action__max_episode_steps5000__discountprimitive__ent_coef0.01__exp3,0830-211803__NetHackChallenge-v0__exp3-pooled,NetHackChallenge-v0,action,-,0,10000000,5000,0,0.999,primitive,exp3,0,1,75500.6588378982,6.2339109961493175,3.0946606052403602,8.501622871744319,median-range,5,9996584
0830-211803__NetHackChallenge-v0__exp3-pooled/NetHackChallenge-v0__action__max_episode_steps5000__discountprimitive__ent_coef0.01__exp3,0830-211803__NetHackChallenge-v0__exp3-pooled,NetHackChallenge-v0,action,-,0,10000000,5000,0,0.999,primitive,exp3,0,1,77638.27710947653,5.464469841046359,2.7281014326668536,9.524298840955947,median-range,5,9996584
0830-211803__NetHackChallenge-v0__exp3-pooled/NetHackChallenge-v0__action__max_episode_steps5000__discountprimitive__ent_coef0.01__exp3,0830-211803__NetHackChallenge-v0__exp3-pooled,NetHackChallenge-v0,action,-,0,10000000,5000,0,0.999,primitive,exp3,0,1,79836.41686451365,5.606670006594473,4.035289894590983,13.125156240505223,median-range,5,9996584
0830-211803__NetHackChallenge-v0__exp3-pooled/NetHackChallenge-v0__action__max_episode_steps5000__discountprimitive__ent_coef0.01__exp3,0830-211803__NetHackChallenge-v0__exp3-pooled,NetHackChallenge-v0,action,-,0,10000000,5000,0,0.999,primitive,exp3,0,1,82096.79162221398,8.840654897060116,4.967360108847878,14.975237644510308,median-range,5,9996584
0830-211803__NetHackChallenge-v0__exp3-pooled/NetHackChallenge-v0__action__max_episode_steps5000__discountprimitive__ent_coef0.01__exp3,0830-211803__NetHackChallenge-v0__exp3-pooled,NetHackChallenge-v0,action,-,0,10000000,5000,0,0.999,primitive,exp3,0,1,84421.16341592756,8.962271919033915,4.985883010539771,13.435998281995765,median-range,5,9996584
0830-211803__NetHackChallenge-v0__exp3-pooled/NetHackChallenge-v0__action__max_episode_steps5000__discountprimitive__ent_coef0.01__exp3,0830-211803__NetHackChallenge-v0__exp3-pooled,NetHackChallenge-v0,action,-,0,10000000,5000,0,0.999,primitive,exp3,0,1,86811.34416671067,8.844264525576506,4.941785036480276,12.890978298822368,median-range,5,9996584
0830-211803__NetHackChallenge-v0__exp3-pooled/NetHackChallenge-v0__action__max_episode_steps5000__discountprimitive__ent_coef0.01__exp3,0830-211803__NetHackChallenge-v0__exp3-pooled,NetHackChallenge-v0,action,-,0,10000000,5000,0,0.999,primitive,exp3,0,1,89269.19709577528,8.786401275932588,4.896438535102741,12.607394717533012,median-range,5,9996584
0830-211803__NetHackChallenge-v0__exp3-pooled/NetHackChallenge-v0__action__max_episode_steps5000__discountprimitive__ent_coef0.01__exp3,0830-211803__NetHackChallenge-v0__exp3-pooled,NetHackChallenge-v0,action,-,0,10000000,5000,0,0.999,primitive,exp3,0,1,91796.63817692875,8.753086409866768,4.849808157380433,12.283065465091202,median-range,5,9996584
0830-211803__NetHackChallenge-v0__exp3-pooled/NetHackChallenge-v0__action__max_episode_steps5000__discountprimitive__ent_coef0.01__exp3,0830-211803__NetHackChallenge-v0__exp3-pooled,NetHackChallenge-v0,action,-,0,10000000,5000,0,0.999,primitive,exp3,0,1,94395.63763013578,8.332796145866642,4.801857553464552,11.917535979501928,median-range,5,9996584
0830-211803__NetHackChallenge-v0__exp3-pooled/NetHackChallenge-v0__action__max_episode_steps5000__discountprimitive__ent_coef0.01__exp3,0830-211803__NetHackChallenge-v0__exp3-pooled,NetHackChallenge-v0,action,-,0,10000000,5000,0,0.999,primitive,exp3,0,1,97068.22145736695,8.253822874718134,4.752549344348378,11.686261730880506,median-range,5,9996584
0830-211803__NetHackChallenge-v0__exp3-pooled/NetHackChallenge-v0__action__max_episode_steps5000__discountprimitive__ent_coef0.01__exp3,0830-211803__NetHackChallenge-v0__exp3-pooled,NetHackChallenge-v0,action,-,0,10000000,5000,0,0.999,primitive,exp3,0,1,99816.47302193113,8.172613666692095,4.655367977496812,11.682649135058451,median-range,5,9996584
0830-211803__NetHackChallenge-v0__exp3-pooled/NetHackChallenge-v0__action__max_episode_steps5000__discountprimitive__ent_coef0.01__exp3,0830-211803__NetHackChallenge-v0__exp3-pooled,NetHackChallenge-v0,action,-,0,10000000,5000,0,0.999,primitive,exp3,0,1,102642.53467252274,8.089105216651896,4.484305205073994,11.678934257336397,median-range,5,9996584
0830-211803__NetHackChallenge-v0__exp3-pooled/NetHackChallenge-v0__action__max_episode_steps5000__discountprimitive__ent_coef0.01__exp3,0830-211803__NetHackChallenge-v0__exp3-pooled,NetHackChallenge-v0,action,-,0,10000000,5000,0,0.999,primitive,exp3,0,1,105548.6094132502,8.003232427129307,4.22611286451804,11.675114201850102,median-range,5,9996584
0830-211803__NetHackChallenge-v0__exp3-pooled/NetHackChallenge-v0__action__max_episode_steps5000__discountprimitive__ent_coef0.01__exp3,0830-211803__NetHackChallenge-v0__exp3-pooled,NetHackChallenge-v0,action,-,0,10000000,5000,0,0.999,primitive,exp3,0,1,108536.96262094691,7.909582094542839,4.047381852022115,11.67118599074594,median-range,5,9996584
0830-211803__NetHackChallenge-v0__exp3-pooled/NetHackChallenge-v0__action__max_episode_steps5000__discountprimitive__ent_coef0.01__exp3,0830-211803__NetHackChallenge-v0__exp3-pooled,NetHackChallenge-v0,action,-,0,10000000,5000,0,0.999,primitive,exp3,0,1,111609.92381110399,7.81307138879642,4.019189396158369,11.667146561859575,median-range,5,9996584
0830-211803__NetHackChallenge-v0__exp3-pooled/NetHackChallenge-v0__action__max_episode_steps5000__discountprimitive__ent_coef0.01__exp3,0830-211803__NetHackChallenge-v0__exp3-pooled,NetHackChallenge-v0,action,-,0,10000000,5000,0,0.999,primitive,exp3,0,1,114769.88845380092,7.7138282161923355,3.948368287887783,11.396915082747254,median-range,5,9996584
0830-211803__NetHackChallenge-v0__exp3-pooled/NetHackChallenge-v0__action__max_episode_steps5000__discountprimitive__ent_coef0.01__exp3,0830-211803__NetHackChallenge-v0__exp3-pooled,NetHackChallenge-v0,action,-,0,10000000,5000,0,0.999,primitive,exp3,0,1,118019.31984105,7.711302943534758,3.875542051484769,11.083292811935035,median-range,5,9996584
0830-211803__NetHackChallenge-v0__exp3-pooled/NetHackChallenge-v0__action__max_episode_steps5000__discountprimitive__ent_coef0.01__exp3,0830-211803__NetHackChallenge-v0__exp3-pooled,NetHackChallenge-v0,action,-,0,10000000,5000,0,0.999,primitive,exp3,0,1,121360.75100701013,7.5003361156157915,3.7187903092801773,11.478722047066881,median-range,5,9996584
0830-211803__NetHackChallenge-v0__exp3-pooled/NetHackChallenge-v0__action__max_episode_steps5000__discountprimitive__ent_coef0.01__exp3,0830-211803__NetHackChallenge-v0__exp3-pooled,NetHackChallenge-v0,action,-,0,10000000,5000,0,0.999,primitive,exp3,0,1,124796.78670256663,7.818422855602964,3.547397848698256,11.962909420498363,median-range,5,9996584
0830-211803__NetHackChallenge-v0__exp3-pooled/NetHackChallenge-v0__action__max_episode_steps5000__discountprimitive__ent_coef0.01__exp3,0830-211803__NetHackChallenge-v0__exp3-pooled,NetHackChallenge-v0,action,-,0,10000000,5000,0,0.999,primitive,exp3,0,1,128330.10542581683,7.915658504689437,3.481115772888236,11.20745547727163,median-range,5,9996584
0830-211803__NetHackChallenge-v0__exp3-pooled/NetHackChallenge-v0__action__max_episode_steps5000__discountprimitive__ent_coef0.01__exp3,0830-211803__NetHackChallenge-v0__exp3-pooled,NetHackChallenge-v0,action,-,0,10000000,5000,0,0.999,primitive,exp3,0,1,131963.4615100435,7.896020316365608,3.4203244573506133,11.259004426911941,median-range,5,9996584
0830-211803__NetHackChallenge-v0__exp3-pooled/NetHackChallenge-v0__action__max_episode_steps5000__discountprimitive__ent_coef0.01__exp3,0830-211803__NetHackChallenge-v0__exp3-pooled,NetHackChallenge-v0,action,-,0,10000000,5000,0,0.999,primitive,exp3,0,1,135699.68727080434,7.8758261203085,3.4012613116751793,12.490181052493416,median-range,5,9996584
0830-211803__NetHackChallenge-v0__exp3-pooled/NetHackChallenge-v0__action__max_episode_steps5000__discountprimitive__ent_coef0.01__exp3,0830-211803__NetHackChallenge-v0__exp3-pooled,NetHackChallenge-v0,action,-,0,10000000,5000,0,0.999,primitive,exp3,0,1,139541.6952138123,8.254267517816515,3.38165843920614,12.238159126316473,median-range,5,9996584
0830-211803__NetHackChallenge-v0__exp3-pooled/NetHackChallenge-v0__action__max_episode_steps5000__discountprimitive__ent_coef0.01__exp3,0830-211803__NetHackChallenge-v0__exp3-pooled,NetHackChallenge-v0,action,-,0,10000000,5000,0,0.999,primitive,exp3,0,1,143492.48030532373,8.660545080859594,3.3615005588867026,12.295941704042491,median-range,5,9996584
0830-211803__NetHackChallenge-v0__exp3-pooled/NetHackChallenge-v0__action__max_episode_steps5000__discountprimitive__ent_coef0.01__exp3,0830-211803__NetHackChallenge-v0__exp3-pooled,NetHackChallenge-v0,action,-,0,10000000,5000,0,0.999,primitive,exp3,0,1,147555.1223068103,8.42059439300208,3.3407719570139656,12.628481692841548,median-range,5,9996584
0830-211803__NetHackChallenge-v0__exp3-pooled/NetHackChallenge-v0__action__max_episode_steps5000__discountprimitive__ent_coef0.01__exp3,0830-211803__NetHackChallenge-v0__exp3-pooled,NetHackChallenge-v0,action,-,0,10000000,5000,0,0.999,primitive,exp3,0,1,151732.7881757297,8.413816385050636,3.3194564749895923,14.2603589413014,median-range,5,9996584
0830-211803__NetHackChallenge-v0__exp3-pooled/NetHackChallenge-v0__action__max_episode_steps5000__discountprimitive__ent_coef0.01__exp3,0830-211803__NetHackChallenge-v0__exp3-pooled,NetHackChallenge-v0,action,-,0,10000000,5000,0,0.999,primitive,exp3,0,1,156028.73453426867,8.980545696029843,3.297537496723675,14.03430129298663,median-range,5,9996584
0830-211803__NetHackChallenge-v0__exp3-pooled/NetHackChallenge-v0__action__max_episode_steps5000__discountprimitive__ent_coef0.01__exp3,0830-211803__NetHackChallenge-v0__exp3-pooled,NetHackChallenge-v0,action,-,0,10000000,5000,0,0.999,primitive,exp3,0,1,160446.31020798293,8.80820641624744,4.739051190472544,12.870375798533775,median-range,5,9996584
0830-211803__NetHackChallenge-v0__exp3-pooled/NetHackChallenge-v0__action__max_episode_steps5000__discountprimitive__ent_coef0.01__exp3,0830-211803__NetHackChallenge-v0__exp3-pooled,NetHackChallenge-v0,action,-,0,10000000,5000,0,0.999,primitive,exp3,0,1,164988.95883631185,8.34598656097505,4.526428422036187,13.159985324241102,median-range,5,9996584
0830-211803__NetHackChallenge-v0__exp3-pooled/NetHackChallenge-v0__action__max_episode_steps5000__discountprimitive__ent_coef0.01__exp3,0830-211803__NetHackChallenge-v0__exp3-pooled,NetHackChallenge-v0,action,-,0,10000000,5000,0,0.999,primitive,exp3,0,1,169660.2215570042,8.153823452036082,4.682478847692984,13.942348634260824,median-range,5,9996584
0830-211803__NetHackChallenge-v0__exp3-pooled/NetHackChallenge-v0__action__max_episode_steps5000__discountprimitive__ent_coef0.01__exp3,0830-211803__NetHackChallenge-v0__exp3-pooled,NetHackChallenge-v0,action,-,0,10000000,5000,0,0.999,primitive,exp3,0,1,174463.73976654644,9.019619286356063,4.842947463155087,14.349719910882015,median-range,5,9996584
0830-211803__NetHackChallenge-v0__exp3-pooled/NetHackChallenge-v0__action__max_episode_steps5000__discountprimitive__ent_coef0.01__exp3,0830-211803__NetHackChallenge-v0__exp3-pooled,NetHackChallenge-v0,action,-,0,10000000,5000,0,0.999,primitive,exp3,0,1,179403.25795874608,8.93128849296088,5.0876816267147635,14.681852111252804,median-range,5,9996584
0830-211803__NetHackChallenge-v0__exp3-pooled/NetHackChallenge-v0__action__max_episode_steps5000__discountprimitive__ent_coef0.01__exp3,0830-211803__NetHackChallenge-v0__exp3-pooled,NetHackChallenge-v0,action,-,0,10000000,5000,0,0.999,primitive,exp3,0,1,184482.62664368263,8.840456827112252,6.368396032144523,14.903224864761823,median-range,5,9996584
0830-211803__NetHackChallenge-v0__exp3-pooled/NetHackChallenge-v0__action__max_episode_steps5000__discountprimitive__ent_coef0.01__exp3,0830-211803__NetHackChallenge-v0__exp3-pooled,NetHackChallenge-v0,action,-,0,10000000,5000,0,0.999,primitive,exp3,0,1,189705.8053493014,8.747686255635058,6.141498608047268,14.829425165570521,median-range,5,9996584
0830-211803__NetHackChallenge-v0__exp3-pooled/NetHackChallenge-v0__action__max_episode_steps5000__discountprimitive__ent_coef0.01__exp3,0830-211803__NetHackChallenge-v0__exp3-pooled,NetHackChallenge-v0,action,-,0,10000000,5000,0,0.999,primitive,exp3,0,1,195076.86570799057,8.64499283354642,6.058057531781503,14.600183771792022,median-range,5,9996584
0830-211803__NetHackChallenge-v0__exp3-pooled/NetHackChallenge-v0__action__max_episode_steps5000__discountprimitive__ent_coef0.01__exp3,0830-211803__NetHackChallenge-v0__exp3-pooled,NetHackChallenge-v0,action,-,0,10000000,5000,0,0.999,primitive,exp3,0,1,200599.99463054663,8.610537832373616,5.881895586134265,14.226524914377647,median-range,5,9996584
0830-211803__NetHackChallenge-v0__exp3-pooled/NetHackChallenge-v0__action__max_episode_steps5000__discountprimitive__ent_coef0.01__exp3,0830-211803__NetHackChallenge-v0__exp3-pooled,NetHackChallenge-v0,action,-,0,10000000,5000,0,0.999,primitive,exp3,0,1,206279.49757000347,8.5896721433385,5.840462798886181,14.144512751242983,median-range,5,9996584
0830-211803__NetHackChallenge-v0__exp3-pooled/NetHackChallenge-v0__action__max_episode_steps5000__discountprimitive__ent_coef0.01__exp3,0830-211803__NetHackChallenge-v0__exp3-pooled,NetHackChallenge-v0,action,-,0,10000000,5000,0,0.999,primitive,exp3,0,1,212119.80187786868,8.506312183367886,5.9059907307399255,13.854743633675213,median-range,5,9996584
0830-211803__NetHackChallenge-v0__exp3-pooled/NetHackChallenge-v0__action__max_episode_steps5000__discountprimitive__ent_coef0.01__exp3,0830-211803__NetHackChallenge-v0__exp3-pooled,NetHackChallenge-v0,action,-,0,10000000,5000,0,0.999,primitive,exp3,0,1,218125.46025538343,8.439143001152617,5.973373927257386,13.934008640169061,median-range,5,9996584
0830-211803__NetHackChallenge-v0__exp3-pooled/NetHackChallenge-v0__action__max_episode_steps5000__discountprimitive__ent_coef0.01__exp3,0830-211803__NetHackChallenge-v0__exp3-pooled,NetHackChallenge-v0,action,-,0,10000000,5000,0,0.999,primitive,exp3,0,1,224301.15430249675,8.370072086245207,6.042664915763555,13.445628042287392,median-range,5,9996584
0830-211803__NetHackChallenge-v0__exp3-pooled/NetHackChallenge-v0__action__max_episode_steps5000__discountprimitive__ent_coef0.01__exp3,0830-211803__NetHackChallenge-v0__exp3-pooled,NetHackChallenge-v0,action,-,0,10000000,5000,0,0.999,primitive,exp3,0,1,230651.69816732,8.278784553322858,5.955548406159171,13.263610621399458,median-range,5,9996584
0830-211803__NetHackChallenge-v0__exp3-pooled/NetHackChallenge-v0__action__max_episode_steps5000__discountprimitive__ent_coef0.01__exp3,0830-211803__NetHackChallenge-v0__exp3-pooled,NetHackChallenge-v0,action,-,0,10000000,5000,0,0.999,primitive,exp3,0,1,237182.04229890718,8.147048628376542,5.704049328788945,12.807503146253975,median-range,5,9996584
0830-211803__NetHackChallenge-v0__exp3-pooled/NetHackChallenge-v0__action__max_episode_steps5000__discountprimitive__ent_coef0.01__exp3,0830-211803__NetHackChallenge-v0__exp3-pooled,NetHackChallenge-v0,action,-,0,10000000,5000,0,0.999,primitive,exp3,0,1,243897.27730628583,8.196761815718443,5.11501738918987,13.611399691921909,median-range,5,9996584
0830-211803__NetHackChallenge-v0__exp3-pooled/NetHackChallenge-v0__action__max_episode_steps5000__discountprimitive__ent_coef0.01__exp3,0830-211803__NetHackChallenge-v0__exp3-pooled,NetHackChallenge-v0,action,-,0,10000000,5000,0,0.999,primitive,exp3,0,1,250802.63792674738,8.417884734183076,5.072518485396125,13.918701586225172,median-range,5,9996584
0830-211803__NetHackChallenge-v0__exp3-pooled/NetHackChallenge-v0__action__max_episode_steps5000__discountprimitive__ent_coef0.01__exp3,0830-211803__NetHackChallenge-v0__exp3-pooled,NetHackChallenge-v0,action,-,0,10000000,5000,0,0.999,primitive,exp3,0,1,257903.50710648956,8.198268988922655,5.028816328085524,13.780794645392948,median-range,5,9996584
0830-211803__NetHackChallenge-v0__exp3-pooled/NetHackChallenge-v0__action__max_episode_steps5000__discountprimitive__ent_coef0.01__exp3,0830-211803__NetHackChallenge-v0__exp3-pooled,NetHackChallenge-v0,action,-,0,10000000,5000,0,0.999,primitive,exp3,0,1,265205.42019679275,8.934469738267675,4.904781577632725,13.514893437335372,median-range,5,9996584
0830-211803__NetHackChallenge-v0__exp3-pooled/NetHackChallenge-v0__action__max_episode_steps5000__discountprimitive__ent_coef0.01__exp3,0830-211803__NetHackChallenge-v0__exp3-pooled,NetHackChallenge-v0,action,-,0,10000000,5000,0,0.999,primitive,exp3,0,1,272714.06926900015,8.738139175551598,4.781854159210333,13.153976697483666,median-range,5,9996584
0830-211803__NetHackChallenge-v0__exp3-pooled/NetHackChallenge-v0__action__max_episode_steps5000__discountprimitive__ent_coef0.01__exp3,0830-211803__NetHackChallenge-v0__exp3-pooled,NetHackChallenge-v0,action,-,0,10000000,5000,0,0.999,primitive,exp3,0,1,280435.3075516689,8.570595199391683,5.045031311370474,12.749104777565499,median-range,5,9996584
0830-211803__NetHackChallenge-v0__exp3-pooled/NetHackChallenge-v0__action__max_episode_steps5000__discountprimitive__ent_coef0.01__exp3,0830-211803__NetHackChallenge-v0__exp3-pooled,NetHackChallenge-v0,action,-,0,10000000,5000,0,0.999,primitive,exp3,0,1,288375.153993343,8.454383298285324,4.846286583198125,12.66534366156906,median-range,5,9996584
0830-211803__NetHackChallenge-v0__exp3-pooled/NetHackChallenge-v0__action__max_episode_steps5000__discountprimitive__ent_coef0.01__exp3,0830-211803__NetHackChallenge-v0__exp3-pooled,NetHackChallenge-v0,action,-,0,10000000,5000,0,0.999,primitive,exp3,0,1,296539.79795451544,8.34145195199183,4.828130004883944,12.254447301759733,median-range,5,9996584
0830-211803__NetHackChallenge-v0__exp3-pooled/NetHackChallenge-v0__action__max_episode_steps5000__discountprimitive__ent_coef0.01__exp3,0830-211803__NetHackChallenge-v0__exp3-pooled,NetHackChallenge-v0,action,-,0,10000000,5000,0,0.999,primitive,exp3,0,1,304935.60403242917,8.37595199678091,4.774477559051578,12.158890673175158,median-range,5,9996584
0830-211803__NetHackChallenge-v0__exp3-pooled/NetHackChallenge-v0__action__max_episode_steps5000__discountprimitive__ent_coef0.01__exp3,0830-211803__NetHackChallenge-v0__exp3-pooled,NetHackChallenge-v0,action,-,0,10000000,5000,0,0.999,primitive,exp3,0,1,313569.1170224814,8.182318137413743,4.707675204840273,12.198521771185792,median-range,5,9996584
0830-211803__NetHackChallenge-v0__exp3-pooled/NetHackChallenge-v0__action__max_episode_steps5000__discountprimitive__ent_coef0.01__exp3,0830-211803__NetHackChallenge-v0__exp3-pooled,NetHackChallenge-v0,action,-,0,10000000,5000,0,0.999,primitive,exp3,0,1,322447.06702009763,8.399263142296247,4.57562782460939,12.201589325800995,median-range,5,9996584
0830-211803__NetHackChallenge-v0__exp3-pooled/NetHackChallenge-v0__action__max_episode_steps5000__discountprimitive__ent_coef0.01__exp3,0830-211803__NetHackChallenge-v0__exp3-pooled,NetHackChallenge-v0,action,-,0,10000000,5000,0,0.999,primitive,exp3,0,1,331576.3746670531,8.71112399414647,4.573153810426281,11.72469164812204,median-range,5,9996584
0830-211803__NetHackChallenge-v0__exp3-pooled/NetHackChallenge-v0__action__max_episode_steps5000__discountprimitive__ent_coef0.01__exp3,0830-211803__NetHackChallenge-v0__exp3-pooled,NetHackChallenge-v0,action,-,0,10000000,5000,0,0.999,primitive,exp3,0,1,340964.1565463315,8.589097638356826,4.700226441082249,11.647779085181618,median-range,5,9996584
0830-211803__NetHackChallenge-v0__exp3-pooled/NetHackChallenge-v0__action__max_episode_steps5000__discountprimitive__ent_coef0.01__exp3,0830-211803__NetHackChallenge-v0__exp3-pooled,NetHackChallenge-v0,action,-,0,10000000,5000,0,0.999,primitive,exp3,0,1,350617.7307297249,8.26922617611182,4.572318073518202,11.427852368188566,median-range,5,9996584
0830-211803__NetHackChallenge-v0__exp3-pooled/NetHackChallenge-v0__action__max_episode_steps5000__discountprimitive__ent_coef0.01__exp3,0830-211803__NetHackChallenge-v0__exp3-pooled,NetHackChallenge-v0,action,-,0,10000000,5000,0,0.999,primitive,exp3,0,1,360544.6224825023,8.159200440802149,4.515214564287905,11.214241286419323,median-range,5,9996584
0830-211803__NetHackChallenge-v0__exp3-pooled/NetHackChallenge-v0__action__max_episode_steps5000__discountprimitive__ent_coef0.01__exp3,0830-211803__NetHackChallenge-v0__exp3-pooled,NetHackChallenge-v0,action,-,0,10000000,5000,0,0.999,primitive,exp3,0,1,370752.5701295902,8.104697570429293,4.679913565839333,11.164063997222643,median-range,5,9996584
0830-211803__NetHackChallenge-v0__exp3-pooled/NetHackChallenge-v0__action__max_episode_steps5000__discountprimitive__ent_coef0.01__exp3,0830-211803__NetHackChallenge-v0__exp3-pooled,NetHackChallenge-v0,action,-,0,10000000,5000,0,0.999,primitive,exp3,0,1,381249.53108784114,7.878435003647872,4.645770270638911,10.951094351506004,median-range,5,9996584
0830-211803__NetHackChallenge-v0__exp3-pooled/NetHackChallenge-v0__action__max_episode_steps5000__discountprimitive__ent_coef0.01__exp3,0830-211803__NetHackChallenge-v0__exp3-pooled,NetHackChallenge-v0,action,-,0,10000000,5000,0,0.999,primitive,exp3,0,1,392043.6880690907,7.989999838154987,4.593653121442601,10.922198474843457,median-range,5,9996584
0830-211803__NetHackChallenge-v0__exp3-pooled/NetHackChallenge-v0__action__max_episode_steps5000__discountprimitive__ent_coef0.01__exp3,0830-211803__NetHackChallenge-v0__exp3-pooled,NetHackChallenge-v0,action,-,0,10000000,5000,0,0.999,primitive,exp3,0,1,403143.45545883937,7.697044517474602,4.413289558391083,11.370936909838669,median-range,5,9996584
0830-211803__NetHackChallenge-v0__exp3-pooled/NetHackChallenge-v0__action__max_episode_steps5000__discountprimitive__ent_coef0.01__exp3,0830-211803__NetHackChallenge-v0__exp3-pooled,NetHackChallenge-v0,action,-,0,10000000,5000,0,0.999,primitive,exp3,0,1,414557.48587553116,7.52830044887598,4.534533891372124,11.065416898041088,median-range,5,9996584
0830-211803__NetHackChallenge-v0__exp3-pooled/NetHackChallenge-v0__action__max_episode_steps5000__discountprimitive__ent_coef0.01__exp3,0830-211803__NetHackChallenge-v0__exp3-pooled,NetHackChallenge-v0,action,-,0,10000000,5000,0,0.999,primitive,exp3,0,1,426294.6769155423,7.312065069796175,4.745572718072028,10.960017939844372,median-range,5,9996584
0830-211803__NetHackChallenge-v0__exp3-pooled/NetHackChallenge-v0__action__max_episode_steps5000__discountprimitive__ent_coef0.01__exp3,0830-211803__NetHackChallenge-v0__exp3-pooled,NetHackChallenge-v0,action,-,0,10000000,5000,0,0.999,primitive,exp3,0,1,438364.1780891377,7.024289665658596,4.653974039590236,11.108047791820534,median-range,5,9996584
0830-211803__NetHackChallenge-v0__exp3-pooled/NetHackChallenge-v0__action__max_episode_steps5000__discountprimitive__ent_coef0.01__exp3,0830-211803__NetHackChallenge-v0__exp3-pooled,NetHackChallenge-v0,action,-,0,10000000,5000,0,0.999,primitive,exp3,0,1,450775.3979528033,6.9684845996982485,4.491062779283351,11.019132133703774,median-range,5,9996584
0830-211803__NetHackChallenge-v0__exp3-pooled/NetHackChallenge-v0__action__max_episode_steps5000__discountprimitive__ent_coef0.01__exp3,0830-211803__NetHackChallenge-v0__exp3-pooled,NetHackChallenge-v0,action,-,0,10000000,5000,0,0.999,primitive,exp3,0,1,463538.01144351135,7.033888844996666,4.437300149385572,10.88,median-range,5,9996584
0830-211803__NetHackChallenge-v0__exp3-pooled/NetHackChallenge-v0__action__max_episode_steps5000__discountprimitive__ent_coef0.01__exp3,0830-211803__NetHackChallenge-v0__exp3-pooled,NetHackChallenge-v0,action,-,0,10000000,5000,0,0.999,primitive,exp3,0,1,476661.96742063935,6.9106678916448345,4.363779215001619,10.419970495097216,median-range,5,9996584
0830-211803__NetHackChallenge-v0__exp3-pooled/NetHackChallenge-v0__action__max_episode_steps5000__discountprimitive__ent_coef0.01__exp3,0830-211803__NetHackChallenge-v0__exp3-pooled,NetHackChallenge-v0,action,-,0,10000000,5000,0,0.999,primitive,exp3,0,1,490157.4964214191,6.5776895604005405,4.249204669616895,10.650264331549968,median-range,5,9996584
0830-211803__NetHackChallenge-v0__exp3-pooled/NetHackChallenge-v0__action__max_episode_steps5000__discountprimitive__ent_coef0.01__exp3,0830-211803__NetHackChallenge-v0__exp3-pooled,NetHackChallenge-v0,action,-,0,10000000,5000,0,0.999,primitive,exp3,0,1,504035.118635963,6.430449043701645,4.112098118826236,10.740168203182694,median-range,5,9996584
0830-211803__NetHackChallenge-v0__exp3-pooled/NetHackChallenge-v0__action__max_episode_steps5000__discountprimitive__ent_coef0.01__exp3,0830-211803__NetHackChallenge-v0__exp3-pooled,NetHackChallenge-v0,action,-,0,10000000,5000,0,0.999,primitive,exp3,0,1,518305.6521080836,6.478601573162355,4.22,10.461324953956352,median-range,5,9996584
0830-211803__NetHackChallenge-v0__exp3-pooled/NetHackChallenge-v0__action__max_episode_steps5000__discountprimitive__ent_coef0.01__exp3,0830-211803__NetHackChallenge-v0__exp3-pooled,NetHackChallenge-v0,action,-,0,10000000,5000,0,0.999,primitive,exp3,0,1,532980.2211682998,6.337905911824011,4.16,10.743805857284292,median-range,5,9996584
0830-211803__NetHackChallenge-v0__exp3-pooled/NetHackChallenge-v0__action__max_episode_steps5000__discountprimitive__ent_coef0.01__exp3,0830-211803__NetHackChallenge-v0__exp3-pooled,NetHackChallenge-v0,action,-,0,10000000,5000,0,0.999,primitive,exp3,0,1,548070.265105603,6.23,4.247020865192555,10.899340771052358,median-range,5,9996584
0830-211803__NetHackChallenge-v0__exp3-pooled/NetHackChallenge-v0__action__max_episode_steps5000__discountprimitive__ent_coef0.01__exp3,0830-211803__NetHackChallenge-v0__exp3-pooled,NetHackChallenge-v0,action,-,0,10000000,5000,0,0.999,primitive,exp3,0,1,563587.547084743,6.48,4.300924569285168,9.84,median-range,5,9996584
0830-211803__NetHackChallenge-v0__exp3-pooled/NetHackChallenge-v0__action__max_episode_steps5000__discountprimitive__ent_coef0.01__exp3,0830-211803__NetHackChallenge-v0__exp3-pooled,NetHackChallenge-v0,action,-,0,10000000,5000,0,0.999,primitive,exp3,0,1,579544.1633159862,5.389226817527714,3.99,9.839801513186579,median-range,5,9996584
0830-211803__NetHackChallenge-v0__exp3-pooled/NetHackChallenge-v0__action__max_episode_steps5000__discountprimitive__ent_coef0.01__exp3,0830-211803__NetHackChallenge-v0__exp3-pooled,NetHackChallenge-v0,action,-,0,10000000,5000,0,0.999,primitive,exp3,0,1,595952.5524844921,5.541237699936328,4.184928660197364,9.597133783424182,median-range,5,9996584
0830-211803__NetHackChallenge-v0__exp3-pooled/NetHackChallenge-v0__action__max_episode_steps5000__discountprimitive__ent_coef0.01__exp3,0830-211803__NetHackChallenge-v0__exp3-pooled,NetHackChallenge-v0,action,-,0,10000000,5000,0,0.999,primitive,exp3,0,1,612825.5054466607,5.480541828069339,3.8660828489094805,8.42660155621486,median-range,5,9996584
0830-211803__NetHackChallenge-v0__exp3-pooled/NetHackChallenge-v0__action__max_episode_steps5000__discountprimitive__ent_coef0.01__exp3,0830-211803__NetHackChallenge-v0__exp3-pooled,NetHackChallenge-v0,action,-,0,10000000,5000,0,0.999,primitive,exp3,0,1,630176.1752010079,5.314977734082305,3.32,8.033019721847007,median-range,5,9996584
0830-211803__NetHackChallenge-v0__exp3-pooled/NetHackChallenge-v0__action__max_episode_steps5000__discountprimitive__ent_coef0.01__exp3,0830-211803__NetHackChallenge-v0__exp3-pooled,NetHackChallenge-v0,action,-,0,10000000,5000,0,0.999,primitive,exp3,0,1,648018.0871413425,5.5090027727596835,3.284293834642945,8.198468615845727,median-range,5,9996584
0830-211803__NetHackChallenge-v0__exp3-pooled/NetHackChallenge-v0__action__max_episode_steps5000__discountprimitive__ent_coef0.01__exp3,0830-211803__NetHackChallenge-v0__exp3-pooled,NetHackChallenge-v0,action,-,0,10000000,5000,0,0.999,primitive,exp3,0,1,666365.1496002366,5.459798689904432,2.7980873123042955,8.320806917306218,median-range,5,9996584
0830-211803__NetHackChallenge-v0__exp3-pooled/NetHackChallenge-v0__action__max_episode_steps5000__discountprimitive__ent_coef0.01__exp3,0830-211803__NetHackChallenge-v0__exp3-pooled,NetHackChallenge-v0,action,-,0,10000000,5000,0,0.999,primitive,exp3,0,1,685231.6646910093,5.37577733330888,2.64,9.010034035722782,median-range,5,9996584
0830-211803__NetHackChallenge-v0__exp3-pooled/NetHackChallenge-v0__action__max_episode_steps5000__discountprimitive__ent_coef0.01__exp3,0830-211803__NetHackChallenge-v0__exp3-pooled,NetHackChallenge-v0,action,-,0,10000000,5000,0,0.999,primitive,exp3,0,1,704632.3394566735,5.52,2.4,9.33,median-range,5,9996584
0830-211803__NetHackChallenge-v0__exp3-pooled/NetHackChallenge-v0__action__max_episode_steps5000__discountprimitive__ent_coef0.01__exp3,0830-211803__NetHackChallenge-v0__exp3-pooled,NetHackChallenge-v0,action,-,0,10000000,5000,0,0.999,primitive,exp3,0,1,724582.2973345444,5.725719307001512,2.4,9.286224669814747,median-range,5,9996584
0830-211803__NetHackChallenge-v0__exp3-pooled/NetHackChallenge-v0__action__max_episode_steps5000__discountprimitive__ent_coef0.01__exp3,0830-211803__NetHackChallenge-v0__exp3-pooled,NetHackChallenge-v0,action,-,0,10000000,5000,0,0.999,primitive,exp3,0,1,745097.0899454276,6.71,2.2046632243360285,9.370088693638538,median-range,5,9996584
0830-211803__NetHackChallenge-v0__exp3-pooled/NetHackChallenge-v0__action__max_episode_steps5000__discountprimitive__ent_coef0.01__exp3,0830-211803__NetHackChallenge-v0__exp3-pooled,NetHackChallenge-v0,action,-,0,10000000,5000,0,0.999,primitive,exp3,0,1,766192.7092166027,6.169274231949773,1.8393117897887017,9.082372993488129,median-range,5,9996584
0830-211803__NetHackChallenge-v0__exp3-pooled/NetHackChallenge-v0__action__max_episode_steps5000__discountprimitive__ent_coef0.01__exp3,0830-211803__NetHackChallenge-v0__exp3-pooled,NetHackChallenge-v0,action,-,0,10000000,5000,0,0.999,primitive,exp3,0,1,787885.5998480337,7.342546471061281,1.7397305252493596,9.027353983605089,median-range,5,9996584
0830-211803__NetHackChallenge-v0__exp3-pooled/NetHackChallenge-v0__action__max_episode_steps5000__discountprimitive__ent_coef0.01__exp3,0830-211803__NetHackChallenge-v0__exp3-pooled,NetHackChallenge-v0,action,-,0,10000000,5000,0,0.999,primitive,exp3,0,1,810192.6721315304,7.032461696541164,2.1909863908231566,8.246496351469343,median-range,5,9996584
0830-211803__NetHackChallenge-v0__exp3-pooled/NetHackChallenge-v0__action__max_episode_steps5000__discountprimitive__ent_coef0.01__exp3,0830-211803__NetHackChallenge-v0__exp3-pooled,NetHackChallenge-v0,action,-,0,10000000,5000,0,0.999,primitive,exp3,0,1,833131.3151328535,6.965537411697288,2.09723641105105,7.821359625889232,median-range,5,9996584
0830-211803__NetHackChallenge-v0__exp3-pooled/NetHackChallenge-v0__action__max_episode_steps5000__discountprimitive__ent_coef0.01__exp3,0830-211803__NetHackChallenge-v0__exp3-pooled,NetHackChallenge-v0,action,-,0,10000000,5000,0,0.999,primitive,exp3,0,1,856719.4102470397,6.855299867122623,2.040647954808544,7.96,median-range,5,9996584
0830-211803__NetHackChallenge-v0__exp3-pooled/NetHackChallenge-v0__action__max_episode_steps5000__discountprimitive__ent_coef0.01__exp3,0830-211803__NetHackChallenge-v0__exp3-pooled,NetHackChallenge-v0,action,-,0,10000000,5000,0,0.999,primitive,exp3,0,1,880975.3451375129,7.135122418563811,1.9417120471627691,7.800486925928999,median-range,5,9996584
0830-211803__NetHackChallenge-v0__exp3-pooled/NetHackChallenge-v0__action__max_episode_steps5000__discountprimitive__ent_coef0.01__exp3,0830-211803__NetHackChallenge-v0__exp3-pooled,NetHackChallenge-v0,action,-,0,10000000,5000,0,0.999,primitive,exp3,0,1,905918.0280698463,7.197250032333804,1.7772866563710876,7.998376469120198,median-range,5,9996584
0830-211803__NetHackChallenge-v0__exp3-pooled/NetHackChallenge-v0__action__max_episode_steps5000__discountprimitive__ent_coef0.01__exp3,0830-211803__NetHackChallenge-v0__exp3-pooled,NetHackChallenge-v0,action,-,0,10000000,5000,0,0.999,primitive,exp3,0,1,931566.9026513522,7.422814547240342,1.6778430690478756,7.977422228319519,median-range,5,9996584
0830-211803__NetHackChallenge-v0__exp3-pooled/NetHackChallenge-v0__action__max_episode_steps5000__discountprimitive__ent_coef0.01__exp3,0830-211803__NetHackChallenge-v0__exp3-pooled,NetHackChallenge-v0,action,-,0,10000000,5000,0,0.999,primitive,exp3,0,1,957941.9629879859,7.034049751505706,1.69,8.41,median-range,5,9996584
0830-211803__NetHackChallenge-v0__exp3-pooled/NetHackChallenge-v0__action__max_episode_steps5000__discountprimitive__ent_coef0.01__exp3,0830-211803__NetHackChallenge-v0__exp3-pooled,NetHackChallenge-v0,action,-,0,10000000,5000,0,0.999,primitive,exp3,0,1,985063.7692703818,7.358312277169802,1.4,7.628130206359758,median-range,5,9996584
0830-211803__NetHackChallenge-v0__exp3-pooled/NetHackChallenge-v0__action__max_episode_steps5000__discountprimitive__ent_coef0.01__exp3,0830-211803__NetHackChallenge-v0__exp3-pooled,NetHackChallenge-v0,action,-,0,10000000,5000,0,0.999,primitive,exp3,0,1,1012953.4638011693,7.55,2.38,7.896711965295285,median-range,5,9996584
0830-211803__NetHackChallenge-v0__exp3-pooled/NetHackChallenge-v0__action__max_episode_steps5000__discountprimitive__ent_coef0.01__exp3,0830-211803__NetHackChallenge-v0__exp3-pooled,NetHackChallenge-v0,action,-,0,10000000,5000,0,0.999,primitive,exp3,0,1,1041632.7874760648,7.04,3.19,8.610247673012436,median-range,5,9996584
0830-211803__NetHackChallenge-v0__exp3-pooled/NetHackChallenge-v0__action__max_episode_steps5000__discountprimitive__ent_coef0.01__exp3,0830-211803__NetHackChallenge-v0__exp3-pooled,NetHackChallenge-v0,action,-,0,10000000,5000,0,0.999,primitive,exp3,0,1,1071124.096731584,6.873705039382339,2.96,8.76,median-range,5,9996584
0830-211803__NetHackChallenge-v0__exp3-pooled/NetHackChallenge-v0__action__max_episode_steps5000__discountprimitive__ent_coef0.01__exp3,0830-211803__NetHackChallenge-v0__exp3-pooled,NetHackChallenge-v0,action,-,0,10000000,5000,0,0.999,primitive,exp3,0,1,1101450.3809725894,5.87,3.01,8.51,median-range,5,9996584
0830-211803__NetHackChallenge-v0__exp3-pooled/NetHackChallenge-v0__action__max_episode_steps5000__discountprimitive__ent_coef0.01__exp3,0830-211803__NetHackChallenge-v0__exp3-pooled,NetHackChallenge-v0,action,-,0,10000000,5000,0,0.999,primitive,exp3,0,1,1132635.280493255,6.604231051641914,3.4550502674960097,8.398854345371026,median-range,5,9996584
0830-211803__NetHackChallenge-v0__exp3-pooled/NetHackChallenge-v0__action__max_episode_steps5000__discountprimitive__ent_coef0.01__exp3,0830-211803__NetHackChallenge-v0__exp3-pooled,NetHackChallenge-v0,action,-,0,10000000,5000,0,0.999,primitive,exp3,0,1,1164703.1049054218,6.357882800210664,3.532652639841998,8.32,median-range,5,9996584
0830-211803__NetHackChallenge-v0__exp3-pooled/NetHackChallenge-v0__action__max_episode_steps5000__discountprimitive__ent_coef0.01__exp3,0830-211803__NetHackChallenge-v0__exp3-pooled,NetHackChallenge-v0,action,-,0,10000000,5000,0,0.999,primitive,exp3,0,1,1197678.852088705,7.244985400220458,3.816251975444121,8.38,median-range,5,9996584
0830-211803__NetHackChallenge-v0__exp3-pooled/NetHackChallenge-v0__action__max_episode_steps5000__discountprimitive__ent_coef0.01__exp3,0830-211803__NetHackChallenge-v0__exp3-pooled,NetHackChallenge-v0,action,-,0,10000000,5000,0,0.999,primitive,exp3,0,1,1231588.2276771294,7.168702312655848,3.9213656641075127,7.74,median-range,5,9996584
0830-211803__NetHackChallenge-v0__exp3-pooled/NetHackChallenge-v0__action__max_episode_steps5000__discountprimitive__ent_coef0.01__exp3,0830-211803__NetHackChallenge-v0__exp3-pooled,NetHackChallenge-v0,action,-,0,10000000,5000,0,0.999,primitive,exp3,0,1,1266457.6650974783,7.252646377176626,3.67,7.9642695975850355,median-range,5,9996584
0830-211803__NetHackChallenge-v0__exp3-pooled/NetHackChallenge-v0__action__max_episode_steps5000__discountprimitive__ent_coef0.01__exp3,0830-211803__NetHackChallenge-v0__exp3-pooled,NetHackChallenge-v0,action,-,0,10000000,5000,0,0.999,primitive,exp3,0,1,1302314.3461749936,7.16579195514195,4.63,9.014936203284703,median-range,5,9996584
0830-211803__NetHackChallenge-v0__exp3-pooled/NetHackChallenge-v0__action__max_episode_steps5000__discountprimitive__ent_coef0.01__exp3,0830-211803__NetHackChallenge-v0__exp3-pooled,NetHackChallenge-v0,action,-,0,10000000,5000,0,0.999,primitive,exp3,0,1,1339186.2223224489,7.586331730724566,5.877595123150719,9.142738339331437,median-range,5,9996584
0830-211803__NetHackChallenge-v0__exp3-pooled/NetHackChallenge-v0__action__max_episode_steps5000__discountprimitive__ent_coef0.01__exp3,0830-211803__NetHackChallenge-v0__exp3-pooled,NetHackChallenge-v0,action,-,0,10000000,5000,0,0.999,primitive,exp3,0,1,1377102.036329167,7.44,5.60624467772916,12.743024264197423,median-range,5,9996584
0830-211803__NetHackChallenge-v0__exp3-pooled/NetHackChallenge-v0__action__max_episode_steps5000__discountprimitive__ent_coef0.01__exp3,0830-211803__NetHackChallenge-v0__exp3-pooled,NetHackChallenge-v0,action,-,0,10000000,5000,0,0.999,primitive,exp3,0,1,1416091.3447669277,6.9535705710235,5.520646873720693,12.645989866511474,median-range,5,9996584
0830-211803__NetHackChallenge-v0__exp3-pooled/NetHackChallenge-v0__action__max_episode_steps5000__discountprimitive__ent_coef0.01__exp3,0830-211803__NetHackChallenge-v0__exp3-pooled,NetHackChallenge-v0,action,-,0,10000000,5000,0,0.999,primitive,exp3,0,1,1456184.5410302463,6.99,4.6965610974641026,12.582538763715531,median-range,5,9996584
0830-211803__NetHackChallenge-v0__exp3-pooled/NetHackChallenge-v0__action__max_episode_steps5000__discountprimitive__ent_coef0.01__exp3,0830-211803__NetHackChallenge-v0__exp3-pooled,NetHackChallenge-v0,action,-,0,10000000,5000,0,0.999,primitive,exp3,0,1,1497412.879028983,7.7465477368492275,4.79,12.48448486245764,median-range,5,9996584
0830-211803__NetHackChallenge-v0__exp3-pooled/NetHackChallenge-v0__action__max_episode_steps5000__discountprimitive__ent_coef0.01__exp3,0830-211803__NetHackChallenge-v0__exp3-pooled,NetHackChallenge-v0,action,-,0,10000000,5000,0,0.999,primitive,exp3,0,1,1539808.4975517492,7.5274959591707775,5.051872666554351,11.988406378675913,median-range,5,9996584
0830-211803__NetHackChallenge-v0__exp3-pooled/NetHackChallenge-v0__action__max_episode_steps5000__discountprimitive__ent_coef0.01__exp3,0830-211803__NetHackChallenge-v0__exp3-pooled,NetHackChallenge-v0,action,-,0,10000000,5000,0,0.999,primitive,exp3,0,1,1583404.4453191082,7.44,5.5,12.65,median-range,5,9996584
0830-211803__NetHackChallenge-v0__exp3-pooled/NetHackChallenge-v0__action__max_episode_steps5000__discountprimitive__ent_coef0.01__exp3,0830-211803__NetHackChallenge-v0__exp3-pooled,NetHackChallenge-v0,action,-,0,10000000,5000,0,0.999,primitive,exp3,0,1,1628234.7067460918,6.261583089149413,5.758207091626529,12.00922447371133,median-range,5,9996584
0830-211803__NetHackChallenge-v0__exp3-pooled/NetHackChallenge-v0__action__max_episode_steps5000__discountprimitive__ent_coef0.01__exp3,0830-211803__NetHackChallenge-v0__exp3-pooled,NetHackChallenge-v0,action,-,0,10000000,5000,0,0.999,primitive,exp3,0,1,1674334.2284341243,7.327853770822817,6.021860450098341,11.714154781392612,median-range,5,9996584
0830-211803__NetHackChallenge-v0__exp3-pooled/NetHackChallenge-v0__action__max_episode_steps5000__discountprimitive__ent_coef0.01__exp3,0830-211803__NetHackChallenge-v0__exp3-pooled,NetHackChallenge-v0,action,-,0,10000000,5000,0,0.999,primitive,exp3,0,1,1721738.946412999,7.672883085641585,7.013771652914276,11.048877417885635,median-range,5,9996584
0830-211803__NetHackChallenge-v0__exp3-pooled/NetHackChallenge-v0__action__max_episode_steps5000__discountprimitive__ent_coef0.01__exp3,0830-211803__NetHackChallenge-v0__exp3-pooled,NetHackChallenge-v0,action,-,0,10000000,5000,0,0.999,primitive,exp3,0,1,1770485.8141541455,7.58,6.12,10.047009952501883,median-range,5,9996584
0830-211803__NetHackChallenge-v0__exp3-pooled/NetHackChallenge-v0__action__max_episode_steps5000__discountprimitive__ent_coef0.01__exp3,0830-211803__NetHackChallenge-v0__exp3-pooled,NetHackChallenge-v0,action,-,0,10000000,5000,0,0.999,primitive,exp3,0,1,1820612.831377026,7.592051256275406,6.38,9.161402831696744,median-range,5,9996584
0830-211803__NetHackChallenge-v0__exp3-pooled/NetHackChallenge-v0__action__max_episode_steps5000__discountprimitive__ent_coef0.01__exp3,0830-211803__NetHackChallenge-v0__exp3-pooled,NetHackChallenge-v0,action,-,0,10000000,5000,0,0.999,primitive,exp3,0,1,1872159.0736711128,7.252634612231858,5.522410714437572,9.62,median-range,5,9996584
0830-211803__NetHackChallenge-v0__exp3-pooled/NetHackChallenge-v0__action__max_episode_steps5000__discountprimitive__ent_coef0.01__exp3,0830-211803__NetHackChallenge-v0__exp3-pooled,NetHackChallenge-v0,action,-,0,10000000,5000,0,0.999,primitive,exp3,0,1,1925164.7229565429,7.562638322190943,6.175841592437128,11.219898663810191,median-range,5,9996584
0830-211803__NetHackChallenge-v0__exp3-pooled/NetHackChallenge-v0__action__max_episode_steps5000__discountprimitive__ent_coef0.01__exp3,0830-211803__NetHackChallenge-v0__exp3-pooled,NetHackChallenge-v0,action,-,0,10000000,5000,0,0.999,primitive,exp3,0,1,1979671.0988071896,7.44,6.4,12.273878644698193,median-range,5,9996584
0830-211803__NetHackChallenge-v0__exp3-pooled/NetHackChallenge-v0__action__max_episode_steps5000__discountprimitive__ent_coef0.01__exp3,0830-211803__NetHackChallenge-v0__exp3-pooled,NetHackChallenge-v0,action,-,0,10000000,5000,0,0.999,primitive,exp3,0,1,2035720.6906605738,7.551822904636243,5.644839036718407,13.17060661613563,median-range,5,9996584
0830-211803__NetHackChallenge-v0__exp3-pooled/NetHackChallenge-v0__action__max_episode_steps5000__discountprimitive__ent_coef0.01__exp3,0830-211803__NetHackChallenge-v0__exp3-pooled,NetHackChallenge-v0,action,-,0,10000000,5000,0,0.999,primitive,exp3,0,1,2093357.1909397182,7.009098498522243,6.390374513957851,13.295948203774916,median-range,5,9996584
0830-211803__NetHackChallenge-v0__exp3-pooled/NetHackChallenge-v0__action__max_episode_steps5000__discountprimitive__ent_coef0.01__exp3,0830-211803__NetHackChallenge-v0__exp3-pooled,NetHackChallenge-v0,action,-,0,10000000,5000,0,0.999,primitive,exp3,0,1,2152625.5291127684,7.92,6.339541646016436,10.8,median-range,5,9996584
0830-211803__NetHackChallenge-v0__exp3-pooled/NetHackChallenge-v0__action__max_episode_steps5000__discountprimitive__ent_coef0.01__exp3,0830-211803__NetHackChallenge-v0__exp3-pooled,NetHackChallenge-v0,action,-,0,10000000,5000,0,0.999,primitive,exp3,0,1,2213571.906716929,7.07,6.4414704997106105,13.097197087711356,median-range,5,9996584
0830-211803__NetHackChallenge-v0__exp3-pooled/NetHackChallenge-v0__action__max_episode_steps5000__discountprimitive__ent_coef0.01__exp3,0830-211803__NetHackChallenge-v0__exp3-pooled,NetHackChallenge-v0,action,-,0,10000000,5000,0,0.999,primitive,exp3,0,1,2276243.833374017,7.400967937830175,6.874311899121801,13.070457753033164,median-range,5,9996584
0830-211803__NetHackChallenge-v0__exp3-pooled/NetHackChallenge-v0__action__max_episode_steps5000__discountprimitive__ent_coef0.01__exp3,0830-211803__NetHackChallenge-v0__exp3-pooled,NetHackChallenge-v0,action,-,0,10000000,5000,0,0.999,primitive,exp3,0,1,2340690.163825711,8.568247184221756,6.382056798516687,12.316112463947253,median-range,5,9996584
0830-211803__NetHackChallenge-v0__exp3-pooled/NetHackChallenge-v0__action__max_episode_steps5000__discountprimitive__ent_coef0.01__exp3,0830-211803__NetHackChallenge-v0__exp3-pooled,NetHackChallenge-v0,action,-,0,10000000,5000,0,0.999,primitive,exp3,0,1,2406961.13601736,9.635567636507536,6.539849060069986,10.927089457958132,median-range,5,9996584
0830-211803__NetHackChallenge-v0__exp3-pooled/NetHackChallenge-v0__action__max_episode_steps5000__discountprimitive__ent_coef0.01__exp3,0830-211803__NetHackChallenge-v0__exp3-pooled,NetHackChallenge-v0,action,-,0,10000000,5000,0,0.999,primitive,exp3,0,1,2475108.4102600445,9.484456523006772,7.278391864907469,11.28336774094701,median-range,5,9996584
0830-211803__NetHackChallenge-v0__exp3-pooled/NetHackChallenge-v0__action__max_episode_steps5000__discountprimitive__ent_coef0.01__exp3,0830-211803__NetHackChallenge-v0__exp3-pooled,NetHackChallenge-v0,action,-,0,10000000,5000,0,0.999,primitive,exp3,0,1,2545185.1095014196,10.230677112786504,7.01,10.97,median-range,5,9996584
0830-211803__NetHackChallenge-v0__exp3-pooled/NetHackChallenge-v0__action__max_episode_steps5000__discountprimitive__ent_coef0.01__exp3,0830-211803__NetHackChallenge-v0__exp3-pooled,NetHackChallenge-v0,action,-,0,10000000,5000,0,0.999,primitive,exp3,0,1,2617245.8607367235,10.244671456276194,5.3005959353222005,11.782675333384107,median-range,5,9996584
0830-211803__NetHackChallenge-v0__exp3-pooled/NetHackChallenge-v0__action__max_episode_steps5000__discountprimitive__ent_coef0.01__exp3,0830-211803__NetHackChallenge-v0__exp3-pooled,NetHackChallenge-v0,action,-,0,10000000,5000,0,0.999,primitive,exp3,0,1,2691346.837592243,9.565696287804553,5.669509118165506,12.815226502921087,median-range,5,9996584
0830-211803__NetHackChallenge-v0__exp3-pooled/NetHackChallenge-v0__action__max_episode_steps5000__discountprimitive__ent_coef0.01__exp3,0830-211803__NetHackChallenge-v0__exp3-pooled,NetHackChallenge-v0,action,-,0,10000000,5000,0,0.999,primitive,exp3,0,1,2767545.804114426,9.150938110048763,5.754659017566755,11.24832995562756,median-range,5,9996584
0830-211803__NetHackChallenge-v0__exp3-pooled/NetHackChallenge-v0__action__max_episode_steps5000__discountprimitive__ent_coef0.01__exp3,0830-211803__NetHackChallenge-v0__exp3-pooled,NetHackChallenge-v0,action,-,0,10000000,5000,0,0.999,primitive,exp3,0,1,2845902.1597987735,9.342533313395867,4.85764686823405,11.040236355797722,median-range,5,9996584
0830-211803__NetHackChallenge-v0__exp3-pooled/NetHackChallenge-v0__action__max_episode_steps5000__discountprimitive__ent_coef0.01__exp3,0830-211803__NetHackChallenge-v0__exp3-pooled,NetHackChallenge-v0,action,-,0,10000000,5000,0,0.999,primitive,exp3,0,1,2926476.9858936216,8.69357009745602,5.556863817037291,11.65,median-range,5,9996584
0830-211803__NetHackChallenge-v0__exp3-pooled/NetHackChallenge-v0__action__max_episode_steps5000__discountprimitive__ent_coef0.01__exp3,0830-211803__NetHackChallenge-v0__exp3-pooled,NetHackChallenge-v0,action,-,0,10000000,5000,0,0.999,primitive,exp3,0,1,3009333.093014896,8.624088275510443,7.808252836604798,11.412646096176562,median-range,5,9996584
0830-211803__NetHackChallenge-v0__exp3-pooled/NetHackChallenge-v0__action__max_episode_steps5000__discountprimitive__ent_coef0.01__exp3,0830-211803__NetHackChallenge-v0__exp3-pooled,NetHackChallenge-v0,action,-,0,10000000,5000,0,0.999,primitive,exp3,0,1,3094535.0701089683,9.183325082766313,6.120813510991948,12.445566074284827,median-range,5,9996584
0830-211803__NetHackChallenge-v0__exp3-pooled/NetHackChallenge-v0__action__max_episode_steps5000__discountprimitive__ent_coef0.01__exp3,0830-211803__NetHackChallenge-v0__exp3-pooled,NetHackChallenge-v0,action,-,0,10000000,5000,0,0.999,primitive,exp3,0,1,3182149.3348017745,8.372597136110414,7.34,12.544038222820923,median-range,5,9996584
0830-211803__NetHackChallenge-v0__exp3-pooled/NetHackChallenge-v0__action__max_episode_steps5000__discountprimitive__ent_coef0.01__exp3,0830-211803__NetHackChallenge-v0__exp3-pooled,NetHackChallenge-v0,action,-,0,10000000,5000,0,0.999,primitive,exp3,0,1,3272244.185173447,9.002368581837125,8.240592413649747,14.135467391915368,median-range,5,9996584
0830-211803__NetHackChallenge-v0__exp3-pooled/NetHackChallenge-v0__action__max_episode_steps5000__discountprimitive__ent_coef0.01__exp3,0830-211803__NetHackChallenge-v0__exp3-pooled,NetHackChallenge-v0,action,-,0,10000000,5000,0,0.999,primitive,exp3,0,1,3364889.8529988197,10.435790053128706,8.499031580351758,13.96,median-range,5,9996584
0830-211803__NetHackChallenge-v0__exp3-pooled/NetHackChallenge-v0__action__max_episode_steps5000__discountprimitive__ent_coef0.01__exp3,0830-211803__NetHackChallenge-v0__exp3-pooled,NetHackChallenge-v0,action,-,0,10000000,5000,0,0.999,primitive,exp3,0,1,3460158.558495304,10.024590651544273,7.79893414525872,13.874191175788265,median-range,5,9996584
0830-211803__NetHackChallenge-v0__exp3-pooled/NetHackChallenge-v0__action__max_episode_steps5000__discountprimitive__ent_coef0.01__exp3,0830-211803__NetHackChallenge-v0__exp3-pooled,NetHackChallenge-v0,action,-,0,10000000,5000,0,0.999,primitive,exp3,0,1,3558124.566620851,9.937418706239184,7.436049925676812,12.623320971104942,median-range,5,9996584
0830-211803__NetHackChallenge-v0__exp3-pooled/NetHackChallenge-v0__action__max_episode_steps5000__discountprimitive__ent_coef0.01__exp3,0830-211803__NetHackChallenge-v0__exp3-pooled,NetHackChallenge-v0,action,-,0,10000000,5000,0,0.999,primitive,exp3,0,1,3658864.244965785,9.669384331453116,4.809476818914619,12.16116767461932,median-range,5,9996584
0830-211803__NetHackChallenge-v0__exp3-pooled/NetHackChallenge-v0__action__max_episode_steps5000__discountprimitive__ent_coef0.01__exp3,0830-211803__NetHackChallenge-v0__exp3-pooled,NetHackChallenge-v0,action,-,0,10000000,5000,0,0.999,primitive,exp3,0,1,3762456.1232837737,8.218632270253266,4.937914181276865,12.19857638968908,median-range,5,9996584
0830-211803__NetHackChallenge-v0__exp3-pooled/NetHackChallenge-v0__action__max_episode_steps5000__discountprimitive__ent_coef0.01__exp3,0830-211803__NetHackChallenge-v0__exp3-pooled,NetHackChallenge-v0,action,-,0,10000000,5000,0,0.999,primitive,exp3,0,1,3868980.954708239,8.381574379518474,5.383310467358205,12.26,median-range,5,9996584
0830-211803__NetHackChallenge-v0__exp3-pooled/NetHackChallenge-v0__action__max_episode_steps5000__discountprimitive__ent_coef0.01__exp3,0830-211803__NetHackChallenge-v0__exp3-pooled,NetHackChallenge-v0,action,-,0,10000000,5000,0,0.999,primitive,exp3,0,1,3978521.7787019694,9.35720180067391,6.255550257006638,10.865093617576573,median-range,5,9996584
0830-211803__NetHackChallenge-v0__exp3-pooled/NetHackChallenge-v0__action__max_episode_steps5000__discountprimitive__ent_coef0.01__exp3,0830-211803__NetHackChallenge-v0__exp3-pooled,NetHackChallenge-v0,action,-,0,10000000,5000,0,0.999,primitive,exp3,0,1,4091163.9857889987,8.79,6.89,12.315793364800024,median-range,5,9996584
0830-211803__NetHackChallenge-v0__exp3-pooled/NetHackChallenge-v0__action__max_episode_steps5000__discountprimitive__ent_coef0.01__exp3,0830-211803__NetHackChallenge-v0__exp3-pooled,NetHackChallenge-v0,action,-,0,10000000,5000,0,0.999,primitive,exp3,0,1,4206995.384119207,8.6,6.689398272896601,11.097742089268696,median-range,5,9996584
0830-211803__NetHackChallenge-v0__exp3-pooled/NetHackChallenge-v0__action__max_episode_steps5000__discountprimitive__ent_coef0.01__exp3,0830-211803__NetHackChallenge-v0__exp3-pooled,NetHackChallenge-v0,action,-,0,10000000,5000,0,0.999,primitive,exp3,0,1,4326106.267917546,6.544800300083516,5.79,12.443525074723453,median-range,5,9996584
0830-211803__NetHackChallenge-v0__exp3-pooled/NetHackChallenge-v0__action__max_episode_steps5000__discountprimitive__ent_coef0.01__exp3,0830-211803__NetHackChallenge-v0__exp3-pooled,NetHackChallenge-v0,action,-,0,10000000,5000,0,0.999,primitive,exp3,0,1,4448589.487871227,5.61,4.08203976376311,12.032073400035582,median-range,5,9996584
0830-211803__NetHackChallenge-v0__exp3-pooled/NetHackChallenge-v0__action__max_episode_steps5000__discountprimitive__ent_coef0.01__exp3,0830-211803__NetHackChallenge-v0__exp3-pooled,NetHackChallenge-v0,action,-,0,10000000,5000,0,0.999,primitive,exp3,0,1,4574540.523509759,6.535469739225744,3.59,11.754974597380642,median-range,5,9996584
0830-211803__NetHackChallenge-v0__exp3-pooled/NetHackChallenge-v0__action__max_episode_steps5000__discountprimitive__ent_coef0.01__exp3,0830-211803__NetHackChallenge-v0__exp3-pooled,NetHackChallenge-v0,action,-,0,10000000,5000,0,0.999,primitive,exp3,0,1,4704057.557634256,8.7,5.18,10.832062684834492,median-range,5,9996584
0830-211803__NetHackChallenge-v0__exp3-pooled/NetHackChallenge-v0__action__max_episode_steps5000__discountprimitive__ent_coef0.01__exp3,0830-211803__NetHackChallenge-v0__exp3-pooled,NetHackChallenge-v0,action,-,0,10000000,5000,0,0.999,primitive,exp3,0,1,4837241.552854013,7.97,5.867128544846724,13.602540573431355,median-range,5,9996584
0830-211803__NetHackChallenge-v0__exp3-pooled/NetHackChallenge-v0__action__max_episode_steps5000__discountprimitive__ent_coef0.01__exp3,0830-211803__NetHackChallenge-v0__exp3-pooled,NetHackChallenge-v0,action,-,0,10000000,5000,0,0.999,primitive,exp3,0,1,4974196.330290051,8.924951511443194,6.432410544525698,13.803534442322265,median-range,5,9996584
0830-211803__NetHackChallenge-v0__exp3-pooled/NetHackChallenge-v0__action__max_episode_steps5000__discountprimitive__ent_coef0.01__exp3,0830-211803__NetHackChallenge-v0__exp3-pooled,NetHackChallenge-v0,action,-,0,10000000,5000,0,0.999,primitive,exp3,0,1,5115028.650506953,10.016372699341606,6.934758176923326,12.293818717345218,median-range,5,9996584
0830-211803__NetHackChallenge-v0__exp3-pooled/NetHackChallenge-v0__action__max_episode_steps5000__discountprimitive__ent_coef0.01__exp3,0830-211803__NetHackChallenge-v0__exp3-pooled,NetHackChallenge-v0,action,-,0,10000000,5000,0,0.999,primitive,exp3,0,1,5259848.296736078,8.535719608878981,5.963063250351586,11.962339869169108,median-range,5,9996584
0830-211803__NetHackChallenge-v0__exp3-pooled/NetHackChallenge-v0__action__max_episode_steps5000__discountprimitive__ent_coef0.01__exp3,0830-211803__NetHackChallenge-v0__exp3-pooled,NetHackChallenge-v0,action,-,0,10000000,5000,0,0.999,primitive,exp3,0,1,5408768.160455061,8.514298401792953,6.496959032253905,9.898961827005696,median-range,5,9996584
0830-211803__NetHackChallenge-v0__exp3-pooled/NetHackChallenge-v0__action__max_episode_steps5000__discountprimitive__ent_coef0.01__exp3,0830-211803__NetHackChallenge-v0__exp3-pooled,NetHackChallenge-v0,action,-,0,10000000,5000,0,0.999,primitive,exp3,0,1,5561904.329390258,6.727664483331466,5.89224103858913,13.253527860456828,median-range,5,9996584
0830-211803__NetHackChallenge-v0__exp3-pooled/NetHackChallenge-v0__action__max_episode_steps5000__discountprimitive__ent_coef0.01__exp3,0830-211803__NetHackChallenge-v0__exp3-pooled,NetHackChallenge-v0,action,-,0,10000000,5000,0,0.999,primitive,exp3,0,1,5719376.178010833,7.21831712440999,6.129994396324387,12.906876937626013,median-range,5,9996584
0830-211803__NetHackChallenge-v0__exp3-pooled/NetHackChallenge-v0__action__max_episode_steps5000__discountprimitive__ent_coef0.01__exp3,0830-211803__NetHackChallenge-v0__exp3-pooled,NetHackChallenge-v0,action,-,0,10000000,5000,0,0.999,primitive,exp3,0,1,5881306.460584857,8.264743751719159,6.62,12.28,median-range,5,9996584
0830-211803__NetHackChallenge-v0__exp3-pooled/NetHackChallenge-v0__action__max_episode_steps5000__discountprimitive__ent_coef0.01__exp3,0830-211803__NetHackChallenge-v0__exp3-pooled,NetHackChallenge-v0,action,-,0,10000000,5000,0,0.999,primitive,exp3,0,1,6047821.406870163,8.305460385784308,6.66,14.903881127178519,median-range,5,9996584
0830-211803__NetHackChallenge-v0__exp3-pooled/NetHackChallenge-v0__action__max_episode_steps5000__discountprimitive__ent_coef0.01__exp3,0830-211803__NetHackChallenge-v0__exp3-pooled,NetHackChallenge-v0,action,-,0,10000000,5000,0,0.999,primitive,exp3,0,1,6219050.820514418,8.272949760279822,5.182053911223842,13.43,median-range,5,9996584
0830-211803__NetHackChallenge-v0__exp3-pooled/NetHackChallenge-v0__action__max_episode_steps5000__discountprimitive__ent_coef0.01__exp3,0830-211803__NetHackChallenge-v0__exp3-pooled,NetHackChallenge-v0,action,-,0,10000000,5000,0,0.999,primitive,exp3,0,1,6395128.18024115,7.801532876089687,4.993579945059023,11.753425436726511,median-range,5,9996584
0830-211803__NetHackChallenge-v0__exp3-pooled/NetHackChallenge-v0__action__max_episode_steps5000__discountprimitive__ent_coef0.01__exp3,0830-211803__NetHackChallenge-v0__exp3-pooled,NetHackChallenge-v0,action,-,0,10000000,5000,0,0.999,primitive,exp3,0,1,6576190.74390062,7.630739504470714,5.0661108758343785,10.204673144610522,median-range,5,9996584
0830-211803__NetHackChallenge-v0__exp3-pooled/NetHackChallenge-v0__action__max_episode_steps5000__discountprimitive__ent_coef0.01__exp3,0830-211803__NetHackChallenge-v0__exp3-pooled,NetHackChallenge-v0,action,-,0,10000000,5000,0,0.999,primitive,exp3,0,1,6762379.655466649,6.41973950435089,5.763083624394063,9.853607354407567,median-range,5,9996584
0830-211803__NetHackChallenge-v0__exp3-pooled/NetHackChallenge-v0__action__max_episode_steps5000__discountprimitive__ent_coef0.01__exp3,0830-211803__NetHackChallenge-v0__exp3-pooled,NetHackChallenge-v0,action,-,0,10000000,5000,0,0.999,primitive,exp3,0,1,6953840.055062778,7.769107994720798,5.5591273436546125,10.174548429702144,median-range,5,9996584
0830-211803__NetHackChallenge-v0__exp3-pooled/NetHackChallenge-v0__action__max_episode_steps5000__discountprimitive__ent_coef0.01__exp3,0830-211803__NetHackChallenge-v0__exp3-pooled,NetHackChallenge-v0,action,-,0,10000000,5000,0,0.999,primitive,exp3,0,1,7150721.192103586,7.863966411941222,6.921863924764249,10.65572325373004,median-range,5,9996584
0830-211803__NetHackChallenge-v0__exp3-pooled/NetHackChallenge-v0__action__max_episode_steps5000__discountprimitive__ent_coef0.01__exp3,0830-211803__NetHackChallenge-v0__exp3-pooled,NetHackChallenge-v0,action,-,0,10000000,5000,0,0.999,primitive,exp3,0,1,7353176.541639295,8.95609010071188,7.875214077322787,9.960590878795019,median-range,5,9996584
0830-211803__NetHackChallenge-v0__exp3-pooled/NetHackChallenge-v0__action__max_episode_steps5000__discountprimitive__ent_coef0.01__exp3,0830-211803__NetHackChallenge-v0__exp3-pooled,NetHackChallenge-v0,action,-,0,10000000,5000,0,0.999,primitive,exp3,0,1,7561363.923994419,9.251166089207521,6.266765033085415,11.297625682854138,median-range,5,9996584
0830-211803__NetHackChallenge-v0__exp3-pooled/NetHackChallenge-v0__action__max_episode_steps5000__discountprimitive__ent_coef0.01__exp3,0830-211803__NetHackChallenge-v0__exp3-pooled,NetHackChallenge-v0,action,-,0,10000000,5000,0,0.999,primitive,exp3,0,1,7775445.627793677,7.964765801031695,6.216108165501515,10.911906860624828,median-range,5,9996584
0830-211803__NetHackChallenge-v0__exp3-pooled/NetHackChallenge-v0__action__max_episode_steps5000__discountprimitive__ent_coef0.01__exp3,0830-211803__NetHackChallenge-v0__exp3-pooled,NetHackChallenge-v0,action,-,0,10000000,5000,0,0.999,primitive,exp3,0,1,7995588.536471086,8.149915685665126,6.082198586096935,12.260570581952127,median-range,5,9996584
0830-211803__NetHackChallenge-v0__exp3-pooled/NetHackChallenge-v0__action__max_episode_steps5000__discountprimitive__ent_coef0.01__exp3,0830-211803__NetHackChallenge-v0__exp3-pooled,NetHackChallenge-v0,action,-,0,10000000,5000,0,0.999,primitive,exp3,0,1,8221964.258360861,7.5999405475140795,6.076518851378946,9.887136627796917,median-range,5,9996584
0830-211803__NetHackChallenge-v0__exp3-pooled/NetHackChallenge-v0__action__max_episode_steps5000__discountprimitive__ent_coef0.01__exp3,0830-211803__NetHackChallenge-v0__exp3-pooled,NetHackChallenge-v0,action,-,0,10000000,5000,0,0.999,primitive,exp3,0,1,8454749.26047152,8.082302740250212,6.632116808552961,9.79,median-range,5,9996584
0830-211803__NetHackChallenge-v0__exp3-pooled/NetHackChallenge-v0__action__max_episode_steps5000__discountprimitive__ent_coef0.01__exp3,0830-211803__NetHackChallenge-v0__exp3-pooled,NetHackChallenge-v0,action,-,0,10000000,5000,0,0.999,primitive,exp3,0,1,8694125.006047469,8.221688539463885,7.124871901648672,10.776966517204425,median-range,5,9996584
0830-211803__NetHackChallenge-v0__exp3-pooled/NetHackChallenge-v0__action__max_episode_steps5000__discountprimitive__ent_coef0.01__exp3,0830-211803__NetHackChallenge-v0__exp3-pooled,NetHackChallenge-v0,action,-,0,10000000,5000,0,0.999,primitive,exp3,0,1,8940278.096025331,9.25,5.63,11.475401350328362,median-range,5,9996584
0830-211803__NetHackChallenge-v0__exp3-pooled/NetHackChallenge-v0__action__max_episode_steps5000__discountprimitive__ent_coef0.01__exp3,0830-211803__NetHackChallenge-v0__exp3-pooled,NetHackChallenge-v0,action,-,0,10000000,5000,0,0.999,primitive,exp3,0,1,9193400.414495252,10.7728110967309,8.957106256042817,12.934085258063607,median-range,5,9996584
0830-211803__NetHackChallenge-v0__exp3-pooled/NetHackChallenge-v0__action__max_episode_steps5000__discountprimitive__ent_coef0.01__exp3,0830-211803__NetHackChallenge-v0__exp3-pooled,NetHackChallenge-v0,action,-,0,10000000,5000,0,0.999,primitive,exp3,0,1,9453689.278280588,10.663701245274016,7.439909498451126,13.55482861476964,median-range,5,9996584
0830-211803__NetHackChallenge-v0__exp3-pooled/NetHackChallenge-v0__action__max_episode_steps5000__discountprimitive__ent_coef0.01__exp3,0830-211803__NetHackChallenge-v0__exp3-pooled,NetHackChallenge-v0,action,-,0,10000000,5000,0,0.999,primitive,exp3,0,1,9721347.590752598,11.852838567594576,6.92,16.23,median-range,5,9996584
0830-211803__NetHackChallenge-v0__exp3-pooled/NetHackChallenge-v0__action__max_episode_steps5000__discountprimitive__ent_coef0.01__exp3,0830-211803__NetHackChallenge-v0__exp3-pooled,NetHackChallenge-v0,action,-,0,10000000,5000,0,0.999,primitive,exp3,0,1,9996584.0,12.54,6.4790956008847385,15.764484149557843,median-range,5,9996584
0830-211803__NetHackChallenge-v0__exp3-pooled/NetHackChallenge-v0__option__grammar__n64__os0__max_episode_steps5000__discountprimitive__ent_coef0.01__exp3,0830-211803__NetHackChallenge-v0__exp3-pooled,NetHackChallenge-v0,option,grammar,0,10000000,5000,0,0.999,primitive,exp3,64,1,4954.0,26.35431293881645,4.514715090795241,32.683095546908774,median-range,5,10002198
0830-211803__NetHackChallenge-v0__exp3-pooled/NetHackChallenge-v0__option__grammar__n64__os0__max_episode_steps5000__discountprimitive__ent_coef0.01__exp3,0830-211803__NetHackChallenge-v0__exp3-pooled,NetHackChallenge-v0,option,grammar,0,10000000,5000,0,0.999,primitive,exp3,64,1,5147.125329312005,26.628730407748588,4.817040277570452,36.52389327641688,median-range,5,10002198
0830-211803__NetHackChallenge-v0__exp3-pooled/NetHackChallenge-v0__option__grammar__n64__os0__max_episode_steps5000__discountprimitive__ent_coef0.01__exp3,0830-211803__NetHackChallenge-v0__exp3-pooled,NetHackChallenge-v0,option,grammar,0,10000000,5000,0,0.999,primitive,exp3,64,1,5347.779401623988,26.913845689368756,5.131151223581696,40.51441957401791,median-range,5,10002198
0830-211803__NetHackChallenge-v0__exp3-pooled/NetHackChallenge-v0__option__grammar__n64__os0__max_episode_steps5000__discountprimitive__ent_coef0.01__exp3,0830-211803__NetHackChallenge-v0__exp3-pooled,NetHackChallenge-v0,option,grammar,0,10000000,5000,0,0.999,primitive,exp3,64,1,5556.2557153152675,27.210075824169138,5.457507381520456,42.318806443629725,median-range,5,10002198
0830-211803__NetHackChallenge-v0__exp3-pooled/NetHackChallenge-v0__option__grammar__n64__os0__max_episode_steps5000__discountprimitive__ent_coef0.01__exp3,0830-211803__NetHackChallenge-v0__exp3-pooled,NetHackChallenge-v0,option,grammar,0,10000000,5000,0,0.999,primitive,exp3,64,1,5772.859210422653,27.517854110430047,5.7965861152514915,41.567250885109246,median-range,5,10002198
0830-211803__NetHackChallenge-v0__exp3-pooled/NetHackChallenge-v0__option__grammar__n64__os0__max_episode_steps5000__discountprimitive__ent_coef0.01__exp3,0830-211803__NetHackChallenge-v0__exp3-pooled,NetHackChallenge-v0,option,grammar,0,10000000,5000,0,0.999,primitive,exp3,64,1,5997.906714678756,27.83763073800893,6.148883398056912,40.786396898099554,median-range,5,10002198
0830-211803__NetHackChallenge-v0__exp3-pooled/NetHackChallenge-v0__option__grammar__n64__os0__max_episode_steps5000__discountprimitive__ent_coef0.01__exp3,0830-211803__NetHackChallenge-v0__exp3-pooled,NetHackChallenge-v0,option,grammar,0,10000000,5000,0,0.999,primitive,exp3,64,1,6231.727406938553,28.0,6.514914538100427,39.97510232098372,median-range,5,10002198
0830-211803__NetHackChallenge-v0__exp3-pooled/NetHackChallenge-v0__option__grammar__n64__os0__max_episode_steps5000__discountprimitive__ent_coef0.01__exp3,0830-211803__NetHackChallenge-v0__exp3-pooled,NetHackChallenge-v0,option,grammar,0,10000000,5000,0,0.999,primitive,exp3,64,1,6474.663298672035,28.0,6.895214932172879,39.13218046644065,median-range,5,10002198
0830-211803__NetHackChallenge-v0__exp3-pooled/NetHackChallenge-v0__option__grammar__n64__os0__max_episode_steps5000__discountprimitive__ent_coef0.01__exp3,0830-211803__NetHackChallenge-v0__exp3-pooled,NetHackChallenge-v0,option,grammar,0,10000000,5000,0,0.999,primitive,exp3,64,1,6727.069734227224,28.0,7.290340848821578,38.25639838566768,median-range,5,10002198
0830-211803__NetHackChallenge-v0__exp3-pooled/NetHackChallenge-v0__option__grammar__n64__os0__max_episode_steps5000__discountprimitive__ent_coef0.01__exp3,0830-211803__NetHackChallenge-v0__exp3-pooled,NetHackChallenge-v0,option,grammar,0,10000000,5000,0,0.999,primitive,exp3,64,1,6989.3159105953055,28.0,7.700870242008931,37.34647506493612,median-range,5,10002198
0830-211803__NetHackChallenge-v0__exp3-pooled/NetHackChallenge-v0__option__grammar__n64__os0__max_episode_steps5000__discountprimitive__ent_coef0.01__exp3,0830-211803__NetHackChallenge-v0__exp3-pooled,NetHackChallenge-v0,option,grammar,0,10000000,5000,0,0.999,primitive,exp3,64,1,7261.785417438134,28.0,8.127403596490504,36.401079551841846,median-range,5,10002198
0830-211803__NetHackChallenge-v0__exp3-pooled/NetHackChallenge-v0__option__grammar__n64__os0__max_episode_steps5000__discountprimitive__ent_coef0.01__exp3,0830-211803__NetHackChallenge-v0__exp3-pooled,NetHackChallenge-v0,option,grammar,0,10000000,5000,0,0.999,primitive,exp3,64,1,7544.876798168024,28.0,8.570564806149067,35.41882900851009,median-range,5,10002198
0830-211803__NetHackChallenge-v0__exp3-pooled/NetHackChallenge-v0__option__grammar__n64__os0__max_episode_steps5000__discountprimitive__ent_coef0.01__exp3,0830-211803__NetHackChallenge-v0__exp3-pooled,NetHackChallenge-v0,option,grammar,0,10000000,5000,0,0.999,primitive,exp3,64,1,7839.0041329005,28.0,9.031002086569348,34.39828668890709,median-range,5,10002198
0830-211803__NetHackChallenge-v0__exp3-pooled/NetHackChallenge-v0__option__grammar__n64__os0__max_episode_steps5000__discountprimitive__ent_coef0.01__exp3,0830-211803__NetHackChallenge-v0__exp3-pooled,NetHackChallenge-v0,option,grammar,0,10000000,5000,0,0.999,primitive,exp3,64,1,8144.597644132756,28.0,9.509388923188409,33.33795983729961,median-range,5,10002198
0830-211803__NetHackChallenge-v0__exp3-pooled/NetHackChallenge-v0__option__grammar__n64__os0__max_episode_steps5000__discountprimitive__ent_coef0.01__exp3,0830-211803__NetHackChallenge-v0__exp3-pooled,NetHackChallenge-v0,option,grammar,0,10000000,5000,0,0.999,primitive,exp3,64,1,8462.104326033632,28.0,10.077684404422055,33.75898043459873,median-range,5,10002198
0830-211803__NetHackChallenge-v0__exp3-pooled/NetHackChallenge-v0__option__grammar__n64__os0__max_episode_steps5000__discountprimitive__ent_coef0.01__exp3,0830-211803__NetHackChallenge-v0__exp3-pooled,NetHackChallenge-v0,option,grammar,0,10000000,5000,0,0.999,primitive,exp3,64,1,8791.988598265729,28.0,16.01440932846966,34.74414984186066,median-range,5,10002198
0830-211803__NetHackChallenge-v0__exp3-pooled/NetHackChallenge-v0__option__grammar__n64__os0__max_episode_steps5000__discountprimitive__ent_coef0.01__exp3,0830-211803__NetHackChallenge-v0__exp3-pooled,NetHackChallenge-v0,option,grammar,0,10000000,5000,0,0.999,primitive,exp3,64,1,9134.732985295905,28.0,16.30511703587439,35.563349611952034,median-range,5,10002198
0830-211803__NetHackChallenge-v0__exp3-pooled/NetHackChallenge-v0__option__grammar__n64__os0__max_episode_steps5000__discountprimitive__ent_coef0.01__exp3,0830-211803__NetHackChallenge-v0__exp3-pooled,NetHackChallenge-v0,option,grammar,0,10000000,5000,0,0.999,primitive,exp3,64,1,9490.838822187816,28.0,16.607157609998147,36.41448483326892,median-range,5,10002198
0830-211803__NetHackChallenge-v0__exp3-pooled/NetHackChallenge-v0__option__grammar__n64__os0__max_episode_steps5000__discountprimitive__ent_coef0.01__exp3,0830-211803__NetHackChallenge-v0__exp3-pooled,NetHackChallenge-v0,option,grammar,0,10000000,5000,0,0.999,primitive,exp3,64,1,9860.826987908891,28.176820916968467,16.920972848099144,37.298800468373834,median-range,5,10002198
0830-211803__NetHackChallenge-v0__exp3-pooled/NetHackChallenge-v0__option__grammar__n64__os0__max_episode_steps5000__discountprimitive__ent_coef0.01__exp3,0830-211803__NetHackChallenge-v0__exp3-pooled,NetHackChallenge-v0,option,grammar,0,10000000,5000,0,0.999,primitive,exp3,64,1,10245.238667224321,29.801896712003046,17.328053567586846,38.217590013096306,median-range,5,10002198
0830-211803__NetHackChallenge-v0__exp3-pooled/NetHackChallenge-v0__option__grammar__n64__os0__max_episode_steps5000__discountprimitive__ent_coef0.01__exp3,0830-211803__NetHackChallenge-v0__exp3-pooled,NetHackChallenge-v0,option,grammar,0,10000000,5000,0,0.999,primitive,exp3,64,1,10644.636142292511,31.490324000391084,17.51426288638976,39.172197388540006,median-range,5,10002198
0830-211803__NetHackChallenge-v0__exp3-pooled/NetHackChallenge-v0__option__grammar__n64__os0__max_episode_steps5000__discountprimitive__ent_coef0.01__exp3,0830-211803__NetHackChallenge-v0__exp3-pooled,NetHackChallenge-v0,option,grammar,0,10000000,5000,0,0.999,primitive,exp3,64,1,11059.603615119871,33.244572458760814,17.39288951277595,40.1640189068473,median-range,5,10002198
0830-211803__NetHackChallenge-v0__exp3-pooled/NetHackChallenge-v0__option__grammar__n64__os0__max_episode_steps5000__discountprimitive__ent_coef0.01__exp3,0830-211803__NetHackChallenge-v0__exp3-pooled,NetHackChallenge-v0,option,grammar,0,10000000,5000,0,0.999,primitive,exp3,64,1,11490.748062077944,34.244052377589675,17.266784554029147,41.19450531359663,median-range,5,10002198
0830-211803__NetHackChallenge-v0__exp3-pooled/NetHackChallenge-v0__option__grammar__n64__os0__max_episode_steps5000__discountprimitive__ent_coef0.01__exp3,0830-211803__NetHackChallenge-v0__exp3-pooled,NetHackChallenge-v0,option,grammar,0,10000000,5000,0,0.999,primitive,exp3,64,1,11938.700121732792,32.246006854760175,17.135763555378055,42.26516390982012,median-range,5,10002198
0830-211803__NetHackChallenge-v0__exp3-pooled/NetHackChallenge-v0__option__grammar__n64__os0__max_episode_steps5000__discountprimitive__ent_coef0.01__exp3,0830-211803__NetHackChallenge-v0__exp3-pooled,NetHackChallenge-v0,option,grammar,0,10000000,5000,0,0.999,primitive,exp3,64,1,12404.115017285265,30.670990576764453,16.99963487131895,43.37756075674534,median-range,5,10002198
0830-211803__NetHackChallenge-v0__exp3-pooled/NetHackChallenge-v0__option__grammar__n64__os0__max_episode_steps5000__discountprimitive__ent_coef0.01__exp3,0830-211803__NetHackChallenge-v0__exp3-pooled,NetHackChallenge-v0,option,grammar,0,10000000,5000,0,0.999,primitive,exp3,64,1,12887.673514971424,29.514577686786513,16.858199385294217,44.391518997561384,median-range,5,10002198
0830-211803__NetHackChallenge-v0__exp3-pooled/NetHackChallenge-v0__option__grammar__n64__os0__max_episode_steps5000__discountprimitive__ent_coef0.01__exp3,0830-211803__NetHackChallenge-v0__exp3-pooled,NetHackChallenge-v0,option,grammar,0,10000000,5000,0,0.999,primitive,exp3,64,1,13390.082919824976,28.313083525069043,16.711250218442892,44.74088910524488,median-range,5,10002198
0830-211803__NetHackChallenge-v0__exp3-pooled/NetHackChallenge-v0__option__grammar__n64__os0__max_episode_steps5000__discountprimitive__ent_coef0.01__exp3,0830-211803__NetHackChallenge-v0__exp3-pooled,NetHackChallenge-v0,option,grammar,0,10000000,5000,0,0.999,primitive,exp3,64,1,13912.07811025822,27.241151276006224,16.558572426997245,45.103878958002696,median-range,5,10002198
0830-211803__NetHackChallenge-v0__exp3-pooled/NetHackChallenge-v0__option__grammar__n64__os0__max_episode_steps5000__discountprimitive__ent_coef0.01__exp3,0830-211803__NetHackChallenge-v0__exp3-pooled,NetHackChallenge-v0,option,grammar,0,10000000,5000,0,0.999,primitive,exp3,64,1,14454.422612974811,26.188784950568625,16.399942687882728,45.28501684014632,median-range,5,10002198
0830-211803__NetHackChallenge-v0__exp3-pooled/NetHackChallenge-v0__option__grammar__n64__os0__max_episode_steps5000__discountprimitive__ent_coef0.01__exp3,0830-211803__NetHackChallenge-v0__exp3-pooled,NetHackChallenge-v0,option,grammar,0,10000000,5000,0,0.999,primitive,exp3,64,1,15017.909719786618,25.095393475119522,16.235128972061474,44.21251144009818,median-range,5,10002198
0830-211803__NetHackChallenge-v0__exp3-pooled/NetHackChallenge-v0__option__grammar__n64__os0__max_episode_steps5000__discountprimitive__ent_coef0.01__exp3,0830-211803__NetHackChallenge-v0__exp3-pooled,NetHackChallenge-v0,option,grammar,0,10000000,5000,0,0.999,primitive,exp3,64,1,15603.363647968246,23.95937753685995,16.063890205141494,43.09819579407242,median-range,5,10002198
0830-211803__NetHackChallenge-v0__exp3-pooled/NetHackChallenge-v0__option__grammar__n64__os0__max_episode_steps5000__discountprimitive__ent_coef0.01__exp3,0830-211803__NetHackChallenge-v0__exp3-pooled,NetHackChallenge-v0,option,grammar,0,10000000,5000,0,0.999,primitive,exp3,64,1,16211.640745846502,22.968130553255612,15.885975914755138,42.026085788841065,median-range,5,10002198
0830-211803__NetHackChallenge-v0__exp3-pooled/NetHackChallenge-v0__option__grammar__n64__os0__max_episode_steps5000__discountprimitive__ent_coef0.01__exp3,0830-211803__NetHackChallenge-v0__exp3-pooled,NetHackChallenge-v0,option,grammar,0,10000000,5000,0,0.999,primitive,exp3,64,1,16843.6307453882,22.160106809549333,15.701125864191113,41.155999135762926,median-range,5,10002198
0830-211803__NetHackChallenge-v0__exp3-pooled/NetHackChallenge-v0__option__grammar__n64__os0__max_episode_steps5000__discountprimitive__ent_coef0.01__exp3,0830-211803__NetHackChallenge-v0__exp3-pooled,NetHackChallenge-v0,option,grammar,0,10000000,5000,0,0.999,primitive,exp3,64,1,17500.25806361851,21.3205832976567,15.50906967174406,40.25199327166224,median-range,5,10002198
0830-211803__NetHackChallenge-v0__exp3-pooled/NetHackChallenge-v0__option__grammar__n64__os0__max_episode_steps5000__discountprimitive__ent_coef0.01__exp3,0830-211803__NetHackChallenge-v0__exp3-pooled,NetHackChallenge-v0,option,grammar,0,10000000,5000,0,0.999,primitive,exp3,64,1,18182.48315477342,20.44204764468954,15.309526415224996,39.312745899647865,median-range,5,10002198
0830-211803__NetHackChallenge-v0__exp3-pooled/NetHackChallenge-v0__option__grammar__n64__os0__max_episode_steps5000__discountprimitive__ent_coef0.01__exp3,0830-211803__NetHackChallenge-v0__exp3-pooled,NetHackChallenge-v0,option,grammar,0,10000000,5000,0,0.999,primitive,exp3,64,1,18891.303915164146,19.525469075218776,12.877436845021728,38.33688317478211,median-range,5,10002198
0830-211803__NetHackChallenge-v0__exp3-pooled/NetHackChallenge-v0__option__grammar__n64__os0__max_episode_steps5000__discountprimitive__ent_coef0.01__exp3,0830-211803__NetHackChallenge-v0__exp3-pooled,NetHackChallenge-v0,option,grammar,0,10000000,5000,0,0.999,primitive,exp3,64,1,19627.757142808332,18.57315886705819,14.13519658601997,37.32952716777425,median-range,5,10002198
0830-211803__NetHackChallenge-v0__exp3-pooled/NetHackChallenge-v0__option__grammar__n64__os0__max_episode_steps5000__discountprimitive__ent_coef0.01__exp3,0830-211803__NetHackChallenge-v0__exp3-pooled,NetHackChallenge-v0,option,grammar,0,10000000,5000,0,0.999,primitive,exp3,64,1,20392.920053963153,23.90141726619147,13.51067576398698,36.28628671532998,median-range,5,10002198
0830-211803__NetHackChallenge-v0__exp3-pooled/NetHackChallenge-v0__option__grammar__n64__os0__max_episode_steps5000__discountprimitive__ent_coef0.01__exp3,0830-211803__NetHackChallenge-v0__exp3-pooled,NetHackChallenge-v0,option,grammar,0,10000000,5000,0,0.999,primitive,exp3,64,1,21187.91185877847,24.10715437079435,13.90960888798034,35.20237687331568,median-range,5,10002198
0830-211803__NetHackChallenge-v0__exp3-pooled/NetHackChallenge-v0__option__grammar__n64__os0__max_episode_steps5000__discountprimitive__ent_coef0.01__exp3,0830-211803__NetHackChallenge-v0__exp3-pooled,NetHackChallenge-v0,option,grammar,0,10000000,5000,0,0.999,primitive,exp3,64,1,22013.895398374832,23.898710528560095,13.948822974930662,34.910719162875104,median-range,5,10002198
0830-211803__NetHackChallenge-v0__exp3-pooled/NetHackChallenge-v0__option__grammar__n64__os0__max_episode_steps5000__discountprimitive__ent_coef0.01__exp3,0830-211803__NetHackChallenge-v0__exp3-pooled,NetHackChallenge-v0,option,grammar,0,10000000,5000,0,0.999,primitive,exp3,64,1,22872.078845740845,22.64108778583081,13.694734368859107,34.607968080607094,median-range,5,10002198
0830-211803__NetHackChallenge-v0__exp3-pooled/NetHackChallenge-v0__option__grammar__n64__os0__max_episode_steps5000__discountprimitive__ent_coef0.01__exp3,0830-211803__NetHackChallenge-v0__exp3-pooled,NetHackChallenge-v0,option,grammar,0,10000000,5000,0,0.999,primitive,exp3,64,1,23763.71747293784,18.82212747615757,13.430740444716903,34.22628866188501,median-range,5,10002198
0830-211803__NetHackChallenge-v0__exp3-pooled/NetHackChallenge-v0__option__grammar__n64__os0__max_episode_steps5000__discountprimitive__ent_coef0.01__exp3,0830-211803__NetHackChallenge-v0__exp3-pooled,NetHackChallenge-v0,option,grammar,0,10000000,5000,0,0.999,primitive,exp3,64,1,24690.115487196745,18.478593199320983,13.156455056396997,32.640664496044515,median-range,5,10002198
0830-211803__NetHackChallenge-v0__exp3-pooled/NetHackChallenge-v0__option__grammar__n64__os0__max_episode_steps5000__discountprimitive__ent_coef0.01__exp3,0830-211803__NetHackChallenge-v0__exp3-pooled,NetHackChallenge-v0,option,grammar,0,10000000,5000,0,0.999,primitive,exp3,64,1,25652.627938592865,17.927984045738867,14.416040486497213,31.983391852427143,median-range,5,10002198
0830-211803__NetHackChallenge-v0__exp3-pooled/NetHackChallenge-v0__option__grammar__n64__os0__max_episode_steps5000__discountprimitive__ent_coef0.01__exp3,0830-211803__NetHackChallenge-v0__exp3-pooled,NetHackChallenge-v0,option,grammar,0,10000000,5000,0,0.999,primitive,exp3,64,1,26652.66270208886,18.268774462623565,16.803549306592103,31.75071592451208,median-range,5,10002198
0830-211803__NetHackChallenge-v0__exp3-pooled/NetHackChallenge-v0__option__grammar__n64__os0__max_episode_steps5000__discountprimitive__ent_coef0.01__exp3,0830-211803__NetHackChallenge-v0__exp3-pooled,NetHackChallenge-v0,option,grammar,0,10000000,5000,0,0.999,primitive,exp3,64,1,27691.682536845172,25.41158880234018,17.456698924669862,38.287805497071155,median-range,5,10002198
0830-211803__NetHackChallenge-v0__exp3-pooled/NetHackChallenge-v0__option__grammar__n64__os0__max_episode_steps5000__discountprimitive__ent_coef0.01__exp3,0830-211803__NetHackChallenge-v0__exp3-pooled,NetHackChallenge-v0,option,grammar,0,10000000,5000,0,0.999,primitive,exp3,64,1,28771.20722581001,25.506114267928364,17.656590944256344,37.235882985726946,median-range,5,10002198
0830-211803__NetHackChallenge-v0__exp3-pooled/NetHackChallenge-v0__option__grammar__n64__os0__max_episode_steps5000__discountprimitive__ent_coef0.01__exp3,0830-211803__NetHackChallenge-v0__exp3-pooled,NetHackChallenge-v0,option,grammar,0,10000000,5000,0,0.999,primitive,exp3,64,1,29892.81579871848,25.180652005735414,17.28719193632227,35.34424144916047,median-range,5,10002198
0830-211803__NetHackChallenge-v0__exp3-pooled/NetHackChallenge-v0__option__grammar__n64__os0__max_episode_steps5000__discountprimitive__ent_coef0.01__exp3,0830-211803__NetHackChallenge-v0__exp3-pooled,NetHackChallenge-v0,option,grammar,0,10000000,5000,0,0.999,primitive,exp3,64,1,31058.148841752532,25.25940059726619,16.913483839150064,33.60269814901254,median-range,5,10002198
0830-211803__NetHackChallenge-v0__exp3-pooled/NetHackChallenge-v0__option__grammar__n64__os0__max_episode_steps5000__discountprimitive__ent_coef0.01__exp3,0830-211803__NetHackChallenge-v0__exp3-pooled,NetHackChallenge-v0,option,grammar,0,10000000,5000,0,0.999,primitive,exp3,64,1,32268.910897239977,25.771615884485612,19.678535503654352,37.44944609146801,median-range,5,10002198
0830-211803__NetHackChallenge-v0__exp3-pooled/NetHackChallenge-v0__option__grammar__n64__os0__max_episode_steps5000__discountprimitive__ent_coef0.01__exp3,0830-211803__NetHackChallenge-v0__exp3-pooled,NetHackChallenge-v0,option,grammar,0,10000000,5000,0,0.999,primitive,exp3,64,1,33526.872956902735,30.16002254883469,20.888145391036055,37.29580482430022,median-range,5,10002198
0830-211803__NetHackChallenge-v0__exp3-pooled/NetHackChallenge-v0__option__grammar__n64__os0__max_episode_steps5000__discountprimitive__ent_coef0.01__exp3,0830-211803__NetHackChallenge-v0__exp3-pooled,NetHackChallenge-v0,option,grammar,0,10000000,5000,0,0.999,primitive,exp3,64,1,34833.87505230114,29.870311085488805,21.790161107411805,36.76444747228163,median-range,5,10002198
0830-211803__NetHackChallenge-v0__exp3-pooled/NetHackChallenge-v0__option__grammar__n64__os0__max_episode_steps5000__discountprimitive__ent_coef0.01__exp3,0830-211803__NetHackChallenge-v0__exp3-pooled,NetHackChallenge-v0,option,grammar,0,10000000,5000,0,0.999,primitive,exp3,64,1,36191.82894626339,29.569305592719395,21.588535322066125,36.4134749920647,median-range,5,10002198
0830-211803__NetHackChallenge-v0__exp3-pooled/NetHackChallenge-v0__option__grammar__n64__os0__max_episode_steps5000__discountprimitive__ent_coef0.01__exp3,0830-211803__NetHackChallenge-v0__exp3-pooled,NetHackChallenge-v0,option,grammar,0,10000000,5000,0,0.999,primitive,exp3,64,1,37602.72092923694,28.975885101388485,21.541090961561768,36.33692920305789,median-range,5,10002198
0830-211803__NetHackChallenge-v0__exp3-pooled/NetHackChallenge-v0__option__grammar__n64__os0__max_episode_steps5000__discountprimitive__ent_coef0.01__exp3,0830-211803__NetHackChallenge-v0__exp3-pooled,NetHackChallenge-v0,option,grammar,0,10000000,5000,0,0.999,primitive,exp3,64,1,39068.61472465204,28.418771424090572,21.327444872491075,36.25739937474761,median-range,5,10002198
0830-211803__NetHackChallenge-v0__exp3-pooled/NetHackChallenge-v0__option__grammar__n64__os0__max_episode_steps5000__discountprimitive__ent_coef0.01__exp3,0830-211803__NetHackChallenge-v0__exp3-pooled,NetHackChallenge-v0,option,grammar,0,10000000,5000,0,0.999,primitive,exp3,64,1,40591.654507547064,27.727762347895187,21.105470064948854,36.174769178192975,median-range,5,10002198
0830-211803__NetHackChallenge-v0__exp3-pooled/NetHackChallenge-v0__option__grammar__n64__os0__max_episode_steps5000__discountprimitive__ent_coef0.01__exp3,0830-211803__NetHackChallenge-v0__exp3-pooled,NetHackChallenge-v0,option,grammar,0,10000000,5000,0,0.999,primitive,exp3,64,1,42174.068040871505,27.413270262876466,21.1443329913575,36.08891774951869,median-range,5,10002198
0830-211803__NetHackChallenge-v0__exp3-pooled/NetHackChallenge-v0__option__grammar__n64__os0__max_episode_steps5000__discountprimitive__ent_coef0.01__exp3,0830-211803__NetHackChallenge-v0__exp3-pooled,NetHackChallenge-v0,option,grammar,0,10000000,5000,0,0.999,primitive,exp3,64,1,43818.169934052836,27.08651810771539,21.28817311278265,36.000431655176826,median-range,5,10002198
0830-211803__NetHackChallenge-v0__exp3-pooled/NetHackChallenge-v0__option__grammar__n64__os0__max_episode_steps5000__discountprimitive__ent_coef0.01__exp3,0830-211803__NetHackChallenge-v0__exp3-pooled,NetHackChallenge-v0,option,grammar,0,10000000,5000,0,0.999,primitive,exp3,64,1,45526.365028595326,26.53282874495655,21.98505427080423,35.816767925138144,median-range,5,10002198
0830-211803__NetHackChallenge-v0__exp3-pooled/NetHackChallenge-v0__option__grammar__n64__os0__max_episode_steps5000__discountprimitive__ent_coef0.01__exp3,0830-211803__NetHackChallenge-v0__exp3-pooled,NetHackChallenge-v0,option,grammar,0,10000000,5000,0,0.999,primitive,exp3,64,1,47301.15191566156,26.447038921370435,21.68827978557002,35.53655838709084,median-range,5,10002198
0830-211803__NetHackChallenge-v0__exp3-pooled/NetHackChallenge-v0__option__grammar__n64__os0__max_episode_steps5000__discountprimitive__ent_coef0.01__exp3,0830-211803__NetHackChallenge-v0__exp3-pooled,NetHackChallenge-v0,option,grammar,0,10000000,5000,0,0.999,primitive,exp3,64,1,49145.12659078256,25.920082335452424,21.985873917048544,33.89784107179598,median-range,5,10002198
0830-211803__NetHackChallenge-v0__exp3-pooled/NetHackChallenge-v0__option__grammar__n64__os0__max_episode_steps5000__discountprimitive__ent_coef0.01__exp3,0830-211803__NetHackChallenge-v0__exp3-pooled,NetHackChallenge-v0,option,grammar,0,10000000,5000,0,0.999,primitive,exp3,64,1,51060.986251041984,28.35230974320116,25.58027330114706,32.80268113778775,median-range,5,10002198
0830-211803__NetHackChallenge-v0__exp3-pooled/NetHackChallenge-v0__option__grammar__n64__os0__max_episode_steps5000__discountprimitive__ent_coef0.01__exp3,0830-211803__NetHackChallenge-v0__exp3-pooled,NetHackChallenge-v0,option,grammar,0,10000000,5000,0,0.999,primitive,exp3,64,1,53051.53324028873,26.29192376476641,25.328360236551646,31.776444944491328,median-range,5,10002198
0830-211803__NetHackChallenge-v0__exp3-pooled/NetHackChallenge-v0__option__grammar__n64__os0__max_episode_steps5000__discountprimitive__ent_coef0.01__exp3,0830-211803__NetHackChallenge-v0__exp3-pooled,NetHackChallenge-v0,option,grammar,0,10000000,5000,0,0.999,primitive,exp3,64,1,55119.67914814858,25.511257059168333,25.093299355333457,31.730400107993287,median-range,5,10002198
0830-211803__NetHackChallenge-v0__exp3-pooled/NetHackChallenge-v0__option__grammar__n64__os0__max_episode_steps5000__discountprimitive__ent_coef0.01__exp3,0830-211803__NetHackChallenge-v0__exp3-pooled,NetHackChallenge-v0,option,grammar,0,10000000,5000,0,0.999,primitive,exp3,64,1,57268.44906883053,26.878499894294187,25.301684960826112,30.923938241477444,median-range,5,10002198
0830-211803__NetHackChallenge-v0__exp3-pooled/NetHackChallenge-v0__option__grammar__n64__os0__max_episode_steps5000__discountprimitive__ent_coef0.01__exp3,0830-211803__NetHackChallenge-v0__exp3-pooled,NetHackChallenge-v0,option,grammar,0,10000000,5000,0,0.999,primitive,exp3,64,1,59500.98602595727,26.95938759421105,25.46889990388455,30.683340166092993,median-range,5,10002198
0830-211803__NetHackChallenge-v0__exp3-pooled/NetHackChallenge-v0__option__grammar__n64__os0__max_episode_steps5000__discountprimitive__ent_coef0.01__exp3,0830-211803__NetHackChallenge-v0__exp3-pooled,NetHackChallenge-v0,option,grammar,0,10000000,5000,0,0.999,primitive,exp3,64,1,61820.5555698919,26.937290535135848,24.792249521397622,30.739093406320144,median-range,5,10002198
0830-211803__NetHackChallenge-v0__exp3-pooled/NetHackChallenge-v0__option__grammar__n64__os0__max_episode_steps5000__discountprimitive__ent_coef0.01__exp3,0830-211803__NetHackChallenge-v0__exp3-pooled,NetHackChallenge-v0,option,grammar,0,10000000,5000,0,0.999,primitive,exp3,64,1,64230.55055428565,27.2646039825466,24.43053751392293,30.345066683805122,median-range,5,10002198
0830-211803__NetHackChallenge-v0__exp3-pooled/NetHackChallenge-v0__option__grammar__n64__os0__max_episode_steps5000__discountprimitive__ent_coef0.01__exp3,0830-211803__NetHackChallenge-v0__exp3-pooled,NetHackChallenge-v0,option,grammar,0,10000000,5000,0,0.999,primitive,exp3,64,1,66734.49609883307,26.454421042410157,24.000094581962134,30.64645610676296,median-range,5,10002198
0830-211803__NetHackChallenge-v0__exp3-pooled/NetHackChallenge-v0__option__grammar__n64__os0__max_episode_steps5000__discountprimitive__ent_coef0.01__exp3,0830-211803__NetHackChallenge-v0__exp3-pooled,NetHackChallenge-v0,option,grammar,0,10000000,5000,0,0.999,primitive,exp3,64,1,69336.05474549397,28.097525195586307,24.81329839054963,30.065421483970464,median-range,5,10002198
0830-211803__NetHackChallenge-v0__exp3-pooled/NetHackChallenge-v0__option__grammar__n64__os0__max_episode_steps5000__discountprimitive__ent_coef0.01__exp3,0830-211803__NetHackChallenge-v0__exp3-pooled,NetHackChallenge-v0,option,grammar,0,10000000,5000,0,0.999,primitive,exp3,64,1,72039.03181572387,29.788055045124953,25.495720273437744,31.794377766484907,median-range,5,10002198
0830-211803__NetHackChallenge-v0__exp3-pooled/NetHackChallenge-v0__option__grammar__n64__os0__max_episode_steps5000__discountprimitive__ent_coef0.01__exp3,0830-211803__NetHackChallenge-v0__exp3-pooled,NetHackChallenge-v0,option,grammar,0,10000000,5000,0,0.999,primitive,exp3,64,1,74847.38097654944,30.042923194427622,24.959535530900638,31.504330286366244,median-range,5,10002198
0830-211803__NetHackChallenge-v0__exp3-pooled/NetHackChallenge-v0__option__grammar__n64__os0__max_episode_steps5000__discountprimitive__ent_coef0.01__exp3,0830-211803__NetHackChallenge-v0__exp3-pooled,NetHackChallenge-v0,option,grammar,0,10000000,5000,0,0.999,primitive,exp3,64,1,77765.21002363006,30.111091283916537,24.58454385887002,31.531210978627843,median-range,5,10002198
0830-211803__NetHackChallenge-v0__exp3-pooled/NetHackChallenge-v0__option__grammar__n64__os0__max_episode_steps5000__discountprimitive__ent_coef0.01__exp3,0830-211803__NetHackChallenge-v0__exp3-pooled,NetHackChallenge-v0,option,grammar,0,10000000,5000,0,0.999,primitive,exp3,64,1,80796.7868897647,30.00539912076351,24.922318536199622,31.153093531392777,median-range,5,10002198
0830-211803__NetHackChallenge-v0__exp3-pooled/NetHackChallenge-v0__option__grammar__n64__os0__max_episode_steps5000__discountprimitive__ent_coef0.01__exp3,0830-211803__NetHackChallenge-v0__exp3-pooled,NetHackChallenge-v0,option,grammar,0,10000000,5000,0,0.999,primitive,exp3,64,1,83946.54588763266,29.54145551899349,24.72681923887818,30.730829192163146,median-range,5,10002198
0830-211803__NetHackChallenge-v0__exp3-pooled/NetHackChallenge-v0__option__grammar__n64__os0__max_episode_steps5000__discountprimitive__ent_coef0.01__exp3,0830-211803__NetHackChallenge-v0__exp3-pooled,NetHackChallenge-v0,option,grammar,0,10000000,5000,0,0.999,primitive,exp3,64,1,87219.09419589964,29.375458021184595,25.369945504852605,30.320789655661947,median-range,5,10002198
0830-211803__NetHackChallenge-v0__exp3-pooled/NetHackChallenge-v0__option__grammar__n64__os0__max_episode_steps5000__discountprimitive__ent_coef0.01__exp3,0830-211803__NetHackChallenge-v0__exp3-pooled,NetHackChallenge-v0,option,grammar,0,10000000,5000,0,0.999,primitive,exp3,64,1,90619.21859817622,28.946698722366264,25.058295798472045,30.824490779630718,median-range,5,10002198
0830-211803__NetHackChallenge-v0__exp3-pooled/NetHackChallenge-v0__option__grammar__n64__os0__max_episode_steps5000__discountprimitive__ent_coef0.01__exp3,0830-211803__NetHackChallenge-v0__exp3-pooled,NetHackChallenge-v0,option,grammar,0,10000000,5000,0,0.999,primitive,exp3,64,1,94151.89248468602,29.0315215124718,25.740963370027707,30.478221660413173,median-range,5,10002198
0830-211803__NetHackChallenge-v0__exp3-pooled/NetHackChallenge-v0__option__grammar__n64__os0__max_episode_steps5000__discountprimitive__ent_coef0.01__exp3,0830-211803__NetHackChallenge-v0__exp3-pooled,NetHackChallenge-v0,option,grammar,0,10000000,5000,0,0.999,primitive,exp3,64,1,97822.283126885,29.06807360306975,26.036660060572125,29.918596112162962,median-range,5,10002198
0830-211803__NetHackChallenge-v0__exp3-pooled/NetHackChallenge-v0__option__grammar__n64__os0__max_episode_steps5000__discountprimitive__ent_coef0.01__exp3,0830-211803__NetHackChallenge-v0__exp3-pooled,NetHackChallenge-v0,option,grammar,0,10000000,5000,0,0.999,primitive,exp3,64,1,101635.75923567226,28.33028509198,26.09283135882123,30.13379159975358,median-range,5,10002198
0830-211803__NetHackChallenge-v0__exp3-pooled/NetHackChallenge-v0__option__grammar__n64__os0__max_episode_steps5000__discountprimitive__ent_coef0.01__exp3,0830-211803__NetHackChallenge-v0__exp3-pooled,NetHackChallenge-v0,option,grammar,0,10000000,5000,0,0.999,primitive,exp3,64,1,105597.89881424818,27.41147273781206,25.806136898782004,31.150571517715218,median-range,5,10002198
0830-211803__NetHackChallenge-v0__exp3-pooled/NetHackChallenge-v0__option__grammar__n64__os0__max_episode_steps5000__discountprimitive__ent_coef0.01__exp3,0830-211803__NetHackChallenge-v0__exp3-pooled,NetHackChallenge-v0,option,grammar,0,10000000,5000,0,0.999,primitive,exp3,64,1,109714.49731710603,26.73836252717787,26.050620243717088,30.884174529123314,median-range,5,10002198
0830-211803__NetHackChallenge-v0__exp3-pooled/NetHackChallenge-v0__option__grammar__n64__os0__max_episode_steps5000__discountprimitive__ent_coef0.01__exp3,0830-211803__NetHackChallenge-v0__exp3-pooled,NetHackChallenge-v0,option,grammar,0,10000000,5000,0,0.999,primitive,exp3,64,1,113991.5761270914,27.48098831528279,25.957660863298297,31.094182949890005,median-range,5,10002198
0830-211803__NetHackChallenge-v0__exp3-pooled/NetHackChallenge-v0__option__grammar__n64__os0__max_episode_steps5000__discountprimitive__ent_coef0.01__exp3,0830-211803__NetHackChallenge-v0__exp3-pooled,NetHackChallenge-v0,option,grammar,0,10000000,5000,0,0.999,primitive,exp3,64,1,118435.39136292896,27.347989052914393,25.05143653126843,30.644747408432792,median-range,5,10002198
0830-211803__NetHackChallenge-v0__exp3-pooled/NetHackChallenge-v0__option__grammar__n64__os0__max_episode_steps5000__discountprimitive__ent_coef0.01__exp3,0830-211803__NetHackChallenge-v0__exp3-pooled,NetHackChallenge-v0,option,grammar,0,10000000,5000,0,0.999,primitive,exp3,64,1,123052.44303009936,26.461933193336755,25.620767983397865,30.268257644316503,median-range,5,10002198
0830-211803__NetHackChallenge-v0__exp3-pooled/NetHackChallenge-v0__option__grammar__n64__os0__max_episode_steps5000__discountprimitive__ent_coef0.01__exp3,0830-211803__NetHackChallenge-v0__exp3-pooled,NetHackChallenge-v0,option,grammar,0,10000000,5000,0,0.999,primitive,exp3,64,1,127849.4845284512,26.87879462982324,25.84872940913635,29.59135904777196,median-range,5,10002198
0830-211803__NetHackChallenge-v0__exp3-pooled/NetHackChallenge-v0__option__grammar__n64__os0__max_episode_steps5000__discountprimitive__ent_coef0.01__exp3,0830-211803__NetHackChallenge-v0__exp3-pooled,NetHackChallenge-v0,option,grammar,0,10000000,5000,0,0.999,primitive,exp3,64,1,132833.53253045515,26.50775376505879,25.89,28.76218935248491,median-range,5,10002198
0830-211803__NetHackChallenge-v0__exp3-pooled/NetHackChallenge-v0__option__grammar__n64__os0__max_episode_steps5000__discountprimitive__ent_coef0.01__exp3,0830-211803__NetHackChallenge-v0__exp3-pooled,NetHackChallenge-v0,option,grammar,0,10000000,5000,0,0.999,primitive,exp3,64,1,138011.8772445491,28.210002155884236,25.81365511765408,29.068432734786906,median-range,5,10002198
0830-211803__NetHackChallenge-v0__exp3-pooled/NetHackChallenge-v0__option__grammar__n64__os0__max_episode_steps5000__discountprimitive__ent_coef0.01__exp3,0830-211803__NetHackChallenge-v0__exp3-pooled,NetHackChallenge-v0,option,grammar,0,10000000,5000,0,0.999,primitive,exp3,64,1,143392.09307858662,28.019897389666248,26.648993981027722,29.838268680279498,median-range,5,10002198
0830-211803__NetHackChallenge-v0__exp3-pooled/NetHackChallenge-v0__option__grammar__n64__os0__max_episode_steps5000__discountprimitive__ent_coef0.01__exp3,0830-211803__NetHackChallenge-v0__exp3-pooled,NetHackChallenge-v0,option,grammar,0,10000000,5000,0,0.999,primitive,exp3,64,1,148982.04971898632,27.987688402880764,27.56364764968887,29.794116251818384,median-range,5,10002198
0830-211803__NetHackChallenge-v0__exp3-pooled/NetHackChallenge-v0__option__grammar__n64__os0__max_episode_steps5000__discountprimitive__ent_coef0.01__exp3,0830-211803__NetHackChallenge-v0__exp3-pooled,NetHackChallenge-v0,option,grammar,0,10000000,5000,0,0.999,primitive,exp3,64,1,154789.92364178752,27.651264862724755,26.494123653669625,30.115827326546455,median-range,5,10002198
0830-211803__NetHackChallenge-v0__exp3-pooled/NetHackChallenge-v0__option__grammar__n64__os0__max_episode_steps5000__discountprimitive__ent_coef0.01__exp3,0830-211803__NetHackChallenge-v0__exp3-pooled,NetHackChallenge-v0,option,grammar,0,10000000,5000,0,0.999,primitive,exp3,64,1,160824.21007244976,27.38792750308201,26.925602840949963,28.924550396625797,median-range,5,10002198
0830-211803__NetHackChallenge-v0__exp3-pooled/NetHackChallenge-v0__option__grammar__n64__os0__max_episode_steps5000__discountprimitive__ent_coef0.01__exp3,0830-211803__NetHackChallenge-v0__exp3-pooled,NetHackChallenge-v0,option,grammar,0,10000000,5000,0,0.999,primitive,exp3,64,1,167093.73541188968,27.132914019223907,26.58367779143222,29.232578882358624,median-range,5,10002198
0830-211803__NetHackChallenge-v0__exp3-pooled/NetHackChallenge-v0__option__grammar__n64__os0__max_episode_steps5000__discountprimitive__ent_coef0.01__exp3,0830-211803__NetHackChallenge-v0__exp3-pooled,NetHackChallenge-v0,option,grammar,0,10000000,5000,0,0.999,primitive,exp3,64,1,173607.670146931,27.996004775438937,27.424932340014227,29.257341986396813,median-range,5,10002198
0830-211803__NetHackChallenge-v0__exp3-pooled/NetHackChallenge-v0__option__grammar__n64__os0__max_episode_steps5000__discountprimitive__ent_coef0.01__exp3,0830-211803__NetHackChallenge-v0__exp3-pooled,NetHackChallenge-v0,option,grammar,0,10000000,5000,0,0.999,primitive,exp3,64,1,180375.5422640518,28.285252239551582,27.352040380182448,29.598078559568584,median-range,5,10002198
0830-211803__NetHackChallenge-v0__exp3-pooled/NetHackChallenge-v0__option__grammar__n64__os0__max_episode_steps5000__discountprimitive__ent_coef0.01__exp3,0830-211803__NetHackChallenge-v0__exp3-pooled,NetHackChallenge-v0,option,grammar,0,10000000,5000,0,0.999,primitive,exp3,64,1,187407.25118604957,28.309028298149546,26.403001699506667,29.458838526722438,median-range,5,10002198
0830-211803__NetHackChallenge-v0__exp3-pooled/NetHackChallenge-v0__option__grammar__n64__os0__max_episode_steps5000__discountprimitive__ent_coef0.01__exp3,0830-211803__NetHackChallenge-v0__exp3-pooled,NetHackChallenge-v0,option,grammar,0,10000000,5000,0,0.999,primitive,exp3,64,1,194713.08225200878,27.171274848168643,24.524751636801934,30.770655965145902,median-range,5,10002198
0830-211803__NetHackChallenge-v0__exp3-pooled/NetHackChallenge-v0__option__grammar__n64__os0__max_episode_steps5000__discountprimitive__ent_coef0.01__exp3,0830-211803__NetHackChallenge-v0__exp3-pooled,NetHackChallenge-v0,option,grammar,0,10000000,5000,0,0.999,primitive,exp3,64,1,202303.7217617535,28.85491495842771,24.180820451540907,31.609938333361264,median-range,5,10002198
0830-211803__NetHackChallenge-v0__exp3-pooled/NetHackChallenge-v0__option__grammar__n64__os0__max_episode_steps5000__discountprimitive__ent_coef0.01__exp3,0830-211803__NetHackChallenge-v0__exp3-pooled,NetHackChallenge-v0,option,grammar,0,10000000,5000,0,0.999,primitive,exp3,64,1,210190.27260678445,29.186523322081303,26.500832576299434,31.908862557914297,median-range,5,10002198
0830-211803__NetHackChallenge-v0__exp3-pooled/NetHackChallenge-v0__option__grammar__n64__os0__max_episode_steps5000__discountprimitive__ent_coef0.01__exp3,0830-211803__NetHackChallenge-v0__exp3-pooled,NetHackChallenge-v0,option,grammar,0,10000000,5000,0,0.999,primitive,exp3,64,1,218384.2705105725,28.679849768500823,26.116098727892442,32.42130282363621,median-range,5,10002198
0830-211803__NetHackChallenge-v0__exp3-pooled/NetHackChallenge-v0__option__grammar__n64__os0__max_episode_steps5000__discountprimitive__ent_coef0.01__exp3,0830-211803__NetHackChallenge-v0__exp3-pooled,NetHackChallenge-v0,option,grammar,0,10000000,5000,0,0.999,primitive,exp3,64,1,226897.7009019566,28.939435174763734,25.985135381035338,32.94233016489828,median-range,5,10002198
0830-211803__NetHackChallenge-v0__exp3-pooled/NetHackChallenge-v0__option__grammar__n64__os0__max_episode_steps5000__discountprimitive__ent_coef0.01__exp3,0830-211803__NetHackChallenge-v0__exp3-pooled,NetHackChallenge-v0,option,grammar,0,10000000,5000,0,0.999,primitive,exp3,64,1,235743.0164463304,29.505488742044978,26.08046802337644,31.8747720420393,median-range,5,10002198
0830-211803__NetHackChallenge-v0__exp3-pooled/NetHackChallenge-v0__option__grammar__n64__os0__max_episode_steps5000__discountprimitive__ent_coef0.01__exp3,0830-211803__NetHackChallenge-v0__exp3-pooled,NetHackChallenge-v0,option,grammar,0,10000000,5000,0,0.999,primitive,exp3,64,1,244933.15526025926,31.531572221999483,26.177225504348133,32.865266057224574,median-range,5,10002198
0830-211803__NetHackChallenge-v0__exp3-pooled/NetHackChallenge-v0__option__grammar__n64__os0__max_episode_steps5000__discountprimitive__ent_coef0.01__exp3,0830-211803__NetHackChallenge-v0__exp3-pooled,NetHackChallenge-v0,option,grammar,0,10000000,5000,0,0.999,primitive,exp3,64,1,254481.55983617099,31.215961477824138,25.393565922332343,34.02695685638251,median-range,5,10002198
0830-211803__NetHackChallenge-v0__exp3-pooled/NetHackChallenge-v0__option__grammar__n64__os0__max_episode_steps5000__discountprimitive__ent_coef0.01__exp3,0830-211803__NetHackChallenge-v0__exp3-pooled,NetHackChallenge-v0,option,grammar,0,10000000,5000,0,0.999,primitive,exp3,64,1,264402.1967048012,31.497826229902834,26.1,34.92435150516213,median-range,5,10002198
0830-211803__NetHackChallenge-v0__exp3-pooled/NetHackChallenge-v0__option__grammar__n64__os0__max_episode_steps5000__discountprimitive__ent_coef0.01__exp3,0830-211803__NetHackChallenge-v0__exp3-pooled,NetHackChallenge-v0,option,grammar,0,10000000,5000,0,0.999,primitive,exp3,64,1,274709.5768641538,31.54608819884307,27.89003610359639,33.930311117280965,median-range,5,10002198
0830-211803__NetHackChallenge-v0__exp3-pooled/NetHackChallenge-v0__option__grammar__n64__os0__max_episode_steps5000__discountprimitive__ent_coef0.01__exp3,0830-211803__NetHackChallenge-v0__exp3-pooled,NetHackChallenge-v0,option,grammar,0,10000000,5000,0,0.999,primitive,exp3,64,1,285418.7770048587,30.262696141173166,27.407399659023106,31.98997498139821,median-range,5,10002198
0830-211803__NetHackChallenge-v0__exp3-pooled/NetHackChallenge-v0__option__grammar__n64__os0__max_episode_steps5000__discountprimitive__ent_coef0.01__exp3,0830-211803__NetHackChallenge-v0__exp3-pooled,NetHackChallenge-v0,option,grammar,0,10000000,5000,0,0.999,primitive,exp3,64,1,296545.4615629721,29.53002510197471,28.570767418666602,32.85904225628542,median-range,5,10002198
0830-211803__NetHackChallenge-v0__exp3-pooled/NetHackChallenge-v0__option__grammar__n64__os0__max_episode_steps5000__discountprimitive__ent_coef0.01__exp3,0830-211803__NetHackChallenge-v0__exp3-pooled,NetHackChallenge-v0,option,grammar,0,10000000,5000,0,0.999,primitive,exp3,64,1,308105.9056324776,30.821349061406128,29.67947340976127,33.22113788679722,median-range,5,10002198
0830-211803__NetHackChallenge-v0__exp3-pooled/NetHackChallenge-v0__option__grammar__n64__os0__max_episode_steps5000__discountprimitive__ent_coef0.01__exp3,0830-211803__NetHackChallenge-v0__exp3-pooled,NetHackChallenge-v0,option,grammar,0,10000000,5000,0,0.999,primitive,exp3,64,1,320117.0187710013,31.553808851323282,29.28,35.40239511208402,median-range,5,10002198
0830-211803__NetHackChallenge-v0__exp3-pooled/NetHackChallenge-v0__option__grammar__n64__os0__max_episode_steps5000__discountprimitive__ent_coef0.01__exp3,0830-211803__NetHackChallenge-v0__exp3-pooled,NetHackChallenge-v0,option,grammar,0,10000000,5000,0,0.999,primitive,exp3,64,1,332596.36973356246,30.061713025011652,29.29963073296961,36.99054671360327,median-range,5,10002198
0830-211803__NetHackChallenge-v0__exp3-pooled/NetHackChallenge-v0__option__grammar__n64__os0__max_episode_steps5000__discountprimitive__ent_coef0.01__exp3,0830-211803__NetHackChallenge-v0__exp3-pooled,NetHackChallenge-v0,option,grammar,0,10000000,5000,0,0.999,primitive,exp3,64,1,345562.2121705371,29.736704285556222,27.90105900262995,38.79908335199997,median-range,5,10002198
0830-211803__NetHackChallenge-v0__exp3-pooled/NetHackChallenge-v0__option__grammar__n64__os0__max_episode_steps5000__discountprimitive__ent_coef0.01__exp3,0830-211803__NetHackChallenge-v0__exp3-pooled,NetHackChallenge-v0,option,grammar,0,10000000,5000,0,0.999,primitive,exp3,64,1,359033.51132742467,32.633108057832764,29.907108297526598,38.489336633334865,median-range,5,10002198
0830-211803__NetHackChallenge-v0__exp3-pooled/NetHackChallenge-v0__option__grammar__n64__os0__max_episode_steps5000__discountprimitive__ent_coef0.01__exp3,0830-211803__NetHackChallenge-v0__exp3-pooled,NetHackChallenge-v0,option,grammar,0,10000000,5000,0,0.999,primitive,exp3,64,1,373029.97178546974,33.68271931146479,29.097920906574597,39.73309491149235,median-range,5,10002198
0830-211803__NetHackChallenge-v0__exp3-pooled/NetHackChallenge-v0__option__grammar__n64__os0__max_episode_steps5000__discountprimitive__ent_coef0.01__exp3,0830-211803__NetHackChallenge-v0__exp3-pooled,NetHackChallenge-v0,option,grammar,0,10000000,5000,0,0.999,primitive,exp3,64,1,387572.06628371717,36.30852168762734,26.91306692977031,39.20296440556196,median-range,5,10002198
0830-211803__NetHackChallenge-v0__exp3-pooled/NetHackChallenge-v0__option__grammar__n64__os0__max_episode_steps5000__discountprimitive__ent_coef0.01__exp3,0830-211803__NetHackChallenge-v0__exp3-pooled,NetHackChallenge-v0,option,grammar,0,10000000,5000,0,0.999,primitive,exp3,64,1,402681.06566465745,34.176435299779754,26.558764546662083,40.198562834624305,median-range,5,10002198
0830-211803__NetHackChallenge-v0__exp3-pooled/NetHackChallenge-v0__option__grammar__n64__os0__max_episode_steps5000__discountprimitive__ent_coef0.01__exp3,0830-211803__NetHackChallenge-v0__exp3-pooled,NetHackChallenge-v0,option,grammar,0,10000000,5000,0,0.999,primitive,exp3,64,1,418379.06998726487,32.06484838707844,28.973505869009372,39.894214164591936,median-range,5,10002198
0830-211803__NetHackChallenge-v0__exp3-pooled/NetHackChallenge-v0__option__grammar__n64__os0__max_episode_steps5000__discountprimitive__ent_coef0.01__exp3,0830-211803__NetHackChallenge-v0__exp3-pooled,NetHackChallenge-v0,option,grammar,0,10000000,5000,0,0.999,primitive,exp3,64,1,434689.04085293744,32.7056767928216,31.242466002602512,39.15,median-range,5,10002198
0830-211803__NetHackChallenge-v0__exp3-pooled/NetHackChallenge-v0__option__grammar__n64__os0__max_episode_steps5000__discountprimitive__ent_coef0.01__exp3,0830-211803__NetHackChallenge-v0__exp3-pooled,NetHackChallenge-v0,option,grammar,0,10000000,5000,0,0.999,primitive,exp3,64,1,451634.8349916222,33.37691504879347,31.138427655975864,37.39901080669768,median-range,5,10002198
0830-211803__NetHackChallenge-v0__exp3-pooled/NetHackChallenge-v0__option__grammar__n64__os0__max_episode_steps5000__discountprimitive__ent_coef0.01__exp3,0830-211803__NetHackChallenge-v0__exp3-pooled,NetHackChallenge-v0,option,grammar,0,10000000,5000,0,0.999,primitive,exp3,64,1,469241.23915725225,34.537305226777136,31.563043002243536,37.04943976513943,median-range,5,10002198
0830-211803__NetHackChallenge-v0__exp3-pooled/NetHackChallenge-v0__option__grammar__n64__os0__max_episode_steps5000__discountprimitive__ent_coef0.01__exp3,0830-211803__NetHackChallenge-v0__exp3-pooled,NetHackChallenge-v0,option,grammar,0,10000000,5000,0,0.999,primitive,exp3,64,1,487534.0063835379,34.90956508218346,31.430653689657664,35.291903123089725,median-range,5,10002198
0830-211803__NetHackChallenge-v0__exp3-pooled/NetHackChallenge-v0__option__grammar__n64__os0__max_episode_steps5000__discountprimitive__ent_coef0.01__exp3,0830-211803__NetHackChallenge-v0__exp3-pooled,NetHackChallenge-v0,option,grammar,0,10000000,5000,0,0.999,primitive,exp3,64,1,506539.8936531429,37.218026632077056,32.17826150366063,41.70089297774892,median-range,5,10002198
0830-211803__NetHackChallenge-v0__exp3-pooled/NetHackChallenge-v0__option__grammar__n64__os0__max_episode_steps5000__discountprimitive__ent_coef0.01__exp3,0830-211803__NetHackChallenge-v0__exp3-pooled,NetHackChallenge-v0,option,grammar,0,10000000,5000,0,0.999,primitive,exp3,64,1,526286.7010353457,37.488082678731324,34.296702275684346,40.29567664215941,median-range,5,10002198
0830-211803__NetHackChallenge-v0__exp3-pooled/NetHackChallenge-v0__option__grammar__n64__os0__max_episode_steps5000__discountprimitive__ent_coef0.01__exp3,0830-211803__NetHackChallenge-v0__exp3-pooled,NetHackChallenge-v0,option,grammar,0,10000000,5000,0,0.999,primitive,exp3,64,1,546803.3123494316,37.3461233434413,34.69542804094015,40.572720542580825,median-range,5,10002198
0830-211803__NetHackChallenge-v0__exp3-pooled/NetHackChallenge-v0__option__grammar__n64__os0__max_episode_steps5000__discountprimitive__ent_coef0.01__exp3,0830-211803__NetHackChallenge-v0__exp3-pooled,NetHackChallenge-v0,option,grammar,0,10000000,5000,0,0.999,primitive,exp3,64,1,568119.7374132952,37.85384694776919,34.48268145074556,40.03993850873528,median-range,5,10002198
0830-211803__NetHackChallenge-v0__exp3-pooled/NetHackChallenge-v0__option__grammar__n64__os0__max_episode_steps5000__discountprimitive__ent_coef0.01__exp3,0830-211803__NetHackChallenge-v0__exp3-pooled,NetHackChallenge-v0,option,grammar,0,10000000,5000,0,0.999,primitive,exp3,64,1,590267.155939051,38.056134808764945,34.39104806459443,38.800131260193254,median-range,5,10002198
0830-211803__NetHackChallenge-v0__exp3-pooled/NetHackChallenge-v0__option__grammar__n64__os0__max_episode_steps5000__discountprimitive__ent_coef0.01__exp3,0830-211803__NetHackChallenge-v0__exp3-pooled,NetHackChallenge-v0,option,grammar,0,10000000,5000,0,0.999,primitive,exp3,64,1,613277.9631398566,40.11485537263892,32.61435304600172,43.1502456631989,median-range,5,10002198
0830-211803__NetHackChallenge-v0__exp3-pooled/NetHackChallenge-v0__option__grammar__n64__os0__max_episode_steps5000__discountprimitive__ent_coef0.01__exp3,0830-211803__NetHackChallenge-v0__exp3-pooled,NetHackChallenge-v0,option,grammar,0,10000000,5000,0,0.999,primitive,exp3,64,1,637185.8171146612,40.51486429517134,33.46498624580965,41.20585030922897,median-range,5,10002198
0830-211803__NetHackChallenge-v0__exp3-pooled/NetHackChallenge-v0__option__grammar__n64__os0__max_episode_steps5000__discountprimitive__ent_coef0.01__exp3,0830-211803__NetHackChallenge-v0__exp3-pooled,NetHackChallenge-v0,option,grammar,0,10000000,5000,0,0.999,primitive,exp3,64,1,662025.688080186,41.873119991537095,37.180236297325585,43.309790971416156,median-range,5,10002198
0830-211803__NetHackChallenge-v0__exp3-pooled/NetHackChallenge-v0__option__grammar__n64__os0__max_episode_steps5000__discountprimitive__ent_coef0.01__exp3,0830-211803__NetHackChallenge-v0__exp3-pooled,NetHackChallenge-v0,option,grammar,0,10000000,5000,0,0.999,primitive,exp3,64,1,687833.9095221509,41.05256203983121,36.746630292650316,44.84887114373193,median-range,5,10002198
0830-211803__NetHackChallenge-v0__exp3-pooled/NetHackChallenge-v0__option__grammar__n64__os0__max_episode_steps5000__discountprimitive__ent_coef0.01__exp3,0830-211803__NetHackChallenge-v0__exp3-pooled,NetHackChallenge-v0,option,grammar,0,10000000,5000,0,0.999,primitive,exp3,64,1,714648.2313405665,44.48451805391936,35.658412833150635,47.46431164275285,median-range,5,10002198
0830-211803__NetHackChallenge-v0__exp3-pooled/NetHackChallenge-v0__option__grammar__n64__os0__max_episode_steps5000__discountprimitive__ent_coef0.01__exp3,0830-211803__NetHackChallenge-v0__exp3-pooled,NetHackChallenge-v0,option,grammar,0,10000000,5000,0,0.999,primitive,exp3,64,1,742507.8750668264,44.07,33.529854523080765,46.040851597701156,median-range,5,10002198
0830-211803__NetHackChallenge-v0__exp3-pooled/NetHackChallenge-v0__option__grammar__n64__os0__max_episode_steps5000__discountprimitive__ent_coef0.01__exp3,0830-211803__NetHackChallenge-v0__exp3-pooled,NetHackChallenge-v0,option,grammar,0,10000000,5000,0,0.999,primitive,exp3,64,1,771453.5912333664,41.06390778453268,33.95124052954933,44.78187883581065,median-range,5,10002198
0830-211803__NetHackChallenge-v0__exp3-pooled/NetHackChallenge-v0__option__grammar__n64__os0__max_episode_steps5000__discountprimitive__ent_coef0.01__exp3,0830-211803__NetHackChallenge-v0__exp3-pooled,NetHackChallenge-v0,option,grammar,0,10000000,5000,0,0.999,primitive,exp3,64,1,801527.7189798087,45.93216583649744,34.14770984476879,48.2992908556443,median-range,5,10002198
0830-211803__NetHackChallenge-v0__exp3-pooled/NetHackChallenge-v0__option__grammar__n64__os0__max_episode_steps5000__discountprimitive__ent_coef0.01__exp3,0830-211803__NetHackChallenge-v0__exp3-pooled,NetHackChallenge-v0,option,grammar,0,10000000,5000,0,0.999,primitive,exp3,64,1,832774.2479827715,45.93166449679048,34.06881428400511,48.1902968299439,median-range,5,10002198
0830-211803__NetHackChallenge-v0__exp3-pooled/NetHackChallenge-v0__option__grammar__n64__os0__max_episode_steps5000__discountprimitive__ent_coef0.01__exp3,0830-211803__NetHackChallenge-v0__exp3-pooled,NetHackChallenge-v0,option,grammar,0,10000000,5000,0,0.999,primitive,exp3,64,1,865238.8827999359,47.47364647655057,39.47108025453962,50.96152548683335,median-range,5,10002198
0830-211803__NetHackChallenge-v0__exp3-pooled/NetHackChallenge-v0__option__grammar__n64__os0__max_episode_steps5000__discountprimitive__ent_coef0.01__exp3,0830-211803__NetHackChallenge-v0__exp3-pooled,NetHackChallenge-v0,option,grammar,0,10000000,5000,0,0.999,primitive,exp3,64,1,898969.1097224816,45.54935213697572,44.72826355322556,49.250357383237215,median-range,5,10002198
0830-211803__NetHackChallenge-v0__exp3-pooled/NetHackChallenge-v0__option__grammar__n64__os0__max_episode_steps5000__discountprimitive__ent_coef0.01__exp3,0830-211803__NetHackChallenge-v0__exp3-pooled,NetHackChallenge-v0,option,grammar,0,10000000,5000,0,0.999,primitive,exp3,64,1,934014.26623368,47.585589042270755,45.676087718521806,51.89303751813338,median-range,5,10002198
0830-211803__NetHackChallenge-v0__exp3-pooled/NetHackChallenge-v0__option__grammar__n64__os0__max_episode_steps5000__discountprimitive__ent_coef0.01__exp3,0830-211803__NetHackChallenge-v0__exp3-pooled,NetHackChallenge-v0,option,grammar,0,10000000,5000,0,0.999,primitive,exp3,64,1,970425.6131752408,47.34573642559403,44.11644423969165,48.39504064388898,median-range,5,10002198
0830-211803__NetHackChallenge-v0__exp3-pooled/NetHackChallenge-v0__option__grammar__n64__os0__max_episode_steps5000__discountprimitive__ent_coef0.01__exp3,0830-211803__NetHackChallenge-v0__exp3-pooled,NetHackChallenge-v0,option,grammar,0,10000000,5000,0,0.999,primitive,exp3,64,1,1008256.4097269718,45.43024009568438,42.49461950295136,49.63700755541479,median-range,5,10002198
0830-211803__NetHackChallenge-v0__exp3-pooled/NetHackChallenge-v0__option__grammar__n64__os0__max_episode_steps5000__discountprimitive__ent_coef0.01__exp3,0830-211803__NetHackChallenge-v0__exp3-pooled,NetHackChallenge-v0,option,grammar,0,10000000,5000,0,0.999,primitive,exp3,64,1,1047561.9913094231,46.99000195293863,42.27247337827209,53.989180501154465,median-range,5,10002198
0830-211803__NetHackChallenge-v0__exp3-pooled/NetHackChallenge-v0__option__grammar__n64__os0__max_episode_steps5000__discountprimitive__ent_coef0.01__exp3,0830-211803__NetHackChallenge-v0__exp3-pooled,NetHackChallenge-v0,option,grammar,0,10000000,5000,0,0.999,primitive,exp3,64,1,1088399.8505234674,48.09201746822551,44.80547251303745,56.58514017350032,median-range,5,10002198
0830-211803__NetHackChallenge-v0__exp3-pooled/NetHackChallenge-v0__option__grammar__n64__os0__max_episode_steps5000__discountprimitive__ent_coef0.01__exp3,0830-211803__NetHackChallenge-v0__exp3-pooled,NetHackChallenge-v0,option,grammar,0,10000000,5000,0,0.999,primitive,exp3,64,1,1130829.721245204,45.88113513490814,45.35397490742774,59.10134468402997,median-range,5,10002198
0830-211803__NetHackChallenge-v0__exp3-pooled/NetHackChallenge-v0__option__grammar__n64__os0__max_episode_steps5000__discountprimitive__ent_coef0.01__exp3,0830-211803__NetHackChallenge-v0__exp3-pooled,NetHackChallenge-v0,option,grammar,0,10000000,5000,0,0.999,primitive,exp3,64,1,1174913.665999198,44.00322035609875,41.944057793882635,52.5128328963042,median-range,5,10002198
0830-211803__NetHackChallenge-v0__exp3-pooled/NetHackChallenge-v0__option__grammar__n64__os0__max_episode_steps5000__discountprimitive__ent_coef0.01__exp3,0830-211803__NetHackChallenge-v0__exp3-pooled,NetHackChallenge-v0,option,grammar,0,10000000,5000,0,0.999,primitive,exp3,64,1,1220716.1667378484,51.50159413657353,44.33881697387487,52.581580347465895,median-range,5,10002198
0830-211803__NetHackChallenge-v0__exp3-pooled/NetHackChallenge-v0__option__grammar__n64__os0__max_episode_steps5000__discountprimitive__ent_coef0.01__exp3,0830-211803__NetHackChallenge-v0__exp3-pooled,NetHackChallenge-v0,option,grammar,0,10000000,5000,0,0.999,primitive,exp3,64,1,1268304.219159677,49.667693267658265,41.1604624905629,55.61505109100157,median-range,5,10002198
0830-211803__NetHackChallenge-v0__exp3-pooled/NetHackChallenge-v0__option__grammar__n64__os0__max_episode_steps5000__discountprimitive__ent_coef0.01__exp3,0830-211803__NetHackChallenge-v0__exp3-pooled,NetHackChallenge-v0,option,grammar,0,10000000,5000,0,0.999,primitive,exp3,64,1,1317747.4307044935,51.09841831973521,40.877721027473804,58.27370002354347,median-range,5,10002198
0830-211803__NetHackChallenge-v0__exp3-pooled/NetHackChallenge-v0__option__grammar__n64__os0__max_episode_steps5000__discountprimitive__ent_coef0.01__exp3,0830-211803__NetHackChallenge-v0__exp3-pooled,NetHackChallenge-v0,option,grammar,0,10000000,5000,0,0.999,primitive,exp3,64,1,1369118.1223687765,54.576717653656864,41.85286459317219,61.92298261052595,median-range,5,10002198
0830-211803__NetHackChallenge-v0__exp3-pooled/NetHackChallenge-v0__option__grammar__n64__os0__max_episode_steps5000__discountprimitive__ent_coef0.01__exp3,0830-211803__NetHackChallenge-v0__exp3-pooled,NetHackChallenge-v0,option,grammar,0,10000000,5000,0,0.999,primitive,exp3,64,1,1422491.434490195,50.966540945324795,46.90174129318721,58.51884760805403,median-range,5,10002198
0830-211803__NetHackChallenge-v0__exp3-pooled/NetHackChallenge-v0__option__grammar__n64__os0__max_episode_steps5000__discountprimitive__ent_coef0.01__exp3,0830-211803__NetHackChallenge-v0__exp3-pooled,NetHackChallenge-v0,option,grammar,0,10000000,5000,0,0.999,primitive,exp3,64,1,1477945.4366560061,53.437168135719,46.224742265477694,60.500680599974395,median-range,5,10002198
0830-211803__NetHackChallenge-v0__exp3-pooled/NetHackChallenge-v0__option__grammar__n64__os0__max_episode_steps5000__discountprimitive__ent_coef0.01__exp3,0830-211803__NetHackChallenge-v0__exp3-pooled,NetHackChallenge-v0,option,grammar,0,10000000,5000,0,0.999,primitive,exp3,64,1,1535561.241896089,57.356027820327014,47.820458647528596,58.6556715982749,median-range,5,10002198
0830-211803__NetHackChallenge-v0__exp3-pooled/NetHackChallenge-v0__option__grammar__n64__os0__max_episode_steps5000__discountprimitive__ent_coef0.01__exp3,0830-211803__NetHackChallenge-v0__exp3-pooled,NetHackChallenge-v0,option,grammar,0,10000000,5000,0,0.999,primitive,exp3,64,1,1595423.125327647,52.978752336835605,51.00264533521993,61.05571709664864,median-range,5,10002198
0830-211803__NetHackChallenge-v0__exp3-pooled/NetHackChallenge-v0__option__grammar__n64__os0__max_episode_steps5000__discountprimitive__ent_coef0.01__exp3,0830-211803__NetHackChallenge-v0__exp3-pooled,NetHackChallenge-v0,option,grammar,0,10000000,5000,0,0.999,primitive,exp3,64,1,1657618.6474251226,54.996015370530145,50.13078546331641,59.990265420736975,median-range,5,10002198
0830-211803__NetHackChallenge-v0__exp3-pooled/NetHackChallenge-v0__option__grammar__n64__os0__max_episode_steps5000__discountprimitive__ent_coef0.01__exp3,0830-211803__NetHackChallenge-v0__exp3-pooled,NetHackChallenge-v0,option,grammar,0,10000000,5000,0,0.999,primitive,exp3,64,1,1722238.7820956316,63.00746782481588,44.26343357519892,71.36535882161421,median-range,5,10002198
0830-211803__NetHackChallenge-v0__exp3-pooled/NetHackChallenge-v0__option__grammar__n64__os0__max_episode_steps5000__discountprimitive__ent_coef0.01__exp3,0830-211803__NetHackChallenge-v0__exp3-pooled,NetHackChallenge-v0,option,grammar,0,10000000,5000,0,0.999,primitive,exp3,64,1,1789378.0497472524,60.41396093047407,44.34864583691082,66.59620366344002,median-range,5,10002198
0830-211803__NetHackChallenge-v0__exp3-pooled/NetHackChallenge-v0__option__grammar__n64__os0__max_episode_steps5000__discountprimitive__ent_coef0.01__exp3,0830-211803__NetHackChallenge-v0__exp3-pooled,NetHackChallenge-v0,option,grammar,0,10000000,5000,0,0.999,primitive,exp3,64,1,1859134.6555448133,57.10288889469554,52.539820404486356,75.72383664120223,median-range,5,10002198
0830-211803__NetHackChallenge-v0__exp3-pooled/NetHackChallenge-v0__option__grammar__n64__os0__max_episode_steps5000__discountprimitive__ent_coef0.01__exp3,0830-211803__NetHackChallenge-v0__exp3-pooled,NetHackChallenge-v0,option,grammar,0,10000000,5000,0,0.999,primitive,exp3,64,1,1931610.6330554022,58.04074518818688,50.88267056395799,80.29932931561781,median-range,5,10002198
0830-211803__NetHackChallenge-v0__exp3-pooled/NetHackChallenge-v0__option__grammar__n64__os0__max_episode_steps5000__discountprimitive__ent_coef0.01__exp3,0830-211803__NetHackChallenge-v0__exp3-pooled,NetHackChallenge-v0,option,grammar,0,10000000,5000,0,0.999,primitive,exp3,64,1,2006911.9934937146,59.81250271095225,48.08843959546316,78.12614010172203,median-range,5,10002198
0830-211803__NetHackChallenge-v0__exp3-pooled/NetHackChallenge-v0__option__grammar__n64__os0__max_episode_steps5000__discountprimitive__ent_coef0.01__exp3,0830-211803__NetHackChallenge-v0__exp3-pooled,NetHackChallenge-v0,option,grammar,0,10000000,5000,0,0.999,primitive,exp3,64,1,2085148.8807855377,56.50271894340222,50.58601744218671,77.21004545484581,median-range,5,10002198
0830-211803__NetHackChallenge-v0__exp3-pooled/NetHackChallenge-v0__option__grammar__n64__os0__max_episode_steps5000__discountprimitive__ent_coef0.01__exp3,0830-211803__NetHackChallenge-v0__exp3-pooled,NetHackChallenge-v0,option,grammar,0,10000000,5000,0,0.999,primitive,exp3,64,1,2166435.732676186,62.00140430546106,55.160230030155866,77.27537974372352,median-range,5,10002198
0830-211803__NetHackChallenge-v0__exp3-pooled/NetHackChallenge-v0__option__grammar__n64__os0__max_episode_steps5000__discountprimitive__ent_coef0.01__exp3,0830-211803__NetHackChallenge-v0__exp3-pooled,NetHackChallenge-v0,option,grammar,0,10000000,5000,0,0.999,primitive,exp3,64,1,2250891.4481195426,59.006651278486125,53.407726387934076,86.91106170827676,median-range,5,10002198
0830-211803__NetHackChallenge-v0__exp3-pooled/NetHackChallenge-v0__option__grammar__n64__os0__max_episode_steps5000__discountprimitive__ent_coef0.01__exp3,0830-211803__NetHackChallenge-v0__exp3-pooled,NetHackChallenge-v0,option,grammar,0,10000000,5000,0,0.999,primitive,exp3,64,1,2338639.561192548,64.27944223965008,56.05717297595187,81.6217376658615,median-range,5,10002198
0830-211803__NetHackChallenge-v0__exp3-pooled/NetHackChallenge-v0__option__grammar__n64__os0__max_episode_steps5000__discountprimitive__ent_coef0.01__exp3,0830-211803__NetHackChallenge-v0__exp3-pooled,NetHackChallenge-v0,option,grammar,0,10000000,5000,0,0.999,primitive,exp3,64,1,2429808.42178952,65.75591197392099,49.657677456493765,93.07728645305124,median-range,5,10002198
0830-211803__NetHackChallenge-v0__exp3-pooled/NetHackChallenge-v0__option__grammar__n64__os0__max_episode_steps5000__discountprimitive__ent_coef0.01__exp3,0830-211803__NetHackChallenge-v0__exp3-pooled,NetHackChallenge-v0,option,grammar,0,10000000,5000,0,0.999,primitive,exp3,64,1,2524531.383360612,63.163235779482676,53.47071951933095,82.3390501082106,median-range,5,10002198
0830-211803__NetHackChallenge-v0__exp3-pooled/NetHackChallenge-v0__option__grammar__n64__os0__max_episode_steps5000__discountprimitive__ent_coef0.01__exp3,0830-211803__NetHackChallenge-v0__exp3-pooled,NetHackChallenge-v0,option,grammar,0,10000000,5000,0,0.999,primitive,exp3,64,1,2622946.997969013,64.62794224998345,52.78893856767086,85.62683330574575,median-range,5,10002198
0830-211803__NetHackChallenge-v0__exp3-pooled/NetHackChallenge-v0__option__grammar__n64__os0__max_episode_steps5000__discountprimitive__ent_coef0.01__exp3,0830-211803__NetHackChallenge-v0__exp3-pooled,NetHackChallenge-v0,option,grammar,0,10000000,5000,0,0.999,primitive,exp3,64,1,2725199.2189522,66.26128985215912,54.843608930846045,84.22057362456466,median-range,5,10002198
0830-211803__NetHackChallenge-v0__exp3-pooled/NetHackChallenge-v0__option__grammar__n64__os0__max_episode_steps5000__discountprimitive__ent_coef0.01__exp3,0830-211803__NetHackChallenge-v0__exp3-pooled,NetHackChallenge-v0,option,grammar,0,10000000,5000,0,0.999,primitive,exp3,64,1,2831437.6114836833,65.11439545820294,52.79646590467281,84.56353694188061,median-range,5,10002198
0830-211803__NetHackChallenge-v0__exp3-pooled/NetHackChallenge-v0__option__grammar__n64__os0__max_episode_steps5000__discountprimitive__ent_coef0.01__exp3,0830-211803__NetHackChallenge-v0__exp3-pooled,NetHackChallenge-v0,option,grammar,0,10000000,5000,0,0.999,primitive,exp3,64,1,2941817.571343223,66.41228367221643,55.94539290970221,89.11187518219401,median-range,5,10002198
0830-211803__NetHackChallenge-v0__exp3-pooled/NetHackChallenge-v0__option__grammar__n64__os0__max_episode_steps5000__discountprimitive__ent_coef0.01__exp3,0830-211803__NetHackChallenge-v0__exp3-pooled,NetHackChallenge-v0,option,grammar,0,10000000,5000,0,0.999,primitive,exp3,64,1,3056500.552215551,66.63692433897252,55.94547841170386,96.12167686874244,median-range,5,10002198
0830-211803__NetHackChallenge-v0__exp3-pooled/NetHackChallenge-v0__option__grammar__n64__os0__max_episode_steps5000__discountprimitive__ent_coef0.01__exp3,0830-211803__NetHackChallenge-v0__exp3-pooled,NetHackChallenge-v0,option,grammar,0,10000000,5000,0,0.999,primitive,exp3,64,1,3175654.30184998,69.77588353961832,58.93952034980912,89.36556090561876,median-range,5,10002198
0830-211803__NetHackChallenge-v0__exp3-pooled/NetHackChallenge-v0__option__grammar__n64__os0__max_episode_steps5000__discountprimitive__ent_coef0.01__exp3,0830-211803__NetHackChallenge-v0__exp3-pooled,NetHackChallenge-v0,option,grammar,0,10000000,5000,0,0.999,primitive,exp3,64,1,3299453.1074264576,62.856508587937526,56.75400968770942,84.58007702236911,median-range,5,10002198
0830-211803__NetHackChallenge-v0__exp3-pooled/NetHackChallenge-v0__option__grammar__n64__os0__max_episode_steps5000__discountprimitive__ent_coef0.01__exp3,0830-211803__NetHackChallenge-v0__exp3-pooled,NetHackChallenge-v0,option,grammar,0,10000000,5000,0,0.999,primitive,exp3,64,1,3428078.050486866,64.69946341886187,57.79330929196861,85.75271004314968,median-range,5,10002198
0830-211803__NetHackChallenge-v0__exp3-pooled/NetHackChallenge-v0__option__grammar__n64__os0__max_episode_steps5000__discountprimitive__ent_coef0.01__exp3,0830-211803__NetHackChallenge-v0__exp3-pooled,NetHackChallenge-v0,option,grammar,0,10000000,5000,0,0.999,primitive,exp3,64,1,3561717.271804496,75.1074665217532,66.66511589614029,94.62187654531049,median-range,5,10002198
0830-211803__NetHackChallenge-v0__exp3-pooled/NetHackChallenge-v0__option__grammar__n64__os0__max_episode_steps5000__discountprimitive__ent_coef0.01__exp3,0830-211803__NetHackChallenge-v0__exp3-pooled,NetHackChallenge-v0,option,grammar,0,10000000,5000,0,0.999,primitive,exp3,64,1,3700566.2465791246,75.00485855075782,66.9910191417373,88.05922158295422,median-range,5,10002198
0830-211803__NetHackChallenge-v0__exp3-pooled/NetHackChallenge-v0__option__grammar__n64__os0__max_episode_steps5000__discountprimitive__ent_coef0.01__exp3,0830-211803__NetHackChallenge-v0__exp3-pooled,NetHackChallenge-v0,option,grammar,0,10000000,5000,0,0.999,primitive,exp3,64,1,3844828.0703602093,77.39900438489565,73.41804544297047,91.4436147584299,median-range,5,10002198
0830-211803__NetHackChallenge-v0__exp3-pooled/NetHackChallenge-v0__option__grammar__n64__os0__max_episode_steps5000__discountprimitive__ent_coef0.01__exp3,0830-211803__NetHackChallenge-v0__exp3-pooled,NetHackChallenge-v0,option,grammar,0,10000000,5000,0,0.999,primitive,exp3,64,1,3994713.75611644,74.0693711945027,64.28826556400982,80.80504368416148,median-range,5,10002198
0830-211803__NetHackChallenge-v0__exp3-pooled/NetHackChallenge-v0__option__grammar__n64__os0__max_episode_steps5000__discountprimitive__ent_coef0.01__exp3,0830-211803__NetHackChallenge-v0__exp3-pooled,NetHackChallenge-v0,option,grammar,0,10000000,5000,0,0.999,primitive,exp3,64,1,4150442.5428861603,77.09201275769288,68.49493024816177,81.48216820531567,median-range,5,10002198
0830-211803__NetHackChallenge-v0__exp3-pooled/NetHackChallenge-v0__option__grammar__n64__os0__max_episode_steps5000__discountprimitive__ent_coef0.01__exp3,0830-211803__NetHackChallenge-v0__exp3-pooled,NetHackChallenge-v0,option,grammar,0,10000000,5000,0,0.999,primitive,exp3,64,1,4312242.216460132,82.13509896755656,66.95868751623895,95.9478776986906,median-range,5,10002198
0830-211803__NetHackChallenge-v0__exp3-pooled/NetHackChallenge-v0__option__grammar__n64__os0__max_episode_steps5000__discountprimitive__ent_coef0.01__exp3,0830-211803__NetHackChallenge-v0__exp3-pooled,NetHackChallenge-v0,option,grammar,0,10000000,5000,0,0.999,primitive,exp3,64,1,4480349.442565705,85.26869297317111,76.85779225415016,92.55071658775499,median-range,5,10002198
0830-211803__NetHackChallenge-v0__exp3-pooled/NetHackChallenge-v0__option__grammar__n64__os0__max_episode_steps5000__discountprimitive__ent_coef0.01__exp3,0830-211803__NetHackChallenge-v0__exp3-pooled,NetHackChallenge-v0,option,grammar,0,10000000,5000,0,0.999,primitive,exp3,64,1,4655010.113039739,90.05867253599203,72.98237807844187,93.72600073286058,median-range,5,10002198
0830-211803__NetHackChallenge-v0__exp3-pooled/NetHackChallenge-v0__option__grammar__n64__os0__max_episode_steps5000__discountprimitive__ent_coef0.01__exp3,0830-211803__NetHackChallenge-v0__exp3-pooled,NetHackChallenge-v0,option,grammar,0,10000000,5000,0,0.999,primitive,exp3,64,1,4836479.705496648,82.71753528121977,78.70685419638384,91.29107478622659,median-range,5,10002198
0830-211803__NetHackChallenge-v0__exp3-pooled/NetHackChallenge-v0__option__grammar__n64__os0__max_episode_steps5000__discountprimitive__ent_coef0.01__exp3,0830-211803__NetHackChallenge-v0__exp3-pooled,NetHackChallenge-v0,option,grammar,0,10000000,5000,0,0.999,primitive,exp3,64,1,5025023.6570176175,81.85132636882618,75.14115060486962,93.15791834723815,median-range,5,10002198
0830-211803__NetHackChallenge-v0__exp3-pooled/NetHackChallenge-v0__option__grammar__n64__os0__max_episode_steps5000__discountprimitive__ent_coef0.01__exp3,0830-211803__NetHackChallenge-v0__exp3-pooled,NetHackChallenge-v0,option,grammar,0,10000000,5000,0,0.999,primitive,exp3,64,1,5220917.752407637,88.43272198430114,81.85994379801525,102.69053953664776,median-range,5,10002198
0830-211803__NetHackChallenge-v0__exp3-pooled/NetHackChallenge-v0__option__grammar__n64__os0__max_episode_steps5000__discountprimitive__ent_coef0.01__exp3,0830-211803__NetHackChallenge-v0__exp3-pooled,NetHackChallenge-v0,option,grammar,0,10000000,5000,0,0.999,primitive,exp3,64,1,5424448.527588225,90.94544797818611,77.47882862053089,91.68149736106939,median-range,5,10002198
0830-211803__NetHackChallenge-v0__exp3-pooled/NetHackChallenge-v0__option__grammar__n64__os0__max_episode_steps5000__discountprimitive__ent_coef0.01__exp3,0830-211803__NetHackChallenge-v0__exp3-pooled,NetHackChallenge-v0,option,grammar,0,10000000,5000,0,0.999,primitive,exp3,64,1,5635913.688715902,81.87153307797134,80.35636218652888,90.57573827785643,median-range,5,10002198
0830-211803__NetHackChallenge-v0__exp3-pooled/NetHackChallenge-v0__option__grammar__n64__os0__max_episode_steps5000__discountprimitive__ent_coef0.01__exp3,0830-211803__NetHackChallenge-v0__exp3-pooled,NetHackChallenge-v0,option,grammar,0,10000000,5000,0,0.999,primitive,exp3,64,1,5855622.54763946,88.29314114982685,77.94382315897292,97.4219175542946,median-range,5,10002198
0830-211803__NetHackChallenge-v0__exp3-pooled/NetHackChallenge-v0__option__grammar__n64__os0__max_episode_steps5000__discountprimitive__ent_coef0.01__exp3,0830-211803__NetHackChallenge-v0__exp3-pooled,NetHackChallenge-v0,option,grammar,0,10000000,5000,0,0.999,primitive,exp3,64,1,6083896.474332979,92.16732941791811,89.04467009791634,101.1600135583371,median-range,5,10002198
0830-211803__NetHackChallenge-v0__exp3-pooled/NetHackChallenge-v0__option__grammar__n64__os0__max_episode_steps5000__discountprimitive__ent_coef0.01__exp3,0830-211803__NetHackChallenge-v0__exp3-pooled,NetHackChallenge-v0,option,grammar,0,10000000,5000,0,0.999,primitive,exp3,64,1,6321069.366966349,88.7442068457988,72.79026114666405,98.57100595310493,median-range,5,10002198
0830-211803__NetHackChallenge-v0__exp3-pooled/NetHackChallenge-v0__option__grammar__n64__os0__max_episode_steps5000__discountprimitive__ent_coef0.01__exp3,0830-211803__NetHackChallenge-v0__exp3-pooled,NetHackChallenge-v0,option,grammar,0,10000000,5000,0,0.999,primitive,exp3,64,1,6567488.140300912,81.44881687849929,76.21470237570902,100.47966735236852,median-range,5,10002198
0830-211803__NetHackChallenge-v0__exp3-pooled/NetHackChallenge-v0__option__grammar__n64__os0__max_episode_steps5000__discountprimitive__ent_coef0.01__exp3,0830-211803__NetHackChallenge-v0__exp3-pooled,NetHackChallenge-v0,option,grammar,0,10000000,5000,0,0.999,primitive,exp3,64,1,6823513.233124552,88.59385356304226,80.89350320720443,102.01217917369405,median-range,5,10002198
0830-211803__NetHackChallenge-v0__exp3-pooled/NetHackChallenge-v0__option__grammar__n64__os0__max_episode_steps5000__discountprimitive__ent_coef0.01__exp3,0830-211803__NetHackChallenge-v0__exp3-pooled,NetHackChallenge-v0,option,grammar,0,10000000,5000,0,0.999,primitive,exp3,64,1,7089519.135468521,86.36999423871256,76.95912739149877,92.5815779348981,median-range,5,10002198
0830-211803__NetHackChallenge-v0__exp3-pooled/NetHackChallenge-v0__option__grammar__n64__os0__max_episode_steps5000__discountprimitive__ent_coef0.01__exp3,0830-211803__NetHackChallenge-v0__exp3-pooled,NetHackChallenge-v0,option,grammar,0,10000000,5000,0,0.999,primitive,exp3,64,1,7365894.936377108,88.70756024851346,78.49555750208846,97.54702124550964,median-range,5,10002198
0830-211803__NetHackChallenge-v0__exp3-pooled/NetHackChallenge-v0__option__grammar__n64__os0__max_episode_steps5000__discountprimitive__ent_coef0.01__exp3,0830-211803__NetHackChallenge-v0__exp3-pooled,NetHackChallenge-v0,option,grammar,0,10000000,5000,0,0.999,primitive,exp3,64,1,7653044.893031408,97.39943257478015,89.26100720519004,102.3232709170135,median-range,5,10002198
0830-211803__NetHackChallenge-v0__exp3-pooled/NetHackChallenge-v0__option__grammar__n64__os0__max_episode_steps5000__discountprimitive__ent_coef0.01__exp3,0830-211803__NetHackChallenge-v0__exp3-pooled,NetHackChallenge-v0,option,grammar,0,10000000,5000,0,0.999,primitive,exp3,64,1,7951389.022059722,93.66601973310172,87.89459938275111,103.62793660886841,median-range,5,10002198
0830-211803__NetHackChallenge-v0__exp3-pooled/NetHackChallenge-v0__option__grammar__n64__os0__max_episode_steps5000__discountprimitive__ent_coef0.01__exp3,0830-211803__NetHackChallenge-v0__exp3-pooled,NetHackChallenge-v0,option,grammar,0,10000000,5000,0,0.999,primitive,exp3,64,1,8261363.71389928,91.06080873850578,82.97921601718002,94.54967890497271,median-range,5,10002198
0830-211803__NetHackChallenge-v0__exp3-pooled/NetHackChallenge-v0__option__grammar__n64__os0__max_episode_steps5000__discountprimitive__ent_coef0.01__exp3,0830-211803__NetHackChallenge-v0__exp3-pooled,NetHackChallenge-v0,option,grammar,0,10000000,5000,0,0.999,primitive,exp3,64,1,8583422.371108215,86.76041912497098,82.80669735261729,95.94210594864698,median-range,5,10002198
0830-211803__NetHackChallenge-v0__exp3-pooled/NetHackChallenge-v0__option__grammar__n64__os0__max_episode_steps5000__discountprimitive__ent_coef0.01__exp3,0830-211803__NetHackChallenge-v0__exp3-pooled,NetHackChallenge-v0,option,grammar,0,10000000,5000,0,0.999,primitive,exp3,64,1,8918036.071561249,94.74414044785561,90.6188263255657,98.77618644821169,median-range,5,10002198
0830-211803__NetHackChallenge-v0__exp3-pooled/NetHackChallenge-v0__option__grammar__n64__os0__max_episode_steps5000__discountprimitive__ent_coef0.01__exp3,0830-211803__NetHackChallenge-v0__exp3-pooled,NetHackChallenge-v0,option,grammar,0,10000000,5000,0,0.999,primitive,exp3,64,1,9265694.257499205,95.96653750070152,88.20326845136444,102.62635617539964,median-range,5,10002198
0830-211803__NetHackChallenge-v0__exp3-pooled/NetHackChallenge-v0__option__grammar__n64__os0__max_episode_steps5000__discountprimitive__ent_coef0.01__exp3,0830-211803__NetHackChallenge-v0__exp3-pooled,NetHackChallenge-v0,option,grammar,0,10000000,5000,0,0.999,primitive,exp3,64,1,9626905.451440245,96.17696868277054,87.78340330837577,101.22250989839876,median-range,5,10002198
0830-211803__NetHackChallenge-v0__exp3-pooled/NetHackChallenge-v0__option__grammar__n64__os0__max_episode_steps5000__discountprimitive__ent_coef0.01__exp3,0830-211803__NetHackChallenge-v0__exp3-pooled,NetHackChallenge-v0,option,grammar,0,10000000,5000,0,0.999,primitive,exp3,64,1,10002198.0,89.72543252595155,86.12796992481204,106.7450740242261,median-range,5,10002198
0830-211803__NetHackChallenge-v0__exp3-pooled/NetHackChallenge-v0__option__random__n64__os0__max_episode_steps5000__discountprimitive__ent_coef0.01__exp3,0830-211803__NetHackChallenge-v0__exp3-pooled,NetHackChallenge-v0,option,random,0,10000000,5000,0,0.999,primitive,exp3,64,8,15651.0,13.83024559636552,11.103188297009893,17.10111452134473,iqm-bootstrap,40,9998548
0830-211803__NetHackChallenge-v0__exp3-pooled/NetHackChallenge-v0__option__random__n64__os0__max_episode_steps5000__discountprimitive__ent_coef0.01__exp3,0830-211803__NetHackChallenge-v0__exp3-pooled,NetHackChallenge-v0,option,random,0,10000000,5000,0,0.999,primitive,exp3,64,8,16167.376531492426,14.093018870222085,11.207816593617673,17.778516788240438,iqm-bootstrap,40,9998548
0830-211803__NetHackChallenge-v0__exp3-pooled/NetHackChallenge-v0__option__random__n64__os0__max_episode_steps5000__discountprimitive__ent_coef0.01__exp3,0830-211803__NetHackChallenge-v0__exp3-pooled,NetHackChallenge-v0,option,random,0,10000000,5000,0,0.999,primitive,exp3,64,8,16700.789975787626,14.691671266378265,11.794764976537468,18.027786267064993,iqm-bootstrap,40,9998548
0830-211803__NetHackChallenge-v0__exp3-pooled/NetHackChallenge-v0__option__random__n64__os0__max_episode_steps5000__discountprimitive__ent_coef0.01__exp3,0830-211803__NetHackChallenge-v0__exp3-pooled,NetHackChallenge-v0,option,random,0,10000000,5000,0,0.999,primitive,exp3,64,8,17251.80243511168,15.421519236403885,12.235577196440579,18.902961585768946,iqm-bootstrap,40,9998548
0830-211803__NetHackChallenge-v0__exp3-pooled/NetHackChallenge-v0__option__random__n64__os0__max_episode_steps5000__discountprimitive__ent_coef0.01__exp3,0830-211803__NetHackChallenge-v0__exp3-pooled,NetHackChallenge-v0,option,random,0,10000000,5000,0,0.999,primitive,exp3,64,8,17820.994557240334,15.580494740700185,12.41729571366958,19.052350143362442,iqm-bootstrap,40,9998548
0830-211803__NetHackChallenge-v0__exp3-pooled/NetHackChallenge-v0__option__random__n64__os0__max_episode_steps5000__discountprimitive__ent_coef0.01__exp3,0830-211803__NetHackChallenge-v0__exp3-pooled,NetHackChallenge-v0,option,random,0,10000000,5000,0,0.999,primitive,exp3,64,8,18408.966147376035,15.996272997240647,12.871958157349432,19.445041029444173,iqm-bootstrap,40,9998548
0830-211803__NetHackChallenge-v0__exp3-pooled/NetHackChallenge-v0__option__random__n64__os0__max_episode_steps5000__discountprimitive__ent_coef0.01__exp3,0830-211803__NetHackChallenge-v0__exp3-pooled,NetHackChallenge-v0,option,random,0,10000000,5000,0,0.999,primitive,exp3,64,8,19016.336800212503,16.2940213302771,13.197457209019861,19.488589912476954,iqm-bootstrap,40,9998548
0830-211803__NetHackChallenge-v0__exp3-pooled/NetHackChallenge-v0__option__random__n64__os0__max_episode_steps5000__discountprimitive__ent_coef0.01__exp3,0830-211803__NetHackChallenge-v0__exp3-pooled,NetHackChallenge-v0,option,random,0,10000000,5000,0,0.999,primitive,exp3,64,8,19643.746552853587,16.613937458841388,13.5828058322089,19.610306543571497,iqm-bootstrap,40,9998548
0830-211803__NetHackChallenge-v0__exp3-pooled/NetHackChallenge-v0__option__random__n64__os0__max_episode_steps5000__discountprimitive__ent_coef0.01__exp3,0830-211803__NetHackChallenge-v0__exp3-pooled,NetHackChallenge-v0,option,random,0,10000000,5000,0,0.999,primitive,exp3,64,8,20291.85655927355,17.380059760204084,14.18687543266992,20.367287897193258,iqm-bootstrap,40,9998548
0830-211803__NetHackChallenge-v0__exp3-pooled/NetHackChallenge-v0__option__random__n64__os0__max_episode_steps5000__discountprimitive__ent_coef0.01__exp3,0830-211803__NetHackChallenge-v0__exp3-pooled,NetHackChallenge-v0,option,random,0,10000000,5000,0,0.999,primitive,exp3,64,8,20961.349787030216,18.14964918316141,14.911871647614245,21.05045727447107,iqm-bootstrap,40,9998548
0830-211803__NetHackChallenge-v0__exp3-pooled/NetHackChallenge-v0__option__random__n64__os0__max_episode_steps5000__discountprimitive__ent_coef0.01__exp3,0830-211803__NetHackChallenge-v0__exp3-pooled,NetHackChallenge-v0,option,random,0,10000000,5000,0,0.999,primitive,exp3,64,8,21652.931736964805,18.689089296812245,15.526677320473434,21.411272723486103,iqm-bootstrap,40,9998548
0830-211803__NetHackChallenge-v0__exp3-pooled/NetHackChallenge-v0__option__random__n64__os0__max_episode_steps5000__discountprimitive__ent_coef0.01__exp3,0830-211803__NetHackChallenge-v0__exp3-pooled,NetHackChallenge-v0,option,random,0,10000000,5000,0,0.999,primitive,exp3,64,8,22367.331186647014,19.005248422961927,15.870051509408256,21.689148577860436,iqm-bootstrap,40,9998548
0830-211803__NetHackChallenge-v0__exp3-pooled/NetHackChallenge-v0__option__random__n64__os0__max_episode_steps5000__discountprimitive__ent_coef0.01__exp3,0830-211803__NetHackChallenge-v0__exp3-pooled,NetHackChallenge-v0,option,random,0,10000000,5000,0,0.999,primitive,exp3,64,8,23105.300958348707,18.90729251570829,15.879894251367734,21.630539325953233,iqm-bootstrap,40,9998548
0830-211803__NetHackChallenge-v0__exp3-pooled/NetHackChallenge-v0__option__random__n64__os0__max_episode_steps5000__discountprimitive__ent_coef0.01__exp3,0830-211803__NetHackChallenge-v0__exp3-pooled,NetHackChallenge-v0,option,random,0,10000000,5000,0,0.999,primitive,exp3,64,8,23867.618712355532,19.228824477156913,16.36468337370565,21.81478932965348,iqm-bootstrap,40,9998548
0830-211803__NetHackChallenge-v0__exp3-pooled/NetHackChallenge-v0__option__random__n64__os0__max_episode_steps5000__discountprimitive__ent_coef0.01__exp3,0830-211803__NetHackChallenge-v0__exp3-pooled,NetHackChallenge-v0,option,random,0,10000000,5000,0,0.999,primitive,exp3,64,8,24655.08776645244,19.418525895695073,16.598909463905553,22.040785848889623,iqm-bootstrap,40,9998548
0830-211803__NetHackChallenge-v0__exp3-pooled/NetHackChallenge-v0__option__random__n64__os0__max_episode_steps5000__discountprimitive__ent_coef0.01__exp3,0830-211803__NetHackChallenge-v0__exp3-pooled,NetHackChallenge-v0,option,random,0,10000000,5000,0,0.999,primitive,exp3,64,8,25468.537942446445,19.62200353263039,16.906535832292544,22.290249032707614,iqm-bootstrap,40,9998548
0830-211803__NetHackChallenge-v0__exp3-pooled/NetHackChallenge-v0__option__random__n64__os0__max_episode_steps5000__discountprimitive__ent_coef0.01__exp3,0830-211803__NetHackChallenge-v0__exp3-pooled,NetHackChallenge-v0,option,random,0,10000000,5000,0,0.999,primitive,exp3,64,8,26308.82644061933,20.138643945436705,17.397794665261664,22.63165312002105,iqm-bootstrap,40,9998548
0830-211803__NetHackChallenge-v0__exp3-pooled/NetHackChallenge-v0__option__random__n64__os0__max_episode_steps5000__discountprimitive__ent_coef0.01__exp3,0830-211803__NetHackChallenge-v0__exp3-pooled,NetHackChallenge-v0,option,random,0,10000000,5000,0,0.999,primitive,exp3,64,8,27176.83874303089,19.984770371374484,17.38784170470373,22.4959100529708,iqm-bootstrap,40,9998548
0830-211803__NetHackChallenge-v0__exp3-pooled/NetHackChallenge-v0__option__random__n64__os0__max_episode_steps5000__discountprimitive__ent_coef0.01__exp3,0830-211803__NetHackChallenge-v0__exp3-pooled,NetHackChallenge-v0,option,random,0,10000000,5000,0,0.999,primitive,exp3,64,8,28073.489546625253,19.83938224398867,17.354140994944814,22.467182370543675,iqm-bootstrap,40,9998548
0830-211803__NetHackChallenge-v0__exp3-pooled/NetHackChallenge-v0__option__random__n64__os0__max_episode_steps5000__discountprimitive__ent_coef0.01__exp3,0830-211803__NetHackChallenge-v0__exp3-pooled,NetHackChallenge-v0,option,random,0,10000000,5000,0,0.999,primitive,exp3,64,8,28999.723727123324,19.994743659019537,17.5277527944847,22.468799004680964,iqm-bootstrap,40,9998548
0830-211803__NetHackChallenge-v0__exp3-pooled/NetHackChallenge-v0__option__random__n64__os0__max_episode_steps5000__discountprimitive__ent_coef0.01__exp3,0830-211803__NetHackChallenge-v0__exp3-pooled,NetHackChallenge-v0,option,random,0,10000000,5000,0,0.999,primitive,exp3,64,8,29956.51733471713,20.013975582483535,17.440495287063285,22.462773837517624,iqm-bootstrap,40,9998548
0830-211803__NetHackChallenge-v0__exp3-pooled/NetHackChallenge-v0__option__random__n64__os0__max_episode_steps5000__discountprimitive__ent_coef0.01__exp3,0830-211803__NetHackChallenge-v0__exp3-pooled,NetHackChallenge-v0,option,random,0,10000000,5000,0,0.999,primitive,exp3,64,8,30944.878622615284,20.163879105675104,17.691854310932992,22.365158349291704,iqm-bootstrap,40,9998548
0830-211803__NetHackChallenge-v0__exp3-pooled/NetHackChallenge-v0__option__random__n64__os0__max_episode_steps5000__discountprimitive__ent_coef0.01__exp3,0830-211803__NetHackChallenge-v0__exp3-pooled,NetHackChallenge-v0,option,random,0,10000000,5000,0,0.999,primitive,exp3,64,8,31965.84910952349,20.21337400201431,17.685990332630677,22.3145001693365,iqm-bootstrap,40,9998548
0830-211803__NetHackChallenge-v0__exp3-pooled/NetHackChallenge-v0__option__random__n64__os0__max_episode_steps5000__discountprimitive__ent_coef0.01__exp3,0830-211803__NetHackChallenge-v0__exp3-pooled,NetHackChallenge-v0,option,random,0,10000000,5000,0,0.999,primitive,exp3,64,8,33020.504677179684,20.073969659947107,17.594390160489933,22.357078581027817,iqm-bootstrap,40,9998548
0830-211803__NetHackChallenge-v0__exp3-pooled/NetHackChallenge-v0__option__random__n64__os0__max_episode_steps5000__discountprimitive__ent_coef0.01__exp3,0830-211803__NetHackChallenge-v0__exp3-pooled,NetHackChallenge-v0,option,random,0,10000000,5000,0,0.999,primitive,exp3,64,8,34109.956704100114,19.860496639023694,17.42332740782998,22.137174995126877,iqm-bootstrap,40,9998548
0830-211803__NetHackChallenge-v0__exp3-pooled/NetHackChallenge-v0__option__random__n64__os0__max_episode_steps5000__discountprimitive__ent_coef0.01__exp3,0830-211803__NetHackChallenge-v0__exp3-pooled,NetHackChallenge-v0,option,random,0,10000000,5000,0,0.999,primitive,exp3,64,8,35235.353236731906,19.61586463395547,17.170787978159424,21.907618238622998,iqm-bootstrap,40,9998548
0830-211803__NetHackChallenge-v0__exp3-pooled/NetHackChallenge-v0__option__random__n64__os0__max_episode_steps5000__discountprimitive__ent_coef0.01__exp3,0830-211803__NetHackChallenge-v0__exp3-pooled,NetHackChallenge-v0,option,random,0,10000000,5000,0,0.999,primitive,exp3,64,8,36397.880199245104,19.594394281260413,17.181320848795682,21.953219426273463,iqm-bootstrap,40,9998548
0830-211803__NetHackChallenge-v0__exp3-pooled/NetHackChallenge-v0__option__random__n64__os0__max_episode_steps5000__discountprimitive__ent_coef0.01__exp3,0830-211803__NetHackChallenge-v0__exp3-pooled,NetHackChallenge-v0,option,random,0,10000000,5000,0,0.999,primitive,exp3,64,8,37598.76264323994,19.614381224809303,17.33884763071026,21.74223879394736,iqm-bootstrap,40,9998548
0830-211803__NetHackChallenge-v0__exp3-pooled/NetHackChallenge-v0__option__random__n64__os0__max_episode_steps5000__discountprimitive__ent_coef0.01__exp3,0830-211803__NetHackChallenge-v0__exp3-pooled,NetHackChallenge-v0,option,random,0,10000000,5000,0,0.999,primitive,exp3,64,8,38839.26603868582,19.6091570505545,17.389091541226108,21.478257902260456,iqm-bootstrap,40,9998548
0830-211803__NetHackChallenge-v0__exp3-pooled/NetHackChallenge-v0__option__random__n64__os0__max_episode_steps5000__discountprimitive__ent_coef0.01__exp3,0830-211803__NetHackChallenge-v0__exp3-pooled,NetHackChallenge-v0,option,random,0,10000000,5000,0,0.999,primitive,exp3,64,8,40120.69760745256,19.484070406253217,17.277361637464033,21.25267442348072,iqm-bootstrap,40,9998548
0830-211803__NetHackChallenge-v0__exp3-pooled/NetHackChallenge-v0__option__random__n64__os0__max_episode_steps5000__discountprimitive__ent_coef0.01__exp3,0830-211803__NetHackChallenge-v0__exp3-pooled,NetHackChallenge-v0,option,random,0,10000000,5000,0,0.999,primitive,exp3,64,8,41444.40770083911,19.328722630532496,17.302600194492136,21.122258369407888,iqm-bootstrap,40,9998548
0830-211803__NetHackChallenge-v0__exp3-pooled/NetHackChallenge-v0__option__random__n64__os0__max_episode_steps5000__discountprimitive__ent_coef0.01__exp3,0830-211803__NetHackChallenge-v0__exp3-pooled,NetHackChallenge-v0,option,random,0,10000000,5000,0,0.999,primitive,exp3,64,8,42811.7912225513,19.24568684265538,17.267313744630037,21.057862452808877,iqm-bootstrap,40,9998548
0830-211803__NetHackChallenge-v0__exp3-pooled/NetHackChallenge-v0__option__random__n64__os0__max_episode_steps5000__discountprimitive__ent_coef0.01__exp3,0830-211803__NetHackChallenge-v0__exp3-pooled,NetHackChallenge-v0,option,random,0,10000000,5000,0,0.999,primitive,exp3,64,8,44224.28909862826,19.06440708842972,17.078768027148858,20.981099224139214,iqm-bootstrap,40,9998548
0830-211803__NetHackChallenge-v0__exp3-pooled/NetHackChallenge-v0__option__random__n64__os0__max_episode_steps5000__discountprimitive__ent_coef0.01__exp3,0830-211803__NetHackChallenge-v0__exp3-pooled,NetHackChallenge-v0,option,random,0,10000000,5000,0,0.999,primitive,exp3,64,8,45683.38979586601,19.474522847246252,17.34188753160559,21.60384579001186,iqm-bootstrap,40,9998548
0830-211803__NetHackChallenge-v0__exp3-pooled/NetHackChallenge-v0__option__random__n64__os0__max_episode_steps5000__discountprimitive__ent_coef0.01__exp3,0830-211803__NetHackChallenge-v0__exp3-pooled,NetHackChallenge-v0,option,random,0,10000000,5000,0,0.999,primitive,exp3,64,8,47190.630890339584,19.253929439244015,17.32683565927959,21.26580224419927,iqm-bootstrap,40,9998548
0830-211803__NetHackChallenge-v0__exp3-pooled/NetHackChallenge-v0__option__random__n64__os0__max_episode_steps5000__discountprimitive__ent_coef0.01__exp3,0830-211803__NetHackChallenge-v0__exp3-pooled,NetHackChallenge-v0,option,random,0,10000000,5000,0,0.999,primitive,exp3,64,8,48747.60068767478,19.12313097101869,17.279585379002548,21.09471972423494,iqm-bootstrap,40,9998548
0830-211803__NetHackChallenge-v0__exp3-pooled/NetHackChallenge-v0__option__random__n64__os0__max_episode_steps5000__discountprimitive__ent_coef0.01__exp3,0830-211803__NetHackChallenge-v0__exp3-pooled,NetHackChallenge-v0,option,random,0,10000000,5000,0,0.999,primitive,exp3,64,8,50355.93989677831,19.387727093371026,17.672338613725113,21.22384679441981,iqm-bootstrap,40,9998548
0830-211803__NetHackChallenge-v0__exp3-pooled/NetHackChallenge-v0__option__random__n64__os0__max_episode_steps5000__discountprimitive__ent_coef0.01__exp3,0830-211803__NetHackChallenge-v0__exp3-pooled,NetHackChallenge-v0,option,random,0,10000000,5000,0,0.999,primitive,exp3,64,8,52017.343358789665,19.68075896129538,17.84521029826226,21.503005243026355,iqm-bootstrap,40,9998548
0830-211803__NetHackChallenge-v0__exp3-pooled/NetHackChallenge-v0__option__random__n64__os0__max_episode_steps5000__discountprimitive__ent_coef0.01__exp3,0830-211803__NetHackChallenge-v0__exp3-pooled,NetHackChallenge-v0,option,random,0,10000000,5000,0,0.999,primitive,exp3,64,8,53733.561833076456,19.719995771150653,17.90717661345363,21.753561274347554,iqm-bootstrap,40,9998548
0830-211803__NetHackChallenge-v0__exp3-pooled/NetHackChallenge-v0__option__random__n64__os0__max_episode_steps5000__discountprimitive__ent_coef0.01__exp3,0830-211803__NetHackChallenge-v0__exp3-pooled,NetHackChallenge-v0,option,random,0,10000000,5000,0,0.999,primitive,exp3,64,8,55506.40384215562,19.76250320215714,18.058460118765996,21.860065356936225,iqm-bootstrap,40,9998548
0830-211803__NetHackChallenge-v0__exp3-pooled/NetHackChallenge-v0__option__random__n64__os0__max_episode_steps5000__discountprimitive__ent_coef0.01__exp3,0830-211803__NetHackChallenge-v0__exp3-pooled,NetHackChallenge-v0,option,random,0,10000000,5000,0,0.999,primitive,exp3,64,8,57337.73757748449,19.841154346243925,18.14549030215049,21.84582546520913,iqm-bootstrap,40,9998548
0830-211803__NetHackChallenge-v0__exp3-pooled/NetHackChallenge-v0__option__random__n64__os0__max_episode_steps5000__discountprimitive__ent_coef0.01__exp3,0830-211803__NetHackChallenge-v0__exp3-pooled,NetHackChallenge-v0,option,random,0,10000000,5000,0,0.999,primitive,exp3,64,8,59229.49286812947,19.720020069037243,18.193057682443243,21.858839084627256,iqm-bootstrap,40,9998548
0830-211803__NetHackChallenge-v0__exp3-pooled/NetHackChallenge-v0__option__random__n64__os0__max_episode_steps5000__discountprimitive__ent_coef0.01__exp3,0830-211803__NetHackChallenge-v0__exp3-pooled,NetHackChallenge-v0,option,random,0,10000000,5000,0,0.999,primitive,exp3,64,8,61183.663214388514,19.859406237972607,18.394779187647583,21.87385694230834,iqm-bootstrap,40,9998548
0830-211803__NetHackChallenge-v0__exp3-pooled/NetHackChallenge-v0__option__random__n64__os0__max_episode_steps5000__discountprimitive__ent_coef0.01__exp3,0830-211803__NetHackChallenge-v0__exp3-pooled,NetHackChallenge-v0,option,random,0,10000000,5000,0,0.999,primitive,exp3,64,8,63202.30788850818,20.323600935305613,18.71053846479554,22.258910860892733,iqm-bootstrap,40,9998548
0830-211803__NetHackChallenge-v0__exp3-pooled/NetHackChallenge-v0__option__random__n64__os0__max_episode_steps5000__discountprimitive__ent_coef0.01__exp3,0830-211803__NetHackChallenge-v0__exp3-pooled,NetHackChallenge-v0,option,random,0,10000000,5000,0,0.999,primitive,exp3,64,8,65287.55410471062,20.74113006995655,18.89402398434245,22.756154179950187,iqm-bootstrap,40,9998548
0830-211803__NetHackChallenge-v0__exp3-pooled/NetHackChallenge-v0__option__random__n64__os0__max_episode_steps5000__discountprimitive__ent_coef0.01__exp3,0830-211803__NetHackChallenge-v0__exp3-pooled,NetHackChallenge-v0,option,random,0,10000000,5000,0,0.999,primitive,exp3,64,8,67441.59926081661,20.8134698462351,18.9572281195607,22.872211793003586,iqm-bootstrap,40,9998548
0830-211803__NetHackChallenge-v0__exp3-pooled/NetHackChallenge-v0__option__random__n64__os0__max_episode_steps5000__discountprimitive__ent_coef0.01__exp3,0830-211803__NetHackChallenge-v0__exp3-pooled,NetHackChallenge-v0,option,random,0,10000000,5000,0,0.999,primitive,exp3,64,8,69666.71325382682,20.78684197509788,18.966752580439596,22.895870462697772,iqm-bootstrap,40,9998548
0830-211803__NetHackChallenge-v0__exp3-pooled/NetHackChallenge-v0__option__random__n64__os0__max_episode_steps5000__discountprimitive__ent_coef0.01__exp3,0830-211803__NetHackChallenge-v0__exp3-pooled,NetHackChallenge-v0,option,random,0,10000000,5000,0,0.999,primitive,exp3,64,8,71965.24087190162,20.537713853125016,18.797084654194716,22.592444811821153,iqm-bootstrap,40,9998548
0830-211803__NetHackChallenge-v0__exp3-pooled/NetHackChallenge-v0__option__random__n64__os0__max_episode_steps5000__discountprimitive__ent_coef0.01__exp3,0830-211803__NetHackChallenge-v0__exp3-pooled,NetHackChallenge-v0,option,random,0,10000000,5000,0,0.999,primitive,exp3,64,8,74339.60426525986,20.46387517819517,18.713875019670084,22.48609295123365,iqm-bootstrap,40,9998548
0830-211803__NetHackChallenge-v0__exp3-pooled/NetHackChallenge-v0__option__random__n64__os0__max_episode_steps5000__discountprimitive__ent_coef0.01__exp3,0830-211803__NetHackChallenge-v0__exp3-pooled,NetHackChallenge-v0,option,random,0,10000000,5000,0,0.999,primitive,exp3,64,8,76792.30549860068,20.52797252137325,18.905688141243616,22.434500131631633,iqm-bootstrap,40,9998548
0830-211803__NetHackChallenge-v0__exp3-pooled/NetHackChallenge-v0__option__random__n64__os0__max_episode_steps5000__discountprimitive__ent_coef0.01__exp3,0830-211803__NetHackChallenge-v0__exp3-pooled,NetHackChallenge-v0,option,random,0,10000000,5000,0,0.999,primitive,exp3,64,8,79325.92918773711,20.511399257974375,18.961928105864423,22.367442487568017,iqm-bootstrap,40,9998548
0830-211803__NetHackChallenge-v0__exp3-pooled/NetHackChallenge-v0__option__random__n64__os0__max_episode_steps5000__discountprimitive__ent_coef0.01__exp3,0830-211803__NetHackChallenge-v0__exp3-pooled,NetHackChallenge-v0,option,random,0,10000000,5000,0,0.999,primitive,exp3,64,8,81943.14522322225,20.690495596360513,19.00490066290395,22.549617818344988,iqm-bootstrap,40,9998548
0830-211803__NetHackChallenge-v0__exp3-pooled/NetHackChallenge-v0__option__random__n64__os0__max_episode_steps5000__discountprimitive__ent_coef0.01__exp3,0830-211803__NetHackChallenge-v0__exp3-pooled,NetHackChallenge-v0,option,random,0,10000000,5000,0,0.999,primitive,exp3,64,8,84646.71158383485,20.593166726530374,18.85512894036858,22.49241402225808,iqm-bootstrap,40,9998548
0830-211803__NetHackChallenge-v0__exp3-pooled/NetHackChallenge-v0__option__random__n64__os0__max_episode_steps5000__discountprimitive__ent_coef0.01__exp3,0830-211803__NetHackChallenge-v0__exp3-pooled,NetHackChallenge-v0,option,random,0,10000000,5000,0,0.999,primitive,exp3,64,8,87439.47724289182,20.527169607760836,18.813863107760827,22.441333273684084,iqm-bootstrap,40,9998548
0830-211803__NetHackChallenge-v0__exp3-pooled/NetHackChallenge-v0__option__random__n64__os0__max_episode_steps5000__discountprimitive__ent_coef0.01__exp3,0830-211803__NetHackChallenge-v0__exp3-pooled,NetHackChallenge-v0,option,random,0,10000000,5000,0,0.999,primitive,exp3,64,8,90324.38517044889,20.527573049318733,18.791743581353668,22.50157571400558,iqm-bootstrap,40,9998548
0830-211803__NetHackChallenge-v0__exp3-pooled/NetHackChallenge-v0__option__random__n64__os0__max_episode_steps5000__discountprimitive__ent_coef0.01__exp3,0830-211803__NetHackChallenge-v0__exp3-pooled,NetHackChallenge-v0,option,random,0,10000000,5000,0,0.999,primitive,exp3,64,8,93304.47543455359,20.515387436383907,18.771787689812527,22.478507364365885,iqm-bootstrap,40,9998548
0830-211803__NetHackChallenge-v0__exp3-pooled/NetHackChallenge-v0__option__random__n64__os0__max_episode_steps5000__discountprimitive__ent_coef0.01__exp3,0830-211803__NetHackChallenge-v0__exp3-pooled,NetHackChallenge-v0,option,random,0,10000000,5000,0,0.999,primitive,exp3,64,8,96382.88840481846,20.38436406900503,18.66141503138999,22.438423268504337,iqm-bootstrap,40,9998548
0830-211803__NetHackChallenge-v0__exp3-pooled/NetHackChallenge-v0__option__random__n64__os0__max_episode_steps5000__discountprimitive__ent_coef0.01__exp3,0830-211803__NetHackChallenge-v0__exp3-pooled,NetHackChallenge-v0,option,random,0,10000000,5000,0,0.999,primitive,exp3,64,8,99562.86806169034,20.484871980568734,18.65394887225082,22.655395482904233,iqm-bootstrap,40,9998548
0830-211803__NetHackChallenge-v0__exp3-pooled/NetHackChallenge-v0__option__random__n64__os0__max_episode_steps5000__discountprimitive__ent_coef0.01__exp3,0830-211803__NetHackChallenge-v0__exp3-pooled,NetHackChallenge-v0,option,random,0,10000000,5000,0,0.999,primitive,exp3,64,8,102847.76541490339,20.470547438129525,18.683388248735564,22.574787047023428,iqm-bootstrap,40,9998548
0830-211803__NetHackChallenge-v0__exp3-pooled/NetHackChallenge-v0__option__random__n64__os0__max_episode_steps5000__discountprimitive__ent_coef0.01__exp3,0830-211803__NetHackChallenge-v0__exp3-pooled,NetHackChallenge-v0,option,random,0,10000000,5000,0,0.999,primitive,exp3,64,8,106241.04203471649,20.553011059380246,18.7344478749225,22.614312539156785,iqm-bootstrap,40,9998548
0830-211803__NetHackChallenge-v0__exp3-pooled/NetHackChallenge-v0__option__random__n64__os0__max_episode_steps5000__discountprimitive__ent_coef0.01__exp3,0830-211803__NetHackChallenge-v0__exp3-pooled,NetHackChallenge-v0,option,random,0,10000000,5000,0,0.999,primitive,exp3,64,8,109746.27369965984,20.744231968036807,18.954524948363172,22.624037571992027,iqm-bootstrap,40,9998548
0830-211803__NetHackChallenge-v0__exp3-pooled/NetHackChallenge-v0__option__random__n64__os0__max_episode_steps5000__discountprimitive__ent_coef0.01__exp3,0830-211803__NetHackChallenge-v0__exp3-pooled,NetHackChallenge-v0,option,random,0,10000000,5000,0,0.999,primitive,exp3,64,8,113367.15416463008,20.8660433822733,19.2024472952534,22.564902109431547,iqm-bootstrap,40,9998548
0830-211803__NetHackChallenge-v0__exp3-pooled/NetHackChallenge-v0__option__random__n64__os0__max_episode_steps5000__discountprimitive__ent_coef0.01__exp3,0830-211803__NetHackChallenge-v0__exp3-pooled,NetHackChallenge-v0,option,random,0,10000000,5000,0,0.999,primitive,exp3,64,8,117107.49905330806,20.736122430819723,19.078983368680497,22.376438744576053,iqm-bootstrap,40,9998548
0830-211803__NetHackChallenge-v0__exp3-pooled/NetHackChallenge-v0__option__random__n64__os0__max_episode_steps5000__discountprimitive__ent_coef0.01__exp3,0830-211803__NetHackChallenge-v0__exp3-pooled,NetHackChallenge-v0,option,random,0,10000000,5000,0,0.999,primitive,exp3,64,8,120971.24987899972,20.564113591647708,18.95670340826004,22.2293869573056,iqm-bootstrap,40,9998548
0830-211803__NetHackChallenge-v0__exp3-pooled/NetHackChallenge-v0__option__random__n64__os0__max_episode_steps5000__discountprimitive__ent_coef0.01__exp3,0830-211803__NetHackChallenge-v0__exp3-pooled,NetHackChallenge-v0,option,random,0,10000000,5000,0,0.999,primitive,exp3,64,8,124962.47819813727,20.54180053186559,18.997234393306055,22.13364999433606,iqm-bootstrap,40,9998548
0830-211803__NetHackChallenge-v0__exp3-pooled/NetHackChallenge-v0__option__random__n64__os0__max_episode_steps5000__discountprimitive__ent_coef0.01__exp3,0830-211803__NetHackChallenge-v0__exp3-pooled,NetHackChallenge-v0,option,random,0,10000000,5000,0,0.999,primitive,exp3,64,8,129085.38990081777,20.44959315022062,18.91633956844753,22.025664019160903,iqm-bootstrap,40,9998548
0830-211803__NetHackChallenge-v0__exp3-pooled/NetHackChallenge-v0__option__random__n64__os0__max_episode_steps5000__discountprimitive__ent_coef0.01__exp3,0830-211803__NetHackChallenge-v0__exp3-pooled,NetHackChallenge-v0,option,random,0,10000000,5000,0,0.999,primitive,exp3,64,8,133344.3296429002,20.455246932395767,18.94356573260827,22.023655107526473,iqm-bootstrap,40,9998548
0830-211803__NetHackChallenge-v0__exp3-pooled/NetHackChallenge-v0__option__random__n64__os0__max_episode_steps5000__discountprimitive__ent_coef0.01__exp3,0830-211803__NetHackChallenge-v0__exp3-pooled,NetHackChallenge-v0,option,random,0,10000000,5000,0,0.999,primitive,exp3,64,8,137743.78542433196,20.649192258048704,19.18506152985285,22.22265934792293,iqm-bootstrap,40,9998548
0830-211803__NetHackChallenge-v0__exp3-pooled/NetHackChallenge-v0__option__random__n64__os0__max_episode_steps5000__discountprimitive__ent_coef0.01__exp3,0830-211803__NetHackChallenge-v0__exp3-pooled,NetHackChallenge-v0,option,random,0,10000000,5000,0,0.999,primitive,exp3,64,8,142288.39331852747,20.786899030854823,19.42111177468598,22.273741118459196,iqm-bootstrap,40,9998548
0830-211803__NetHackChallenge-v0__exp3-pooled/NetHackChallenge-v0__option__random__n64__os0__max_episode_steps5000__discountprimitive__ent_coef0.01__exp3,0830-211803__NetHackChallenge-v0__exp3-pooled,NetHackChallenge-v0,option,random,0,10000000,5000,0,0.999,primitive,exp3,64,8,146982.94235778705,20.77288634892767,19.569034891183996,22.083080798128663,iqm-bootstrap,40,9998548
0830-211803__NetHackChallenge-v0__exp3-pooled/NetHackChallenge-v0__option__random__n64__os0__max_episode_steps5000__discountprimitive__ent_coef0.01__exp3,0830-211803__NetHackChallenge-v0__exp3-pooled,NetHackChallenge-v0,option,random,0,10000000,5000,0,0.999,primitive,exp3,64,8,151832.37957989846,20.65784477953262,19.50454273895594,21.947851496031948,iqm-bootstrap,40,9998548
0830-211803__NetHackChallenge-v0__exp3-pooled/NetHackChallenge-v0__option__random__n64__os0__max_episode_steps5000__discountprimitive__ent_coef0.01__exp3,0830-211803__NetHackChallenge-v0__exp3-pooled,NetHackChallenge-v0,option,random,0,10000000,5000,0,0.999,primitive,exp3,64,8,156841.8152412434,20.53429677371483,19.38090373589133,21.946872087899038,iqm-bootstrap,40,9998548
0830-211803__NetHackChallenge-v0__exp3-pooled/NetHackChallenge-v0__option__random__n64__os0__max_episode_steps5000__discountprimitive__ent_coef0.01__exp3,0830-211803__NetHackChallenge-v0__exp3-pooled,NetHackChallenge-v0,option,random,0,10000000,5000,0,0.999,primitive,exp3,64,8,162016.52820190086,20.704306198438665,19.493230260435013,22.165085204807195,iqm-bootstrap,40,9998548
0830-211803__NetHackChallenge-v0__exp3-pooled/NetHackChallenge-v0__option__random__n64__os0__max_episode_steps5000__discountprimitive__ent_coef0.01__exp3,0830-211803__NetHackChallenge-v0__exp3-pooled,NetHackChallenge-v0,option,random,0,10000000,5000,0,0.999,primitive,exp3,64,8,167361.97148842204,21.037719184571035,19.766041589529678,22.395974875066255,iqm-bootstrap,40,9998548
0830-211803__NetHackChallenge-v0__exp3-pooled/NetHackChallenge-v0__option__random__n64__os0__max_episode_steps5000__discountprimitive__ent_coef0.01__exp3,0830-211803__NetHackChallenge-v0__exp3-pooled,NetHackChallenge-v0,option,random,0,10000000,5000,0,0.999,primitive,exp3,64,8,172883.77804013927,21.194984864297886,19.893297073917836,22.569211840606233,iqm-bootstrap,40,9998548
0830-211803__NetHackChallenge-v0__exp3-pooled/NetHackChallenge-v0__option__random__n64__os0__max_episode_steps5000__discountprimitive__ent_coef0.01__exp3,0830-211803__NetHackChallenge-v0__exp3-pooled,NetHackChallenge-v0,option,random,0,10000000,5000,0,0.999,primitive,exp3,64,8,178587.7666450638,21.36885124688473,20.012435455762063,22.721871459570472,iqm-bootstrap,40,9998548
0830-211803__NetHackChallenge-v0__exp3-pooled/NetHackChallenge-v0__option__random__n64__os0__max_episode_steps5000__discountprimitive__ent_coef0.01__exp3,0830-211803__NetHackChallenge-v0__exp3-pooled,NetHackChallenge-v0,option,random,0,10000000,5000,0,0.999,primitive,exp3,64,8,184479.94807162846,21.47662262323702,20.14389788629287,22.738864048374126,iqm-bootstrap,40,9998548
0830-211803__NetHackChallenge-v0__exp3-pooled/NetHackChallenge-v0__option__random__n64__os0__max_episode_steps5000__discountprimitive__ent_coef0.01__exp3,0830-211803__NetHackChallenge-v0__exp3-pooled,NetHackChallenge-v0,option,random,0,10000000,5000,0,0.999,primitive,exp3,64,8,190566.5314027335,21.498265616008762,20.248166712015436,22.61688008924949,iqm-bootstrap,40,9998548
0830-211803__NetHackChallenge-v0__exp3-pooled/NetHackChallenge-v0__option__random__n64__os0__max_episode_steps5000__discountprimitive__ent_coef0.01__exp3,0830-211803__NetHackChallenge-v0__exp3-pooled,NetHackChallenge-v0,option,random,0,10000000,5000,0,0.999,primitive,exp3,64,8,196853.93057877928,21.71090078571695,20.38649603939052,22.84424501175436,iqm-bootstrap,40,9998548
0830-211803__NetHackChallenge-v0__exp3-pooled/NetHackChallenge-v0__option__random__n64__os0__max_episode_steps5000__discountprimitive__ent_coef0.01__exp3,0830-211803__NetHackChallenge-v0__exp3-pooled,NetHackChallenge-v0,option,random,0,10000000,5000,0,0.999,primitive,exp3,64,8,203348.77115656482,21.708083708541288,20.62366376638335,22.629704929088867,iqm-bootstrap,40,9998548
0830-211803__NetHackChallenge-v0__exp3-pooled/NetHackChallenge-v0__option__random__n64__os0__max_episode_steps5000__discountprimitive__ent_coef0.01__exp3,0830-211803__NetHackChallenge-v0__exp3-pooled,NetHackChallenge-v0,option,random,0,10000000,5000,0,0.999,primitive,exp3,64,8,210057.8972911936,22.062254087636592,20.894510887557676,23.065168831957735,iqm-bootstrap,40,9998548
0830-211803__NetHackChallenge-v0__exp3-pooled/NetHackChallenge-v0__option__random__n64__os0__max_episode_steps5000__discountprimitive__ent_coef0.01__exp3,0830-211803__NetHackChallenge-v0__exp3-pooled,NetHackChallenge-v0,option,random,0,10000000,5000,0,0.999,primitive,exp3,64,8,216988.37894832855,22.342433674834744,21.00249431914818,23.597259937687994,iqm-bootstrap,40,9998548
0830-211803__NetHackChallenge-v0__exp3-pooled/NetHackChallenge-v0__option__random__n64__os0__max_episode_steps5000__discountprimitive__ent_coef0.01__exp3,0830-211803__NetHackChallenge-v0__exp3-pooled,NetHackChallenge-v0,option,random,0,10000000,5000,0,0.999,primitive,exp3,64,8,224147.51935440503,22.434857967883406,21.03485775828871,23.733460397697254,iqm-bootstrap,40,9998548
0830-211803__NetHackChallenge-v0__exp3-pooled/NetHackChallenge-v0__option__random__n64__os0__max_episode_steps5000__discountprimitive__ent_coef0.01__exp3,0830-211803__NetHackChallenge-v0__exp3-pooled,NetHackChallenge-v0,option,random,0,10000000,5000,0,0.999,primitive,exp3,64,8,231542.8626926492,22.641523370947873,21.291293043963506,23.916674277839906,iqm-bootstrap,40,9998548
0830-211803__NetHackChallenge-v0__exp3-pooled/NetHackChallenge-v0__option__random__n64__os0__max_episode_steps5000__discountprimitive__ent_coef0.01__exp3,0830-211803__NetHackChallenge-v0__exp3-pooled,NetHackChallenge-v0,option,random,0,10000000,5000,0,0.999,primitive,exp3,64,8,239182.2020530133,22.622966674298176,21.29904141300348,23.872631923393122,iqm-bootstrap,40,9998548
0830-211803__NetHackChallenge-v0__exp3-pooled/NetHackChallenge-v0__option__random__n64__os0__max_episode_steps5000__discountprimitive__ent_coef0.01__exp3,0830-211803__NetHackChallenge-v0__exp3-pooled,NetHackChallenge-v0,option,random,0,10000000,5000,0,0.999,primitive,exp3,64,8,247073.58764440453,22.859318016094356,21.533895478563704,24.190388064247554,iqm-bootstrap,40,9998548
0830-211803__NetHackChallenge-v0__exp3-pooled/NetHackChallenge-v0__option__random__n64__os0__max_episode_steps5000__discountprimitive__ent_coef0.01__exp3,0830-211803__NetHackChallenge-v0__exp3-pooled,NetHackChallenge-v0,option,random,0,10000000,5000,0,0.999,primitive,exp3,64,8,255225.33527785927,23.0310202993922,21.723891199890996,24.394600761674045,iqm-bootstrap,40,9998548
0830-211803__NetHackChallenge-v0__exp3-pooled/NetHackChallenge-v0__option__random__n64__os0__max_episode_steps5000__discountprimitive__ent_coef0.01__exp3,0830-211803__NetHackChallenge-v0__exp3-pooled,NetHackChallenge-v0,option,random,0,10000000,5000,0,0.999,primitive,exp3,64,8,263646.03512961196,23.052811014617138,21.84058854577761,24.353497452151558,iqm-bootstrap,40,9998548
0830-211803__NetHackChallenge-v0__exp3-pooled/NetHackChallenge-v0__option__random__n64__os0__max_episode_steps5000__discountprimitive__ent_coef0.01__exp3,0830-211803__NetHackChallenge-v0__exp3-pooled,NetHackChallenge-v0,option,random,0,10000000,5000,0,0.999,primitive,exp3,64,8,272344.5607932731,23.66311395849155,22.56301281963,24.774678219148168,iqm-bootstrap,40,9998548
0830-211803__NetHackChallenge-v0__exp3-pooled/NetHackChallenge-v0__option__random__n64__os0__max_episode_steps5000__discountprimitive__ent_coef0.01__exp3,0830-211803__NetHackChallenge-v0__exp3-pooled,NetHackChallenge-v0,option,random,0,10000000,5000,0,0.999,primitive,exp3,64,8,281330.0786306803,23.9054391720253,22.967859325370654,24.840117434136975,iqm-bootstrap,40,9998548
0830-211803__NetHackChallenge-v0__exp3-pooled/NetHackChallenge-v0__option__random__n64__os0__max_episode_steps5000__discountprimitive__ent_coef0.01__exp3,0830-211803__NetHackChallenge-v0__exp3-pooled,NetHackChallenge-v0,option,random,0,10000000,5000,0,0.999,primitive,exp3,64,8,290612.05743125547,24.210216759836246,23.305460606128648,25.1642223150214,iqm-bootstrap,40,9998548
0830-211803__NetHackChallenge-v0__exp3-pooled/NetHackChallenge-v0__option__random__n64__os0__max_episode_steps5000__discountprimitive__ent_coef0.01__exp3,0830-211803__NetHackChallenge-v0__exp3-pooled,NetHackChallenge-v0,option,random,0,10000000,5000,0,0.999,primitive,exp3,64,8,300200.2783900588,24.312477655461638,23.437429177035998,25.136992731623995,iqm-bootstrap,40,9998548
0830-211803__NetHackChallenge-v0__exp3-pooled/NetHackChallenge-v0__option__random__n64__os0__max_episode_steps5000__discountprimitive__ent_coef0.01__exp3,0830-211803__NetHackChallenge-v0__exp3-pooled,NetHackChallenge-v0,option,random,0,10000000,5000,0,0.999,primitive,exp3,64,8,310104.8454150489,24.82383954203393,23.908432283900055,25.789998952999458,iqm-bootstrap,40,9998548
0830-211803__NetHackChallenge-v0__exp3-pooled/NetHackChallenge-v0__option__random__n64__os0__max_episode_steps5000__discountprimitive__ent_coef0.01__exp3,0830-211803__NetHackChallenge-v0__exp3-pooled,NetHackChallenge-v0,option,random,0,10000000,5000,0,0.999,primitive,exp3,64,8,320336.1957744137,24.959139471391033,24.025782196869446,25.867946984522955,iqm-bootstrap,40,9998548
0830-211803__NetHackChallenge-v0__exp3-pooled/NetHackChallenge-v0__option__random__n64__os0__max_episode_steps5000__discountprimitive__ent_coef0.01__exp3,0830-211803__NetHackChallenge-v0__exp3-pooled,NetHackChallenge-v0,option,random,0,10000000,5000,0,0.999,primitive,exp3,64,8,330905.1110951908,25.140532653765316,23.958966466657593,26.33984514935571,iqm-bootstrap,40,9998548
0830-211803__NetHackChallenge-v0__exp3-pooled/NetHackChallenge-v0__option__random__n64__os0__max_episode_steps5000__discountprimitive__ent_coef0.01__exp3,0830-211803__NetHackChallenge-v0__exp3-pooled,NetHackChallenge-v0,option,random,0,10000000,5000,0,0.999,primitive,exp3,64,8,341822.7287247634,25.23428124097588,24.034047560465265,26.40952636511608,iqm-bootstrap,40,9998548
0830-211803__NetHackChallenge-v0__exp3-pooled/NetHackChallenge-v0__option__random__n64__os0__max_episode_steps5000__discountprimitive__ent_coef0.01__exp3,0830-211803__NetHackChallenge-v0__exp3-pooled,NetHackChallenge-v0,option,random,0,10000000,5000,0,0.999,primitive,exp3,64,8,353100.55346721964,26.060434584232503,24.80819002029394,27.159655810466607,iqm-bootstrap,40,9998548
0830-211803__NetHackChallenge-v0__exp3-pooled/NetHackChallenge-v0__option__random__n64__os0__max_episode_steps5000__discountprimitive__ent_coef0.01__exp3,0830-211803__NetHackChallenge-v0__exp3-pooled,NetHackChallenge-v0,option,random,0,10000000,5000,0,0.999,primitive,exp3,64,8,364750.4697069142,26.931076716711694,25.37870218668433,28.258262469698487,iqm-bootstrap,40,9998548
0830-211803__NetHackChallenge-v0__exp3-pooled/NetHackChallenge-v0__option__random__n64__os0__max_episode_steps5000__discountprimitive__ent_coef0.01__exp3,0830-211803__NetHackChallenge-v0__exp3-pooled,NetHackChallenge-v0,option,random,0,10000000,5000,0,0.999,primitive,exp3,64,8,376784.753932043,26.925575496326452,25.26737859746375,28.31780214317295,iqm-bootstrap,40,9998548
0830-211803__NetHackChallenge-v0__exp3-pooled/NetHackChallenge-v0__option__random__n64__os0__max_episode_steps5000__discountprimitive__ent_coef0.01__exp3,0830-211803__NetHackChallenge-v0__exp3-pooled,NetHackChallenge-v0,option,random,0,10000000,5000,0,0.999,primitive,exp3,64,8,389216.08767139877,27.510122677565693,25.88797935490574,28.98207543436897,iqm-bootstrap,40,9998548
0830-211803__NetHackChallenge-v0__exp3-pooled/NetHackChallenge-v0__option__random__n64__os0__max_episode_steps5000__discountprimitive__ent_coef0.01__exp3,0830-211803__NetHackChallenge-v0__exp3-pooled,NetHackChallenge-v0,option,random,0,10000000,5000,0,0.999,primitive,exp3,64,8,402057.57085795613,27.788428759032588,26.118275149531414,29.43403397978555,iqm-bootstrap,40,9998548
0830-211803__NetHackChallenge-v0__exp3-pooled/NetHackChallenge-v0__option__random__n64__os0__max_episode_steps5000__discountprimitive__ent_coef0.01__exp3,0830-211803__NetHackChallenge-v0__exp3-pooled,NetHackChallenge-v0,option,random,0,10000000,5000,0,0.999,primitive,exp3,64,8,415322.73563336366,28.588014230745397,26.88660000093194,30.405289536936547,iqm-bootstrap,40,9998548
0830-211803__NetHackChallenge-v0__exp3-pooled/NetHackChallenge-v0__option__random__n64__os0__max_episode_steps5000__discountprimitive__ent_coef0.01__exp3,0830-211803__NetHackChallenge-v0__exp3-pooled,NetHackChallenge-v0,option,random,0,10000000,5000,0,0.999,primitive,exp3,64,8,429025.5606078895,29.186675399876542,27.495889093375308,30.747037052228016,iqm-bootstrap,40,9998548
0830-211803__NetHackChallenge-v0__exp3-pooled/NetHackChallenge-v0__option__random__n64__os0__max_episode_steps5000__discountprimitive__ent_coef0.01__exp3,0830-211803__NetHackChallenge-v0__exp3-pooled,NetHackChallenge-v0,option,random,0,10000000,5000,0,0.999,primitive,exp3,64,8,443180.48559084977,29.63238957692885,27.93294738853008,31.306572691765254,iqm-bootstrap,40,9998548
0830-211803__NetHackChallenge-v0__exp3-pooled/NetHackChallenge-v0__option__random__n64__os0__max_episode_steps5000__discountprimitive__ent_coef0.01__exp3,0830-211803__NetHackChallenge-v0__exp3-pooled,NetHackChallenge-v0,option,random,0,10000000,5000,0,0.999,primitive,exp3,64,8,457802.4268070352,30.045222405892996,28.330476313200776,31.603492272076323,iqm-bootstrap,40,9998548
0830-211803__NetHackChallenge-v0__exp3-pooled/NetHackChallenge-v0__option__random__n64__os0__max_episode_steps5000__discountprimitive__ent_coef0.01__exp3,0830-211803__NetHackChallenge-v0__exp3-pooled,NetHackChallenge-v0,option,random,0,10000000,5000,0,0.999,primitive,exp3,64,8,472906.7926151912,30.17367960527729,28.459540980793154,31.70690654041262,iqm-bootstrap,40,9998548
0830-211803__NetHackChallenge-v0__exp3-pooled/NetHackChallenge-v0__option__random__n64__os0__max_episode_steps5000__discountprimitive__ent_coef0.01__exp3,0830-211803__NetHackChallenge-v0__exp3-pooled,NetHackChallenge-v0,option,random,0,10000000,5000,0,0.999,primitive,exp3,64,8,488509.49974507693,30.563053960353,28.90298988094087,32.124017881977906,iqm-bootstrap,40,9998548
0830-211803__NetHackChallenge-v0__exp3-pooled/NetHackChallenge-v0__option__random__n64__os0__max_episode_steps5000__discountprimitive__ent_coef0.01__exp3,0830-211803__NetHackChallenge-v0__exp3-pooled,NetHackChallenge-v0,option,random,0,10000000,5000,0,0.999,primitive,exp3,64,8,504626.9900702615,30.968590046782754,29.503319097866875,32.313137602617324,iqm-bootstrap,40,9998548
0830-211803__NetHackChallenge-v0__exp3-pooled/NetHackChallenge-v0__option__random__n64__os0__max_episode_steps5000__discountprimitive__ent_coef0.01__exp3,0830-211803__NetHackChallenge-v0__exp3-pooled,NetHackChallenge-v0,option,random,0,10000000,5000,0,0.999,primitive,exp3,64,8,521276.24793429236,31.797806529942726,30.497744558364815,33.073329400227216,iqm-bootstrap,40,9998548
0830-211803__NetHackChallenge-v0__exp3-pooled/NetHackChallenge-v0__option__random__n64__os0__max_episode_steps5000__discountprimitive__ent_coef0.01__exp3,0830-211803__NetHackChallenge-v0__exp3-pooled,NetHackChallenge-v0,option,random,0,10000000,5000,0,0.999,primitive,exp3,64,8,538474.8180485149,31.876165270981723,30.739079789756605,32.81680146513792,iqm-bootstrap,40,9998548
0830-211803__NetHackChallenge-v0__exp3-pooled/NetHackChallenge-v0__option__random__n64__os0__max_episode_steps5000__discountprimitive__ent_coef0.01__exp3,0830-211803__NetHackChallenge-v0__exp3-pooled,NetHackChallenge-v0,option,random,0,10000000,5000,0,0.999,primitive,exp3,64,8,556240.8239803985,32.371270615964264,30.754668743310592,33.78980344115066,iqm-bootstrap,40,9998548
0830-211803__NetHackChallenge-v0__exp3-pooled/NetHackChallenge-v0__option__random__n64__os0__max_episode_steps5000__discountprimitive__ent_coef0.01__exp3,0830-211803__NetHackChallenge-v0__exp3-pooled,NetHackChallenge-v0,option,random,0,10000000,5000,0,0.999,primitive,exp3,64,8,574592.9872518501,33.196798232907085,31.61952608187532,34.51236291156164,iqm-bootstrap,40,9998548
0830-211803__NetHackChallenge-v0__exp3-pooled/NetHackChallenge-v0__option__random__n64__os0__max_episode_steps5000__discountprimitive__ent_coef0.01__exp3,0830-211803__NetHackChallenge-v0__exp3-pooled,NetHackChallenge-v0,option,random,0,10000000,5000,0,0.999,primitive,exp3,64,8,593550.6470676447,33.87325954617695,32.1582626120505,35.36784194144369,iqm-bootstrap,40,9998548
0830-211803__NetHackChallenge-v0__exp3-pooled/NetHackChallenge-v0__option__random__n64__os0__max_episode_steps5000__discountprimitive__ent_coef0.01__exp3,0830-211803__NetHackChallenge-v0__exp3-pooled,NetHackChallenge-v0,option,random,0,10000000,5000,0,0.999,primitive,exp3,64,8,613133.7806947521,34.07973866857348,31.784495995059075,36.138441468528846,iqm-bootstrap,40,9998548
0830-211803__NetHackChallenge-v0__exp3-pooled/NetHackChallenge-v0__option__random__n64__os0__max_episode_steps5000__discountprimitive__ent_coef0.01__exp3,0830-211803__NetHackChallenge-v0__exp3-pooled,NetHackChallenge-v0,option,random,0,10000000,5000,0,0.999,primitive,exp3,64,8,633363.0245140619,34.22256545894706,32.27514646297705,36.279053316249815,iqm-bootstrap,40,9998548
0830-211803__NetHackChallenge-v0__exp3-pooled/NetHackChallenge-v0__option__random__n64__os0__max_episode_steps5000__discountprimitive__ent_coef0.01__exp3,0830-211803__NetHackChallenge-v0__exp3-pooled,NetHackChallenge-v0,option,random,0,10000000,5000,0,0.999,primitive,exp3,64,8,654259.6957666416,33.95416777142668,32.09499506586139,36.170781895850716,iqm-bootstrap,40,9998548
0830-211803__NetHackChallenge-v0__exp3-pooled/NetHackChallenge-v0__option__random__n64__os0__max_episode_steps5000__discountprimitive__ent_coef0.01__exp3,0830-211803__NetHackChallenge-v0__exp3-pooled,NetHackChallenge-v0,option,random,0,10000000,5000,0,0.999,primitive,exp3,64,8,675845.8150175054,34.17247111516093,32.382117379137156,35.88807880342934,iqm-bootstrap,40,9998548
0830-211803__NetHackChallenge-v0__exp3-pooled/NetHackChallenge-v0__option__random__n64__os0__max_episode_steps5000__discountprimitive__ent_coef0.01__exp3,0830-211803__NetHackChallenge-v0__exp3-pooled,NetHackChallenge-v0,option,random,0,10000000,5000,0,0.999,primitive,exp3,64,8,698144.1293605132,34.56855031910097,32.54945482799236,36.624802330628505,iqm-bootstrap,40,9998548
0830-211803__NetHackChallenge-v0__exp3-pooled/NetHackChallenge-v0__option__random__n64__os0__max_episode_steps5000__discountprimitive__ent_coef0.01__exp3,0830-211803__NetHackChallenge-v0__exp3-pooled,NetHackChallenge-v0,option,random,0,10000000,5000,0,0.999,primitive,exp3,64,8,721178.1363888809,34.43687659845517,32.61308791219199,36.61500240733472,iqm-bootstrap,40,9998548
0830-211803__NetHackChallenge-v0__exp3-pooled/NetHackChallenge-v0__option__random__n64__os0__max_episode_steps5000__discountprimitive__ent_coef0.01__exp3,0830-211803__NetHackChallenge-v0__exp3-pooled,NetHackChallenge-v0,option,random,0,10000000,5000,0,0.999,primitive,exp3,64,8,744972.1089565548,33.79991262665352,31.58611839619136,36.207145987071655,iqm-bootstrap,40,9998548
0830-211803__NetHackChallenge-v0__exp3-pooled/NetHackChallenge-v0__option__random__n64__os0__max_episode_steps5000__discountprimitive__ent_coef0.01__exp3,0830-211803__NetHackChallenge-v0__exp3-pooled,NetHackChallenge-v0,option,random,0,10000000,5000,0,0.999,primitive,exp3,64,8,769551.1207565411,35.136779328450345,32.97654927016641,37.231246242322065,iqm-bootstrap,40,9998548
0830-211803__NetHackChallenge-v0__exp3-pooled/NetHackChallenge-v0__option__random__n64__os0__max_episode_steps5000__discountprimitive__ent_coef0.01__exp3,0830-211803__NetHackChallenge-v0__exp3-pooled,NetHackChallenge-v0,option,random,0,10000000,5000,0,0.999,primitive,exp3,64,8,794941.072743149,36.075934959860284,33.63132145159503,38.233338384545256,iqm-bootstrap,40,9998548
0830-211803__NetHackChallenge-v0__exp3-pooled/NetHackChallenge-v0__option__random__n64__os0__max_episode_steps5000__discountprimitive__ent_coef0.01__exp3,0830-211803__NetHackChallenge-v0__exp3-pooled,NetHackChallenge-v0,option,random,0,10000000,5000,0,0.999,primitive,exp3,64,8,821168.7204259777,36.94865712028227,34.620971372330324,38.97269871179674,iqm-bootstrap,40,9998548
0830-211803__NetHackChallenge-v0__exp3-pooled/NetHackChallenge-v0__option__random__n64__os0__max_episode_steps5000__discountprimitive__ent_coef0.01__exp3,0830-211803__NetHackChallenge-v0__exp3-pooled,NetHackChallenge-v0,option,random,0,10000000,5000,0,0.999,primitive,exp3,64,8,848261.7020644462,37.457017780627716,35.208750176785294,39.39279607069698,iqm-bootstrap,40,9998548
0830-211803__NetHackChallenge-v0__exp3-pooled/NetHackChallenge-v0__option__random__n64__os0__max_episode_steps5000__discountprimitive__ent_coef0.01__exp3,0830-211803__NetHackChallenge-v0__exp3-pooled,NetHackChallenge-v0,option,random,0,10000000,5000,0,0.999,primitive,exp3,64,8,876248.5677925085,37.661222224144325,35.36022705919459,39.784594956946286,iqm-bootstrap,40,9998548
0830-211803__NetHackChallenge-v0__exp3-pooled/NetHackChallenge-v0__option__random__n64__os0__max_episode_steps5000__discountprimitive__ent_coef0.01__exp3,0830-211803__NetHackChallenge-v0__exp3-pooled,NetHackChallenge-v0,option,random,0,10000000,5000,0,0.999,primitive,exp3,64,8,905158.8097043291,37.670818944402306,35.220592732468624,39.92971231561308,iqm-bootstrap,40,9998548
0830-211803__NetHackChallenge-v0__exp3-pooled/NetHackChallenge-v0__option__random__n64__os0__max_episode_steps5000__discountprimitive__ent_coef0.01__exp3,0830-211803__NetHackChallenge-v0__exp3-pooled,NetHackChallenge-v0,option,random,0,10000000,5000,0,0.999,primitive,exp3,64,8,935022.8929325533,37.631975687272174,35.72634227070192,39.71327003594254,iqm-bootstrap,40,9998548
0830-211803__NetHackChallenge-v0__exp3-pooled/NetHackChallenge-v0__option__random__n64__os0__max_episode_steps5000__discountprimitive__ent_coef0.01__exp3,0830-211803__NetHackChallenge-v0__exp3-pooled,NetHackChallenge-v0,option,random,0,10000000,5000,0,0.999,primitive,exp3,64,8,965872.2877519596,38.259397101153496,36.25824654930591,40.269054426606495,iqm-bootstrap,40,9998548
0830-211803__NetHackChallenge-v0__exp3-pooled/NetHackChallenge-v0__option__random__n64__os0__max_episode_steps5000__discountprimitive__ent_coef0.01__exp3,0830-211803__NetHackChallenge-v0__exp3-pooled,NetHackChallenge-v0,option,random,0,10000000,5000,0,0.999,primitive,exp3,64,8,997739.5027423126,39.37998457902536,37.53343260206325,41.01129950943026,iqm-bootstrap,40,9998548
0830-211803__NetHackChallenge-v0__exp3-pooled/NetHackChallenge-v0__option__random__n64__os0__max_episode_steps5000__discountprimitive__ent_coef0.01__exp3,0830-211803__NetHackChallenge-v0__exp3-pooled,NetHackChallenge-v0,option,random,0,10000000,5000,0,0.999,primitive,exp3,64,8,1030658.119045364,40.13490680906973,38.28646267795269,41.778230529337186,iqm-bootstrap,40,9998548
0830-211803__NetHackChallenge-v0__exp3-pooled/NetHackChallenge-v0__option__random__n64__os0__max_episode_steps5000__discountprimitive__ent_coef0.01__exp3,0830-211803__NetHackChallenge-v0__exp3-pooled,NetHackChallenge-v0,option,random,0,10000000,5000,0,0.999,primitive,exp3,64,8,1064662.8257521042,39.438687524723335,37.31756106331972,41.34039311414717,iqm-bootstrap,40,9998548
0830-211803__NetHackChallenge-v0__exp3-pooled/NetHackChallenge-v0__option__random__n64__os0__max_episode_steps5000__discountprimitive__ent_coef0.01__exp3,0830-211803__NetHackChallenge-v0__exp3-pooled,NetHackChallenge-v0,option,random,0,10000000,5000,0,0.999,primitive,exp3,64,8,1099789.4564575392,39.2794478676753,36.993506758429135,41.445675786572345,iqm-bootstrap,40,9998548
0830-211803__NetHackChallenge-v0__exp3-pooled/NetHackChallenge-v0__option__random__n64__os0__max_episode_steps5000__discountprimitive__ent_coef0.01__exp3,0830-211803__NetHackChallenge-v0__exp3-pooled,NetHackChallenge-v0,option,random,0,10000000,5000,0,0.999,primitive,exp3,64,8,1136075.0270215622,39.11691416796253,37.02704157800877,41.220721436844464,iqm-bootstrap,40,9998548
0830-211803__NetHackChallenge-v0__exp3-pooled/NetHackChallenge-v0__option__random__n64__os0__max_episode_steps5000__discountprimitive__ent_coef0.01__exp3,0830-211803__NetHackChallenge-v0__exp3-pooled,NetHackChallenge-v0,option,random,0,10000000,5000,0,0.999,primitive,exp3,64,8,1173557.7745756204,40.16355628507016,38.01242924451382,42.230166095659506,iqm-bootstrap,40,9998548
0830-211803__NetHackChallenge-v0__exp3-pooled/NetHackChallenge-v0__option__random__n64__os0__max_episode_steps5000__discountprimitive__ent_coef0.01__exp3,0830-211803__NetHackChallenge-v0__exp3-pooled,NetHackChallenge-v0,option,random,0,10000000,5000,0,0.999,primitive,exp3,64,8,1212277.1978163929,40.77592404364933,38.433605251522046,42.966312199588515,iqm-bootstrap,40,9998548
0830-211803__NetHackChallenge-v0__exp3-pooled/NetHackChallenge-v0__option__random__n64__os0__max_episode_steps5000__discountprimitive__ent_coef0.01__exp3,0830-211803__NetHackChallenge-v0__exp3-pooled,NetHackChallenge-v0,option,random,0,10000000,5000,0,0.999,primitive,exp3,64,8,1252274.0986288516,41.433714848505055,39.01781047838181,43.53130178222018,iqm-bootstrap,40,9998548
0830-211803__NetHackChallenge-v0__exp3-pooled/NetHackChallenge-v0__option__random__n64__os0__max_episode_steps5000__discountprimitive__ent_coef0.01__exp3,0830-211803__NetHackChallenge-v0__exp3-pooled,NetHackChallenge-v0,option,random,0,10000000,5000,0,0.999,primitive,exp3,64,8,1293590.6250826102,40.560820345792294,39.0071642949908,42.086982747524495,iqm-bootstrap,40,9998548
0830-211803__NetHackChallenge-v0__exp3-pooled/NetHackChallenge-v0__option__random__n64__os0__max_episode_steps5000__discountprimitive__ent_coef0.01__exp3,0830-211803__NetHackChallenge-v0__exp3-pooled,NetHackChallenge-v0,option,random,0,10000000,5000,0,0.999,primitive,exp3,64,8,1336270.3158468604,41.64583264100882,40.152894933817194,42.929281404779466,iqm-bootstrap,40,9998548
0830-211803__NetHackChallenge-v0__exp3-pooled/NetHackChallenge-v0__option__random__n64__os0__max_episode_steps5000__discountprimitive__ent_coef0.01__exp3,0830-211803__NetHackChallenge-v0__exp3-pooled,NetHackChallenge-v0,option,random,0,10000000,5000,0,0.999,primitive,exp3,64,8,1380358.1460706987,43.462204972300796,41.387056289423114,45.25965343960775,iqm-bootstrap,40,9998548
0830-211803__NetHackChallenge-v0__exp3-pooled/NetHackChallenge-v0__option__random__n64__os0__max_episode_steps5000__discountprimitive__ent_coef0.01__exp3,0830-211803__NetHackChallenge-v0__exp3-pooled,NetHackChallenge-v0,option,random,0,10000000,5000,0,0.999,primitive,exp3,64,8,1425900.5747771938,44.13958378199877,42.58987503672369,45.725495665793325,iqm-bootstrap,40,9998548
0830-211803__NetHackChallenge-v0__exp3-pooled/NetHackChallenge-v0__option__random__n64__os0__max_episode_steps5000__discountprimitive__ent_coef0.01__exp3,0830-211803__NetHackChallenge-v0__exp3-pooled,NetHackChallenge-v0,option,random,0,10000000,5000,0,0.999,primitive,exp3,64,8,1472945.5938211184,44.0750264099102,42.67563381483319,45.52217023076549,iqm-bootstrap,40,9998548
0830-211803__NetHackChallenge-v0__exp3-pooled/NetHackChallenge-v0__option__random__n64__os0__max_episode_steps5000__discountprimitive__ent_coef0.01__exp3,0830-211803__NetHackChallenge-v0__exp3-pooled,NetHackChallenge-v0,option,random,0,10000000,5000,0,0.999,primitive,exp3,64,8,1521542.778462001,43.08297908536413,41.54623454291958,44.7069045427624,iqm-bootstrap,40,9998548
0830-211803__NetHackChallenge-v0__exp3-pooled/NetHackChallenge-v0__option__random__n64__os0__max_episode_steps5000__discountprimitive__ent_coef0.01__exp3,0830-211803__NetHackChallenge-v0__exp3-pooled,NetHackChallenge-v0,option,random,0,10000000,5000,0,0.999,primitive,exp3,64,8,1571743.3396056697,41.767563312997595,40.10358220516183,43.64244150977415,iqm-bootstrap,40,9998548
0830-211803__NetHackChallenge-v0__exp3-pooled/NetHackChallenge-v0__option__random__n64__os0__max_episode_steps5000__discountprimitive__ent_coef0.01__exp3,0830-211803__NetHackChallenge-v0__exp3-pooled,NetHackChallenge-v0,option,random,0,10000000,5000,0,0.999,primitive,exp3,64,8,1623600.177769487,41.787818808213686,39.896487781833784,43.61282650260177,iqm-bootstrap,40,9998548
0830-211803__NetHackChallenge-v0__exp3-pooled/NetHackChallenge-v0__option__random__n64__os0__max_episode_steps5000__discountprimitive__ent_coef0.01__exp3,0830-211803__NetHackChallenge-v0__exp3-pooled,NetHackChallenge-v0,option,random,0,10000000,5000,0,0.999,primitive,exp3,64,8,1677167.93882802,42.27324910890526,40.3809386301675,44.54772538873259,iqm-bootstrap,40,9998548
0830-211803__NetHackChallenge-v0__exp3-pooled/NetHackChallenge-v0__option__random__n64__os0__max_episode_steps5000__discountprimitive__ent_coef0.01__exp3,0830-211803__NetHackChallenge-v0__exp3-pooled,NetHackChallenge-v0,option,random,0,10000000,5000,0,0.999,primitive,exp3,64,8,1732503.0715979594,42.57861627386604,40.66784060470124,44.95229750466293,iqm-bootstrap,40,9998548
0830-211803__NetHackChallenge-v0__exp3-pooled/NetHackChallenge-v0__option__random__n64__os0__max_episode_steps5000__discountprimitive__ent_coef0.01__exp3,0830-211803__NetHackChallenge-v0__exp3-pooled,NetHackChallenge-v0,option,random,0,10000000,5000,0,0.999,primitive,exp3,64,8,1789663.8873229476,44.24835089072813,42.44557092551132,46.60274197950735,iqm-bootstrap,40,9998548
0830-211803__NetHackChallenge-v0__exp3-pooled/NetHackChallenge-v0__option__random__n64__os0__max_episode_steps5000__discountprimitive__ent_coef0.01__exp3,0830-211803__NetHackChallenge-v0__exp3-pooled,NetHackChallenge-v0,option,random,0,10000000,5000,0,0.999,primitive,exp3,64,8,1848710.621120981,44.311458329459036,42.62844467718738,46.20362597156315,iqm-bootstrap,40,9998548
0830-211803__NetHackChallenge-v0__exp3-pooled/NetHackChallenge-v0__option__random__n64__os0__max_episode_steps5000__discountprimitive__ent_coef0.01__exp3,0830-211803__NetHackChallenge-v0__exp3-pooled,NetHackChallenge-v0,option,random,0,10000000,5000,0,0.999,primitive,exp3,64,8,1909705.4954592169,44.08533951949384,42.313405639561715,46.08941283562821,iqm-bootstrap,40,9998548
0830-211803__NetHackChallenge-v0__exp3-pooled/NetHackChallenge-v0__option__random__n64__os0__max_episode_steps5000__discountprimitive__ent_coef0.01__exp3,0830-211803__NetHackChallenge-v0__exp3-pooled,NetHackChallenge-v0,option,random,0,10000000,5000,0,0.999,primitive,exp3,64,8,1972712.7857229186,44.771656812382375,42.50495557105804,46.86956719229428,iqm-bootstrap,40,9998548
0830-211803__NetHackChallenge-v0__exp3-pooled/NetHackChallenge-v0__option__random__n64__os0__max_episode_steps5000__discountprimitive__ent_coef0.01__exp3,0830-211803__NetHackChallenge-v0__exp3-pooled,NetHackChallenge-v0,option,random,0,10000000,5000,0,0.999,primitive,exp3,64,8,2037798.887947852,45.54826141576437,43.151411516283886,48.23656113658126,iqm-bootstrap,40,9998548
0830-211803__NetHackChallenge-v0__exp3-pooled/NetHackChallenge-v0__option__random__n64__os0__max_episode_steps5000__discountprimitive__ent_coef0.01__exp3,0830-211803__NetHackChallenge-v0__exp3-pooled,NetHackChallenge-v0,option,random,0,10000000,5000,0,0.999,primitive,exp3,64,8,2105032.3887872645,46.82409197454278,45.04714871456945,48.75790713363831,iqm-bootstrap,40,9998548
0830-211803__NetHackChallenge-v0__exp3-pooled/NetHackChallenge-v0__option__random__n64__os0__max_episode_steps5000__discountprimitive__ent_coef0.01__exp3,0830-211803__NetHackChallenge-v0__exp3-pooled,NetHackChallenge-v0,option,random,0,10000000,5000,0,0.999,primitive,exp3,64,8,2174484.1377874045,47.61920343452555,45.95515792324603,49.468111808808274,iqm-bootstrap,40,9998548
0830-211803__NetHackChallenge-v0__exp3-pooled/NetHackChallenge-v0__option__random__n64__os0__max_episode_steps5000__discountprimitive__ent_coef0.01__exp3,0830-211803__NetHackChallenge-v0__exp3-pooled,NetHackChallenge-v0,option,random,0,10000000,5000,0,0.999,primitive,exp3,64,8,2246227.3220475772,46.67238839980221,44.59508799458339,49.072603367327474,iqm-bootstrap,40,9998548
0830-211803__NetHackChallenge-v0__exp3-pooled/NetHackChallenge-v0__option__random__n64__os0__max_episode_steps5000__discountprimitive__ent_coef0.01__exp3,0830-211803__NetHackChallenge-v0__exp3-pooled,NetHackChallenge-v0,option,random,0,10000000,5000,0,0.999,primitive,exp3,64,8,2320337.543343498,46.68530831252966,44.48389926698821,49.28309101892425,iqm-bootstrap,40,9998548
0830-211803__NetHackChallenge-v0__exp3-pooled/NetHackChallenge-v0__option__random__n64__os0__max_episode_steps5000__discountprimitive__ent_coef0.01__exp3,0830-211803__NetHackChallenge-v0__exp3-pooled,NetHackChallenge-v0,option,random,0,10000000,5000,0,0.999,primitive,exp3,64,8,2396892.8977951915,47.98359069247367,45.324714293227665,50.53060493161231,iqm-bootstrap,40,9998548
0830-211803__NetHackChallenge-v0__exp3-pooled/NetHackChallenge-v0__option__random__n64__os0__max_episode_steps5000__discountprimitive__ent_coef0.01__exp3,0830-211803__NetHackChallenge-v0__exp3-pooled,NetHackChallenge-v0,option,random,0,10000000,5000,0,0.999,primitive,exp3,64,8,2475974.058163362,48.39343887334605,45.64650678096656,50.74396375061916,iqm-bootstrap,40,9998548
0830-211803__NetHackChallenge-v0__exp3-pooled/NetHackChallenge-v0__option__random__n64__os0__max_episode_steps5000__discountprimitive__ent_coef0.01__exp3,0830-211803__NetHackChallenge-v0__exp3-pooled,NetHackChallenge-v0,option,random,0,10000000,5000,0,0.999,primitive,exp3,64,8,2557664.358861063,48.97637791676401,46.61115193786109,50.8586240241936,iqm-bootstrap,40,9998548
0830-211803__NetHackChallenge-v0__exp3-pooled/NetHackChallenge-v0__option__random__n64__os0__max_episode_steps5000__discountprimitive__ent_coef0.01__exp3,0830-211803__NetHackChallenge-v0__exp3-pooled,NetHackChallenge-v0,option,random,0,10000000,5000,0,0.999,primitive,exp3,64,8,2642049.88377004,47.73856542246998,45.311117407407046,50.13722161238832,iqm-bootstrap,40,9998548
0830-211803__NetHackChallenge-v0__exp3-pooled/NetHackChallenge-v0__option__random__n64__os0__max_episode_steps5000__discountprimitive__ent_coef0.01__exp3,0830-211803__NetHackChallenge-v0__exp3-pooled,NetHackChallenge-v0,option,random,0,10000000,5000,0,0.999,primitive,exp3,64,8,2729219.55695458,48.60939032414914,46.894128881746646,50.55385284012611,iqm-bootstrap,40,9998548
0830-211803__NetHackChallenge-v0__exp3-pooled/NetHackChallenge-v0__option__random__n64__os0__max_episode_steps5000__discountprimitive__ent_coef0.01__exp3,0830-211803__NetHackChallenge-v0__exp3-pooled,NetHackChallenge-v0,option,random,0,10000000,5000,0,0.999,primitive,exp3,64,8,2819265.2363681323,49.422022600422075,47.407304790406634,51.791996813471336,iqm-bootstrap,40,9998548
0830-211803__NetHackChallenge-v0__exp3-pooled/NetHackChallenge-v0__option__random__n64__os0__max_episode_steps5000__discountprimitive__ent_coef0.01__exp3,0830-211803__NetHackChallenge-v0__exp3-pooled,NetHackChallenge-v0,option,random,0,10000000,5000,0,0.999,primitive,exp3,64,8,2912281.810651754,52.07587420356384,49.512603417071425,54.8966168142279,iqm-bootstrap,40,9998548
0830-211803__NetHackChallenge-v0__exp3-pooled/NetHackChallenge-v0__option__random__n64__os0__max_episode_steps5000__discountprimitive__ent_coef0.01__exp3,0830-211803__NetHackChallenge-v0__exp3-pooled,NetHackChallenge-v0,option,random,0,10000000,5000,0,0.999,primitive,exp3,64,8,3008367.2991261547,49.90285107117883,48.260690067166685,51.80927681352687,iqm-bootstrap,40,9998548
0830-211803__NetHackChallenge-v0__exp3-pooled/NetHackChallenge-v0__option__random__n64__os0__max_episode_steps5000__discountprimitive__ent_coef0.01__exp3,0830-211803__NetHackChallenge-v0__exp3-pooled,NetHackChallenge-v0,option,random,0,10000000,5000,0,0.999,primitive,exp3,64,8,3107622.955082835,50.37824046385634,48.03639659498024,52.83075349294811,iqm-bootstrap,40,9998548
0830-211803__NetHackChallenge-v0__exp3-pooled/NetHackChallenge-v0__option__random__n64__os0__max_episode_steps5000__discountprimitive__ent_coef0.01__exp3,0830-211803__NetHackChallenge-v0__exp3-pooled,NetHackChallenge-v0,option,random,0,10000000,5000,0,0.999,primitive,exp3,64,8,3210153.372483131,51.56689438600195,49.883347979871964,53.49148329167231,iqm-bootstrap,40,9998548
0830-211803__NetHackChallenge-v0__exp3-pooled/NetHackChallenge-v0__option__random__n64__os0__max_episode_steps5000__discountprimitive__ent_coef0.01__exp3,0830-211803__NetHackChallenge-v0__exp3-pooled,NetHackChallenge-v0,option,random,0,10000000,5000,0,0.999,primitive,exp3,64,8,3316066.596177557,52.73986835320786,50.22030062809165,54.969376374116734,iqm-bootstrap,40,9998548
0830-211803__NetHackChallenge-v0__exp3-pooled/NetHackChallenge-v0__option__random__n64__os0__max_episode_steps5000__discountprimitive__ent_coef0.01__exp3,0830-211803__NetHackChallenge-v0__exp3-pooled,NetHackChallenge-v0,option,random,0,10000000,5000,0,0.999,primitive,exp3,64,8,3425474.2357617486,51.78973837396054,50.24257578557437,53.80761906246391,iqm-bootstrap,40,9998548
0830-211803__NetHackChallenge-v0__exp3-pooled/NetHackChallenge-v0__option__random__n64__os0__max_episode_steps5000__discountprimitive__ent_coef0.01__exp3,0830-211803__NetHackChallenge-v0__exp3-pooled,NetHackChallenge-v0,option,random,0,10000000,5000,0,0.999,primitive,exp3,64,8,3538491.5831887,52.55194776615842,50.81171117946233,54.9222759836354,iqm-bootstrap,40,9998548
0830-211803__NetHackChallenge-v0__exp3-pooled/NetHackChallenge-v0__option__random__n64__os0__max_episode_steps5000__discountprimitive__ent_coef0.01__exp3,0830-211803__NetHackChallenge-v0__exp3-pooled,NetHackChallenge-v0,option,random,0,10000000,5000,0,0.999,primitive,exp3,64,8,3655237.734261619,52.34340527511656,50.105213788827925,55.0786901823291,iqm-bootstrap,40,9998548
0830-211803__NetHackChallenge-v0__exp3-pooled/NetHackChallenge-v0__option__random__n64__os0__max_episode_steps5000__discountprimitive__ent_coef0.01__exp3,0830-211803__NetHackChallenge-v0__exp3-pooled,NetHackChallenge-v0,option,random,0,10000000,5000,0,0.999,primitive,exp3,64,8,3775835.714134998,55.219669069467045,53.55217157728155,57.70026095333638,iqm-bootstrap,40,9998548
0830-211803__NetHackChallenge-v0__exp3-pooled/NetHackChallenge-v0__option__random__n64__os0__max_episode_steps5000__discountprimitive__ent_coef0.01__exp3,0830-211803__NetHackChallenge-v0__exp3-pooled,NetHackChallenge-v0,option,random,0,10000000,5000,0,0.999,primitive,exp3,64,8,3900412.6069565606,55.45409338911769,52.98728996460472,58.05630833833759,iqm-bootstrap,40,9998548
0830-211803__NetHackChallenge-v0__exp3-pooled/NetHackChallenge-v0__option__random__n64__os0__max_episode_steps5000__discountprimitive__ent_coef0.01__exp3,0830-211803__NetHackChallenge-v0__exp3-pooled,NetHackChallenge-v0,option,random,0,10000000,5000,0,0.999,primitive,exp3,64,8,4029099.6897863843,57.26686031545513,54.56756574314366,60.15881166989186,iqm-bootstrap,40,9998548
0830-211803__NetHackChallenge-v0__exp3-pooled/NetHackChallenge-v0__option__random__n64__os0__max_episode_steps5000__discountprimitive__ent_coef0.01__exp3,0830-211803__NetHackChallenge-v0__exp3-pooled,NetHackChallenge-v0,option,random,0,10000000,5000,0,0.999,primitive,exp3,64,8,4162032.5709344973,56.497054021276405,54.66499724732166,58.53516959231396,iqm-bootstrap,40,9998548
0830-211803__NetHackChallenge-v0__exp3-pooled/NetHackChallenge-v0__option__random__n64__os0__max_episode_steps5000__discountprimitive__ent_coef0.01__exp3,0830-211803__NetHackChallenge-v0__exp3-pooled,NetHackChallenge-v0,option,random,0,10000000,5000,0,0.999,primitive,exp3,64,8,4299351.332862669,55.498598736985116,53.48865263720453,57.84527351274199,iqm-bootstrap,40,9998548
0830-211803__NetHackChallenge-v0__exp3-pooled/NetHackChallenge-v0__option__random__n64__os0__max_episode_steps5000__discountprimitive__ent_coef0.01__exp3,0830-211803__NetHackChallenge-v0__exp3-pooled,NetHackChallenge-v0,option,random,0,10000000,5000,0,0.999,primitive,exp3,64,8,4441200.679800937,57.77577061271696,55.92500348699248,59.816389388748235,iqm-bootstrap,40,9998548
0830-211803__NetHackChallenge-v0__exp3-pooled/NetHackChallenge-v0__option__random__n64__os0__max_episode_steps5000__discountprimitive__ent_coef0.01__exp3,0830-211803__NetHackChallenge-v0__exp3-pooled,NetHackChallenge-v0,option,random,0,10000000,5000,0,0.999,primitive,exp3,64,8,4587730.09023462,58.55063395206838,56.83695824290429,60.32829583096252,iqm-bootstrap,40,9998548
0830-211803__NetHackChallenge-v0__exp3-pooled/NetHackChallenge-v0__option__random__n64__os0__max_episode_steps5000__discountprimitive__ent_coef0.01__exp3,0830-211803__NetHackChallenge-v0__exp3-pooled,NetHackChallenge-v0,option,random,0,10000000,5000,0,0.999,primitive,exp3,64,8,4739093.974422125,58.581986076958515,56.469427314810964,60.40991008975902,iqm-bootstrap,40,9998548
0830-211803__NetHackChallenge-v0__exp3-pooled/NetHackChallenge-v0__option__random__n64__os0__max_episode_steps5000__discountprimitive__ent_coef0.01__exp3,0830-211803__NetHackChallenge-v0__exp3-pooled,NetHackChallenge-v0,option,random,0,10000000,5000,0,0.999,primitive,exp3,64,8,4895451.837110064,61.71434286088847,59.16783645857192,64.55314122212864,iqm-bootstrap,40,9998548
0830-211803__NetHackChallenge-v0__exp3-pooled/NetHackChallenge-v0__option__random__n64__os0__max_episode_steps5000__discountprimitive__ent_coef0.01__exp3,0830-211803__NetHackChallenge-v0__exp3-pooled,NetHackChallenge-v0,option,random,0,10000000,5000,0,0.999,primitive,exp3,64,8,5056968.445616558,61.84925465474405,59.57792545762395,64.20968889164763,iqm-bootstrap,40,9998548
0830-211803__NetHackChallenge-v0__exp3-pooled/NetHackChallenge-v0__option__random__n64__os0__max_episode_steps5000__discountprimitive__ent_coef0.01__exp3,0830-211803__NetHackChallenge-v0__exp3-pooled,NetHackChallenge-v0,option,random,0,10000000,5000,0,0.999,primitive,exp3,64,8,5223814.003460411,60.53147724127122,58.47102255871727,63.08698716848218,iqm-bootstrap,40,9998548
0830-211803__NetHackChallenge-v0__exp3-pooled/NetHackChallenge-v0__option__random__n64__os0__max_episode_steps5000__discountprimitive__ent_coef0.01__exp3,0830-211803__NetHackChallenge-v0__exp3-pooled,NetHackChallenge-v0,option,random,0,10000000,5000,0,0.999,primitive,exp3,64,8,5396164.329718699,61.38114477074201,59.84122352943783,62.92735619763473,iqm-bootstrap,40,9998548
0830-211803__NetHackChallenge-v0__exp3-pooled/NetHackChallenge-v0__option__random__n64__os0__max_episode_steps5000__discountprimitive__ent_coef0.01__exp3,0830-211803__NetHackChallenge-v0__exp3-pooled,NetHackChallenge-v0,option,random,0,10000000,5000,0,0.999,primitive,exp3,64,8,5574201.044302004,63.19228053034277,61.32421227821354,65.46735017070945,iqm-bootstrap,40,9998548
0830-211803__NetHackChallenge-v0__exp3-pooled/NetHackChallenge-v0__option__random__n64__os0__max_episode_steps5000__discountprimitive__ent_coef0.01__exp3,0830-211803__NetHackChallenge-v0__exp3-pooled,NetHackChallenge-v0,option,random,0,10000000,5000,0,0.999,primitive,exp3,64,8,5758111.75934247,60.38035220090794,57.458088060831706,63.4889267523066,iqm-bootstrap,40,9998548
0830-211803__NetHackChallenge-v0__exp3-pooled/NetHackChallenge-v0__option__random__n64__os0__max_episode_steps5000__discountprimitive__ent_coef0.01__exp3,0830-211803__NetHackChallenge-v0__exp3-pooled,NetHackChallenge-v0,option,random,0,10000000,5000,0,0.999,primitive,exp3,64,8,5948090.2768962905,62.99293080768422,61.01223650566222,65.01620582497327,iqm-bootstrap,40,9998548
0830-211803__NetHackChallenge-v0__exp3-pooled/NetHackChallenge-v0__option__random__n64__os0__max_episode_steps5000__discountprimitive__ent_coef0.01__exp3,0830-211803__NetHackChallenge-v0__exp3-pooled,NetHackChallenge-v0,option,random,0,10000000,5000,0,0.999,primitive,exp3,64,8,6144336.793169228,61.64097823019822,59.05933282408178,64.288597488464,iqm-bootstrap,40,9998548
0830-211803__NetHackChallenge-v0__exp3-pooled/NetHackChallenge-v0__option__random__n64__os0__max_episode_steps5000__discountprimitive__ent_coef0.01__exp3,0830-211803__NetHackChallenge-v0__exp3-pooled,NetHackChallenge-v0,option,random,0,10000000,5000,0,0.999,primitive,exp3,64,8,6347058.109479869,63.13574919354922,61.24977260480879,65.21327052602604,iqm-bootstrap,40,9998548
0830-211803__NetHackChallenge-v0__exp3-pooled/NetHackChallenge-v0__option__random__n64__os0__max_episode_steps5000__discountprimitive__ent_coef0.01__exp3,0830-211803__NetHackChallenge-v0__exp3-pooled,NetHackChallenge-v0,option,random,0,10000000,5000,0,0.999,primitive,exp3,64,8,6556467.8501836145,62.84345966413757,60.43930260184626,65.44744343523718,iqm-bootstrap,40,9998548
0830-211803__NetHackChallenge-v0__exp3-pooled/NetHackChallenge-v0__option__random__n64__os0__max_episode_steps5000__discountprimitive__ent_coef0.01__exp3,0830-211803__NetHackChallenge-v0__exp3-pooled,NetHackChallenge-v0,option,random,0,10000000,5000,0,0.999,primitive,exp3,64,8,6772786.687786288,63.65939919202972,60.75488027555883,66.6010706617704,iqm-bootstrap,40,9998548
0830-211803__NetHackChallenge-v0__exp3-pooled/NetHackChallenge-v0__option__random__n64__os0__max_episode_steps5000__discountprimitive__ent_coef0.01__exp3,0830-211803__NetHackChallenge-v0__exp3-pooled,NetHackChallenge-v0,option,random,0,10000000,5000,0,0.999,primitive,exp3,64,8,6996242.575485296,63.66874888024993,61.083255268508196,66.0280393522039,iqm-bootstrap,40,9998548
0830-211803__NetHackChallenge-v0__exp3-pooled/NetHackChallenge-v0__option__random__n64__os0__max_episode_steps5000__discountprimitive__ent_coef0.01__exp3,0830-211803__NetHackChallenge-v0__exp3-pooled,NetHackChallenge-v0,option,random,0,10000000,5000,0,0.999,primitive,exp3,64,8,7227070.987382859,63.781064239915,61.846699206707605,65.97255776667035,iqm-bootstrap,40,9998548
0830-211803__NetHackChallenge-v0__exp3-pooled/NetHackChallenge-v0__option__random__n64__os0__max_episode_steps5000__discountprimitive__ent_coef0.01__exp3,0830-211803__NetHackChallenge-v0__exp3-pooled,NetHackChallenge-v0,option,random,0,10000000,5000,0,0.999,primitive,exp3,64,8,7465515.166624717,62.99493387364787,61.155612207483266,65.65633755797023,iqm-bootstrap,40,9998548
0830-211803__NetHackChallenge-v0__exp3-pooled/NetHackChallenge-v0__option__random__n64__os0__max_episode_steps5000__discountprimitive__ent_coef0.01__exp3,0830-211803__NetHackChallenge-v0__exp3-pooled,NetHackChallenge-v0,option,random,0,10000000,5000,0,0.999,primitive,exp3,64,8,7711826.381725736,62.331002428668015,59.93328693931484,64.91709589245083,iqm-bootstrap,40,9998548
0830-211803__NetHackChallenge-v0__exp3-pooled/NetHackChallenge-v0__option__random__n64__os0__max_episode_steps5000__discountprimitive__ent_coef0.01__exp3,0830-211803__NetHackChallenge-v0__exp3-pooled,NetHackChallenge-v0,option,random,0,10000000,5000,0,0.999,primitive,exp3,64,8,7966264.191352411,63.99581175240927,61.95336089562664,66.4575432181027,iqm-bootstrap,40,9998548
0830-211803__NetHackChallenge-v0__exp3-pooled/NetHackChallenge-v0__option__random__n64__os0__max_episode_steps5000__discountprimitive__ent_coef0.01__exp3,0830-211803__NetHackChallenge-v0__exp3-pooled,NetHackChallenge-v0,option,random,0,10000000,5000,0,0.999,primitive,exp3,64,8,8229096.717841655,63.50757797128032,61.73486440025679,65.56661070171118,iqm-bootstrap,40,9998548
0830-211803__NetHackChallenge-v0__exp3-pooled/NetHackChallenge-v0__option__random__n64__os0__max_episode_steps5000__discountprimitive__ent_coef0.01__exp3,0830-211803__NetHackChallenge-v0__exp3-pooled,NetHackChallenge-v0,option,random,0,10000000,5000,0,0.999,primitive,exp3,64,8,8500600.92974342,64.63278626915553,62.19737076607779,67.26572378407043,iqm-bootstrap,40,9998548
0830-211803__NetHackChallenge-v0__exp3-pooled/NetHackChallenge-v0__option__random__n64__os0__max_episode_steps5000__discountprimitive__ent_coef0.01__exp3,0830-211803__NetHackChallenge-v0__exp3-pooled,NetHackChallenge-v0,option,random,0,10000000,5000,0,0.999,primitive,exp3,64,8,8781062.93368582,67.18096791934029,64.62814702768682,69.94380763189203,iqm-bootstrap,40,9998548
0830-211803__NetHackChallenge-v0__exp3-pooled/NetHackChallenge-v0__option__random__n64__os0__max_episode_steps5000__discountprimitive__ent_coef0.01__exp3,0830-211803__NetHackChallenge-v0__exp3-pooled,NetHackChallenge-v0,option,random,0,10000000,5000,0,0.999,primitive,exp3,64,8,9070778.275869288,66.02888151647001,64.08493472603038,68.2561602716529,iqm-bootstrap,40,9998548
0830-211803__NetHackChallenge-v0__exp3-pooled/NetHackChallenge-v0__option__random__n64__os0__max_episode_steps5000__discountprimitive__ent_coef0.01__exp3,0830-211803__NetHackChallenge-v0__exp3-pooled,NetHackChallenge-v0,option,random,0,10000000,5000,0,0.999,primitive,exp3,64,8,9370052.253508432,69.08043321048555,66.82511515245818,70.8674630121575,iqm-bootstrap,40,9998548
0830-211803__NetHackChallenge-v0__exp3-pooled/NetHackChallenge-v0__option__random__n64__os0__max_episode_steps5000__discountprimitive__ent_coef0.01__exp3,0830-211803__NetHackChallenge-v0__exp3-pooled,NetHackChallenge-v0,option,random,0,10000000,5000,0,0.999,primitive,exp3,64,8,9679200.2365491,68.39865252389819,66.02554161324322,70.42962108402028,iqm-bootstrap,40,9998548
0830-211803__NetHackChallenge-v0__exp3-pooled/NetHackChallenge-v0__option__random__n64__os0__max_episode_steps5000__discountprimitive__ent_coef0.01__exp3,0830-211803__NetHackChallenge-v0__exp3-pooled,NetHackChallenge-v0,option,random,0,10000000,5000,0,0.999,primitive,exp3,64,8,9998548.0,67.46017069651232,64.96884375852994,70.09024103110103,iqm-bootstrap,40,9998548
