cell,group,env_id,condition,family,option_seed,budget,max_steps,reward_delay,gamma,discount,tag,n_options,primitive_step,point,low,high,method,n_seeds,limit
0830-172036__NetHackChallenge-v0__exp1/NetHackChallenge-v0__action__max_episode_steps5000__discountprimitive__ent_coef0.01__exp1,0830-172036__NetHackChallenge-v0__exp1,NetHackChallenge-v0,action,-,0,10000000,5000,0,0.999,primitive,exp1,0,38632.0,4.02726139088729,1.8529990911844896,9.0,median-range,5,9996584
0830-172036__NetHackChallenge-v0__exp1/NetHackChallenge-v0__action__max_episode_steps5000__discountprimitive__ent_coef0.01__exp1,0830-172036__NetHackChallenge-v0__exp1,NetHackChallenge-v0,action,-,0,10000000,5000,0,0.999,primitive,exp1,0,39725.77150264233,3.9468241580790613,1.7701627156435678,8.520836082370474,median-range,5,9996584
0830-172036__NetHackChallenge-v0__exp1/NetHackChallenge-v0__action__max_episode_steps5000__discountprimitive__ent_coef0.01__exp1,0830-172036__NetHackChallenge-v0__exp1,NetHackChallenge-v0,action,-,0,10000000,5000,0,0.999,primitive,exp1,0,40850.51049596577,3.8641095398650274,2.072863904285121,8.363424954914768,median-range,5,9996584
0830-172036__NetHackChallenge-v0__exp1/NetHackChallenge-v0__action__max_episode_steps5000__discountprimitive__ent_coef0.01__exp1,0830-172036__NetHackChallenge-v0__exp1,NetHackChallenge-v0,action,-,0,10000000,5000,0,0.999,primitive,exp1,0,42007.09374945715,3.7494233901879532,2.507825371393268,8.267915625091748,median-range,5,9996584
0830-172036__NetHackChallenge-v0__exp1/NetHackChallenge-v0__action__max_episode_steps5000__discountprimitive__ent_coef0.01__exp1,0830-172036__NetHackChallenge-v0__exp1,NetHackChallenge-v0,action,-,0,10000000,5000,0,0.999,primitive,exp1,0,43196.42285620754,3.614214905084308,3.127319727148839,8.169702179944725,median-range,5,9996584
0830-172036__NetHackChallenge-v0__exp1/NetHackChallenge-v0__action__max_episode_steps5000__discountprimitive__ent_coef0.01__exp1,0830-172036__NetHackChallenge-v0__exp1,NetHackChallenge-v0,action,-,0,10000000,5000,0,0.999,primitive,exp1,0,44419.42493573249,6.443872929880189,3.4257137073321173,8.068708058998414,median-range,5,9996584
0830-172036__NetHackChallenge-v0__exp1/NetHackChallenge-v0__action__max_episode_steps5000__discountprimitive__ent_coef0.01__exp1,0830-172036__NetHackChallenge-v0__exp1,NetHackChallenge-v0,action,-,0,10000000,5000,0,0.999,primitive,exp1,0,45677.05335669088,5.913674055187991,3.3322052492467638,7.964854534153119,median-range,5,9996584
0830-172036__NetHackChallenge-v0__exp1/NetHackChallenge-v0__action__max_episode_steps5000__discountprimitive__ent_coef0.01__exp1,0830-172036__NetHackChallenge-v0__exp1,NetHackChallenge-v0,action,-,0,10000000,5000,0,0.999,primitive,exp1,0,46970.28848006584,5.347128294363678,3.297804326357168,7.858060648313708,median-range,5,9996584
0830-172036__NetHackChallenge-v0__exp1/NetHackChallenge-v0__action__max_episode_steps5000__discountprimitive__ent_coef0.01__exp1,0830-172036__NetHackChallenge-v0__exp1,NetHackChallenge-v0,action,-,0,10000000,5000,0,0.999,primitive,exp1,0,48300.13842338707,4.764542162651693,3.315986107784979,7.748243152280995,median-range,5,9996584
0830-172036__NetHackChallenge-v0__exp1/NetHackChallenge-v0__action__max_episode_steps5000__discountprimitive__ent_coef0.01__exp1,0830-172036__NetHackChallenge-v0__exp1,NetHackChallenge-v0,action,-,0,10000000,5000,0,0.999,primitive,exp1,0,49667.63984659014,5.503378868564383,3.33468266231263,11.905808352389236,median-range,5,9996584
0830-172036__NetHackChallenge-v0__exp1/NetHackChallenge-v0__action__max_episode_steps5000__discountprimitive__ent_coef0.01__exp1,0830-172036__NetHackChallenge-v0__exp1,NetHackChallenge-v0,action,-,0,10000000,5000,0,0.999,primitive,exp1,0,51073.85876012562,5.335324689888133,3.345182752927127,11.713745673554433,median-range,5,9996584
0830-172036__NetHackChallenge-v0__exp1/NetHackChallenge-v0__action__max_episode_steps5000__discountprimitive__ent_coef0.01__exp1,0830-172036__NetHackChallenge-v0__exp1,NetHackChallenge-v0,action,-,0,10000000,5000,0,0.999,primitive,exp1,0,52519.89135594787,5.162512464216231,3.373678801524225,11.516245205197196,median-range,5,9996584
0830-172036__NetHackChallenge-v0__exp1/NetHackChallenge-v0__action__max_episode_steps5000__discountprimitive__ent_coef0.01__exp1,0830-172036__NetHackChallenge-v0__exp1,NetHackChallenge-v0,action,-,0,10000000,5000,0,0.999,primitive,exp1,0,54006.86486203109,5.0970760154756025,3.3940087849274883,11.313152989479022,median-range,5,9996584
0830-172036__NetHackChallenge-v0__exp1/NetHackChallenge-v0__action__max_episode_steps5000__discountprimitive__ent_coef0.01__exp1,0830-172036__NetHackChallenge-v0__exp1,NetHackChallenge-v0,action,-,0,10000000,5000,0,0.999,primitive,exp1,0,55535.93842107917,5.076770019500182,3.414914362565989,11.104310709618142,median-range,5,9996584
0830-172036__NetHackChallenge-v0__exp1/NetHackChallenge-v0__action__max_episode_steps5000__discountprimitive__ent_coef0.01__exp1,0830-172036__NetHackChallenge-v0__exp1,NetHackChallenge-v0,action,-,0,10000000,5000,0,0.999,primitive,exp1,0,57108.30399411373,5.055889108435442,3.4364118309962475,10.889555566476613,median-range,5,9996584
0830-172036__NetHackChallenge-v0__exp1/NetHackChallenge-v0__action__max_episode_steps5000__discountprimitive__ent_coef0.01__exp1,0830-172036__NetHackChallenge-v0__exp1,NetHackChallenge-v0,action,-,0,10000000,5000,0,0.999,primitive,exp1,0,58725.18728964586,5.294567400284743,3.4585179481723136,10.668720151653195,median-range,5,9996584
0830-172036__NetHackChallenge-v0__exp1/NetHackChallenge-v0__action__max_episode_steps5000__discountprimitive__ent_coef0.01__exp1,0830-172036__NetHackChallenge-v0__exp1,NetHackChallenge-v0,action,-,0,10000000,5000,0,0.999,primitive,exp1,0,60387.848719153735,5.724802068000261,3.4812499465091076,10.441632316983327,median-range,5,9996584
0830-172036__NetHackChallenge-v0__exp1/NetHackChallenge-v0__action__max_episode_steps5000__discountprimitive__ent_coef0.01__exp1,0830-172036__NetHackChallenge-v0__exp1,NetHackChallenge-v0,action,-,0,10000000,5000,0,0.999,primitive,exp1,0,62097.58437961363,6.167217788185132,3.5046255463156397,10.208115040344143,median-range,5,9996584
0830-172036__NetHackChallenge-v0__exp1/NetHackChallenge-v0__action__max_episode_steps5000__discountprimitive__ent_coef0.01__exp1,0830-172036__NetHackChallenge-v0__exp1,NetHackChallenge-v0,action,-,0,10000000,5000,0,0.999,primitive,exp1,0,63855.727063848186,6.622159437834158,3.5286629696085443,9.96798628766016,median-range,5,9996584
0830-172036__NetHackChallenge-v0__exp1/NetHackChallenge-v0__action__max_episode_steps5000__discountprimitive__ent_coef0.01__exp1,0830-172036__NetHackChallenge-v0__exp1,NetHackChallenge-v0,action,-,0,10000000,5000,0,0.999,primitive,exp1,0,65663.6472994804,7.089981658298859,3.5533809543167196,9.721058871001993,median-range,5,9996584
0830-172036__NetHackChallenge-v0__exp1/NetHackChallenge-v0__action__max_episode_steps5000__discountprimitive__ent_coef0.01__exp1,0830-172036__NetHackChallenge-v0__exp1,NetHackChallenge-v0,action,-,0,10000000,5000,0,0.999,primitive,exp1,0,67522.75441730316,7.013881825584698,3.578798768888131,9.467140302667449,median-range,5,9996584
0830-172036__NetHackChallenge-v0__exp1/NetHackChallenge-v0__action__max_episode_steps5000__discountprimitive__ent_coef0.01__exp1,0830-172036__NetHackChallenge-v0__exp1,NetHackChallenge-v0,action,-,0,10000000,5000,0,0.999,primitive,exp1,0,69434.49764989695,6.826977611622902,3.604936227310176,9.206032645131307,median-range,5,9996584
0830-172036__NetHackChallenge-v0__exp1/NetHackChallenge-v0__action__max_episode_steps5000__discountprimitive__ent_coef0.01__exp1,0830-172036__NetHackChallenge-v0__exp1,NetHackChallenge-v0,action,-,0,10000000,5000,0,0.999,primitive,exp1,0,71400.36726135231,6.634781657576328,3.5744379702658238,8.949987177544854,median-range,5,9996584
0830-172036__NetHackChallenge-v0__exp1/NetHackChallenge-v0__action__max_episode_steps5000__discountprimitive__ent_coef0.01__exp1,0830-172036__NetHackChallenge-v0__exp1,NetHackChallenge-v0,action,-,0,10000000,5000,0,0.999,primitive,exp1,0,73421.89570897768,6.43714414064253,3.369343074585948,8.728934312850992,median-range,5,9996584
0830-172036__NetHackChallenge-v0__exp1/NetHackChallenge-v0__action__max_episode_steps5000__discountprimitive__ent_coef0.01__exp1,0830-172036__NetHackChallenge-v0__exp1,NetHackChallenge-v0,action,-,0,10000000,5000,0,0.999,primitive,exp1,0,75500.6588378982,6.2339109961493175,3.0946606052403602,8.501622871744319,median-range,5,9996584
0830-172036__NetHackChallenge-v0__exp1/NetHackChallenge-v0__action__max_episode_steps5000__discountprimitive__ent_coef0.01__exp1,0830-172036__NetHackChallenge-v0__exp1,NetHackChallenge-v0,action,-,0,10000000,5000,0,0.999,primitive,exp1,0,77638.27710947653,5.464469841046359,2.7281014326668536,9.524298840955947,median-range,5,9996584
0830-172036__NetHackChallenge-v0__exp1/NetHackChallenge-v0__action__max_episode_steps5000__discountprimitive__ent_coef0.01__exp1,0830-172036__NetHackChallenge-v0__exp1,NetHackChallenge-v0,action,-,0,10000000,5000,0,0.999,primitive,exp1,0,79836.41686451365,5.606670006594473,4.035289894590983,13.125156240505223,median-range,5,9996584
0830-172036__NetHackChallenge-v0__exp1/NetHackChallenge-v0__action__max_episode_steps5000__discountprimitive__ent_coef0.01__exp1,0830-172036__NetHackChallenge-v0__exp1,NetHackChallenge-v0,action,-,0,10000000,5000,0,0.999,primitive,exp1,0,82096.79162221398,8.840654897060116,4.967360108847878,14.975237644510308,median-range,5,9996584
0830-172036__NetHackChallenge-v0__exp1/NetHackChallenge-v0__action__max_episode_steps5000__discountprimitive__ent_coef0.01__exp1,0830-172036__NetHackChallenge-v0__exp1,NetHackChallenge-v0,action,-,0,10000000,5000,0,0.999,primitive,exp1,0,84421.16341592756,8.962271919033915,4.985883010539771,13.435998281995765,median-range,5,9996584
0830-172036__NetHackChallenge-v0__exp1/NetHackChallenge-v0__action__max_episode_steps5000__discountprimitive__ent_coef0.01__exp1,0830-172036__NetHackChallenge-v0__exp1,NetHackChallenge-v0,action,-,0,10000000,5000,0,0.999,primitive,exp1,0,86811.34416671067,8.844264525576506,4.941785036480276,12.890978298822368,median-range,5,9996584
0830-172036__NetHackChallenge-v0__exp1/NetHackChallenge-v0__action__max_episode_steps5000__discountprimitive__ent_coef0.01__exp1,0830-172036__NetHackChallenge-v0__exp1,NetHackChallenge-v0,action,-,0,10000000,5000,0,0.999,primitive,exp1,0,89269.19709577528,8.786401275932588,4.896438535102741,12.607394717533012,median-range,5,9996584
0830-172036__NetHackChallenge-v0__exp1/NetHackChallenge-v0__action__max_episode_steps5000__discountprimitive__ent_coef0.01__exp1,0830-172036__NetHackChallenge-v0__exp1,NetHackChallenge-v0,action,-,0,10000000,5000,0,0.999,primitive,exp1,0,91796.63817692875,8.753086409866768,4.849808157380433,12.283065465091202,median-range,5,9996584
0830-172036__NetHackChallenge-v0__exp1/NetHackChallenge-v0__action__max_episode_steps5000__discountprimitive__ent_coef0.01__exp1,0830-172036__NetHackChallenge-v0__exp1,NetHackChallenge-v0,action,-,0,10000000,5000,0,0.999,primitive,exp1,0,94395.63763013578,8.332796145866642,4.801857553464552,11.917535979501928,median-range,5,9996584
0830-172036__NetHackChallenge-v0__exp1/NetHackChallenge-v0__action__max_episode_steps5000__discountprimitive__ent_coef0.01__exp1,0830-172036__NetHackChallenge-v0__exp1,NetHackChallenge-v0,action,-,0,10000000,5000,0,0.999,primitive,exp1,0,97068.22145736695,8.253822874718134,4.752549344348378,11.686261730880506,median-range,5,9996584
0830-172036__NetHackChallenge-v0__exp1/NetHackChallenge-v0__action__max_episode_steps5000__discountprimitive__ent_coef0.01__exp1,0830-172036__NetHackChallenge-v0__exp1,NetHackChallenge-v0,action,-,0,10000000,5000,0,0.999,primitive,exp1,0,99816.47302193113,8.172613666692095,4.655367977496812,11.682649135058451,median-range,5,9996584
0830-172036__NetHackChallenge-v0__exp1/NetHackChallenge-v0__action__max_episode_steps5000__discountprimitive__ent_coef0.01__exp1,0830-172036__NetHackChallenge-v0__exp1,NetHackChallenge-v0,action,-,0,10000000,5000,0,0.999,primitive,exp1,0,102642.53467252274,8.089105216651896,4.484305205073994,11.678934257336397,median-range,5,9996584
0830-172036__NetHackChallenge-v0__exp1/NetHackChallenge-v0__action__max_episode_steps5000__discountprimitive__ent_coef0.01__exp1,0830-172036__NetHackChallenge-v0__exp1,NetHackChallenge-v0,action,-,0,10000000,5000,0,0.999,primitive,exp1,0,105548.6094132502,8.003232427129307,4.22611286451804,11.675114201850102,median-range,5,9996584
0830-172036__NetHackChallenge-v0__exp1/NetHackChallenge-v0__action__max_episode_steps5000__discountprimitive__ent_coef0.01__exp1,0830-172036__NetHackChallenge-v0__exp1,NetHackChallenge-v0,action,-,0,10000000,5000,0,0.999,primitive,exp1,0,108536.96262094691,7.909582094542839,4.047381852022115,11.67118599074594,median-range,5,9996584
0830-172036__NetHackChallenge-v0__exp1/NetHackChallenge-v0__action__max_episode_steps5000__discountprimitive__ent_coef0.01__exp1,0830-172036__NetHackChallenge-v0__exp1,NetHackChallenge-v0,action,-,0,10000000,5000,0,0.999,primitive,exp1,0,111609.92381110399,7.81307138879642,4.019189396158369,11.667146561859575,median-range,5,9996584
0830-172036__NetHackChallenge-v0__exp1/NetHackChallenge-v0__action__max_episode_steps5000__discountprimitive__ent_coef0.01__exp1,0830-172036__NetHackChallenge-v0__exp1,NetHackChallenge-v0,action,-,0,10000000,5000,0,0.999,primitive,exp1,0,114769.88845380092,7.7138282161923355,3.948368287887783,11.396915082747254,median-range,5,9996584
0830-172036__NetHackChallenge-v0__exp1/NetHackChallenge-v0__action__max_episode_steps5000__discountprimitive__ent_coef0.01__exp1,0830-172036__NetHackChallenge-v0__exp1,NetHackChallenge-v0,action,-,0,10000000,5000,0,0.999,primitive,exp1,0,118019.31984105,7.711302943534758,3.875542051484769,11.083292811935035,median-range,5,9996584
0830-172036__NetHackChallenge-v0__exp1/NetHackChallenge-v0__action__max_episode_steps5000__discountprimitive__ent_coef0.01__exp1,0830-172036__NetHackChallenge-v0__exp1,NetHackChallenge-v0,action,-,0,10000000,5000,0,0.999,primitive,exp1,0,121360.75100701013,7.5003361156157915,3.7187903092801773,11.478722047066881,median-range,5,9996584
0830-172036__NetHackChallenge-v0__exp1/NetHackChallenge-v0__action__max_episode_steps5000__discountprimitive__ent_coef0.01__exp1,0830-172036__NetHackChallenge-v0__exp1,NetHackChallenge-v0,action,-,0,10000000,5000,0,0.999,primitive,exp1,0,124796.78670256663,7.818422855602964,3.547397848698256,11.962909420498363,median-range,5,9996584
0830-172036__NetHackChallenge-v0__exp1/NetHackChallenge-v0__action__max_episode_steps5000__discountprimitive__ent_coef0.01__exp1,0830-172036__NetHackChallenge-v0__exp1,NetHackChallenge-v0,action,-,0,10000000,5000,0,0.999,primitive,exp1,0,128330.10542581683,7.915658504689437,3.481115772888236,11.20745547727163,median-range,5,9996584
0830-172036__NetHackChallenge-v0__exp1/NetHackChallenge-v0__action__max_episode_steps5000__discountprimitive__ent_coef0.01__exp1,0830-172036__NetHackChallenge-v0__exp1,NetHackChallenge-v0,action,-,0,10000000,5000,0,0.999,primitive,exp1,0,131963.4615100435,7.896020316365608,3.4203244573506133,11.259004426911941,median-range,5,9996584
0830-172036__NetHackChallenge-v0__exp1/NetHackChallenge-v0__action__max_episode_steps5000__discountprimitive__ent_coef0.01__exp1,0830-172036__NetHackChallenge-v0__exp1,NetHackChallenge-v0,action,-,0,10000000,5000,0,0.999,primitive,exp1,0,135699.68727080434,7.8758261203085,3.4012613116751793,12.490181052493416,median-range,5,9996584
0830-172036__NetHackChallenge-v0__exp1/NetHackChallenge-v0__action__max_episode_steps5000__discountprimitive__ent_coef0.01__exp1,0830-172036__NetHackChallenge-v0__exp1,NetHackChallenge-v0,action,-,0,10000000,5000,0,0.999,primitive,exp1,0,139541.6952138123,8.254267517816515,3.38165843920614,12.238159126316473,median-range,5,9996584
0830-172036__NetHackChallenge-v0__exp1/NetHackChallenge-v0__action__max_episode_steps5000__discountprimitive__ent_coef0.01__exp1,0830-172036__NetHackChallenge-v0__exp1,NetHackChallenge-v0,action,-,0,10000000,5000,0,0.999,primitive,exp1,0,143492.48030532373,8.660545080859594,3.3615005588867026,12.295941704042491,median-range,5,9996584
0830-172036__NetHackChallenge-v0__exp1/NetHackChallenge-v0__action__max_episode_steps5000__discountprimitive__ent_coef0.01__exp1,0830-172036__NetHackChallenge-v0__exp1,NetHackChallenge-v0,action,-,0,10000000,5000,0,0.999,primitive,exp1,0,147555.1223068103,8.42059439300208,3.3407719570139656,12.628481692841548,median-range,5,9996584
0830-172036__NetHackChallenge-v0__exp1/NetHackChallenge-v0__action__max_episode_steps5000__discountprimitive__ent_coef0.01__exp1,0830-172036__NetHackChallenge-v0__exp1,NetHackChallenge-v0,action,-,0,10000000,5000,0,0.999,primitive,exp1,0,151732.7881757297,8.413816385050636,3.3194564749895923,14.2603589413014,median-range,5,9996584
0830-172036__NetHackChallenge-v0__exp1/NetHackChallenge-v0__action__max_episode_steps5000__discountprimitive__ent_coef0.01__exp1,0830-172036__NetHackChallenge-v0__exp1,NetHackChallenge-v0,action,-,0,10000000,5000,0,0.999,primitive,exp1,0,156028.73453426867,8.980545696029843,3.297537496723675,14.03430129298663,median-range,5,9996584
0830-172036__NetHackChallenge-v0__exp1/NetHackChallenge-v0__action__max_episode_steps5000__discountprimitive__ent_coef0.01__exp1,0830-172036__NetHackChallenge-v0__exp1,NetHackChallenge-v0,action,-,0,10000000,5000,0,0.999,primitive,exp1,0,160446.31020798293,8.80820641624744,4.739051190472544,12.870375798533775,median-range,5,9996584
0830-172036__NetHackChallenge-v0__exp1/NetHackChallenge-v0__action__max_episode_steps5000__discountprimitive__ent_coef0.01__exp1,0830-172036__NetHackChallenge-v0__exp1,NetHackChallenge-v0,action,-,0,10000000,5000,0,0.999,primitive,exp1,0,164988.95883631185,8.34598656097505,4.526428422036187,13.159985324241102,median-range,5,9996584
0830-172036__NetHackChallenge-v0__exp1/NetHackChallenge-v0__action__max_episode_steps5000__discountprimitive__ent_coef0.01__exp1,0830-172036__NetHackChallenge-v0__exp1,NetHackChallenge-v0,action,-,0,10000000,5000,0,0.999,primitive,exp1,0,169660.2215570042,8.153823452036082,4.682478847692984,13.942348634260824,median-range,5,9996584
0830-172036__NetHackChallenge-v0__exp1/NetHackChallenge-v0__action__max_episode_steps5000__discountprimitive__ent_coef0.01__exp1,0830-172036__NetHackChallenge-v0__exp1,NetHackChallenge-v0,action,-,0,10000000,5000,0,0.999,primitive,exp1,0,174463.73976654644,9.019619286356063,4.842947463155087,14.349719910882015,median-range,5,9996584
0830-172036__NetHackChallenge-v0__exp1/NetHackChallenge-v0__action__max_episode_steps5000__discountprimitive__ent_coef0.01__exp1,0830-172036__NetHackChallenge-v0__exp1,NetHackChallenge-v0,action,-,0,10000000,5000,0,0.999,primitive,exp1,0,179403.25795874608,8.93128849296088,5.0876816267147635,14.681852111252804,median-range,5,9996584
0830-172036__NetHackChallenge-v0__exp1/NetHackChallenge-v0__action__max_episode_steps5000__discountprimitive__ent_coef0.01__exp1,0830-172036__NetHackChallenge-v0__exp1,NetHackChallenge-v0,action,-,0,10000000,5000,0,0.999,primitive,exp1,0,184482.62664368263,8.840456827112252,6.368396032144523,14.903224864761823,median-range,5,9996584
0830-172036__NetHackChallenge-v0__exp1/NetHackChallenge-v0__action__max_episode_steps5000__discountprimitive__ent_coef0.01__exp1,0830-172036__NetHackChallenge-v0__exp1,NetHackChallenge-v0,action,-,0,10000000,5000,0,0.999,primitive,exp1,0,189705.8053493014,8.747686255635058,6.141498608047268,14.829425165570521,median-range,5,9996584
0830-172036__NetHackChallenge-v0__exp1/NetHackChallenge-v0__action__max_episode_steps5000__discountprimitive__ent_coef0.01__exp1,0830-172036__NetHackChallenge-v0__exp1,NetHackChallenge-v0,action,-,0,10000000,5000,0,0.999,primitive,exp1,0,195076.86570799057,8.64499283354642,6.058057531781503,14.600183771792022,median-range,5,9996584
0830-172036__NetHackChallenge-v0__exp1/NetHackChallenge-v0__action__max_episode_steps5000__discountprimitive__ent_coef0.01__exp1,0830-172036__NetHackChallenge-v0__exp1,NetHackChallenge-v0,action,-,0,10000000,5000,0,0.999,primitive,exp1,0,200599.99463054663,8.610537832373616,5.881895586134265,14.226524914377647,median-range,5,9996584
0830-172036__NetHackChallenge-v0__exp1/NetHackChallenge-v0__action__max_episode_steps5000__discountprimitive__ent_coef0.01__exp1,0830-172036__NetHackChallenge-v0__exp1,NetHackChallenge-v0,action,-,0,10000000,5000,0,0.999,primitive,exp1,0,206279.49757000347,8.5896721433385,5.840462798886181,14.144512751242983,median-range,5,9996584
0830-172036__NetHackChallenge-v0__exp1/NetHackChallenge-v0__action__max_episode_steps5000__discountprimitive__ent_coef0.01__exp1,0830-172036__NetHackChallenge-v0__exp1,NetHackChallenge-v0,action,-,0,10000000,5000,0,0.999,primitive,exp1,0,212119.80187786868,8.506312183367886,5.9059907307399255,13.854743633675213,median-range,5,9996584
0830-172036__NetHackChallenge-v0__exp1/NetHackChallenge-v0__action__max_episode_steps5000__discountprimitive__ent_coef0.01__exp1,0830-172036__NetHackChallenge-v0__exp1,NetHackChallenge-v0,action,-,0,10000000,5000,0,0.999,primitive,exp1,0,218125.46025538343,8.439143001152617,5.973373927257386,13.934008640169061,median-range,5,9996584
0830-172036__NetHackChallenge-v0__exp1/NetHackChallenge-v0__action__max_episode_steps5000__discountprimitive__ent_coef0.01__exp1,0830-172036__NetHackChallenge-v0__exp1,NetHackChallenge-v0,action,-,0,10000000,5000,0,0.999,primitive,exp1,0,224301.15430249675,8.370072086245207,6.042664915763555,13.445628042287392,median-range,5,9996584
0830-172036__NetHackChallenge-v0__exp1/NetHackChallenge-v0__action__max_episode_steps5000__discountprimitive__ent_coef0.01__exp1,0830-172036__NetHackChallenge-v0__exp1,NetHackChallenge-v0,action,-,0,10000000,5000,0,0.999,primitive,exp1,0,230651.69816732,8.278784553322858,5.955548406159171,13.263610621399458,median-range,5,9996584
0830-172036__NetHackChallenge-v0__exp1/NetHackChallenge-v0__action__max_episode_steps5000__discountprimitive__ent_coef0.01__exp1,0830-172036__NetHackChallenge-v0__exp1,NetHackChallenge-v0,action,-,0,10000000,5000,0,0.999,primitive,exp1,0,237182.04229890718,8.147048628376542,5.704049328788945,12.807503146253975,median-range,5,9996584
0830-172036__NetHackChallenge-v0__exp1/NetHackChallenge-v0__action__max_episode_steps5000__discountprimitive__ent_coef0.01__exp1,0830-172036__NetHackChallenge-v0__exp1,NetHackChallenge-v0,action,-,0,10000000,5000,0,0.999,primitive,exp1,0,243897.27730628583,8.196761815718443,5.11501738918987,13.611399691921909,median-range,5,9996584
0830-172036__NetHackChallenge-v0__exp1/NetHackChallenge-v0__action__max_episode_steps5000__discountprimitive__ent_coef0.01__exp1,0830-172036__NetHackChallenge-v0__exp1,NetHackChallenge-v0,action,-,0,10000000,5000,0,0.999,primitive,exp1,0,250802.63792674738,8.417884734183076,5.072518485396125,13.918701586225172,median-range,5,9996584
0830-172036__NetHackChallenge-v0__exp1/NetHackChallenge-v0__action__max_episode_steps5000__discountprimitive__ent_coef0.01__exp1,0830-172036__NetHackChallenge-v0__exp1,NetHackChallenge-v0,action,-,0,10000000,5000,0,0.999,primitive,exp1,0,257903.50710648956,8.198268988922655,5.028816328085524,13.780794645392948,median-range,5,9996584
0830-172036__NetHackChallenge-v0__exp1/NetHackChallenge-v0__action__max_episode_steps5000__discountprimitive__ent_coef0.01__exp1,0830-172036__NetHackChallenge-v0__exp1,NetHackChallenge-v0,action,-,0,10000000,5000,0,0.999,primitive,exp1,0,265205.42019679275,8.934469738267675,4.904781577632725,13.514893437335372,median-range,5,9996584
0830-172036__NetHackChallenge-v0__exp1/NetHackChallenge-v0__action__max_episode_steps5000__discountprimitive__ent_coef0.01__exp1,0830-172036__NetHackChallenge-v0__exp1,NetHackChallenge-v0,action,-,0,10000000,5000,0,0.999,primitive,exp1,0,272714.06926900015,8.738139175551598,4.781854159210333,13.153976697483666,median-range,5,9996584
0830-172036__NetHackChallenge-v0__exp1/NetHackChallenge-v0__action__max_episode_steps5000__discountprimitive__ent_coef0.01__exp1,0830-172036__NetHackChallenge-v0__exp1,NetHackChallenge-v0,action,-,0,10000000,5000,0,0.999,primitive,exp1,0,280435.3075516689,8.570595199391683,5.045031311370474,12.749104777565499,median-range,5,9996584
0830-172036__NetHackChallenge-v0__exp1/NetHackChallenge-v0__action__max_episode_steps5000__discountprimitive__ent_coef0.01__exp1,0830-172036__NetHackChallenge-v0__exp1,NetHackChallenge-v0,action,-,0,10000000,5000,0,0.999,primitive,exp1,0,288375.153993343,8.454383298285324,4.846286583198125,12.66534366156906,median-range,5,9996584
0830-172036__NetHackChallenge-v0__exp1/NetHackChallenge-v0__action__max_episode_steps5000__discountprimitive__ent_coef0.01__exp1,0830-172036__NetHackChallenge-v0__exp1,NetHackChallenge-v0,action,-,0,10000000,5000,0,0.999,primitive,exp1,0,296539.79795451544,8.34145195199183,4.828130004883944,12.254447301759733,median-range,5,9996584
0830-172036__NetHackChallenge-v0__exp1/NetHackChallenge-v0__action__max_episode_steps5000__discountprimitive__ent_coef0.01__exp1,0830-172036__NetHackChallenge-v0__exp1,NetHackChallenge-v0,action,-,0,10000000,5000,0,0.999,primitive,exp1,0,304935.60403242917,8.37595199678091,4.774477559051578,12.158890673175158,median-range,5,9996584
0830-172036__NetHackChallenge-v0__exp1/NetHackChallenge-v0__action__max_episode_steps5000__discountprimitive__ent_coef0.01__exp1,0830-172036__NetHackChallenge-v0__exp1,NetHackChallenge-v0,action,-,0,10000000,5000,0,0.999,primitive,exp1,0,313569.1170224814,8.182318137413743,4.707675204840273,12.198521771185792,median-range,5,9996584
0830-172036__NetHackChallenge-v0__exp1/NetHackChallenge-v0__action__max_episode_steps5000__discountprimitive__ent_coef0.01__exp1,0830-172036__NetHackChallenge-v0__exp1,NetHackChallenge-v0,action,-,0,10000000,5000,0,0.999,primitive,exp1,0,322447.06702009763,8.399263142296247,4.57562782460939,12.201589325800995,median-range,5,9996584
0830-172036__NetHackChallenge-v0__exp1/NetHackChallenge-v0__action__max_episode_steps5000__discountprimitive__ent_coef0.01__exp1,0830-172036__NetHackChallenge-v0__exp1,NetHackChallenge-v0,action,-,0,10000000,5000,0,0.999,primitive,exp1,0,331576.3746670531,8.71112399414647,4.573153810426281,11.72469164812204,median-range,5,9996584
0830-172036__NetHackChallenge-v0__exp1/NetHackChallenge-v0__action__max_episode_steps5000__discountprimitive__ent_coef0.01__exp1,0830-172036__NetHackChallenge-v0__exp1,NetHackChallenge-v0,action,-,0,10000000,5000,0,0.999,primitive,exp1,0,340964.1565463315,8.589097638356826,4.700226441082249,11.647779085181618,median-range,5,9996584
0830-172036__NetHackChallenge-v0__exp1/NetHackChallenge-v0__action__max_episode_steps5000__discountprimitive__ent_coef0.01__exp1,0830-172036__NetHackChallenge-v0__exp1,NetHackChallenge-v0,action,-,0,10000000,5000,0,0.999,primitive,exp1,0,350617.7307297249,8.26922617611182,4.572318073518202,11.427852368188566,median-range,5,9996584
0830-172036__NetHackChallenge-v0__exp1/NetHackChallenge-v0__action__max_episode_steps5000__discountprimitive__ent_coef0.01__exp1,0830-172036__NetHackChallenge-v0__exp1,NetHackChallenge-v0,action,-,0,10000000,5000,0,0.999,primitive,exp1,0,360544.6224825023,8.159200440802149,4.515214564287905,11.214241286419323,median-range,5,9996584
0830-172036__NetHackChallenge-v0__exp1/NetHackChallenge-v0__action__max_episode_steps5000__discountprimitive__ent_coef0.01__exp1,0830-172036__NetHackChallenge-v0__exp1,NetHackChallenge-v0,action,-,0,10000000,5000,0,0.999,primitive,exp1,0,370752.5701295902,8.104697570429293,4.679913565839333,11.164063997222643,median-range,5,9996584
0830-172036__NetHackChallenge-v0__exp1/NetHackChallenge-v0__action__max_episode_steps5000__discountprimitive__ent_coef0.01__exp1,0830-172036__NetHackChallenge-v0__exp1,NetHackChallenge-v0,action,-,0,10000000,5000,0,0.999,primitive,exp1,0,381249.53108784114,7.878435003647872,4.645770270638911,10.951094351506004,median-range,5,9996584
0830-172036__NetHackChallenge-v0__exp1/NetHackChallenge-v0__action__max_episode_steps5000__discountprimitive__ent_coef0.01__exp1,0830-172036__NetHackChallenge-v0__exp1,NetHackChallenge-v0,action,-,0,10000000,5000,0,0.999,primitive,exp1,0,392043.6880690907,7.989999838154987,4.593653121442601,10.922198474843457,median-range,5,9996584
0830-172036__NetHackChallenge-v0__exp1/NetHackChallenge-v0__action__max_episode_steps5000__discountprimitive__ent_coef0.01__exp1,0830-172036__NetHackChallenge-v0__exp1,NetHackChallenge-v0,action,-,0,10000000,5000,0,0.999,primitive,exp1,0,403143.45545883937,7.697044517474602,4.413289558391083,11.370936909838669,median-range,5,9996584
0830-172036__NetHackChallenge-v0__exp1/NetHackChallenge-v0__action__max_episode_steps5000__discountprimitive__ent_coef0.01__exp1,0830-172036__NetHackChallenge-v0__exp1,NetHackChallenge-v0,action,-,0,10000000,5000,0,0.999,primitive,exp1,0,414557.48587553116,7.52830044887598,4.534533891372124,11.065416898041088,median-range,5,9996584
0830-172036__NetHackChallenge-v0__exp1/NetHackChallenge-v0__action__max_episode_steps5000__discountprimitive__ent_coef0.01__exp1,0830-172036__NetHackChallenge-v0__exp1,NetHackChallenge-v0,action,-,0,10000000,5000,0,0.999,primitive,exp1,0,426294.6769155423,7.312065069796175,4.745572718072028,10.960017939844372,median-range,5,9996584
0830-172036__NetHackChallenge-v0__exp1/NetHackChallenge-v0__action__max_episode_steps5000__discountprimitive__ent_coef0.01__exp1,0830-172036__NetHackChallenge-v0__exp1,NetHackChallenge-v0,action,-,0,10000000,5000,0,0.999,primitive,exp1,0,438364.1780891377,7.024289665658596,4.653974039590236,11.108047791820534,median-range,5,9996584
0830-172036__NetHackChallenge-v0__exp1/NetHackChallenge-v0__action__max_episode_steps5000__discountprimitive__ent_coef0.01__exp1,0830-172036__NetHackChallenge-v0__exp1,NetHackChallenge-v0,action,-,0,10000000,5000,0,0.999,primitive,exp1,0,450775.3979528033,6.9684845996982485,4.491062779283351,11.019132133703774,median-range,5,9996584
0830-172036__NetHackChallenge-v0__exp1/NetHackChallenge-v0__action__max_episode_steps5000__discountprimitive__ent_coef0.01__exp1,0830-172036__NetHackChallenge-v0__exp1,NetHackChallenge-v0,action,-,0,10000000,5000,0,0.999,primitive,exp1,0,463538.01144351135,7.033888844996666,4.437300149385572,10.88,median-range,5,9996584
0830-172036__NetHackChallenge-v0__exp1/NetHackChallenge-v0__action__max_episode_steps5000__discountprimitive__ent_coef0.01__exp1,0830-172036__NetHackChallenge-v0__exp1,NetHackChallenge-v0,action,-,0,10000000,5000,0,0.999,primitive,exp1,0,476661.96742063935,6.9106678916448345,4.363779215001619,10.419970495097216,median-range,5,9996584
0830-172036__NetHackChallenge-v0__exp1/NetHackChallenge-v0__action__max_episode_steps5000__discountprimitive__ent_coef0.01__exp1,0830-172036__NetHackChallenge-v0__exp1,NetHackChallenge-v0,action,-,0,10000000,5000,0,0.999,primitive,exp1,0,490157.4964214191,6.5776895604005405,4.249204669616895,10.650264331549968,median-range,5,9996584
0830-172036__NetHackChallenge-v0__exp1/NetHackChallenge-v0__action__max_episode_steps5000__discountprimitive__ent_coef0.01__exp1,0830-172036__NetHackChallenge-v0__exp1,NetHackChallenge-v0,action,-,0,10000000,5000,0,0.999,primitive,exp1,0,504035.118635963,6.430449043701645,4.112098118826236,10.740168203182694,median-range,5,9996584
0830-172036__NetHackChallenge-v0__exp1/NetHackChallenge-v0__action__max_episode_steps5000__discountprimitive__ent_coef0.01__exp1,0830-172036__NetHackChallenge-v0__exp1,NetHackChallenge-v0,action,-,0,10000000,5000,0,0.999,primitive,exp1,0,518305.6521080836,6.478601573162355,4.22,10.461324953956352,median-range,5,9996584
0830-172036__NetHackChallenge-v0__exp1/NetHackChallenge-v0__action__max_episode_steps5000__discountprimitive__ent_coef0.01__exp1,0830-172036__NetHackChallenge-v0__exp1,NetHackChallenge-v0,action,-,0,10000000,5000,0,0.999,primitive,exp1,0,532980.2211682998,6.337905911824011,4.16,10.743805857284292,median-range,5,9996584
0830-172036__NetHackChallenge-v0__exp1/NetHackChallenge-v0__action__max_episode_steps5000__discountprimitive__ent_coef0.01__exp1,0830-172036__NetHackChallenge-v0__exp1,NetHackChallenge-v0,action,-,0,10000000,5000,0,0.999,primitive,exp1,0,548070.265105603,6.23,4.247020865192555,10.899340771052358,median-range,5,9996584
0830-172036__NetHackChallenge-v0__exp1/NetHackChallenge-v0__action__max_episode_steps5000__discountprimitive__ent_coef0.01__exp1,0830-172036__NetHackChallenge-v0__exp1,NetHackChallenge-v0,action,-,0,10000000,5000,0,0.999,primitive,exp1,0,563587.547084743,6.48,4.300924569285168,9.84,median-range,5,9996584
0830-172036__NetHackChallenge-v0__exp1/NetHackChallenge-v0__action__max_episode_steps5000__discountprimitive__ent_coef0.01__exp1,0830-172036__NetHackChallenge-v0__exp1,NetHackChallenge-v0,action,-,0,10000000,5000,0,0.999,primitive,exp1,0,579544.1633159862,5.389226817527714,3.99,9.839801513186579,median-range,5,9996584
0830-172036__NetHackChallenge-v0__exp1/NetHackChallenge-v0__action__max_episode_steps5000__discountprimitive__ent_coef0.01__exp1,0830-172036__NetHackChallenge-v0__exp1,NetHackChallenge-v0,action,-,0,10000000,5000,0,0.999,primitive,exp1,0,595952.5524844921,5.541237699936328,4.184928660197364,9.597133783424182,median-range,5,9996584
0830-172036__NetHackChallenge-v0__exp1/NetHackChallenge-v0__action__max_episode_steps5000__discountprimitive__ent_coef0.01__exp1,0830-172036__NetHackChallenge-v0__exp1,NetHackChallenge-v0,action,-,0,10000000,5000,0,0.999,primitive,exp1,0,612825.5054466607,5.480541828069339,3.8660828489094805,8.42660155621486,median-range,5,9996584
0830-172036__NetHackChallenge-v0__exp1/NetHackChallenge-v0__action__max_episode_steps5000__discountprimitive__ent_coef0.01__exp1,0830-172036__NetHackChallenge-v0__exp1,NetHackChallenge-v0,action,-,0,10000000,5000,0,0.999,primitive,exp1,0,630176.1752010079,5.314977734082305,3.32,8.033019721847007,median-range,5,9996584
0830-172036__NetHackChallenge-v0__exp1/NetHackChallenge-v0__action__max_episode_steps5000__discountprimitive__ent_coef0.01__exp1,0830-172036__NetHackChallenge-v0__exp1,NetHackChallenge-v0,action,-,0,10000000,5000,0,0.999,primitive,exp1,0,648018.0871413425,5.5090027727596835,3.284293834642945,8.198468615845727,median-range,5,9996584
0830-172036__NetHackChallenge-v0__exp1/NetHackChallenge-v0__action__max_episode_steps5000__discountprimitive__ent_coef0.01__exp1,0830-172036__NetHackChallenge-v0__exp1,NetHackChallenge-v0,action,-,0,10000000,5000,0,0.999,primitive,exp1,0,666365.1496002366,5.459798689904432,2.7980873123042955,8.320806917306218,median-range,5,9996584
0830-172036__NetHackChallenge-v0__exp1/NetHackChallenge-v0__action__max_episode_steps5000__discountprimitive__ent_coef0.01__exp1,0830-172036__NetHackChallenge-v0__exp1,NetHackChallenge-v0,action,-,0,10000000,5000,0,0.999,primitive,exp1,0,685231.6646910093,5.37577733330888,2.64,9.010034035722782,median-range,5,9996584
0830-172036__NetHackChallenge-v0__exp1/NetHackChallenge-v0__action__max_episode_steps5000__discountprimitive__ent_coef0.01__exp1,0830-172036__NetHackChallenge-v0__exp1,NetHackChallenge-v0,action,-,0,10000000,5000,0,0.999,primitive,exp1,0,704632.3394566735,5.52,2.4,9.33,median-range,5,9996584
0830-172036__NetHackChallenge-v0__exp1/NetHackChallenge-v0__action__max_episode_steps5000__discountprimitive__ent_coef0.01__exp1,0830-172036__NetHackChallenge-v0__exp1,NetHackChallenge-v0,action,-,0,10000000,5000,0,0.999,primitive,exp1,0,724582.2973345444,5.725719307001512,2.4,9.286224669814747,median-range,5,9996584
0830-172036__NetHackChallenge-v0__exp1/NetHackChallenge-v0__action__max_episode_steps5000__discountprimitive__ent_coef0.01__exp1,0830-172036__NetHackChallenge-v0__exp1,NetHackChallenge-v0,action,-,0,10000000,5000,0,0.999,primitive,exp1,0,745097.0899454276,6.71,2.2046632243360285,9.370088693638538,median-range,5,9996584
0830-172036__NetHackChallenge-v0__exp1/NetHackChallenge-v0__action__max_episode_steps5000__discountprimitive__ent_coef0.01__exp1,0830-172036__NetHackChallenge-v0__exp1,NetHackChallenge-v0,action,-,0,10000000,5000,0,0.999,primitive,exp1,0,766192.7092166027,6.169274231949773,1.8393117897887017,9.082372993488129,median-range,5,9996584
0830-172036__NetHackChallenge-v0__exp1/NetHackChallenge-v0__action__max_episode_steps5000__discountprimitive__ent_coef0.01__exp1,0830-172036__NetHackChallenge-v0__exp1,NetHackChallenge-v0,action,-,0,10000000,5000,0,0.999,primitive,exp1,0,787885.5998480337,7.342546471061281,1.7397305252493596,9.027353983605089,median-range,5,9996584
0830-172036__NetHackChallenge-v0__exp1/NetHackChallenge-v0__action__max_episode_steps5000__discountprimitive__ent_coef0.01__exp1,0830-172036__NetHackChallenge-v0__exp1,NetHackChallenge-v0,action,-,0,10000000,5000,0,0.999,primitive,exp1,0,810192.6721315304,7.032461696541164,2.1909863908231566,8.246496351469343,median-range,5,9996584
0830-172036__NetHackChallenge-v0__exp1/NetHackChallenge-v0__action__max_episode_steps5000__discountprimitive__ent_coef0.01__exp1,0830-172036__NetHackChallenge-v0__exp1,NetHackChallenge-v0,action,-,0,10000000,5000,0,0.999,primitive,exp1,0,833131.3151328535,6.965537411697288,2.09723641105105,7.821359625889232,median-range,5,9996584
0830-172036__NetHackChallenge-v0__exp1/NetHackChallenge-v0__action__max_episode_steps5000__discountprimitive__ent_coef0.01__exp1,0830-172036__NetHackChallenge-v0__exp1,NetHackChallenge-v0,action,-,0,10000000,5000,0,0.999,primitive,exp1,0,856719.4102470397,6.855299867122623,2.040647954808544,7.96,median-range,5,9996584
0830-172036__NetHackChallenge-v0__exp1/NetHackChallenge-v0__action__max_episode_steps5000__discountprimitive__ent_coef0.01__exp1,0830-172036__NetHackChallenge-v0__exp1,NetHackChallenge-v0,action,-,0,10000000,5000,0,0.999,primitive,exp1,0,880975.3451375129,7.135122418563811,1.9417120471627691,7.800486925928999,median-range,5,9996584
0830-172036__NetHackChallenge-v0__exp1/NetHackChallenge-v0__action__max_episode_steps5000__discountprimitive__ent_coef0.01__exp1,0830-172036__NetHackChallenge-v0__exp1,NetHackChallenge-v0,action,-,0,10000000,5000,0,0.999,primitive,exp1,0,905918.0280698463,7.197250032333804,1.7772866563710876,7.998376469120198,median-range,5,9996584
0830-172036__NetHackChallenge-v0__exp1/NetHackChallenge-v0__action__max_episode_steps5000__discountprimitive__ent_coef0.01__exp1,0830-172036__NetHackChallenge-v0__exp1,NetHackChallenge-v0,action,-,0,10000000,5000,0,0.999,primitive,exp1,0,931566.9026513522,7.422814547240342,1.6778430690478756,7.977422228319519,median-range,5,9996584
0830-172036__NetHackChallenge-v0__exp1/NetHackChallenge-v0__action__max_episode_steps5000__discountprimitive__ent_coef0.01__exp1,0830-172036__NetHackChallenge-v0__exp1,NetHackChallenge-v0,action,-,0,10000000,5000,0,0.999,primitive,exp1,0,957941.9629879859,7.034049751505706,1.69,8.41,median-range,5,9996584
0830-172036__NetHackChallenge-v0__exp1/NetHackChallenge-v0__action__max_episode_steps5000__discountprimitive__ent_coef0.01__exp1,0830-172036__NetHackChallenge-v0__exp1,NetHackChallenge-v0,action,-,0,10000000,5000,0,0.999,primitive,exp1,0,985063.7692703818,7.358312277169802,1.4,7.628130206359758,median-range,5,9996584
0830-172036__NetHackChallenge-v0__exp1/NetHackChallenge-v0__action__max_episode_steps5000__discountprimitive__ent_coef0.01__exp1,0830-172036__NetHackChallenge-v0__exp1,NetHackChallenge-v0,action,-,0,10000000,5000,0,0.999,primitive,exp1,0,1012953.4638011693,7.55,2.38,7.896711965295285,median-range,5,9996584
0830-172036__NetHackChallenge-v0__exp1/NetHackChallenge-v0__action__max_episode_steps5000__discountprimitive__ent_coef0.01__exp1,0830-172036__NetHackChallenge-v0__exp1,NetHackChallenge-v0,action,-,0,10000000,5000,0,0.999,primitive,exp1,0,1041632.7874760648,7.04,3.19,8.610247673012436,median-range,5,9996584
0830-172036__NetHackChallenge-v0__exp1/NetHackChallenge-v0__action__max_episode_steps5000__discountprimitive__ent_coef0.01__exp1,0830-172036__NetHackChallenge-v0__exp1,NetHackChallenge-v0,action,-,0,10000000,5000,0,0.999,primitive,exp1,0,1071124.096731584,6.873705039382339,2.96,8.76,median-range,5,9996584
0830-172036__NetHackChallenge-v0__exp1/NetHackChallenge-v0__action__max_episode_steps5000__discountprimitive__ent_coef0.01__exp1,0830-172036__NetHackChallenge-v0__exp1,NetHackChallenge-v0,action,-,0,10000000,5000,0,0.999,primitive,exp1,0,1101450.3809725894,5.87,3.01,8.51,median-range,5,9996584
0830-172036__NetHackChallenge-v0__exp1/NetHackChallenge-v0__action__max_episode_steps5000__discountprimitive__ent_coef0.01__exp1,0830-172036__NetHackChallenge-v0__exp1,NetHackChallenge-v0,action,-,0,10000000,5000,0,0.999,primitive,exp1,0,1132635.280493255,6.604231051641914,3.4550502674960097,8.398854345371026,median-range,5,9996584
0830-172036__NetHackChallenge-v0__exp1/NetHackChallenge-v0__action__max_episode_steps5000__discountprimitive__ent_coef0.01__exp1,0830-172036__NetHackChallenge-v0__exp1,NetHackChallenge-v0,action,-,0,10000000,5000,0,0.999,primitive,exp1,0,1164703.1049054218,6.357882800210664,3.532652639841998,8.32,median-range,5,9996584
0830-172036__NetHackChallenge-v0__exp1/NetHackChallenge-v0__action__max_episode_steps5000__discountprimitive__ent_coef0.01__exp1,0830-172036__NetHackChallenge-v0__exp1,NetHackChallenge-v0,action,-,0,10000000,5000,0,0.999,primitive,exp1,0,1197678.852088705,7.244985400220458,3.816251975444121,8.38,median-range,5,9996584
0830-172036__NetHackChallenge-v0__exp1/NetHackChallenge-v0__action__max_episode_steps5000__discountprimitive__ent_coef0.01__exp1,0830-172036__NetHackChallenge-v0__exp1,NetHackChallenge-v0,action,-,0,10000000,5000,0,0.999,primitive,exp1,0,1231588.2276771294,7.168702312655848,3.9213656641075127,7.74,median-range,5,9996584
0830-172036__NetHackChallenge-v0__exp1/NetHackChallenge-v0__action__max_episode_steps5000__discountprimitive__ent_coef0.01__exp1,0830-172036__NetHackChallenge-v0__exp1,NetHackChallenge-v0,action,-,0,10000000,5000,0,0.999,primitive,exp1,0,1266457.6650974783,7.252646377176626,3.67,7.9642695975850355,median-range,5,9996584
0830-172036__NetHackChallenge-v0__exp1/NetHackChallenge-v0__action__max_episode_steps5000__discountprimitive__ent_coef0.01__exp1,0830-172036__NetHackChallenge-v0__exp1,NetHackChallenge-v0,action,-,0,10000000,5000,0,0.999,primitive,exp1,0,1302314.3461749936,7.16579195514195,4.63,9.014936203284703,median-range,5,9996584
0830-172036__NetHackChallenge-v0__exp1/NetHackChallenge-v0__action__max_episode_steps5000__discountprimitive__ent_coef0.01__exp1,0830-172036__NetHackChallenge-v0__exp1,NetHackChallenge-v0,action,-,0,10000000,5000,0,0.999,primitive,exp1,0,1339186.2223224489,7.586331730724566,5.877595123150719,9.142738339331437,median-range,5,9996584
0830-172036__NetHackChallenge-v0__exp1/NetHackChallenge-v0__action__max_episode_steps5000__discountprimitive__ent_coef0.01__exp1,0830-172036__NetHackChallenge-v0__exp1,NetHackChallenge-v0,action,-,0,10000000,5000,0,0.999,primitive,exp1,0,1377102.036329167,7.44,5.60624467772916,12.743024264197423,median-range,5,9996584
0830-172036__NetHackChallenge-v0__exp1/NetHackChallenge-v0__action__max_episode_steps5000__discountprimitive__ent_coef0.01__exp1,0830-172036__NetHackChallenge-v0__exp1,NetHackChallenge-v0,action,-,0,10000000,5000,0,0.999,primitive,exp1,0,1416091.3447669277,6.9535705710235,5.520646873720693,12.645989866511474,median-range,5,9996584
0830-172036__NetHackChallenge-v0__exp1/NetHackChallenge-v0__action__max_episode_steps5000__discountprimitive__ent_coef0.01__exp1,0830-172036__NetHackChallenge-v0__exp1,NetHackChallenge-v0,action,-,0,10000000,5000,0,0.999,primitive,exp1,0,1456184.5410302463,6.99,4.6965610974641026,12.582538763715531,median-range,5,9996584
0830-172036__NetHackChallenge-v0__exp1/NetHackChallenge-v0__action__max_episode_steps5000__discountprimitive__ent_coef0.01__exp1,0830-172036__NetHackChallenge-v0__exp1,NetHackChallenge-v0,action,-,0,10000000,5000,0,0.999,primitive,exp1,0,1497412.879028983,7.7465477368492275,4.79,12.48448486245764,median-range,5,9996584
0830-172036__NetHackChallenge-v0__exp1/NetHackChallenge-v0__action__max_episode_steps5000__discountprimitive__ent_coef0.01__exp1,0830-172036__NetHackChallenge-v0__exp1,NetHackChallenge-v0,action,-,0,10000000,5000,0,0.999,primitive,exp1,0,1539808.4975517492,7.5274959591707775,5.051872666554351,11.988406378675913,median-range,5,9996584
0830-172036__NetHackChallenge-v0__exp1/NetHackChallenge-v0__action__max_episode_steps5000__discountprimitive__ent_coef0.01__exp1,0830-172036__NetHackChallenge-v0__exp1,NetHackChallenge-v0,action,-,0,10000000,5000,0,0.999,primitive,exp1,0,1583404.4453191082,7.44,5.5,12.65,median-range,5,9996584
0830-172036__NetHackChallenge-v0__exp1/NetHackChallenge-v0__action__max_episode_steps5000__discountprimitive__ent_coef0.01__exp1,0830-172036__NetHackChallenge-v0__exp1,NetHackChallenge-v0,action,-,0,10000000,5000,0,0.999,primitive,exp1,0,1628234.7067460918,6.261583089149413,5.758207091626529,12.00922447371133,median-range,5,9996584
0830-172036__NetHackChallenge-v0__exp1/NetHackChallenge-v0__action__max_episode_steps5000__discountprimitive__ent_coef0.01__exp1,0830-172036__NetHackChallenge-v0__exp1,NetHackChallenge-v0,action,-,0,10000000,5000,0,0.999,primitive,exp1,0,1674334.2284341243,7.327853770822817,6.021860450098341,11.714154781392612,median-range,5,9996584
0830-172036__NetHackChallenge-v0__exp1/NetHackChallenge-v0__action__max_episode_steps5000__discountprimitive__ent_coef0.01__exp1,0830-172036__NetHackChallenge-v0__exp1,NetHackChallenge-v0,action,-,0,10000000,5000,0,0.999,primitive,exp1,0,1721738.946412999,7.672883085641585,7.013771652914276,11.048877417885635,median-range,5,9996584
0830-172036__NetHackChallenge-v0__exp1/NetHackChallenge-v0__action__max_episode_steps5000__discountprimitive__ent_coef0.01__exp1,0830-172036__NetHackChallenge-v0__exp1,NetHackChallenge-v0,action,-,0,10000000,5000,0,0.999,primitive,exp1,0,1770485.8141541455,7.58,6.12,10.047009952501883,median-range,5,9996584
0830-172036__NetHackChallenge-v0__exp1/NetHackChallenge-v0__action__max_episode_steps5000__discountprimitive__ent_coef0.01__exp1,0830-172036__NetHackChallenge-v0__exp1,NetHackChallenge-v0,action,-,0,10000000,5000,0,0.999,primitive,exp1,0,1820612.831377026,7.592051256275406,6.38,9.161402831696744,median-range,5,9996584
0830-172036__NetHackChallenge-v0__exp1/NetHackChallenge-v0__action__max_episode_steps5000__discountprimitive__ent_coef0.01__exp1,0830-172036__NetHackChallenge-v0__exp1,NetHackChallenge-v0,action,-,0,10000000,5000,0,0.999,primitive,exp1,0,1872159.0736711128,7.252634612231858,5.522410714437572,9.62,median-range,5,9996584
0830-172036__NetHackChallenge-v0__exp1/NetHackChallenge-v0__action__max_episode_steps5000__discountprimitive__ent_coef0.01__exp1,0830-172036__NetHackChallenge-v0__exp1,NetHackChallenge-v0,action,-,0,10000000,5000,0,0.999,primitive,exp1,0,1925164.7229565429,7.562638322190943,6.175841592437128,11.219898663810191,median-range,5,9996584
0830-172036__NetHackChallenge-v0__exp1/NetHackChallenge-v0__action__max_episode_steps5000__discountprimitive__ent_coef0.01__exp1,0830-172036__NetHackChallenge-v0__exp1,NetHackChallenge-v0,action,-,0,10000000,5000,0,0.999,primitive,exp1,0,1979671.0988071896,7.44,6.4,12.273878644698193,median-range,5,9996584
0830-172036__NetHackChallenge-v0__exp1/NetHackChallenge-v0__action__max_episode_steps5000__discountprimitive__ent_coef0.01__exp1,0830-172036__NetHackChallenge-v0__exp1,NetHackChallenge-v0,action,-,0,10000000,5000,0,0.999,primitive,exp1,0,2035720.6906605738,7.551822904636243,5.644839036718407,13.17060661613563,median-range,5,9996584
0830-172036__NetHackChallenge-v0__exp1/NetHackChallenge-v0__action__max_episode_steps5000__discountprimitive__ent_coef0.01__exp1,0830-172036__NetHackChallenge-v0__exp1,NetHackChallenge-v0,action,-,0,10000000,5000,0,0.999,primitive,exp1,0,2093357.1909397182,7.009098498522243,6.390374513957851,13.295948203774916,median-range,5,9996584
0830-172036__NetHackChallenge-v0__exp1/NetHackChallenge-v0__action__max_episode_steps5000__discountprimitive__ent_coef0.01__exp1,0830-172036__NetHackChallenge-v0__exp1,NetHackChallenge-v0,action,-,0,10000000,5000,0,0.999,primitive,exp1,0,2152625.5291127684,7.92,6.339541646016436,10.8,median-range,5,9996584
0830-172036__NetHackChallenge-v0__exp1/NetHackChallenge-v0__action__max_episode_steps5000__discountprimitive__ent_coef0.01__exp1,0830-172036__NetHackChallenge-v0__exp1,NetHackChallenge-v0,action,-,0,10000000,5000,0,0.999,primitive,exp1,0,2213571.906716929,7.07,6.4414704997106105,13.097197087711356,median-range,5,9996584
0830-172036__NetHackChallenge-v0__exp1/NetHackChallenge-v0__action__max_episode_steps5000__discountprimitive__ent_coef0.01__exp1,0830-172036__NetHackChallenge-v0__exp1,NetHackChallenge-v0,action,-,0,10000000,5000,0,0.999,primitive,exp1,0,2276243.833374017,7.400967937830175,6.874311899121801,13.070457753033164,median-range,5,9996584
0830-172036__NetHackChallenge-v0__exp1/NetHackChallenge-v0__action__max_episode_steps5000__discountprimitive__ent_coef0.01__exp1,0830-172036__NetHackChallenge-v0__exp1,NetHackChallenge-v0,action,-,0,10000000,5000,0,0.999,primitive,exp1,0,2340690.163825711,8.568247184221756,6.382056798516687,12.316112463947253,median-range,5,9996584
0830-172036__NetHackChallenge-v0__exp1/NetHackChallenge-v0__action__max_episode_steps5000__discountprimitive__ent_coef0.01__exp1,0830-172036__NetHackChallenge-v0__exp1,NetHackChallenge-v0,action,-,0,10000000,5000,0,0.999,primitive,exp1,0,2406961.13601736,9.635567636507536,6.539849060069986,10.927089457958132,median-range,5,9996584
0830-172036__NetHackChallenge-v0__exp1/NetHackChallenge-v0__action__max_episode_steps5000__discountprimitive__ent_coef0.01__exp1,0830-172036__NetHackChallenge-v0__exp1,NetHackChallenge-v0,action,-,0,10000000,5000,0,0.999,primitive,exp1,0,2475108.4102600445,9.484456523006772,7.278391864907469,11.28336774094701,median-range,5,9996584
0830-172036__NetHackChallenge-v0__exp1/NetHackChallenge-v0__action__max_episode_steps5000__discountprimitive__ent_coef0.01__exp1,0830-172036__NetHackChallenge-v0__exp1,NetHackChallenge-v0,action,-,0,10000000,5000,0,0.999,primitive,exp1,0,2545185.1095014196,10.230677112786504,7.01,10.97,median-range,5,9996584
0830-172036__NetHackChallenge-v0__exp1/NetHackChallenge-v0__action__max_episode_steps5000__discountprimitive__ent_coef0.01__exp1,0830-172036__NetHackChallenge-v0__exp1,NetHackChallenge-v0,action,-,0,10000000,5000,0,0.999,primitive,exp1,0,2617245.8607367235,10.244671456276194,5.3005959353222005,11.782675333384107,median-range,5,9996584
0830-172036__NetHackChallenge-v0__exp1/NetHackChallenge-v0__action__max_episode_steps5000__discountprimitive__ent_coef0.01__exp1,0830-172036__NetHackChallenge-v0__exp1,NetHackChallenge-v0,action,-,0,10000000,5000,0,0.999,primitive,exp1,0,2691346.837592243,9.565696287804553,5.669509118165506,12.815226502921087,median-range,5,9996584
0830-172036__NetHackChallenge-v0__exp1/NetHackChallenge-v0__action__max_episode_steps5000__discountprimitive__ent_coef0.01__exp1,0830-172036__NetHackChallenge-v0__exp1,NetHackChallenge-v0,action,-,0,10000000,5000,0,0.999,primitive,exp1,0,2767545.804114426,9.150938110048763,5.754659017566755,11.24832995562756,median-range,5,9996584
0830-172036__NetHackChallenge-v0__exp1/NetHackChallenge-v0__action__max_episode_steps5000__discountprimitive__ent_coef0.01__exp1,0830-172036__NetHackChallenge-v0__exp1,NetHackChallenge-v0,action,-,0,10000000,5000,0,0.999,primitive,exp1,0,2845902.1597987735,9.342533313395867,4.85764686823405,11.040236355797722,median-range,5,9996584
0830-172036__NetHackChallenge-v0__exp1/NetHackChallenge-v0__action__max_episode_steps5000__discountprimitive__ent_coef0.01__exp1,0830-172036__NetHackChallenge-v0__exp1,NetHackChallenge-v0,action,-,0,10000000,5000,0,0.999,primitive,exp1,0,2926476.9858936216,8.69357009745602,5.556863817037291,11.65,median-range,5,9996584
0830-172036__NetHackChallenge-v0__exp1/NetHackChallenge-v0__action__max_episode_steps5000__discountprimitive__ent_coef0.01__exp1,0830-172036__NetHackChallenge-v0__exp1,NetHackChallenge-v0,action,-,0,10000000,5000,0,0.999,primitive,exp1,0,3009333.093014896,8.624088275510443,7.808252836604798,11.412646096176562,median-range,5,9996584
0830-172036__NetHackChallenge-v0__exp1/NetHackChallenge-v0__action__max_episode_steps5000__discountprimitive__ent_coef0.01__exp1,0830-172036__NetHackChallenge-v0__exp1,NetHackChallenge-v0,action,-,0,10000000,5000,0,0.999,primitive,exp1,0,3094535.0701089683,9.183325082766313,6.120813510991948,12.445566074284827,median-range,5,9996584
0830-172036__NetHackChallenge-v0__exp1/NetHackChallenge-v0__action__max_episode_steps5000__discountprimitive__ent_coef0.01__exp1,0830-172036__NetHackChallenge-v0__exp1,NetHackChallenge-v0,action,-,0,10000000,5000,0,0.999,primitive,exp1,0,3182149.3348017745,8.372597136110414,7.34,12.544038222820923,median-range,5,9996584
0830-172036__NetHackChallenge-v0__exp1/NetHackChallenge-v0__action__max_episode_steps5000__discountprimitive__ent_coef0.01__exp1,0830-172036__NetHackChallenge-v0__exp1,NetHackChallenge-v0,action,-,0,10000000,5000,0,0.999,primitive,exp1,0,3272244.185173447,9.002368581837125,8.240592413649747,14.135467391915368,median-range,5,9996584
0830-172036__NetHackChallenge-v0__exp1/NetHackChallenge-v0__action__max_episode_steps5000__discountprimitive__ent_coef0.01__exp1,0830-172036__NetHackChallenge-v0__exp1,NetHackChallenge-v0,action,-,0,10000000,5000,0,0.999,primitive,exp1,0,3364889.8529988197,10.435790053128706,8.499031580351758,13.96,median-range,5,9996584
0830-172036__NetHackChallenge-v0__exp1/NetHackChallenge-v0__action__max_episode_steps5000__discountprimitive__ent_coef0.01__exp1,0830-172036__NetHackChallenge-v0__exp1,NetHackChallenge-v0,action,-,0,10000000,5000,0,0.999,primitive,exp1,0,3460158.558495304,10.024590651544273,7.79893414525872,13.874191175788265,median-range,5,9996584
0830-172036__NetHackChallenge-v0__exp1/NetHackChallenge-v0__action__max_episode_steps5000__discountprimitive__ent_coef0.01__exp1,0830-172036__NetHackChallenge-v0__exp1,NetHackChallenge-v0,action,-,0,10000000,5000,0,0.999,primitive,exp1,0,3558124.566620851,9.937418706239184,7.436049925676812,12.623320971104942,median-range,5,9996584
0830-172036__NetHackChallenge-v0__exp1/NetHackChallenge-v0__action__max_episode_steps5000__discountprimitive__ent_coef0.01__exp1,0830-172036__NetHackChallenge-v0__exp1,NetHackChallenge-v0,action,-,0,10000000,5000,0,0.999,primitive,exp1,0,3658864.244965785,9.669384331453116,4.809476818914619,12.16116767461932,median-range,5,9996584
0830-172036__NetHackChallenge-v0__exp1/NetHackChallenge-v0__action__max_episode_steps5000__discountprimitive__ent_coef0.01__exp1,0830-172036__NetHackChallenge-v0__exp1,NetHackChallenge-v0,action,-,0,10000000,5000,0,0.999,primitive,exp1,0,3762456.1232837737,8.218632270253266,4.937914181276865,12.19857638968908,median-range,5,9996584
0830-172036__NetHackChallenge-v0__exp1/NetHackChallenge-v0__action__max_episode_steps5000__discountprimitive__ent_coef0.01__exp1,0830-172036__NetHackChallenge-v0__exp1,NetHackChallenge-v0,action,-,0,10000000,5000,0,0.999,primitive,exp1,0,3868980.954708239,8.381574379518474,5.383310467358205,12.26,median-range,5,9996584
0830-172036__NetHackChallenge-v0__exp1/NetHackChallenge-v0__action__max_episode_steps5000__discountprimitive__ent_coef0.01__exp1,0830-172036__NetHackChallenge-v0__exp1,NetHackChallenge-v0,action,-,0,10000000,5000,0,0.999,primitive,exp1,0,3978521.7787019694,9.35720180067391,6.255550257006638,10.865093617576573,median-range,5,9996584
0830-172036__NetHackChallenge-v0__exp1/NetHackChallenge-v0__action__max_episode_steps5000__discountprimitive__ent_coef0.01__exp1,0830-172036__NetHackChallenge-v0__exp1,NetHackChallenge-v0,action,-,0,10000000,5000,0,0.999,primitive,exp1,0,4091163.9857889987,8.79,6.89,12.315793364800024,median-range,5,9996584
0830-172036__NetHackChallenge-v0__exp1/NetHackChallenge-v0__action__max_episode_steps5000__discountprimitive__ent_coef0.01__exp1,0830-172036__NetHackChallenge-v0__exp1,NetHackChallenge-v0,action,-,0,10000000,5000,0,0.999,primitive,exp1,0,4206995.384119207,8.6,6.689398272896601,11.097742089268696,median-range,5,9996584
0830-172036__NetHackChallenge-v0__exp1/NetHackChallenge-v0__action__max_episode_steps5000__discountprimitive__ent_coef0.01__exp1,0830-172036__NetHackChallenge-v0__exp1,NetHackChallenge-v0,action,-,0,10000000,5000,0,0.999,primitive,exp1,0,4326106.267917546,6.544800300083516,5.79,12.443525074723453,median-range,5,9996584
0830-172036__NetHackChallenge-v0__exp1/NetHackChallenge-v0__action__max_episode_steps5000__discountprimitive__ent_coef0.01__exp1,0830-172036__NetHackChallenge-v0__exp1,NetHackChallenge-v0,action,-,0,10000000,5000,0,0.999,primitive,exp1,0,4448589.487871227,5.61,4.08203976376311,12.032073400035582,median-range,5,9996584
0830-172036__NetHackChallenge-v0__exp1/NetHackChallenge-v0__action__max_episode_steps5000__discountprimitive__ent_coef0.01__exp1,0830-172036__NetHackChallenge-v0__exp1,NetHackChallenge-v0,action,-,0,10000000,5000,0,0.999,primitive,exp1,0,4574540.523509759,6.535469739225744,3.59,11.754974597380642,median-range,5,9996584
0830-172036__NetHackChallenge-v0__exp1/NetHackChallenge-v0__action__max_episode_steps5000__discountprimitive__ent_coef0.01__exp1,0830-172036__NetHackChallenge-v0__exp1,NetHackChallenge-v0,action,-,0,10000000,5000,0,0.999,primitive,exp1,0,4704057.557634256,8.7,5.18,10.832062684834492,median-range,5,9996584
0830-172036__NetHackChallenge-v0__exp1/NetHackChallenge-v0__action__max_episode_steps5000__discountprimitive__ent_coef0.01__exp1,0830-172036__NetHackChallenge-v0__exp1,NetHackChallenge-v0,action,-,0,10000000,5000,0,0.999,primitive,exp1,0,4837241.552854013,7.97,5.867128544846724,13.602540573431355,median-range,5,9996584
0830-172036__NetHackChallenge-v0__exp1/NetHackChallenge-v0__action__max_episode_steps5000__discountprimitive__ent_coef0.01__exp1,0830-172036__NetHackChallenge-v0__exp1,NetHackChallenge-v0,action,-,0,10000000,5000,0,0.999,primitive,exp1,0,4974196.330290051,8.924951511443194,6.432410544525698,13.803534442322265,median-range,5,9996584
0830-172036__NetHackChallenge-v0__exp1/NetHackChallenge-v0__action__max_episode_steps5000__discountprimitive__ent_coef0.01__exp1,0830-172036__NetHackChallenge-v0__exp1,NetHackChallenge-v0,action,-,0,10000000,5000,0,0.999,primitive,exp1,0,5115028.650506953,10.016372699341606,6.934758176923326,12.293818717345218,median-range,5,9996584
0830-172036__NetHackChallenge-v0__exp1/NetHackChallenge-v0__action__max_episode_steps5000__discountprimitive__ent_coef0.01__exp1,0830-172036__NetHackChallenge-v0__exp1,NetHackChallenge-v0,action,-,0,10000000,5000,0,0.999,primitive,exp1,0,5259848.296736078,8.535719608878981,5.963063250351586,11.962339869169108,median-range,5,9996584
0830-172036__NetHackChallenge-v0__exp1/NetHackChallenge-v0__action__max_episode_steps5000__discountprimitive__ent_coef0.01__exp1,0830-172036__NetHackChallenge-v0__exp1,NetHackChallenge-v0,action,-,0,10000000,5000,0,0.999,primitive,exp1,0,5408768.160455061,8.514298401792953,6.496959032253905,9.898961827005696,median-range,5,9996584
0830-172036__NetHackChallenge-v0__exp1/NetHackChallenge-v0__action__max_episode_steps5000__discountprimitive__ent_coef0.01__exp1,0830-172036__NetHackChallenge-v0__exp1,NetHackChallenge-v0,action,-,0,10000000,5000,0,0.999,primitive,exp1,0,5561904.329390258,6.727664483331466,5.89224103858913,13.253527860456828,median-range,5,9996584
0830-172036__NetHackChallenge-v0__exp1/NetHackChallenge-v0__action__max_episode_steps5000__discountprimitive__ent_coef0.01__exp1,0830-172036__NetHackChallenge-v0__exp1,NetHackChallenge-v0,action,-,0,10000000,5000,0,0.999,primitive,exp1,0,5719376.178010833,7.21831712440999,6.129994396324387,12.906876937626013,median-range,5,9996584
0830-172036__NetHackChallenge-v0__exp1/NetHackChallenge-v0__action__max_episode_steps5000__discountprimitive__ent_coef0.01__exp1,0830-172036__NetHackChallenge-v0__exp1,NetHackChallenge-v0,action,-,0,10000000,5000,0,0.999,primitive,exp1,0,5881306.460584857,8.264743751719159,6.62,12.28,median-range,5,9996584
0830-172036__NetHackChallenge-v0__exp1/NetHackChallenge-v0__action__max_episode_steps5000__discountprimitive__ent_coef0.01__exp1,0830-172036__NetHackChallenge-v0__exp1,NetHackChallenge-v0,action,-,0,10000000,5000,0,0.999,primitive,exp1,0,6047821.406870163,8.305460385784308,6.66,14.903881127178519,median-range,5,9996584
0830-172036__NetHackChallenge-v0__exp1/NetHackChallenge-v0__action__max_episode_steps5000__discountprimitive__ent_coef0.01__exp1,0830-172036__NetHackChallenge-v0__exp1,NetHackChallenge-v0,action,-,0,10000000,5000,0,0.999,primitive,exp1,0,6219050.820514418,8.272949760279822,5.182053911223842,13.43,median-range,5,9996584
0830-172036__NetHackChallenge-v0__exp1/NetHackChallenge-v0__action__max_episode_steps5000__discountprimitive__ent_coef0.01__exp1,0830-172036__NetHackChallenge-v0__exp1,NetHackChallenge-v0,action,-,0,10000000,5000,0,0.999,primitive,exp1,0,6395128.18024115,7.801532876089687,4.993579945059023,11.753425436726511,median-range,5,9996584
0830-172036__NetHackChallenge-v0__exp1/NetHackChallenge-v0__action__max_episode_steps5000__discountprimitive__ent_coef0.01__exp1,0830-172036__NetHackChallenge-v0__exp1,NetHackChallenge-v0,action,-,0,10000000,5000,0,0.999,primitive,exp1,0,6576190.74390062,7.630739504470714,5.0661108758343785,10.204673144610522,median-range,5,9996584
0830-172036__NetHackChallenge-v0__exp1/NetHackChallenge-v0__action__max_episode_steps5000__discountprimitive__ent_coef0.01__exp1,0830-172036__NetHackChallenge-v0__exp1,NetHackChallenge-v0,action,-,0,10000000,5000,0,0.999,primitive,exp1,0,6762379.655466649,6.41973950435089,5.763083624394063,9.853607354407567,median-range,5,9996584
0830-172036__NetHackChallenge-v0__exp1/NetHackChallenge-v0__action__max_episode_steps5000__discountprimitive__ent_coef0.01__exp1,0830-172036__NetHackChallenge-v0__exp1,NetHackChallenge-v0,action,-,0,10000000,5000,0,0.999,primitive,exp1,0,6953840.055062778,7.769107994720798,5.5591273436546125,10.174548429702144,median-range,5,9996584
0830-172036__NetHackChallenge-v0__exp1/NetHackChallenge-v0__action__max_episode_steps5000__discountprimitive__ent_coef0.01__exp1,0830-172036__NetHackChallenge-v0__exp1,NetHackChallenge-v0,action,-,0,10000000,5000,0,0.999,primitive,exp1,0,7150721.192103586,7.863966411941222,6.921863924764249,10.65572325373004,median-range,5,9996584
0830-172036__NetHackChallenge-v0__exp1/NetHackChallenge-v0__action__max_episode_steps5000__discountprimitive__ent_coef0.01__exp1,0830-172036__NetHackChallenge-v0__exp1,NetHackChallenge-v0,action,-,0,10000000,5000,0,0.999,primitive,exp1,0,7353176.541639295,8.95609010071188,7.875214077322787,9.960590878795019,median-range,5,9996584
0830-172036__NetHackChallenge-v0__exp1/NetHackChallenge-v0__action__max_episode_steps5000__discountprimitive__ent_coef0.01__exp1,0830-172036__NetHackChallenge-v0__exp1,NetHackChallenge-v0,action,-,0,10000000,5000,0,0.999,primitive,exp1,0,7561363.923994419,9.251166089207521,6.266765033085415,11.297625682854138,median-range,5,9996584
0830-172036__NetHackChallenge-v0__exp1/NetHackChallenge-v0__action__max_episode_steps5000__discountprimitive__ent_coef0.01__exp1,0830-172036__NetHackChallenge-v0__exp1,NetHackChallenge-v0,action,-,0,10000000,5000,0,0.999,primitive,exp1,0,7775445.627793677,7.964765801031695,6.216108165501515,10.911906860624828,median-range,5,9996584
0830-172036__NetHackChallenge-v0__exp1/NetHackChallenge-v0__action__max_episode_steps5000__discountprimitive__ent_coef0.01__exp1,0830-172036__NetHackChallenge-v0__exp1,NetHackChallenge-v0,action,-,0,10000000,5000,0,0.999,primitive,exp1,0,7995588.536471086,8.149915685665126,6.082198586096935,12.260570581952127,median-range,5,9996584
0830-172036__NetHackChallenge-v0__exp1/NetHackChallenge-v0__action__max_episode_steps5000__discountprimitive__ent_coef0.01__exp1,0830-172036__NetHackChallenge-v0__exp1,NetHackChallenge-v0,action,-,0,10000000,5000,0,0.999,primitive,exp1,0,8221964.258360861,7.5999405475140795,6.076518851378946,9.887136627796917,median-range,5,9996584
0830-172036__NetHackChallenge-v0__exp1/NetHackChallenge-v0__action__max_episode_steps5000__discountprimitive__ent_coef0.01__exp1,0830-172036__NetHackChallenge-v0__exp1,NetHackChallenge-v0,action,-,0,10000000,5000,0,0.999,primitive,exp1,0,8454749.26047152,8.082302740250212,6.632116808552961,9.79,median-range,5,9996584
0830-172036__NetHackChallenge-v0__exp1/NetHackChallenge-v0__action__max_episode_steps5000__discountprimitive__ent_coef0.01__exp1,0830-172036__NetHackChallenge-v0__exp1,NetHackChallenge-v0,action,-,0,10000000,5000,0,0.999,primitive,exp1,0,8694125.006047469,8.221688539463885,7.124871901648672,10.776966517204425,median-range,5,9996584
0830-172036__NetHackChallenge-v0__exp1/NetHackChallenge-v0__action__max_episode_steps5000__discountprimitive__ent_coef0.01__exp1,0830-172036__NetHackChallenge-v0__exp1,NetHackChallenge-v0,action,-,0,10000000,5000,0,0.999,primitive,exp1,0,8940278.096025331,9.25,5.63,11.475401350328362,median-range,5,9996584
0830-172036__NetHackChallenge-v0__exp1/NetHackChallenge-v0__action__max_episode_steps5000__discountprimitive__ent_coef0.01__exp1,0830-172036__NetHackChallenge-v0__exp1,NetHackChallenge-v0,action,-,0,10000000,5000,0,0.999,primitive,exp1,0,9193400.414495252,10.7728110967309,8.957106256042817,12.934085258063607,median-range,5,9996584
0830-172036__NetHackChallenge-v0__exp1/NetHackChallenge-v0__action__max_episode_steps5000__discountprimitive__ent_coef0.01__exp1,0830-172036__NetHackChallenge-v0__exp1,NetHackChallenge-v0,action,-,0,10000000,5000,0,0.999,primitive,exp1,0,9453689.278280588,10.663701245274016,7.439909498451126,13.55482861476964,median-range,5,9996584
0830-172036__NetHackChallenge-v0__exp1/NetHackChallenge-v0__action__max_episode_steps5000__discountprimitive__ent_coef0.01__exp1,0830-172036__NetHackChallenge-v0__exp1,NetHackChallenge-v0,action,-,0,10000000,5000,0,0.999,primitive,exp1,0,9721347.590752598,11.852838567594576,6.92,16.23,median-range,5,9996584
0830-172036__NetHackChallenge-v0__exp1/NetHackChallenge-v0__action__max_episode_steps5000__discountprimitive__ent_coef0.01__exp1,0830-172036__NetHackChallenge-v0__exp1,NetHackChallenge-v0,action,-,0,10000000,5000,0,0.999,primitive,exp1,0,9996584.0,12.54,6.4790956008847385,15.764484149557843,median-range,5,9996584
0830-172036__NetHackChallenge-v0__exp1/NetHackChallenge-v0__both__grammar__n64__os0__max_episode_steps5000__discountprimitive__ent_coef0.01__exp1,0830-172036__NetHackChallenge-v0__exp1,NetHackChallenge-v0,both,grammar,0,10000000,5000,0,0.999,primitive,exp1,64,18462.0,9.67816554210048,8.687572564244778,16.10857329842932,median-range,5,9998813
0830-172036__NetHackChallenge-v0__exp1/NetHackChallenge-v0__both__grammar__n64__os0__max_episode_steps5000__discountprimitive__ent_coef0.01__exp1,0830-172036__NetHackChallenge-v0__exp1,NetHackChallenge-v0,both,grammar,0,10000000,5000,0,0.999,primitive,exp1,64,19055.2995504541,9.63397980618332,8.848009453845354,16.768657876814114,median-range,5,9998813
0830-172036__NetHackChallenge-v0__exp1/NetHackChallenge-v0__both__grammar__n64__os0__max_episode_steps5000__discountprimitive__ent_coef0.01__exp1,0830-172036__NetHackChallenge-v0__exp1,NetHackChallenge-v0,both,grammar,0,10000000,5000,0,0.999,primitive,exp1,64,19667.665526895024,9.908894897860307,8.943313798610841,17.035030436193885,median-range,5,9998813
0830-172036__NetHackChallenge-v0__exp1/NetHackChallenge-v0__both__grammar__n64__os0__max_episode_steps5000__discountprimitive__ent_coef0.01__exp1,0830-172036__NetHackChallenge-v0__exp1,NetHackChallenge-v0,both,grammar,0,10000000,5000,0,0.999,primitive,exp1,64,20299.710652861268,10.21676228507446,9.041680868157272,16.570926262414027,median-range,5,9998813
0830-172036__NetHackChallenge-v0__exp1/NetHackChallenge-v0__both__grammar__n64__os0__max_episode_steps5000__discountprimitive__ent_coef0.01__exp1,0830-172036__NetHackChallenge-v0__exp1,NetHackChallenge-v0,both,grammar,0,10000000,5000,0,0.999,primitive,exp1,64,20952.06734253143,10.293709287866411,9.143209086990955,16.09190751829147,median-range,5,9998813
0830-172036__NetHackChallenge-v0__exp1/NetHackChallenge-v0__both__grammar__n64__os0__max_episode_steps5000__discountprimitive__ent_coef0.01__exp1,0830-172036__NetHackChallenge-v0__exp1,NetHackChallenge-v0,both,grammar,0,10000000,5000,0,0.999,primitive,exp1,64,21625.388333507897,10.373129079205933,9.248000042613308,15.597494905381838,median-range,5,9998813
0830-172036__NetHackChallenge-v0__exp1/NetHackChallenge-v0__both__grammar__n64__os0__max_episode_steps5000__discountprimitive__ent_coef0.01__exp1,0830-172036__NetHackChallenge-v0__exp1,NetHackChallenge-v0,both,grammar,0,10000000,5000,0,0.999,primitive,exp1,64,22320.347339935437,10.455101125257777,9.356158587167652,15.087193722383473,median-range,5,9998813
0830-172036__NetHackChallenge-v0__exp1/NetHackChallenge-v0__both__grammar__n64__os0__max_episode_steps5000__discountprimitive__ent_coef0.01__exp1,0830-172036__NetHackChallenge-v0__exp1,NetHackChallenge-v0,both,grammar,0,10000000,5000,0,0.999,primitive,exp1,64,23037.639726608748,10.539707445931676,9.337396686878417,14.560493370147265,median-range,5,9998813
0830-172036__NetHackChallenge-v0__exp1/NetHackChallenge-v0__both__grammar__n64__os0__max_episode_steps5000__discountprimitive__ent_coef0.01__exp1,0830-172036__NetHackChallenge-v0__exp1,NetHackChallenge-v0,both,grammar,0,10000000,5000,0,0.999,primitive,exp1,64,23777.983204743345,10.627032696950147,9.282259915937312,14.27012419323867,median-range,5,9998813
0830-172036__NetHackChallenge-v0__exp1/NetHackChallenge-v0__both__grammar__n64__os0__max_episode_steps5000__discountprimitive__ent_coef0.01__exp1,0830-172036__NetHackChallenge-v0__exp1,NetHackChallenge-v0,both,grammar,0,10000000,5000,0,0.999,primitive,exp1,64,24542.118550105653,10.717164254553627,9.22535125563358,14.158054076434343,median-range,5,9998813
0830-172036__NetHackChallenge-v0__exp1/NetHackChallenge-v0__both__grammar__n64__os0__max_episode_steps5000__discountprimitive__ent_coef0.01__exp1,0830-172036__NetHackChallenge-v0__exp1,NetHackChallenge-v0,both,grammar,0,10000000,5000,0,0.999,primitive,exp1,64,25330.810344221594,10.810192302927765,9.16661376407781,14.042382445713898,median-range,5,9998813
0830-172036__NetHackChallenge-v0__exp1/NetHackChallenge-v0__both__grammar__n64__os0__max_episode_steps5000__discountprimitive__ent_coef0.01__exp1,0830-172036__NetHackChallenge-v0__exp1,NetHackChallenge-v0,both,grammar,0,10000000,5000,0,0.999,primitive,exp1,64,26144.847739404362,10.90620992444024,9.10598866948148,14.301693956869693,median-range,5,9998813
0830-172036__NetHackChallenge-v0__exp1/NetHackChallenge-v0__both__grammar__n64__os0__max_episode_steps5000__discountprimitive__ent_coef0.01__exp1,0830-172036__NetHackChallenge-v0__exp1,NetHackChallenge-v0,both,grammar,0,10000000,5000,0,0.999,primitive,exp1,64,26985.045248367587,10.767699141095425,9.04341531135085,14.87151254551888,median-range,5,9998813
0830-172036__NetHackChallenge-v0__exp1/NetHackChallenge-v0__both__grammar__n64__os0__max_episode_steps5000__discountprimitive__ent_coef0.01__exp1,0830-172036__NetHackChallenge-v0__exp1,NetHackChallenge-v0,both,grammar,0,10000000,5000,0,0.999,primitive,exp1,64,27852.243559213683,10.217104107938018,7.694079482675804,15.459642969965198,median-range,5,9998813
0830-172036__NetHackChallenge-v0__exp1/NetHackChallenge-v0__both__grammar__n64__os0__max_episode_steps5000__discountprimitive__ent_coef0.01__exp1,0830-172036__NetHackChallenge-v0__exp1,NetHackChallenge-v0,both,grammar,0,10000000,5000,0,0.999,primitive,exp1,64,28747.310376612615,10.3564060284159,9.298562672311876,15.90975968577389,median-range,5,9998813
0830-172036__NetHackChallenge-v0__exp1/NetHackChallenge-v0__both__grammar__n64__os0__max_episode_steps5000__discountprimitive__ent_coef0.01__exp1,0830-172036__NetHackChallenge-v0__exp1,NetHackChallenge-v0,both,grammar,0,10000000,5000,0,0.999,primitive,exp1,64,29671.14129001356,13.266296620753444,10.546285609934541,15.06176383030489,median-range,5,9998813
0830-172036__NetHackChallenge-v0__exp1/NetHackChallenge-v0__both__grammar__n64__os0__max_episode_steps5000__discountprimitive__ent_coef0.01__exp1,0830-172036__NetHackChallenge-v0__exp1,NetHackChallenge-v0,both,grammar,0,10000000,5000,0,0.999,primitive,exp1,64,30624.660669757064,13.475024634962091,10.862479462579566,34.28706476509892,median-range,5,9998813
0830-172036__NetHackChallenge-v0__exp1/NetHackChallenge-v0__both__grammar__n64__os0__max_episode_steps5000__discountprimitive__ent_coef0.01__exp1,0830-172036__NetHackChallenge-v0__exp1,NetHackChallenge-v0,both,grammar,0,10000000,5000,0,0.999,primitive,exp1,64,31608.82259198519,13.5162613074104,11.188834601684924,33.35779400968739,median-range,5,9998813
0830-172036__NetHackChallenge-v0__exp1/NetHackChallenge-v0__both__grammar__n64__os0__max_episode_steps5000__discountprimitive__ent_coef0.01__exp1,0830-172036__NetHackChallenge-v0__exp1,NetHackChallenge-v0,both,grammar,0,10000000,5000,0,0.999,primitive,exp1,64,32624.611793274806,13.558823172103635,11.52567757294931,31.605224649284324,median-range,5,9998813
0830-172036__NetHackChallenge-v0__exp1/NetHackChallenge-v0__both__grammar__n64__os0__max_episode_steps5000__discountprimitive__ent_coef0.01__exp1,0830-172036__NetHackChallenge-v0__exp1,NetHackChallenge-v0,both,grammar,0,10000000,5000,0,0.999,primitive,exp1,64,33673.044655948885,14.51507244788702,11.873345416027385,29.796334271999854,median-range,5,9998813
0830-172036__NetHackChallenge-v0__exp1/NetHackChallenge-v0__both__grammar__n64__os0__max_episode_steps5000__discountprimitive__ent_coef0.01__exp1,0830-172036__NetHackChallenge-v0__exp1,NetHackChallenge-v0,both,grammar,0,10000000,5000,0,0.999,primitive,exp1,64,34755.17022505271,16.2435402116977,12.232186001766365,29.934200938307974,median-range,5,9998813
0830-172036__NetHackChallenge-v0__exp1/NetHackChallenge-v0__both__grammar__n64__os0__max_episode_steps5000__discountprimitive__ent_coef0.01__exp1,0830-172036__NetHackChallenge-v0__exp1,NetHackChallenge-v0,both,grammar,0,10000000,5000,0,0.999,primitive,exp1,64,35872.07125801116,18.540230868096565,12.602558380279888,31.12953754164253,median-range,5,9998813
0830-172036__NetHackChallenge-v0__exp1/NetHackChallenge-v0__both__grammar__n64__os0__max_episode_steps5000__discountprimitive__ent_coef0.01__exp1,0830-172036__NetHackChallenge-v0__exp1,NetHackChallenge-v0,both,grammar,0,10000000,5000,0,0.999,primitive,exp1,64,37024.86530801846,20.430110530546305,13.108355576255498,29.56685240890332,median-range,5,9998813
0830-172036__NetHackChallenge-v0__exp1/NetHackChallenge-v0__both__grammar__n64__os0__max_episode_steps5000__discountprimitive__ent_coef0.01__exp1,0830-172036__NetHackChallenge-v0__exp1,NetHackChallenge-v0,both,grammar,0,10000000,5000,0,0.999,primitive,exp1,64,38214.70584224399,21.333793258368434,13.734422804064835,29.128209375278708,median-range,5,9998813
0830-172036__NetHackChallenge-v0__exp1/NetHackChallenge-v0__both__grammar__n64__os0__max_episode_steps5000__discountprimitive__ent_coef0.01__exp1,0830-172036__NetHackChallenge-v0__exp1,NetHackChallenge-v0,both,grammar,0,10000000,5000,0,0.999,primitive,exp1,64,39442.783395972634,22.266516965291903,13.438799272263893,30.310245567885033,median-range,5,9998813
0830-172036__NetHackChallenge-v0__exp1/NetHackChallenge-v0__both__grammar__n64__os0__max_episode_steps5000__discountprimitive__ent_coef0.01__exp1,0830-172036__NetHackChallenge-v0__exp1,NetHackChallenge-v0,both,grammar,0,10000000,5000,0,0.999,primitive,exp1,64,40710.32676383572,23.22921491964336,15.922872840342539,28.20818127038936,median-range,5,9998813
0830-172036__NetHackChallenge-v0__exp1/NetHackChallenge-v0__both__grammar__n64__os0__max_episode_steps5000__discountprimitive__ent_coef0.01__exp1,0830-172036__NetHackChallenge-v0__exp1,NetHackChallenge-v0,both,grammar,0,10000000,5000,0,0.999,primitive,exp1,64,42018.60422932281,26.000942195847614,15.785092983944752,30.310961189649962,median-range,5,9998813
0830-172036__NetHackChallenge-v0__exp1/NetHackChallenge-v0__both__grammar__n64__os0__max_episode_steps5000__discountprimitive__ent_coef0.01__exp1,0830-172036__NetHackChallenge-v0__exp1,NetHackChallenge-v0,both,grammar,0,10000000,5000,0,0.999,primitive,exp1,64,43368.92483380581,24.539170664317115,15.64288539886847,29.47334142279868,median-range,5,9998813
0830-172036__NetHackChallenge-v0__exp1/NetHackChallenge-v0__both__grammar__n64__os0__max_episode_steps5000__discountprimitive__ent_coef0.01__exp1,0830-172036__NetHackChallenge-v0__exp1,NetHackChallenge-v0,both,grammar,0,10000000,5000,0,0.999,primitive,exp1,64,44762.63968634484,24.030967201694285,15.496107794493243,29.297330285875205,median-range,5,9998813
0830-172036__NetHackChallenge-v0__exp1/NetHackChallenge-v0__both__grammar__n64__os0__max_episode_steps5000__discountprimitive__ent_coef0.01__exp1,0830-172036__NetHackChallenge-v0__exp1,NetHackChallenge-v0,both,grammar,0,10000000,5000,0,0.999,primitive,exp1,64,46201.14331558579,23.50643198271176,15.34461330751091,29.115662810071253,median-range,5,9998813
0830-172036__NetHackChallenge-v0__exp1/NetHackChallenge-v0__both__grammar__n64__os0__max_episode_steps5000__discountprimitive__ent_coef0.01__exp1,0830-172036__NetHackChallenge-v0__exp1,NetHackChallenge-v0,both,grammar,0,10000000,5000,0,0.999,primitive,exp1,64,47685.87506510381,23.0109356262079,15.188250354976477,28.94329395284053,median-range,5,9998813
0830-172036__NetHackChallenge-v0__exp1/NetHackChallenge-v0__both__grammar__n64__os0__max_episode_steps5000__discountprimitive__ent_coef0.01__exp1,0830-172036__NetHackChallenge-v0__exp1,NetHackChallenge-v0,both,grammar,0,10000000,5000,0,0.999,primitive,exp1,64,49218.32053358694,23.185728214970947,15.355163114332122,28.79053822432347,median-range,5,9998813
0830-172036__NetHackChallenge-v0__exp1/NetHackChallenge-v0__both__grammar__n64__os0__max_episode_steps5000__discountprimitive__ent_coef0.01__exp1,0830-172036__NetHackChallenge-v0__exp1,NetHackChallenge-v0,both,grammar,0,10000000,5000,0,0.999,primitive,exp1,64,50800.013061302365,23.733192836691707,15.529022633871264,28.732585678253532,median-range,5,9998813
0830-172036__NetHackChallenge-v0__exp1/NetHackChallenge-v0__both__grammar__n64__os0__max_episode_steps5000__discountprimitive__ent_coef0.01__exp1,0830-172036__NetHackChallenge-v0__exp1,NetHackChallenge-v0,both,grammar,0,10000000,5000,0,0.999,primitive,exp1,64,52432.53526433205,24.12472284825209,15.71107445221897,28.12626359727686,median-range,5,9998813
0830-172036__NetHackChallenge-v0__exp1/NetHackChallenge-v0__both__grammar__n64__os0__max_episode_steps5000__discountprimitive__ent_coef0.01__exp1,0830-172036__NetHackChallenge-v0__exp1,NetHackChallenge-v0,both,grammar,0,10000000,5000,0,0.999,primitive,exp1,64,54117.520618112576,23.744536918611153,16.0827979695343,27.50045659494426,median-range,5,9998813
0830-172036__NetHackChallenge-v0__exp1/NetHackChallenge-v0__both__grammar__n64__os0__max_episode_steps5000__discountprimitive__ent_coef0.01__exp1,0830-172036__NetHackChallenge-v0__exp1,NetHackChallenge-v0,both,grammar,0,10000000,5000,0,0.999,primitive,exp1,64,55856.655091864915,23.942904705998153,16.765731951435253,30.467792301806995,median-range,5,9998813
0830-172036__NetHackChallenge-v0__exp1/NetHackChallenge-v0__both__grammar__n64__os0__max_episode_steps5000__discountprimitive__ent_coef0.01__exp1,0830-172036__NetHackChallenge-v0__exp1,NetHackChallenge-v0,both,grammar,0,10000000,5000,0,0.999,primitive,exp1,64,57651.67883554773,24.14764729129877,16.273931952951312,29.947987097945564,median-range,5,9998813
0830-172036__NetHackChallenge-v0__exp1/NetHackChallenge-v0__both__grammar__n64__os0__max_episode_steps5000__discountprimitive__ent_coef0.01__exp1,0830-172036__NetHackChallenge-v0__exp1,NetHackChallenge-v0,both,grammar,0,10000000,5000,0,0.999,primitive,exp1,64,59504.38792102363,24.35896953664803,16.772265126796654,30.59783822574522,median-range,5,9998813
0830-172036__NetHackChallenge-v0__exp1/NetHackChallenge-v0__both__grammar__n64__os0__max_episode_steps5000__discountprimitive__ent_coef0.01__exp1,0830-172036__NetHackChallenge-v0__exp1,NetHackChallenge-v0,both,grammar,0,10000000,5000,0,0.999,primitive,exp1,64,61416.63613917922,23.50818251370405,16.59224849778342,33.21250310652874,median-range,5,9998813
0830-172036__NetHackChallenge-v0__exp1/NetHackChallenge-v0__both__grammar__n64__os0__max_episode_steps5000__discountprimitive__ent_coef0.01__exp1,0830-172036__NetHackChallenge-v0__exp1,NetHackChallenge-v0,both,grammar,0,10000000,5000,0,0.999,primitive,exp1,64,63390.33685479925,22.729298283158936,16.07414775569703,34.08425936683323,median-range,5,9998813
0830-172036__NetHackChallenge-v0__exp1/NetHackChallenge-v0__both__grammar__n64__os0__max_episode_steps5000__discountprimitive__ent_coef0.01__exp1,0830-172036__NetHackChallenge-v0__exp1,NetHackChallenge-v0,both,grammar,0,10000000,5000,0,0.999,primitive,exp1,64,65427.46492104804,23.31499029478847,15.655565572133117,34.34175556532187,median-range,5,9998813
0830-172036__NetHackChallenge-v0__exp1/NetHackChallenge-v0__both__grammar__n64__os0__max_episode_steps5000__discountprimitive__ent_coef0.01__exp1,0830-172036__NetHackChallenge-v0__exp1,NetHackChallenge-v0,both,grammar,0,10000000,5000,0,0.999,primitive,exp1,64,67530.05865547595,24.295895013038827,15.315426311544279,33.71725293484125,median-range,5,9998813
0830-172036__NetHackChallenge-v0__exp1/NetHackChallenge-v0__both__grammar__n64__os0__max_episode_steps5000__discountprimitive__ent_coef0.01__exp1,0830-172036__NetHackChallenge-v0__exp1,NetHackChallenge-v0,both,grammar,0,10000000,5000,0,0.999,primitive,exp1,64,69700.2218795272,23.606138762286815,15.424468130802959,33.51106359942991,median-range,5,9998813
0830-172036__NetHackChallenge-v0__exp1/NetHackChallenge-v0__both__grammar__n64__os0__max_episode_steps5000__discountprimitive__ent_coef0.01__exp1,0830-172036__NetHackChallenge-v0__exp1,NetHackChallenge-v0,both,grammar,0,10000000,5000,0,0.999,primitive,exp1,64,71940.12602358924,22.808945206223104,15.56604761630885,31.436089473073018,median-range,5,9998813
0830-172036__NetHackChallenge-v0__exp1/NetHackChallenge-v0__both__grammar__n64__os0__max_episode_steps5000__discountprimitive__ent_coef0.01__exp1,0830-172036__NetHackChallenge-v0__exp1,NetHackChallenge-v0,both,grammar,0,10000000,5000,0,0.999,primitive,exp1,64,74252.0122996918,22.581327668210726,14.88572578014715,31.87164255007735,median-range,5,9998813
0830-172036__NetHackChallenge-v0__exp1/NetHackChallenge-v0__both__grammar__n64__os0__max_episode_steps5000__discountprimitive__ent_coef0.01__exp1,0830-172036__NetHackChallenge-v0__exp1,NetHackChallenge-v0,both,grammar,0,10000000,5000,0,0.999,primitive,exp1,64,76638.1939440271,22.737918123934715,15.70373353951576,29.7208513207918,median-range,5,9998813
0830-172036__NetHackChallenge-v0__exp1/NetHackChallenge-v0__both__grammar__n64__os0__max_episode_steps5000__discountprimitive__ent_coef0.01__exp1,0830-172036__NetHackChallenge-v0__exp1,NetHackChallenge-v0,both,grammar,0,10000000,5000,0,0.999,primitive,exp1,64,79101.0585315368,23.360829083593117,16.15846002120959,28.96091676516835,median-range,5,9998813
0830-172036__NetHackChallenge-v0__exp1/NetHackChallenge-v0__both__grammar__n64__os0__max_episode_steps5000__discountprimitive__ent_coef0.01__exp1,0830-172036__NetHackChallenge-v0__exp1,NetHackChallenge-v0,both,grammar,0,10000000,5000,0,0.999,primitive,exp1,64,81643.07036488128,23.37279553422172,19.011845986309524,28.63851170350649,median-range,5,9998813
0830-172036__NetHackChallenge-v0__exp1/NetHackChallenge-v0__both__grammar__n64__os0__max_episode_steps5000__discountprimitive__ent_coef0.01__exp1,0830-172036__NetHackChallenge-v0__exp1,NetHackChallenge-v0,both,grammar,0,10000000,5000,0,0.999,primitive,exp1,64,84266.77294018054,23.42073040623582,20.08382733537625,27.555986078849354,median-range,5,9998813
0830-172036__NetHackChallenge-v0__exp1/NetHackChallenge-v0__both__grammar__n64__os0__max_episode_steps5000__discountprimitive__ent_coef0.01__exp1,0830-172036__NetHackChallenge-v0__exp1,NetHackChallenge-v0,both,grammar,0,10000000,5000,0,0.999,primitive,exp1,64,86974.79149199645,24.513608423799056,20.36316922817044,26.980534876832294,median-range,5,9998813
0830-172036__NetHackChallenge-v0__exp1/NetHackChallenge-v0__both__grammar__n64__os0__max_episode_steps5000__discountprimitive__ent_coef0.01__exp1,0830-172036__NetHackChallenge-v0__exp1,NetHackChallenge-v0,both,grammar,0,10000000,5000,0,0.999,primitive,exp1,64,89769.83562009953,25.364734027687756,21.885264673613744,26.89187427950891,median-range,5,9998813
0830-172036__NetHackChallenge-v0__exp1/NetHackChallenge-v0__both__grammar__n64__os0__max_episode_steps5000__discountprimitive__ent_coef0.01__exp1,0830-172036__NetHackChallenge-v0__exp1,NetHackChallenge-v0,both,grammar,0,10000000,5000,0,0.999,primitive,exp1,64,92654.70200065104,24.790744260892907,21.52962310533188,27.794802183801583,median-range,5,9998813
0830-172036__NetHackChallenge-v0__exp1/NetHackChallenge-v0__both__grammar__n64__os0__max_episode_steps5000__discountprimitive__ent_coef0.01__exp1,0830-172036__NetHackChallenge-v0__exp1,NetHackChallenge-v0,both,grammar,0,10000000,5000,0,0.999,primitive,exp1,64,95632.2771845123,23.8812296115382,21.585175348205187,27.934976413420006,median-range,5,9998813
0830-172036__NetHackChallenge-v0__exp1/NetHackChallenge-v0__both__grammar__n64__os0__max_episode_steps5000__discountprimitive__ent_coef0.01__exp1,0830-172036__NetHackChallenge-v0__exp1,NetHackChallenge-v0,both,grammar,0,10000000,5000,0,0.999,primitive,exp1,64,98705.54048548032,23.727784593337578,21.668187406080957,27.329203253038823,median-range,5,9998813
0830-172036__NetHackChallenge-v0__exp1/NetHackChallenge-v0__both__grammar__n64__os0__max_episode_steps5000__discountprimitive__ent_coef0.01__exp1,0830-172036__NetHackChallenge-v0__exp1,NetHackChallenge-v0,both,grammar,0,10000000,5000,0,0.999,primitive,exp1,64,101877.56696134224,24.186287078033395,21.727611018360747,26.932262624518636,median-range,5,9998813
0830-172036__NetHackChallenge-v0__exp1/NetHackChallenge-v0__both__grammar__n64__os0__max_episode_steps5000__discountprimitive__ent_coef0.01__exp1,0830-172036__NetHackChallenge-v0__exp1,NetHackChallenge-v0,both,grammar,0,10000000,5000,0,0.999,primitive,exp1,64,105151.530490728,24.282393196718143,21.118840333062266,26.808915224547956,median-range,5,9998813
0830-172036__NetHackChallenge-v0__exp1/NetHackChallenge-v0__both__grammar__n64__os0__max_episode_steps5000__discountprimitive__ent_coef0.01__exp1,0830-172036__NetHackChallenge-v0__exp1,NetHackChallenge-v0,both,grammar,0,10000000,5000,0,0.999,primitive,exp1,64,108530.70694884237,23.915719783920498,20.735142033768742,26.551352289526697,median-range,5,9998813
0830-172036__NetHackChallenge-v0__exp1/NetHackChallenge-v0__both__grammar__n64__os0__max_episode_steps5000__discountprimitive__ent_coef0.01__exp1,0830-172036__NetHackChallenge-v0__exp1,NetHackChallenge-v0,both,grammar,0,10000000,5000,0,0.999,primitive,exp1,64,112018.47748525317,24.179840438604636,20.8153353833434,26.28350185285067,median-range,5,9998813
0830-172036__NetHackChallenge-v0__exp1/NetHackChallenge-v0__both__grammar__n64__os0__max_episode_steps5000__discountprimitive__ent_coef0.01__exp1,0830-172036__NetHackChallenge-v0__exp1,NetHackChallenge-v0,both,grammar,0,10000000,5000,0,0.999,primitive,exp1,64,115618.33190701416,24.05496233433331,22.870114177780433,25.60418235054056,median-range,5,9998813
0830-172036__NetHackChallenge-v0__exp1/NetHackChallenge-v0__both__grammar__n64__os0__max_episode_steps5000__discountprimitive__ent_coef0.01__exp1,0830-172036__NetHackChallenge-v0__exp1,NetHackChallenge-v0,both,grammar,0,10000000,5000,0,0.999,primitive,exp1,64,119333.8721705112,24.37470530513928,22.293732551301627,26.087339868611792,median-range,5,9998813
0830-172036__NetHackChallenge-v0__exp1/NetHackChallenge-v0__both__grammar__n64__os0__max_episode_steps5000__discountprimitive__ent_coef0.01__exp1,0830-172036__NetHackChallenge-v0__exp1,NetHackChallenge-v0,both,grammar,0,10000000,5000,0,0.999,primitive,exp1,64,123168.81598552091,24.743557929551464,22.288934310653662,28.461893339675868,median-range,5,9998813
0830-172036__NetHackChallenge-v0__exp1/NetHackChallenge-v0__both__grammar__n64__os0__max_episode_steps5000__discountprimitive__ent_coef0.01__exp1,0830-172036__NetHackChallenge-v0__exp1,NetHackChallenge-v0,both,grammar,0,10000000,5000,0,0.999,primitive,exp1,64,127127.00053509144,24.963773354398963,22.727201511609294,28.606364586689548,median-range,5,9998813
0830-172036__NetHackChallenge-v0__exp1/NetHackChallenge-v0__both__grammar__n64__os0__max_episode_steps5000__discountprimitive__ent_coef0.01__exp1,0830-172036__NetHackChallenge-v0__exp1,NetHackChallenge-v0,both,grammar,0,10000000,5000,0,0.999,primitive,exp1,64,131212.38631496634,25.11149460013548,22.840473365906213,28.14054546374181,median-range,5,9998813
0830-172036__NetHackChallenge-v0__exp1/NetHackChallenge-v0__both__grammar__n64__os0__max_episode_steps5000__discountprimitive__ent_coef0.01__exp1,0830-172036__NetHackChallenge-v0__exp1,NetHackChallenge-v0,both,grammar,0,10000000,5000,0,0.999,primitive,exp1,64,135429.06109639182,25.058085370034963,23.769234285028904,27.33221150166523,median-range,5,9998813
0830-172036__NetHackChallenge-v0__exp1/NetHackChallenge-v0__both__grammar__n64__os0__max_episode_steps5000__discountprimitive__ent_coef0.01__exp1,0830-172036__NetHackChallenge-v0__exp1,NetHackChallenge-v0,both,grammar,0,10000000,5000,0,0.999,primitive,exp1,64,139781.24401627632,25.450625571589818,23.866091459621348,28.32723192486755,median-range,5,9998813
0830-172036__NetHackChallenge-v0__exp1/NetHackChallenge-v0__both__grammar__n64__os0__max_episode_steps5000__discountprimitive__ent_coef0.01__exp1,0830-172036__NetHackChallenge-v0__exp1,NetHackChallenge-v0,both,grammar,0,10000000,5000,0,0.999,primitive,exp1,64,144273.28979879007,25.28363427276552,24.08468483002476,28.857251324770566,median-range,5,9998813
0830-172036__NetHackChallenge-v0__exp1/NetHackChallenge-v0__both__grammar__n64__os0__max_episode_steps5000__discountprimitive__ent_coef0.01__exp1,0830-172036__NetHackChallenge-v0__exp1,NetHackChallenge-v0,both,grammar,0,10000000,5000,0,0.999,primitive,exp1,64,148909.69311263223,25.72855662538757,24.112503045468404,27.817350713301458,median-range,5,9998813
0830-172036__NetHackChallenge-v0__exp1/NetHackChallenge-v0__both__grammar__n64__os0__max_episode_steps5000__discountprimitive__ent_coef0.01__exp1,0830-172036__NetHackChallenge-v0__exp1,NetHackChallenge-v0,both,grammar,0,10000000,5000,0,0.999,primitive,exp1,64,153695.09306832423,25.83343003209981,24.74986946102191,27.286749499629817,median-range,5,9998813
0830-172036__NetHackChallenge-v0__exp1/NetHackChallenge-v0__both__grammar__n64__os0__max_episode_steps5000__discountprimitive__ent_coef0.01__exp1,0830-172036__NetHackChallenge-v0__exp1,NetHackChallenge-v0,both,grammar,0,10000000,5000,0,0.999,primitive,exp1,64,158634.277860028,26.366473723628,24.66853436760554,26.74272568099786,median-range,5,9998813
0830-172036__NetHackChallenge-v0__exp1/NetHackChallenge-v0__both__grammar__n64__os0__max_episode_steps5000__discountprimitive__ent_coef0.01__exp1,0830-172036__NetHackChallenge-v0__exp1,NetHackChallenge-v0,both,grammar,0,10000000,5000,0,0.999,primitive,exp1,64,163732.18955653772,25.792786587900967,24.527288467029248,26.426759166378893,median-range,5,9998813
0830-172036__NetHackChallenge-v0__exp1/NetHackChallenge-v0__both__grammar__n64__os0__max_episode_steps5000__discountprimitive__ent_coef0.01__exp1,0830-172036__NetHackChallenge-v0__exp1,NetHackChallenge-v0,both,grammar,0,10000000,5000,0,0.999,primitive,exp1,64,168993.92904623313,26.19087313338548,24.064077679898368,26.707182948899558,median-range,5,9998813
0830-172036__NetHackChallenge-v0__exp1/NetHackChallenge-v0__both__grammar__n64__os0__max_episode_steps5000__discountprimitive__ent_coef0.01__exp1,0830-172036__NetHackChallenge-v0__exp1,NetHackChallenge-v0,both,grammar,0,10000000,5000,0,0.999,primitive,exp1,64,174424.76114094656,26.300024522780667,23.490936043245185,26.85846454666601,median-range,5,9998813
0830-172036__NetHackChallenge-v0__exp1/NetHackChallenge-v0__both__grammar__n64__os0__max_episode_steps5000__discountprimitive__ent_coef0.01__exp1,0830-172036__NetHackChallenge-v0__exp1,NetHackChallenge-v0,both,grammar,0,10000000,5000,0,0.999,primitive,exp1,64,180030.11984384933,25.95863501608867,25.005406252217266,26.258371424948933,median-range,5,9998813
0830-172036__NetHackChallenge-v0__exp1/NetHackChallenge-v0__both__grammar__n64__os0__max_episode_steps5000__discountprimitive__ent_coef0.01__exp1,0830-172036__NetHackChallenge-v0__exp1,NetHackChallenge-v0,both,grammar,0,10000000,5000,0,0.999,primitive,exp1,64,185815.6137866264,25.740009763880483,24.96908601350128,26.908666978407815,median-range,5,9998813
0830-172036__NetHackChallenge-v0__exp1/NetHackChallenge-v0__both__grammar__n64__os0__max_episode_steps5000__discountprimitive__ent_coef0.01__exp1,0830-172036__NetHackChallenge-v0__exp1,NetHackChallenge-v0,both,grammar,0,10000000,5000,0,0.999,primitive,exp1,64,191787.03184138506,25.89964310111247,25.299569247224422,26.4132688599034,median-range,5,9998813
0830-172036__NetHackChallenge-v0__exp1/NetHackChallenge-v0__both__grammar__n64__os0__max_episode_steps5000__discountprimitive__ent_coef0.01__exp1,0830-172036__NetHackChallenge-v0__exp1,NetHackChallenge-v0,both,grammar,0,10000000,5000,0,0.999,primitive,exp1,64,197950.34891290584,25.69186761007745,24.81302101005436,26.70649912242653,median-range,5,9998813
0830-172036__NetHackChallenge-v0__exp1/NetHackChallenge-v0__both__grammar__n64__os0__max_episode_steps5000__discountprimitive__ent_coef0.01__exp1,0830-172036__NetHackChallenge-v0__exp1,NetHackChallenge-v0,both,grammar,0,10000000,5000,0,0.999,primitive,exp1,64,204311.73191703626,25.407706518964464,24.703890222234197,26.319266938827802,median-range,5,9998813
0830-172036__NetHackChallenge-v0__exp1/NetHackChallenge-v0__both__grammar__n64__os0__max_episode_steps5000__discountprimitive__ent_coef0.01__exp1,0830-172036__NetHackChallenge-v0__exp1,NetHackChallenge-v0,both,grammar,0,10000000,5000,0,0.999,primitive,exp1,64,210877.5459512081,25.79128074372331,24.802329692716913,27.625317610360344,median-range,5,9998813
0830-172036__NetHackChallenge-v0__exp1/NetHackChallenge-v0__both__grammar__n64__os0__max_episode_steps5000__discountprimitive__ent_coef0.01__exp1,0830-172036__NetHackChallenge-v0__exp1,NetHackChallenge-v0,both,grammar,0,10000000,5000,0,0.999,primitive,exp1,64,217654.36066324968,25.871085920819134,24.631387943549232,29.751123226695835,median-range,5,9998813
0830-172036__NetHackChallenge-v0__exp1/NetHackChallenge-v0__both__grammar__n64__os0__max_episode_steps5000__discountprimitive__ent_coef0.01__exp1,0830-172036__NetHackChallenge-v0__exp1,NetHackChallenge-v0,both,grammar,0,10000000,5000,0,0.999,primitive,exp1,64,224648.9568248723,26.150079096083,24.542202618394093,29.546251881031548,median-range,5,9998813
0830-172036__NetHackChallenge-v0__exp1/NetHackChallenge-v0__both__grammar__n64__os0__max_episode_steps5000__discountprimitive__ent_coef0.01__exp1,0830-172036__NetHackChallenge-v0__exp1,NetHackChallenge-v0,both,grammar,0,10000000,5000,0,0.999,primitive,exp1,64,231868.3331163995,26.01694330591114,24.40608118491023,31.178172080295404,median-range,5,9998813
0830-172036__NetHackChallenge-v0__exp1/NetHackChallenge-v0__both__grammar__n64__os0__max_episode_steps5000__discountprimitive__ent_coef0.01__exp1,0830-172036__NetHackChallenge-v0__exp1,NetHackChallenge-v0,both,grammar,0,10000000,5000,0,0.999,primitive,exp1,64,239319.71312953444,26.342911597105278,24.97973915098749,31.266199666482255,median-range,5,9998813
0830-172036__NetHackChallenge-v0__exp1/NetHackChallenge-v0__both__grammar__n64__os0__max_episode_steps5000__discountprimitive__ent_coef0.01__exp1,0830-172036__NetHackChallenge-v0__exp1,NetHackChallenge-v0,both,grammar,0,10000000,5000,0,0.999,primitive,exp1,64,247010.55259516992,27.478195193666284,24.501892885782272,31.800139294593368,median-range,5,9998813
0830-172036__NetHackChallenge-v0__exp1/NetHackChallenge-v0__both__grammar__n64__os0__max_episode_steps5000__discountprimitive__ent_coef0.01__exp1,0830-172036__NetHackChallenge-v0__exp1,NetHackChallenge-v0,both,grammar,0,10000000,5000,0,0.999,primitive,exp1,64,254948.54684347069,27.551883297592703,25.20090504138367,31.794752114611327,median-range,5,9998813
0830-172036__NetHackChallenge-v0__exp1/NetHackChallenge-v0__both__grammar__n64__os0__max_episode_steps5000__discountprimitive__ent_coef0.01__exp1,0830-172036__NetHackChallenge-v0__exp1,NetHackChallenge-v0,both,grammar,0,10000000,5000,0,0.999,primitive,exp1,64,263141.6385037,29.591419398169805,25.60618449017659,30.87247230886492,median-range,5,9998813
0830-172036__NetHackChallenge-v0__exp1/NetHackChallenge-v0__both__grammar__n64__os0__max_episode_steps5000__discountprimitive__ent_coef0.01__exp1,0830-172036__NetHackChallenge-v0__exp1,NetHackChallenge-v0,both,grammar,0,10000000,5000,0,0.999,primitive,exp1,64,271598.02545148437,29.69891641514958,26.699523463112847,30.91804048350091,median-range,5,9998813
0830-172036__NetHackChallenge-v0__exp1/NetHackChallenge-v0__both__grammar__n64__os0__max_episode_steps5000__discountprimitive__ent_coef0.01__exp1,0830-172036__NetHackChallenge-v0__exp1,NetHackChallenge-v0,both,grammar,0,10000000,5000,0,0.999,primitive,exp1,64,280326.16901147686,30.063805035147894,26.338007113744222,31.910501406886116,median-range,5,9998813
0830-172036__NetHackChallenge-v0__exp1/NetHackChallenge-v0__both__grammar__n64__os0__max_episode_steps5000__discountprimitive__ent_coef0.01__exp1,0830-172036__NetHackChallenge-v0__exp1,NetHackChallenge-v0,both,grammar,0,10000000,5000,0,0.999,primitive,exp1,64,289334.80242362263,30.283503933398666,25.55556651313538,31.879270806724044,median-range,5,9998813
0830-172036__NetHackChallenge-v0__exp1/NetHackChallenge-v0__both__grammar__n64__os0__max_episode_steps5000__discountprimitive__ent_coef0.01__exp1,0830-172036__NetHackChallenge-v0__exp1,NetHackChallenge-v0,both,grammar,0,10000000,5000,0,0.999,primitive,exp1,64,298632.9395814959,30.296036630375344,24.70395590414459,32.52659418075752,median-range,5,9998813
0830-172036__NetHackChallenge-v0__exp1/NetHackChallenge-v0__both__grammar__n64__os0__max_episode_steps5000__discountprimitive__ent_coef0.01__exp1,0830-172036__NetHackChallenge-v0__exp1,NetHackChallenge-v0,both,grammar,0,10000000,5000,0,0.999,primitive,exp1,64,308229.8840514603,30.19548795371652,25.520220293407444,33.300851409402895,median-range,5,9998813
0830-172036__NetHackChallenge-v0__exp1/NetHackChallenge-v0__both__grammar__n64__os0__max_episode_steps5000__discountprimitive__ent_coef0.01__exp1,0830-172036__NetHackChallenge-v0__exp1,NetHackChallenge-v0,both,grammar,0,10000000,5000,0,0.999,primitive,exp1,64,318135.2383816653,30.57069197005766,25.923954061052328,35.23951893097679,median-range,5,9998813
0830-172036__NetHackChallenge-v0__exp1/NetHackChallenge-v0__both__grammar__n64__os0__max_episode_steps5000__discountprimitive__ent_coef0.01__exp1,0830-172036__NetHackChallenge-v0__exp1,NetHackChallenge-v0,both,grammar,0,10000000,5000,0,0.999,primitive,exp1,64,328358.91371020203,31.816034590402772,24.15410167013936,34.9638210905315,median-range,5,9998813
0830-172036__NetHackChallenge-v0__exp1/NetHackChallenge-v0__both__grammar__n64__os0__max_episode_steps5000__discountprimitive__ent_coef0.01__exp1,0830-172036__NetHackChallenge-v0__exp1,NetHackChallenge-v0,both,grammar,0,10000000,5000,0,0.999,primitive,exp1,64,338911.1396820288,33.07036937609445,25.101700563900657,35.56663537078831,median-range,5,9998813
0830-172036__NetHackChallenge-v0__exp1/NetHackChallenge-v0__both__grammar__n64__os0__max_episode_steps5000__discountprimitive__ent_coef0.01__exp1,0830-172036__NetHackChallenge-v0__exp1,NetHackChallenge-v0,both,grammar,0,10000000,5000,0,0.999,primitive,exp1,64,349802.474684587,34.397637347172996,26.6900533634059,35.61712830216609,median-range,5,9998813
0830-172036__NetHackChallenge-v0__exp1/NetHackChallenge-v0__both__grammar__n64__os0__max_episode_steps5000__discountprimitive__ent_coef0.01__exp1,0830-172036__NetHackChallenge-v0__exp1,NetHackChallenge-v0,both,grammar,0,10000000,5000,0,0.999,primitive,exp1,64,361043.81641235703,34.42,26.377412772863106,38.60259034498804,median-range,5,9998813
0830-172036__NetHackChallenge-v0__exp1/NetHackChallenge-v0__both__grammar__n64__os0__max_episode_steps5000__discountprimitive__ent_coef0.01__exp1,0830-172036__NetHackChallenge-v0__exp1,NetHackChallenge-v0,both,grammar,0,10000000,5000,0,0.999,primitive,exp1,64,372646.4127709139,32.20322880980652,26.20182015231538,37.38385249856894,median-range,5,9998813
0830-172036__NetHackChallenge-v0__exp1/NetHackChallenge-v0__both__grammar__n64__os0__max_episode_steps5000__discountprimitive__ent_coef0.01__exp1,0830-172036__NetHackChallenge-v0__exp1,NetHackChallenge-v0,both,grammar,0,10000000,5000,0,0.999,primitive,exp1,64,384621.87313140085,33.46585890681296,26.41902630370281,36.88086163710199,median-range,5,9998813
0830-172036__NetHackChallenge-v0__exp1/NetHackChallenge-v0__both__grammar__n64__os0__max_episode_steps5000__discountprimitive__ent_coef0.01__exp1,0830-172036__NetHackChallenge-v0__exp1,NetHackChallenge-v0,both,grammar,0,10000000,5000,0,0.999,primitive,exp1,64,396982.1799466799,32.50776616169259,27.220180938082763,38.21000779667842,median-range,5,9998813
0830-172036__NetHackChallenge-v0__exp1/NetHackChallenge-v0__both__grammar__n64__os0__max_episode_steps5000__discountprimitive__ent_coef0.01__exp1,0830-172036__NetHackChallenge-v0__exp1,NetHackChallenge-v0,both,grammar,0,10000000,5000,0,0.999,primitive,exp1,64,409739.7007407784,31.549615437705096,26.46437744622029,38.995959646599914,median-range,5,9998813
0830-172036__NetHackChallenge-v0__exp1/NetHackChallenge-v0__both__grammar__n64__os0__max_episode_steps5000__discountprimitive__ent_coef0.01__exp1,0830-172036__NetHackChallenge-v0__exp1,NetHackChallenge-v0,both,grammar,0,10000000,5000,0,0.999,primitive,exp1,64,422907.2004836391,33.09943681435911,27.912813810808387,38.084271604010176,median-range,5,9998813
0830-172036__NetHackChallenge-v0__exp1/NetHackChallenge-v0__both__grammar__n64__os0__max_episode_steps5000__discountprimitive__ent_coef0.01__exp1,0830-172036__NetHackChallenge-v0__exp1,NetHackChallenge-v0,both,grammar,0,10000000,5000,0,0.999,primitive,exp1,64,436497.85436354036,31.945495707433853,31.211699540679962,37.920294143520344,median-range,5,9998813
0830-172036__NetHackChallenge-v0__exp1/NetHackChallenge-v0__both__grammar__n64__os0__max_episode_steps5000__discountprimitive__ent_coef0.01__exp1,0830-172036__NetHackChallenge-v0__exp1,NetHackChallenge-v0,both,grammar,0,10000000,5000,0,0.999,primitive,exp1,64,450525.26096997847,33.028352711207205,31.508711166070785,39.983689386884436,median-range,5,9998813
0830-172036__NetHackChallenge-v0__exp1/NetHackChallenge-v0__both__grammar__n64__os0__max_episode_steps5000__discountprimitive__ent_coef0.01__exp1,0830-172036__NetHackChallenge-v0__exp1,NetHackChallenge-v0,both,grammar,0,10000000,5000,0,0.999,primitive,exp1,64,465003.455900198,33.77496601664429,31.463167149157638,38.67599750224943,median-range,5,9998813
0830-172036__NetHackChallenge-v0__exp1/NetHackChallenge-v0__both__grammar__n64__os0__max_episode_steps5000__discountprimitive__ent_coef0.01__exp1,0830-172036__NetHackChallenge-v0__exp1,NetHackChallenge-v0,both,grammar,0,10000000,5000,0,0.999,primitive,exp1,64,479946.9258029812,32.20710196037718,30.546302629674454,36.04967542951382,median-range,5,9998813
0830-172036__NetHackChallenge-v0__exp1/NetHackChallenge-v0__both__grammar__n64__os0__max_episode_steps5000__discountprimitive__ent_coef0.01__exp1,0830-172036__NetHackChallenge-v0__exp1,NetHackChallenge-v0,both,grammar,0,10000000,5000,0,0.999,primitive,exp1,64,495370.62287376047,33.773614204567274,32.51713030057287,38.3746578767415,median-range,5,9998813
0830-172036__NetHackChallenge-v0__exp1/NetHackChallenge-v0__both__grammar__n64__os0__max_episode_steps5000__discountprimitive__ent_coef0.01__exp1,0830-172036__NetHackChallenge-v0__exp1,NetHackChallenge-v0,both,grammar,0,10000000,5000,0,0.999,primitive,exp1,64,511289.9798155415,35.30402019033797,32.04,37.668540047187065,median-range,5,9998813
0830-172036__NetHackChallenge-v0__exp1/NetHackChallenge-v0__both__grammar__n64__os0__max_episode_steps5000__discountprimitive__ent_coef0.01__exp1,0830-172036__NetHackChallenge-v0__exp1,NetHackChallenge-v0,both,grammar,0,10000000,5000,0,0.999,primitive,exp1,64,527720.9252806177,37.70500776872229,33.37349568115113,40.01012615928545,median-range,5,9998813
0830-172036__NetHackChallenge-v0__exp1/NetHackChallenge-v0__both__grammar__n64__os0__max_episode_steps5000__discountprimitive__ent_coef0.01__exp1,0830-172036__NetHackChallenge-v0__exp1,NetHackChallenge-v0,both,grammar,0,10000000,5000,0,0.999,primitive,exp1,64,544679.899808525,38.36517235532271,33.57035518240189,42.62188392815364,median-range,5,9998813
0830-172036__NetHackChallenge-v0__exp1/NetHackChallenge-v0__both__grammar__n64__os0__max_episode_steps5000__discountprimitive__ent_coef0.01__exp1,0830-172036__NetHackChallenge-v0__exp1,NetHackChallenge-v0,both,grammar,0,10000000,5000,0,0.999,primitive,exp1,64,562183.8722761759,39.720663512497175,33.54098231998533,43.7227060006948,median-range,5,9998813
0830-172036__NetHackChallenge-v0__exp1/NetHackChallenge-v0__both__grammar__n64__os0__max_episode_steps5000__discountprimitive__ent_coef0.01__exp1,0830-172036__NetHackChallenge-v0__exp1,NetHackChallenge-v0,both,grammar,0,10000000,5000,0,0.999,primitive,exp1,64,580250.356876652,40.16409311785378,34.358578647680474,45.303272376374295,median-range,5,9998813
0830-172036__NetHackChallenge-v0__exp1/NetHackChallenge-v0__both__grammar__n64__os0__max_episode_steps5000__discountprimitive__ent_coef0.01__exp1,0830-172036__NetHackChallenge-v0__exp1,NetHackChallenge-v0,both,grammar,0,10000000,5000,0,0.999,primitive,exp1,64,598897.4306436187,40.70021338456666,31.847904689102915,48.16502919308561,median-range,5,9998813
0830-172036__NetHackChallenge-v0__exp1/NetHackChallenge-v0__both__grammar__n64__os0__max_episode_steps5000__discountprimitive__ent_coef0.01__exp1,0830-172036__NetHackChallenge-v0__exp1,NetHackChallenge-v0,both,grammar,0,10000000,5000,0,0.999,primitive,exp1,64,618143.7515389152,41.6065725526194,31.338858184109682,46.49877271568927,median-range,5,9998813
0830-172036__NetHackChallenge-v0__exp1/NetHackChallenge-v0__both__grammar__n64__os0__max_episode_steps5000__discountprimitive__ent_coef0.01__exp1,0830-172036__NetHackChallenge-v0__exp1,NetHackChallenge-v0,both,grammar,0,10000000,5000,0,0.999,primitive,exp1,64,638008.5771214124,45.10314386364845,32.68854558839312,48.241474799756574,median-range,5,9998813
0830-172036__NetHackChallenge-v0__exp1/NetHackChallenge-v0__both__grammar__n64__os0__max_episode_steps5000__discountprimitive__ent_coef0.01__exp1,0830-172036__NetHackChallenge-v0__exp1,NetHackChallenge-v0,both,grammar,0,10000000,5000,0,0.999,primitive,exp1,64,658511.7838158107,41.595571877384444,33.27039862025126,50.57040852229729,median-range,5,9998813
0830-172036__NetHackChallenge-v0__exp1/NetHackChallenge-v0__both__grammar__n64__os0__max_episode_steps5000__discountprimitive__ent_coef0.01__exp1,0830-172036__NetHackChallenge-v0__exp1,NetHackChallenge-v0,both,grammar,0,10000000,5000,0,0.999,primitive,exp1,64,679673.8868006789,40.63214532554876,31.706496287555847,49.7768887538838,median-range,5,9998813
0830-172036__NetHackChallenge-v0__exp1/NetHackChallenge-v0__both__grammar__n64__os0__max_episode_steps5000__discountprimitive__ent_coef0.01__exp1,0830-172036__NetHackChallenge-v0__exp1,NetHackChallenge-v0,both,grammar,0,10000000,5000,0,0.999,primitive,exp1,64,701516.0605356059,39.861732197667024,35.057612780229086,46.38128430025819,median-range,5,9998813
0830-172036__NetHackChallenge-v0__exp1/NetHackChallenge-v0__both__grammar__n64__os0__max_episode_steps5000__discountprimitive__ent_coef0.01__exp1,0830-172036__NetHackChallenge-v0__exp1,NetHackChallenge-v0,both,grammar,0,10000000,5000,0,0.999,primitive,exp1,64,724060.1599480256,43.26483942150158,36.94394379490911,47.72795276518876,median-range,5,9998813
0830-172036__NetHackChallenge-v0__exp1/NetHackChallenge-v0__both__grammar__n64__os0__max_episode_steps5000__discountprimitive__ent_coef0.01__exp1,0830-172036__NetHackChallenge-v0__exp1,NetHackChallenge-v0,both,grammar,0,10000000,5000,0,0.999,primitive,exp1,64,747328.7423009074,42.47751903931259,36.3353534226962,47.412254194268414,median-range,5,9998813
0830-172036__NetHackChallenge-v0__exp1/NetHackChallenge-v0__both__grammar__n64__os0__max_episode_steps5000__discountprimitive__ent_coef0.01__exp1,0830-172036__NetHackChallenge-v0__exp1,NetHackChallenge-v0,both,grammar,0,10000000,5000,0,0.999,primitive,exp1,64,771345.0897631835,43.53832595519688,34.75540038956173,48.65699998748823,median-range,5,9998813
0830-172036__NetHackChallenge-v0__exp1/NetHackChallenge-v0__both__grammar__n64__os0__max_episode_steps5000__discountprimitive__ent_coef0.01__exp1,0830-172036__NetHackChallenge-v0__exp1,NetHackChallenge-v0,both,grammar,0,10000000,5000,0,0.999,primitive,exp1,64,796133.2327055224,43.95098944543105,34.833646402916756,52.63618740626591,median-range,5,9998813
0830-172036__NetHackChallenge-v0__exp1/NetHackChallenge-v0__both__grammar__n64__os0__max_episode_steps5000__discountprimitive__ent_coef0.01__exp1,0830-172036__NetHackChallenge-v0__exp1,NetHackChallenge-v0,both,grammar,0,10000000,5000,0,0.999,primitive,exp1,64,821717.9737447241,43.977810984382614,38.09183969030862,50.59078589775421,median-range,5,9998813
0830-172036__NetHackChallenge-v0__exp1/NetHackChallenge-v0__both__grammar__n64__os0__max_episode_steps5000__discountprimitive__ent_coef0.01__exp1,0830-172036__NetHackChallenge-v0__exp1,NetHackChallenge-v0,both,grammar,0,10000000,5000,0,0.999,primitive,exp1,64,848124.9125608212,43.39137545769299,37.77292791318279,49.71855547028931,median-range,5,9998813
0830-172036__NetHackChallenge-v0__exp1/NetHackChallenge-v0__both__grammar__n64__os0__max_episode_steps5000__discountprimitive__ent_coef0.01__exp1,0830-172036__NetHackChallenge-v0__exp1,NetHackChallenge-v0,both,grammar,0,10000000,5000,0,0.999,primitive,exp1,64,875380.4715117081,42.92542840381035,39.023146840068605,49.50121577307882,median-range,5,9998813
0830-172036__NetHackChallenge-v0__exp1/NetHackChallenge-v0__both__grammar__n64__os0__max_episode_steps5000__discountprimitive__ent_coef0.01__exp1,0830-172036__NetHackChallenge-v0__exp1,NetHackChallenge-v0,both,grammar,0,10000000,5000,0,0.999,primitive,exp1,64,903511.9220709206,44.4364807961769,41.76283935234512,48.93975010424226,median-range,5,9998813
0830-172036__NetHackChallenge-v0__exp1/NetHackChallenge-v0__both__grammar__n64__os0__max_episode_steps5000__discountprimitive__ent_coef0.01__exp1,0830-172036__NetHackChallenge-v0__exp1,NetHackChallenge-v0,both,grammar,0,10000000,5000,0,0.999,primitive,exp1,64,932547.4121150426,44.89555076975325,43.97582866400749,49.247803352896014,median-range,5,9998813
0830-172036__NetHackChallenge-v0__exp1/NetHackChallenge-v0__both__grammar__n64__os0__max_episode_steps5000__discountprimitive__ent_coef0.01__exp1,0830-172036__NetHackChallenge-v0__exp1,NetHackChallenge-v0,both,grammar,0,10000000,5000,0,0.999,primitive,exp1,64,962515.9940880126,46.50922007050106,42.38784989875819,51.36752400675304,median-range,5,9998813
0830-172036__NetHackChallenge-v0__exp1/NetHackChallenge-v0__both__grammar__n64__os0__max_episode_steps5000__discountprimitive__ent_coef0.01__exp1,0830-172036__NetHackChallenge-v0__exp1,NetHackChallenge-v0,both,grammar,0,10000000,5000,0,0.999,primitive,exp1,64,993447.6540705324,48.45687104919424,41.42317176518942,56.20967557370188,median-range,5,9998813
0830-172036__NetHackChallenge-v0__exp1/NetHackChallenge-v0__both__grammar__n64__os0__max_episode_steps5000__discountprimitive__ent_coef0.01__exp1,0830-172036__NetHackChallenge-v0__exp1,NetHackChallenge-v0,both,grammar,0,10000000,5000,0,0.999,primitive,exp1,64,1025373.3417836593,51.441610135237354,43.4968498997206,55.084593335843984,median-range,5,9998813
0830-172036__NetHackChallenge-v0__exp1/NetHackChallenge-v0__both__grammar__n64__os0__max_episode_steps5000__discountprimitive__ent_coef0.01__exp1,0830-172036__NetHackChallenge-v0__exp1,NetHackChallenge-v0,both,grammar,0,10000000,5000,0,0.999,primitive,exp1,64,1058325.00155659,50.04680519139118,46.48328781480085,57.451566203778015,median-range,5,9998813
0830-172036__NetHackChallenge-v0__exp1/NetHackChallenge-v0__both__grammar__n64__os0__max_episode_steps5000__discountprimitive__ent_coef0.01__exp1,0830-172036__NetHackChallenge-v0__exp1,NetHackChallenge-v0,both,grammar,0,10000000,5000,0,0.999,primitive,exp1,64,1092335.6042896546,48.40836356359169,45.55895472590552,57.64213175751262,median-range,5,9998813
0830-172036__NetHackChallenge-v0__exp1/NetHackChallenge-v0__both__grammar__n64__os0__max_episode_steps5000__discountprimitive__ent_coef0.01__exp1,0830-172036__NetHackChallenge-v0__exp1,NetHackChallenge-v0,both,grammar,0,10000000,5000,0,0.999,primitive,exp1,64,1127439.1804444613,52.55141387531662,41.453840842461034,60.55334214229511,median-range,5,9998813
0830-172036__NetHackChallenge-v0__exp1/NetHackChallenge-v0__both__grammar__n64__os0__max_episode_steps5000__discountprimitive__ent_coef0.01__exp1,0830-172036__NetHackChallenge-v0__exp1,NetHackChallenge-v0,both,grammar,0,10000000,5000,0,0.999,primitive,exp1,64,1163670.8540942294,52.7636811673419,41.29295684625532,60.51551698051585,median-range,5,9998813
0830-172036__NetHackChallenge-v0__exp1/NetHackChallenge-v0__both__grammar__n64__os0__max_episode_steps5000__discountprimitive__ent_coef0.01__exp1,0830-172036__NetHackChallenge-v0__exp1,NetHackChallenge-v0,both,grammar,0,10000000,5000,0,0.999,primitive,exp1,64,1201066.8780683745,51.65467718279058,42.09177621452266,59.460562989220215,median-range,5,9998813
0830-172036__NetHackChallenge-v0__exp1/NetHackChallenge-v0__both__grammar__n64__os0__max_episode_steps5000__discountprimitive__ent_coef0.01__exp1,0830-172036__NetHackChallenge-v0__exp1,NetHackChallenge-v0,both,grammar,0,10000000,5000,0,0.999,primitive,exp1,64,1239664.6702264969,54.078998192883034,42.52851915471012,58.0193255948898,median-range,5,9998813
0830-172036__NetHackChallenge-v0__exp1/NetHackChallenge-v0__both__grammar__n64__os0__max_episode_steps5000__discountprimitive__ent_coef0.01__exp1,0830-172036__NetHackChallenge-v0__exp1,NetHackChallenge-v0,both,grammar,0,10000000,5000,0,0.999,primitive,exp1,64,1279502.8508981029,51.239611896236816,44.18782113035431,55.7187047304059,median-range,5,9998813
0830-172036__NetHackChallenge-v0__exp1/NetHackChallenge-v0__both__grammar__n64__os0__max_episode_steps5000__discountprimitive__ent_coef0.01__exp1,0830-172036__NetHackChallenge-v0__exp1,NetHackChallenge-v0,both,grammar,0,10000000,5000,0,0.999,primitive,exp1,64,1320621.281525476,51.16626005369957,41.66633306285888,60.02455605287301,median-range,5,9998813
0830-172036__NetHackChallenge-v0__exp1/NetHackChallenge-v0__both__grammar__n64__os0__max_episode_steps5000__discountprimitive__ent_coef0.01__exp1,0830-172036__NetHackChallenge-v0__exp1,NetHackChallenge-v0,both,grammar,0,10000000,5000,0,0.999,primitive,exp1,64,1363061.1045483963,54.16133079670032,44.33892352005993,61.31718351140019,median-range,5,9998813
0830-172036__NetHackChallenge-v0__exp1/NetHackChallenge-v0__both__grammar__n64__os0__max_episode_steps5000__discountprimitive__ent_coef0.01__exp1,0830-172036__NetHackChallenge-v0__exp1,NetHackChallenge-v0,both,grammar,0,10000000,5000,0,0.999,primitive,exp1,64,1406864.7845706074,60.77802970664466,43.86941626117756,64.85175401233997,median-range,5,9998813
0830-172036__NetHackChallenge-v0__exp1/NetHackChallenge-v0__both__grammar__n64__os0__max_episode_steps5000__discountprimitive__ent_coef0.01__exp1,0830-172036__NetHackChallenge-v0__exp1,NetHackChallenge-v0,both,grammar,0,10000000,5000,0,0.999,primitive,exp1,64,1452076.1508492024,59.21801088046601,46.68859329699574,63.564158142885354,median-range,5,9998813
0830-172036__NetHackChallenge-v0__exp1/NetHackChallenge-v0__both__grammar__n64__os0__max_episode_steps5000__discountprimitive__ent_coef0.01__exp1,0830-172036__NetHackChallenge-v0__exp1,NetHackChallenge-v0,both,grammar,0,10000000,5000,0,0.999,primitive,exp1,64,1498740.441149491,58.399689052483325,45.46834797620876,63.9758971409802,median-range,5,9998813
0830-172036__NetHackChallenge-v0__exp1/NetHackChallenge-v0__both__grammar__n64__os0__max_episode_steps5000__discountprimitive__ent_coef0.01__exp1,0830-172036__NetHackChallenge-v0__exp1,NetHackChallenge-v0,both,grammar,0,10000000,5000,0,0.999,primitive,exp1,64,1546904.3470091673,57.958223097073926,47.3171607694593,61.405166559387034,median-range,5,9998813
0830-172036__NetHackChallenge-v0__exp1/NetHackChallenge-v0__both__grammar__n64__os0__max_episode_steps5000__discountprimitive__ent_coef0.01__exp1,0830-172036__NetHackChallenge-v0__exp1,NetHackChallenge-v0,both,grammar,0,10000000,5000,0,0.999,primitive,exp1,64,1596616.0604571146,59.38702138117473,40.51308484177622,65.87253281896258,median-range,5,9998813
0830-172036__NetHackChallenge-v0__exp1/NetHackChallenge-v0__both__grammar__n64__os0__max_episode_steps5000__discountprimitive__ent_coef0.01__exp1,0830-172036__NetHackChallenge-v0__exp1,NetHackChallenge-v0,both,grammar,0,10000000,5000,0,0.999,primitive,exp1,64,1647925.3222335763,58.78069570104927,35.853982317353804,66.1384290480222,median-range,5,9998813
0830-172036__NetHackChallenge-v0__exp1/NetHackChallenge-v0__both__grammar__n64__os0__max_episode_steps5000__discountprimitive__ent_coef0.01__exp1,0830-172036__NetHackChallenge-v0__exp1,NetHackChallenge-v0,both,grammar,0,10000000,5000,0,0.999,primitive,exp1,64,1700883.4715599266,54.50578683737231,38.27402021391779,66.16457626123483,median-range,5,9998813
0830-172036__NetHackChallenge-v0__exp1/NetHackChallenge-v0__both__grammar__n64__os0__max_episode_steps5000__discountprimitive__ent_coef0.01__exp1,0830-172036__NetHackChallenge-v0__exp1,NetHackChallenge-v0,both,grammar,0,10000000,5000,0,0.999,primitive,exp1,64,1755543.497507889,59.47256484091588,45.455009294763016,71.33820860665126,median-range,5,9998813
0830-172036__NetHackChallenge-v0__exp1/NetHackChallenge-v0__both__grammar__n64__os0__max_episode_steps5000__discountprimitive__ent_coef0.01__exp1,0830-172036__NetHackChallenge-v0__exp1,NetHackChallenge-v0,both,grammar,0,10000000,5000,0,0.999,primitive,exp1,64,1811960.0920195356,57.58073821070259,47.643761372573934,66.83474597808477,median-range,5,9998813
0830-172036__NetHackChallenge-v0__exp1/NetHackChallenge-v0__both__grammar__n64__os0__max_episode_steps5000__discountprimitive__ent_coef0.01__exp1,0830-172036__NetHackChallenge-v0__exp1,NetHackChallenge-v0,both,grammar,0,10000000,5000,0,0.999,primitive,exp1,64,1870189.7046311665,53.116133066334086,47.5793853850011,61.692992318741545,median-range,5,9998813
0830-172036__NetHackChallenge-v0__exp1/NetHackChallenge-v0__both__grammar__n64__os0__max_episode_steps5000__discountprimitive__ent_coef0.01__exp1,0830-172036__NetHackChallenge-v0__exp1,NetHackChallenge-v0,both,grammar,0,10000000,5000,0,0.999,primitive,exp1,64,1930290.5989558115,50.05300103945326,46.61050753715799,58.342258970648004,median-range,5,9998813
0830-172036__NetHackChallenge-v0__exp1/NetHackChallenge-v0__both__grammar__n64__os0__max_episode_steps5000__discountprimitive__ent_coef0.01__exp1,0830-172036__NetHackChallenge-v0__exp1,NetHackChallenge-v0,both,grammar,0,10000000,5000,0,0.999,primitive,exp1,64,1992322.910980848,54.92005120948698,46.506078310566686,61.83821058428289,median-range,5,9998813
0830-172036__NetHackChallenge-v0__exp1/NetHackChallenge-v0__both__grammar__n64__os0__max_episode_steps5000__discountprimitive__ent_coef0.01__exp1,0830-172036__NetHackChallenge-v0__exp1,NetHackChallenge-v0,both,grammar,0,10000000,5000,0,0.999,primitive,exp1,64,2056348.7092391248,55.775650364354796,46.609653549170545,68.3441699376043,median-range,5,9998813
0830-172036__NetHackChallenge-v0__exp1/NetHackChallenge-v0__both__grammar__n64__os0__max_episode_steps5000__discountprimitive__ent_coef0.01__exp1,0830-172036__NetHackChallenge-v0__exp1,NetHackChallenge-v0,both,grammar,0,10000000,5000,0,0.999,primitive,exp1,64,2122432.0569137214,56.12381850998448,41.04850856455418,61.168218067724865,median-range,5,9998813
0830-172036__NetHackChallenge-v0__exp1/NetHackChallenge-v0__both__grammar__n64__os0__max_episode_steps5000__discountprimitive__ent_coef0.01__exp1,0830-172036__NetHackChallenge-v0__exp1,NetHackChallenge-v0,both,grammar,0,10000000,5000,0,0.999,primitive,exp1,64,2190639.0759385424,54.22143505468406,47.185057976373045,62.70992600463678,median-range,5,9998813
0830-172036__NetHackChallenge-v0__exp1/NetHackChallenge-v0__both__grammar__n64__os0__max_episode_steps5000__discountprimitive__ent_coef0.01__exp1,0830-172036__NetHackChallenge-v0__exp1,NetHackChallenge-v0,both,grammar,0,10000000,5000,0,0.999,primitive,exp1,64,2261038.0131588634,57.53110192411311,54.034449527381135,64.38416713563379,median-range,5,9998813
0830-172036__NetHackChallenge-v0__exp1/NetHackChallenge-v0__both__grammar__n64__os0__max_episode_steps5000__discountprimitive__ent_coef0.01__exp1,0830-172036__NetHackChallenge-v0__exp1,NetHackChallenge-v0,both,grammar,0,10000000,5000,0,0.999,primitive,exp1,64,2333699.308618009,59.87679873925201,49.30690827936848,66.11868438376612,median-range,5,9998813
0830-172036__NetHackChallenge-v0__exp1/NetHackChallenge-v0__both__grammar__n64__os0__max_episode_steps5000__discountprimitive__ent_coef0.01__exp1,0830-172036__NetHackChallenge-v0__exp1,NetHackChallenge-v0,both,grammar,0,10000000,5000,0,0.999,primitive,exp1,64,2408695.6660385523,52.432231069488765,45.195279571662745,60.77977349327416,median-range,5,9998813
0830-172036__NetHackChallenge-v0__exp1/NetHackChallenge-v0__both__grammar__n64__os0__max_episode_steps5000__discountprimitive__ent_coef0.01__exp1,0830-172036__NetHackChallenge-v0__exp1,NetHackChallenge-v0,both,grammar,0,10000000,5000,0,0.999,primitive,exp1,64,2486102.1255684714,51.47680165473543,45.95715033761263,62.03049948330838,median-range,5,9998813
0830-172036__NetHackChallenge-v0__exp1/NetHackChallenge-v0__both__grammar__n64__os0__max_episode_steps5000__discountprimitive__ent_coef0.01__exp1,0830-172036__NetHackChallenge-v0__exp1,NetHackChallenge-v0,both,grammar,0,10000000,5000,0,0.999,primitive,exp1,64,2565996.1388651193,51.141624439076004,45.104159799216085,63.75627614928346,median-range,5,9998813
0830-172036__NetHackChallenge-v0__exp1/NetHackChallenge-v0__both__grammar__n64__os0__max_episode_steps5000__discountprimitive__ent_coef0.01__exp1,0830-172036__NetHackChallenge-v0__exp1,NetHackChallenge-v0,both,grammar,0,10000000,5000,0,0.999,primitive,exp1,64,2648457.646592109,52.72964705110924,46.96638882040601,64.45290576720015,median-range,5,9998813
0830-172036__NetHackChallenge-v0__exp1/NetHackChallenge-v0__both__grammar__n64__os0__max_episode_steps5000__discountprimitive__ent_coef0.01__exp1,0830-172036__NetHackChallenge-v0__exp1,NetHackChallenge-v0,both,grammar,0,10000000,5000,0,0.999,primitive,exp1,64,2733569.158406635,48.11726363880763,43.4,64.38705926255018,median-range,5,9998813
0830-172036__NetHackChallenge-v0__exp1/NetHackChallenge-v0__both__grammar__n64__os0__max_episode_steps5000__discountprimitive__ent_coef0.01__exp1,0830-172036__NetHackChallenge-v0__exp1,NetHackChallenge-v0,both,grammar,0,10000000,5000,0,0.999,primitive,exp1,64,2821415.835517338,53.11215235942539,45.59288725617171,65.69184572578519,median-range,5,9998813
0830-172036__NetHackChallenge-v0__exp1/NetHackChallenge-v0__both__grammar__n64__os0__max_episode_steps5000__discountprimitive__ent_coef0.01__exp1,0830-172036__NetHackChallenge-v0__exp1,NetHackChallenge-v0,both,grammar,0,10000000,5000,0,0.999,primitive,exp1,64,2912085.5758952205,53.41555642934267,43.31304357473182,55.70050229985517,median-range,5,9998813
0830-172036__NetHackChallenge-v0__exp1/NetHackChallenge-v0__both__grammar__n64__os0__max_episode_steps5000__discountprimitive__ent_coef0.01__exp1,0830-172036__NetHackChallenge-v0__exp1,NetHackChallenge-v0,both,grammar,0,10000000,5000,0,0.999,primitive,exp1,64,3005669.102222945,53.42738279799588,42.02634558910931,60.25263536250741,median-range,5,9998813
0830-172036__NetHackChallenge-v0__exp1/NetHackChallenge-v0__both__grammar__n64__os0__max_episode_steps5000__discountprimitive__ent_coef0.01__exp1,0830-172036__NetHackChallenge-v0__exp1,NetHackChallenge-v0,both,grammar,0,10000000,5000,0,0.999,primitive,exp1,64,3102260.0526704974,53.61,43.091069472332585,57.87654257437002,median-range,5,9998813
0830-172036__NetHackChallenge-v0__exp1/NetHackChallenge-v0__both__grammar__n64__os0__max_episode_steps5000__discountprimitive__ent_coef0.01__exp1,0830-172036__NetHackChallenge-v0__exp1,NetHackChallenge-v0,both,grammar,0,10000000,5000,0,0.999,primitive,exp1,64,3201955.074588007,52.12743186248524,44.82,60.50412853894456,median-range,5,9998813
0830-172036__NetHackChallenge-v0__exp1/NetHackChallenge-v0__both__grammar__n64__os0__max_episode_steps5000__discountprimitive__ent_coef0.01__exp1,0830-172036__NetHackChallenge-v0__exp1,NetHackChallenge-v0,both,grammar,0,10000000,5000,0,0.999,primitive,exp1,64,3304853.9212095668,49.256998691644775,45.14011855166877,62.79134874509055,median-range,5,9998813
0830-172036__NetHackChallenge-v0__exp1/NetHackChallenge-v0__both__grammar__n64__os0__max_episode_steps5000__discountprimitive__ent_coef0.01__exp1,0830-172036__NetHackChallenge-v0__exp1,NetHackChallenge-v0,both,grammar,0,10000000,5000,0,0.999,primitive,exp1,64,3411059.5514646876,55.760990112680915,50.21,61.050860421144044,median-range,5,9998813
0830-172036__NetHackChallenge-v0__exp1/NetHackChallenge-v0__both__grammar__n64__os0__max_episode_steps5000__discountprimitive__ent_coef0.01__exp1,0830-172036__NetHackChallenge-v0__exp1,NetHackChallenge-v0,both,grammar,0,10000000,5000,0,0.999,primitive,exp1,64,3520678.232997355,58.764870999186,48.066373490206864,60.99,median-range,5,9998813
0830-172036__NetHackChallenge-v0__exp1/NetHackChallenge-v0__both__grammar__n64__os0__max_episode_steps5000__discountprimitive__ent_coef0.01__exp1,0830-172036__NetHackChallenge-v0__exp1,NetHackChallenge-v0,both,grammar,0,10000000,5000,0,0.999,primitive,exp1,64,3633819.6484957268,58.99467767540398,48.65563955918476,60.21918185527472,median-range,5,9998813
0830-172036__NetHackChallenge-v0__exp1/NetHackChallenge-v0__both__grammar__n64__os0__max_episode_steps5000__discountprimitive__ent_coef0.01__exp1,0830-172036__NetHackChallenge-v0__exp1,NetHackChallenge-v0,both,grammar,0,10000000,5000,0,0.999,primitive,exp1,64,3750597.005438838,53.309774819088375,52.57099673669711,68.5871521805167,median-range,5,9998813
0830-172036__NetHackChallenge-v0__exp1/NetHackChallenge-v0__both__grammar__n64__os0__max_episode_steps5000__discountprimitive__ent_coef0.01__exp1,0830-172036__NetHackChallenge-v0__exp1,NetHackChallenge-v0,both,grammar,0,10000000,5000,0,0.999,primitive,exp1,64,3871127.1493702265,55.57156124732142,46.015445416815616,62.159095612622,median-range,5,9998813
0830-172036__NetHackChallenge-v0__exp1/NetHackChallenge-v0__both__grammar__n64__os0__max_episode_steps5000__discountprimitive__ent_coef0.01__exp1,0830-172036__NetHackChallenge-v0__exp1,NetHackChallenge-v0,both,grammar,0,10000000,5000,0,0.999,primitive,exp1,64,3995530.680811671,60.959532305189924,47.850842454345205,70.25747599441519,median-range,5,9998813
0830-172036__NetHackChallenge-v0__exp1/NetHackChallenge-v0__both__grammar__n64__os0__max_episode_steps5000__discountprimitive__ent_coef0.01__exp1,0830-172036__NetHackChallenge-v0__exp1,NetHackChallenge-v0,both,grammar,0,10000000,5000,0,0.999,primitive,exp1,64,4123932.075934142,63.33036825367002,51.54997506858725,66.70132908487594,median-range,5,9998813
0830-172036__NetHackChallenge-v0__exp1/NetHackChallenge-v0__both__grammar__n64__os0__max_episode_steps5000__discountprimitive__ent_coef0.01__exp1,0830-172036__NetHackChallenge-v0__exp1,NetHackChallenge-v0,both,grammar,0,10000000,5000,0,0.999,primitive,exp1,64,4256459.811106661,59.00654047709204,46.755896136203205,62.06114880293944,median-range,5,9998813
0830-172036__NetHackChallenge-v0__exp1/NetHackChallenge-v0__both__grammar__n64__os0__max_episode_steps5000__discountprimitive__ent_coef0.01__exp1,0830-172036__NetHackChallenge-v0__exp1,NetHackChallenge-v0,both,grammar,0,10000000,5000,0,0.999,primitive,exp1,64,4393246.491447656,52.763503197770106,49.854812783698485,67.3361714397979,median-range,5,9998813
0830-172036__NetHackChallenge-v0__exp1/NetHackChallenge-v0__both__grammar__n64__os0__max_episode_steps5000__discountprimitive__ent_coef0.01__exp1,0830-172036__NetHackChallenge-v0__exp1,NetHackChallenge-v0,both,grammar,0,10000000,5000,0,0.999,primitive,exp1,64,4534428.983507556,64.40746743194684,48.84060821697489,75.59447424204244,median-range,5,9998813
0830-172036__NetHackChallenge-v0__exp1/NetHackChallenge-v0__both__grammar__n64__os0__max_episode_steps5000__discountprimitive__ent_coef0.01__exp1,0830-172036__NetHackChallenge-v0__exp1,NetHackChallenge-v0,both,grammar,0,10000000,5000,0,0.999,primitive,exp1,64,4680148.552215226,63.86258368373937,57.5415385809586,72.44236909951704,median-range,5,9998813
0830-172036__NetHackChallenge-v0__exp1/NetHackChallenge-v0__both__grammar__n64__os0__max_episode_steps5000__discountprimitive__ent_coef0.01__exp1,0830-172036__NetHackChallenge-v0__exp1,NetHackChallenge-v0,both,grammar,0,10000000,5000,0,0.999,primitive,exp1,64,4830551.002225388,58.55888695944914,50.31599109281869,71.19557048333611,median-range,5,9998813
0830-172036__NetHackChallenge-v0__exp1/NetHackChallenge-v0__both__grammar__n64__os0__max_episode_steps5000__discountprimitive__ent_coef0.01__exp1,0830-172036__NetHackChallenge-v0__exp1,NetHackChallenge-v0,both,grammar,0,10000000,5000,0,0.999,primitive,exp1,64,4985786.823808425,61.794978216463704,57.313922047538306,75.19260771996468,median-range,5,9998813
0830-172036__NetHackChallenge-v0__exp1/NetHackChallenge-v0__both__grammar__n64__os0__max_episode_steps5000__discountprimitive__ent_coef0.01__exp1,0830-172036__NetHackChallenge-v0__exp1,NetHackChallenge-v0,both,grammar,0,10000000,5000,0,0.999,primitive,exp1,64,5146011.343428478,64.68171223152488,59.722813204659936,71.84893297384642,median-range,5,9998813
0830-172036__NetHackChallenge-v0__exp1/NetHackChallenge-v0__both__grammar__n64__os0__max_episode_steps5000__discountprimitive__ent_coef0.01__exp1,0830-172036__NetHackChallenge-v0__exp1,NetHackChallenge-v0,both,grammar,0,10000000,5000,0,0.999,primitive,exp1,64,5311384.87916067,66.0087424843635,55.86355329619777,76.67782013229056,median-range,5,9998813
0830-172036__NetHackChallenge-v0__exp1/NetHackChallenge-v0__both__grammar__n64__os0__max_episode_steps5000__discountprimitive__ent_coef0.01__exp1,0830-172036__NetHackChallenge-v0__exp1,NetHackChallenge-v0,both,grammar,0,10000000,5000,0,0.999,primitive,exp1,64,5482072.901102748,62.36457433158683,50.86416172118495,73.6742094143672,median-range,5,9998813
0830-172036__NetHackChallenge-v0__exp1/NetHackChallenge-v0__both__grammar__n64__os0__max_episode_steps5000__discountprimitive__ent_coef0.01__exp1,0830-172036__NetHackChallenge-v0__exp1,NetHackChallenge-v0,both,grammar,0,10000000,5000,0,0.999,primitive,exp1,64,5658246.19694181,71.04228325285544,64.20448225607836,81.27883984684551,median-range,5,9998813
0830-172036__NetHackChallenge-v0__exp1/NetHackChallenge-v0__both__grammar__n64__os0__max_episode_steps5000__discountprimitive__ent_coef0.01__exp1,0830-172036__NetHackChallenge-v0__exp1,NetHackChallenge-v0,both,grammar,0,10000000,5000,0,0.999,primitive,exp1,64,5840081.042841729,65.71249630830587,53.10251472445919,73.59455615747912,median-range,5,9998813
0830-172036__NetHackChallenge-v0__exp1/NetHackChallenge-v0__both__grammar__n64__os0__max_episode_steps5000__discountprimitive__ent_coef0.01__exp1,0830-172036__NetHackChallenge-v0__exp1,NetHackChallenge-v0,both,grammar,0,10000000,5000,0,0.999,primitive,exp1,64,6027759.379822197,69.08160422586108,60.200443081379035,85.00528255208415,median-range,5,9998813
0830-172036__NetHackChallenge-v0__exp1/NetHackChallenge-v0__both__grammar__n64__os0__max_episode_steps5000__discountprimitive__ent_coef0.01__exp1,0830-172036__NetHackChallenge-v0__exp1,NetHackChallenge-v0,both,grammar,0,10000000,5000,0,0.999,primitive,exp1,64,6221468.99580605,76.06911743252634,55.41564297950413,89.43794274590428,median-range,5,9998813
0830-172036__NetHackChallenge-v0__exp1/NetHackChallenge-v0__both__grammar__n64__os0__max_episode_steps5000__discountprimitive__ent_coef0.01__exp1,0830-172036__NetHackChallenge-v0__exp1,NetHackChallenge-v0,both,grammar,0,10000000,5000,0,0.999,primitive,exp1,64,6421403.713516793,73.41202065632845,54.823701228799386,78.9363946969935,median-range,5,9998813
0830-172036__NetHackChallenge-v0__exp1/NetHackChallenge-v0__both__grammar__n64__os0__max_episode_steps5000__discountprimitive__ent_coef0.01__exp1,0830-172036__NetHackChallenge-v0__exp1,NetHackChallenge-v0,both,grammar,0,10000000,5000,0,0.999,primitive,exp1,64,6627763.584414512,75.73925238589445,61.731673827994825,93.77030240886364,median-range,5,9998813
0830-172036__NetHackChallenge-v0__exp1/NetHackChallenge-v0__both__grammar__n64__os0__max_episode_steps5000__discountprimitive__ent_coef0.01__exp1,0830-172036__NetHackChallenge-v0__exp1,NetHackChallenge-v0,both,grammar,0,10000000,5000,0,0.999,primitive,exp1,64,6840755.088864156,66.44355032097789,59.19753562046281,90.36519601932675,median-range,5,9998813
0830-172036__NetHackChallenge-v0__exp1/NetHackChallenge-v0__both__grammar__n64__os0__max_episode_steps5000__discountprimitive__ent_coef0.01__exp1,0830-172036__NetHackChallenge-v0__exp1,NetHackChallenge-v0,both,grammar,0,10000000,5000,0,0.999,primitive,exp1,64,7060591.342736411,74.31093351776914,56.91,86.74621928463857,median-range,5,9998813
0830-172036__NetHackChallenge-v0__exp1/NetHackChallenge-v0__both__grammar__n64__os0__max_episode_steps5000__discountprimitive__ent_coef0.01__exp1,0830-172036__NetHackChallenge-v0__exp1,NetHackChallenge-v0,both,grammar,0,10000000,5000,0,0.999,primitive,exp1,64,7287492.310648094,70.9120829333021,66.50994425859261,94.82911291865517,median-range,5,9998813
0830-172036__NetHackChallenge-v0__exp1/NetHackChallenge-v0__both__grammar__n64__os0__max_episode_steps5000__discountprimitive__ent_coef0.01__exp1,0830-172036__NetHackChallenge-v0__exp1,NetHackChallenge-v0,both,grammar,0,10000000,5000,0,0.999,primitive,exp1,64,7521685.026055152,74.44177674976855,71.00948637489051,79.0986125320787,median-range,5,9998813
0830-172036__NetHackChallenge-v0__exp1/NetHackChallenge-v0__both__grammar__n64__os0__max_episode_steps5000__discountprimitive__ent_coef0.01__exp1,0830-172036__NetHackChallenge-v0__exp1,NetHackChallenge-v0,both,grammar,0,10000000,5000,0,0.999,primitive,exp1,64,7763403.818418695,83.31837086421706,62.340253037948855,99.3481091296072,median-range,5,9998813
0830-172036__NetHackChallenge-v0__exp1/NetHackChallenge-v0__both__grammar__n64__os0__max_episode_steps5000__discountprimitive__ent_coef0.01__exp1,0830-172036__NetHackChallenge-v0__exp1,NetHackChallenge-v0,both,grammar,0,10000000,5000,0,0.999,primitive,exp1,64,8012890.547671301,73.3756647627217,69.02040933971506,93.21703102058288,median-range,5,9998813
0830-172036__NetHackChallenge-v0__exp1/NetHackChallenge-v0__both__grammar__n64__os0__max_episode_steps5000__discountprimitive__ent_coef0.01__exp1,0830-172036__NetHackChallenge-v0__exp1,NetHackChallenge-v0,both,grammar,0,10000000,5000,0,0.999,primitive,exp1,64,8270394.846218107,76.10170599618564,68.60003597071244,93.71150044989528,median-range,5,9998813
0830-172036__NetHackChallenge-v0__exp1/NetHackChallenge-v0__both__grammar__n64__os0__max_episode_steps5000__discountprimitive__ent_coef0.01__exp1,0830-172036__NetHackChallenge-v0__exp1,NetHackChallenge-v0,both,grammar,0,10000000,5000,0,0.999,primitive,exp1,64,8536174.368715072,80.13524062574682,70.13143999018337,92.70597019699633,median-range,5,9998813
0830-172036__NetHackChallenge-v0__exp1/NetHackChallenge-v0__both__grammar__n64__os0__max_episode_steps5000__discountprimitive__ent_coef0.01__exp1,0830-172036__NetHackChallenge-v0__exp1,NetHackChallenge-v0,both,grammar,0,10000000,5000,0,0.999,primitive,exp1,64,8810495.04987401,72.94087730377514,64.45594874971762,85.35703130721674,median-range,5,9998813
0830-172036__NetHackChallenge-v0__exp1/NetHackChallenge-v0__both__grammar__n64__os0__max_episode_steps5000__discountprimitive__ent_coef0.01__exp1,0830-172036__NetHackChallenge-v0__exp1,NetHackChallenge-v0,both,grammar,0,10000000,5000,0,0.999,primitive,exp1,64,9093631.370552601,83.70997115427565,75.23754755345168,91.60969224866521,median-range,5,9998813
0830-172036__NetHackChallenge-v0__exp1/NetHackChallenge-v0__both__grammar__n64__os0__max_episode_steps5000__discountprimitive__ent_coef0.01__exp1,0830-172036__NetHackChallenge-v0__exp1,NetHackChallenge-v0,both,grammar,0,10000000,5000,0,0.999,primitive,exp1,64,9385866.632395541,86.75762158752575,79.24508492861735,94.88641295121157,median-range,5,9998813
0830-172036__NetHackChallenge-v0__exp1/NetHackChallenge-v0__both__grammar__n64__os0__max_episode_steps5000__discountprimitive__ent_coef0.01__exp1,0830-172036__NetHackChallenge-v0__exp1,NetHackChallenge-v0,both,grammar,0,10000000,5000,0,0.999,primitive,exp1,64,9687493.241301524,85.82790600144648,68.53674279269092,97.13164952805643,median-range,5,9998813
0830-172036__NetHackChallenge-v0__exp1/NetHackChallenge-v0__both__grammar__n64__os0__max_episode_steps5000__discountprimitive__ent_coef0.01__exp1,0830-172036__NetHackChallenge-v0__exp1,NetHackChallenge-v0,both,grammar,0,10000000,5000,0,0.999,primitive,exp1,64,9998813.0,81.24095733610822,70.73055900621118,97.96,median-range,5,9998813
0830-172036__NetHackChallenge-v0__exp1/NetHackChallenge-v0__option__grammar__n64__os0__max_episode_steps5000__discountprimitive__ent_coef0.01__exp1,0830-172036__NetHackChallenge-v0__exp1,NetHackChallenge-v0,option,grammar,0,10000000,5000,0,0.999,primitive,exp1,64,9216.0,19.983358547655065,12.29846625766871,55.24477398606396,median-range,5,9999043
0830-172036__NetHackChallenge-v0__exp1/NetHackChallenge-v0__option__grammar__n64__os0__max_episode_steps5000__discountprimitive__ent_coef0.01__exp1,0830-172036__NetHackChallenge-v0__exp1,NetHackChallenge-v0,option,grammar,0,10000000,5000,0,0.999,primitive,exp1,64,9545.436934621617,20.647880856523685,11.860564401832207,56.04918791730607,median-range,5,9999043
0830-172036__NetHackChallenge-v0__exp1/NetHackChallenge-v0__option__grammar__n64__os0__max_episode_steps5000__discountprimitive__ent_coef0.01__exp1,0830-172036__NetHackChallenge-v0__exp1,NetHackChallenge-v0,option,grammar,0,10000000,5000,0,0.999,primitive,exp1,64,9886.649986202088,21.336157309535224,11.40700922079477,56.882356585926125,median-range,5,9999043
0830-172036__NetHackChallenge-v0__exp1/NetHackChallenge-v0__option__grammar__n64__os0__max_episode_steps5000__discountprimitive__ent_coef0.01__exp1,0830-172036__NetHackChallenge-v0__exp1,NetHackChallenge-v0,option,grammar,0,10000000,5000,0,0.999,primitive,exp1,64,10240.060106116505,22.04903702696219,10.937241167738797,57.74530786437834,median-range,5,9999043
0830-172036__NetHackChallenge-v0__exp1/NetHackChallenge-v0__option__grammar__n64__os0__max_episode_steps5000__discountprimitive__ent_coef0.01__exp1,0830-172036__NetHackChallenge-v0__exp1,NetHackChallenge-v0,option,grammar,0,10000000,5000,0,0.999,primitive,exp1,64,10606.10329314993,22.787399481895974,10.480927528234515,58.639106367646185,median-range,5,9999043
0830-172036__NetHackChallenge-v0__exp1/NetHackChallenge-v0__option__grammar__n64__os0__max_episode_steps5000__discountprimitive__ent_coef0.01__exp1,0830-172036__NetHackChallenge-v0__exp1,NetHackChallenge-v0,option,grammar,0,10000000,5000,0,0.999,primitive,exp1,64,10985.231131385135,23.552155585244847,10.286041727639116,59.56485476664823,median-range,5,9999043
0830-172036__NetHackChallenge-v0__exp1/NetHackChallenge-v0__option__grammar__n64__os0__max_episode_steps5000__discountprimitive__ent_coef0.01__exp1,0830-172036__NetHackChallenge-v0__exp1,NetHackChallenge-v0,option,grammar,0,10000000,5000,0,0.999,primitive,exp1,64,11377.911347317575,24.344248809516035,10.084189501181159,60.52369514859273,median-range,5,9999043
0830-172036__NetHackChallenge-v0__exp1/NetHackChallenge-v0__option__grammar__n64__os0__max_episode_steps5000__discountprimitive__ent_coef0.01__exp1,0830-172036__NetHackChallenge-v0__exp1,NetHackChallenge-v0,option,grammar,0,10000000,5000,0,0.999,primitive,exp1,64,11784.62838688536,25.164656352769256,9.875121825642163,61.51681042596032,median-range,5,9999043
0830-172036__NetHackChallenge-v0__exp1/NetHackChallenge-v0__option__grammar__n64__os0__max_episode_steps5000__discountprimitive__ent_coef0.01__exp1,0830-172036__NetHackChallenge-v0__exp1,NetHackChallenge-v0,option,grammar,0,10000000,5000,0,0.999,primitive,exp1,64,12205.884013125651,26.014390344176803,9.658580776171076,63.72681351357589,median-range,5,9999043
0830-172036__NetHackChallenge-v0__exp1/NetHackChallenge-v0__option__grammar__n64__os0__max_episode_steps5000__discountprimitive__ent_coef0.01__exp1,0830-172036__NetHackChallenge-v0__exp1,NetHackChallenge-v0,option,grammar,0,10000000,5000,0,0.999,primitive,exp1,64,12642.197925194987,26.894499092677734,9.434299208084822,66.22448136607491,median-range,5,9999043
0830-172036__NetHackChallenge-v0__exp1/NetHackChallenge-v0__option__grammar__n64__os0__max_episode_steps5000__discountprimitive__ent_coef0.01__exp1,0830-172036__NetHackChallenge-v0__exp1,NetHackChallenge-v0,option,grammar,0,10000000,5000,0,0.999,primitive,exp1,64,13094.108399517458,27.806068380267185,9.202000427294307,65.49996403652393,median-range,5,9999043
0830-172036__NetHackChallenge-v0__exp1/NetHackChallenge-v0__option__grammar__n64__os0__max_episode_steps5000__discountprimitive__ent_coef0.01__exp1,0830-172036__NetHackChallenge-v0__exp1,NetHackChallenge-v0,option,grammar,0,10000000,5000,0,0.999,primitive,exp1,64,13562.172953851259,28.750222801515395,9.083360887811876,63.87518236819941,median-range,5,9999043
0830-172036__NetHackChallenge-v0__exp1/NetHackChallenge-v0__option__grammar__n64__os0__max_episode_steps5000__discountprimitive__ent_coef0.01__exp1,0830-172036__NetHackChallenge-v0__exp1,NetHackChallenge-v0,option,grammar,0,10000000,5000,0,0.999,primitive,exp1,64,14046.969035093103,29.728127150969446,8.961539519205273,62.19232093726189,median-range,5,9999043
0830-172036__NetHackChallenge-v0__exp1/NetHackChallenge-v0__option__grammar__n64__os0__max_episode_steps5000__discountprimitive__ent_coef0.01__exp1,0830-172036__NetHackChallenge-v0__exp1,NetHackChallenge-v0,option,grammar,0,10000000,5000,0,0.999,primitive,exp1,64,14549.094731669244,31.206301024864462,8.835363500181442,60.449303613181904,median-range,5,9999043
0830-172036__NetHackChallenge-v0__exp1/NetHackChallenge-v0__option__grammar__n64__os0__max_episode_steps5000__discountprimitive__ent_coef0.01__exp1,0830-172036__NetHackChallenge-v0__exp1,NetHackChallenge-v0,option,grammar,0,10000000,5000,0,0.999,primitive,exp1,64,15069.16951139155,33.45281421265399,8.704677168556696,58.64398005166287,median-range,5,9999043
0830-172036__NetHackChallenge-v0__exp1/NetHackChallenge-v0__option__grammar__n64__os0__max_episode_steps5000__discountprimitive__ent_coef0.01__exp1,0830-172036__NetHackChallenge-v0__exp1,NetHackChallenge-v0,option,grammar,0,10000000,5000,0,0.999,primitive,exp1,64,15607.8349856891,35.77963169929022,8.56931929781657,58.08361886589333,median-range,5,9999043
0830-172036__NetHackChallenge-v0__exp1/NetHackChallenge-v0__option__grammar__n64__os0__max_episode_steps5000__discountprimitive__ent_coef0.01__exp1,0830-172036__NetHackChallenge-v0__exp1,NetHackChallenge-v0,option,grammar,0,10000000,5000,0,0.999,primitive,exp1,64,16165.755701158425,38.189624057912276,8.42912289821213,63.37438568527699,median-range,5,9999043
0830-172036__NetHackChallenge-v0__exp1/NetHackChallenge-v0__option__grammar__n64__os0__max_episode_steps5000__discountprimitive__ent_coef0.01__exp1,0830-172036__NetHackChallenge-v0__exp1,NetHackChallenge-v0,option,grammar,0,10000000,5000,0,0.999,primitive,exp1,64,16743.619959408396,40.68576447372697,8.283915010746279,62.468947282083086,median-range,5,9999043
0830-172036__NetHackChallenge-v0__exp1/NetHackChallenge-v0__option__grammar__n64__os0__max_episode_steps5000__discountprimitive__ent_coef0.01__exp1,0830-172036__NetHackChallenge-v0__exp1,NetHackChallenge-v0,option,grammar,0,10000000,5000,0,0.999,primitive,exp1,64,17342.140666211417,43.271132411999304,8.133516493795886,61.531142901020644,median-range,5,9999043
0830-172036__NetHackChallenge-v0__exp1/NetHackChallenge-v0__option__grammar__n64__os0__max_episode_steps5000__discountprimitive__ent_coef0.01__exp1,0830-172036__NetHackChallenge-v0__exp1,NetHackChallenge-v0,option,grammar,0,10000000,5000,0,0.999,primitive,exp1,64,17962.05621100888,42.302952123104625,7.977741802106367,60.55981558152809,median-range,5,9999043
0830-172036__NetHackChallenge-v0__exp1/NetHackChallenge-v0__option__grammar__n64__os0__max_episode_steps5000__discountprimitive__ent_coef0.01__exp1,0830-172036__NetHackChallenge-v0__exp1,NetHackChallenge-v0,option,grammar,0,10000000,5000,0,0.999,primitive,exp1,64,18604.13137785521,40.47778333643791,7.816398757886269,59.553767006105865,median-range,5,9999043
0830-172036__NetHackChallenge-v0__exp1/NetHackChallenge-v0__option__grammar__n64__os0__max_episode_steps5000__discountprimitive__ent_coef0.01__exp1,0830-172036__NetHackChallenge-v0__exp1,NetHackChallenge-v0,option,grammar,0,10000000,5000,0,0.999,primitive,exp1,64,19269.15828892494,38.1834554624923,8.17688878482518,52.08317664272728,median-range,5,9999043
0830-172036__NetHackChallenge-v0__exp1/NetHackChallenge-v0__option__grammar__n64__os0__max_episode_steps5000__discountprimitive__ent_coef0.01__exp1,0830-172036__NetHackChallenge-v0__exp1,NetHackChallenge-v0,option,grammar,0,10000000,5000,0,0.999,primitive,exp1,64,19957.957381746335,34.308822185612065,13.258572232870346,48.76349110476626,median-range,5,9999043
0830-172036__NetHackChallenge-v0__exp1/NetHackChallenge-v0__option__grammar__n64__os0__max_episode_steps5000__discountprimitive__ent_coef0.01__exp1,0830-172036__NetHackChallenge-v0__exp1,NetHackChallenge-v0,option,grammar,0,10000000,5000,0,0.999,primitive,exp1,64,20671.378421367775,31.29532649735198,13.905456140202922,49.0377067956417,median-range,5,9999043
0830-172036__NetHackChallenge-v0__exp1/NetHackChallenge-v0__option__grammar__n64__os0__max_episode_steps5000__discountprimitive__ent_coef0.01__exp1,0830-172036__NetHackChallenge-v0__exp1,NetHackChallenge-v0,option,grammar,0,10000000,5000,0,0.999,primitive,exp1,64,21410.301548704912,30.802263012398353,13.558543873847459,47.37666192691772,median-range,5,9999043
0830-172036__NetHackChallenge-v0__exp1/NetHackChallenge-v0__option__grammar__n64__os0__max_episode_steps5000__discountprimitive__ent_coef0.01__exp1,0830-172036__NetHackChallenge-v0__exp1,NetHackChallenge-v0,option,grammar,0,10000000,5000,0,0.999,primitive,exp1,64,22175.638366362204,26.97009185439456,13.199230813914458,47.38815613347695,median-range,5,9999043
0830-172036__NetHackChallenge-v0__exp1/NetHackChallenge-v0__option__grammar__n64__os0__max_episode_steps5000__discountprimitive__ent_coef0.01__exp1,0830-172036__NetHackChallenge-v0__exp1,NetHackChallenge-v0,option,grammar,0,10000000,5000,0,0.999,primitive,exp1,64,22968.333063268852,30.29191525089721,13.23445771054669,47.400061214187076,median-range,5,9999043
0830-172036__NetHackChallenge-v0__exp1/NetHackChallenge-v0__option__grammar__n64__os0__max_episode_steps5000__discountprimitive__ent_coef0.01__exp1,0830-172036__NetHackChallenge-v0__exp1,NetHackChallenge-v0,option,grammar,0,10000000,5000,0,0.999,primitive,exp1,64,23789.363579515797,33.31400794456982,13.757074207202926,47.4123918562357,median-range,5,9999043
0830-172036__NetHackChallenge-v0__exp1/NetHackChallenge-v0__option__grammar__n64__os0__max_episode_steps5000__discountprimitive__ent_coef0.01__exp1,0830-172036__NetHackChallenge-v0__exp1,NetHackChallenge-v0,option,grammar,0,10000000,5000,0,0.999,primitive,exp1,64,24639.742812831184,32.52662250942418,14.672299460641963,44.85329940674515,median-range,5,9999043
0830-172036__NetHackChallenge-v0__exp1/NetHackChallenge-v0__option__grammar__n64__os0__max_episode_steps5000__discountprimitive__ent_coef0.01__exp1,0830-172036__NetHackChallenge-v0__exp1,NetHackChallenge-v0,option,grammar,0,10000000,5000,0,0.999,primitive,exp1,64,25520.519868183168,33.45810455301624,19.444751196077068,41.25076058085579,median-range,5,9999043
0830-172036__NetHackChallenge-v0__exp1/NetHackChallenge-v0__option__grammar__n64__os0__max_episode_steps5000__discountprimitive__ent_coef0.01__exp1,0830-172036__NetHackChallenge-v0__exp1,NetHackChallenge-v0,option,grammar,0,10000000,5000,0,0.999,primitive,exp1,64,26432.781352050853,35.576589592870434,21.605778954419513,41.95910883627342,median-range,5,9999043
0830-172036__NetHackChallenge-v0__exp1/NetHackChallenge-v0__option__grammar__n64__os0__max_episode_steps5000__discountprimitive__ent_coef0.01__exp1,0830-172036__NetHackChallenge-v0__exp1,NetHackChallenge-v0,option,grammar,0,10000000,5000,0,0.999,primitive,exp1,64,27377.652712960447,34.774081665741846,23.809480915706057,43.276269989305376,median-range,5,9999043
0830-172036__NetHackChallenge-v0__exp1/NetHackChallenge-v0__option__grammar__n64__os0__max_episode_steps5000__discountprimitive__ent_coef0.01__exp1,0830-172036__NetHackChallenge-v0__exp1,NetHackChallenge-v0,option,grammar,0,10000000,5000,0,0.999,primitive,exp1,64,28356.299629940982,34.920819346735534,24.542799450228255,45.350359429475105,median-range,5,9999043
0830-172036__NetHackChallenge-v0__exp1/NetHackChallenge-v0__option__grammar__n64__os0__max_episode_steps5000__discountprimitive__ent_coef0.01__exp1,0830-172036__NetHackChallenge-v0__exp1,NetHackChallenge-v0,option,grammar,0,10000000,5000,0,0.999,primitive,exp1,64,29369.92945061157,35.799672903161834,23.416367462540446,48.62327010396487,median-range,5,9999043
0830-172036__NetHackChallenge-v0__exp1/NetHackChallenge-v0__option__grammar__n64__os0__max_episode_steps5000__discountprimitive__ent_coef0.01__exp1,0830-172036__NetHackChallenge-v0__exp1,NetHackChallenge-v0,option,grammar,0,10000000,5000,0,0.999,primitive,exp1,64,30419.79268067476,36.70994213033573,22.842988841018446,51.33246719124264,median-range,5,9999043
0830-172036__NetHackChallenge-v0__exp1/NetHackChallenge-v0__option__grammar__n64__os0__max_episode_steps5000__discountprimitive__ent_coef0.01__exp1,0830-172036__NetHackChallenge-v0__exp1,NetHackChallenge-v0,option,grammar,0,10000000,5000,0,0.999,primitive,exp1,64,31507.184526654175,36.9450444111328,22.851583279894516,50.45991948716758,median-range,5,9999043
0830-172036__NetHackChallenge-v0__exp1/NetHackChallenge-v0__option__grammar__n64__os0__max_episode_steps5000__discountprimitive__ent_coef0.01__exp1,0830-172036__NetHackChallenge-v0__exp1,NetHackChallenge-v0,option,grammar,0,10000000,5000,0,0.999,primitive,exp1,64,32633.44649377862,36.54097769271069,22.86048493725997,49.5786208750555,median-range,5,9999043
0830-172036__NetHackChallenge-v0__exp1/NetHackChallenge-v0__option__grammar__n64__os0__max_episode_steps5000__discountprimitive__ent_coef0.01__exp1,0830-172036__NetHackChallenge-v0__exp1,NetHackChallenge-v0,option,grammar,0,10000000,5000,0,0.999,primitive,exp1,64,33799.96804098442,36.047215573762145,22.869704795006882,50.00170148233279,median-range,5,9999043
0830-172036__NetHackChallenge-v0__exp1/NetHackChallenge-v0__option__grammar__n64__os0__max_episode_steps5000__discountprimitive__ent_coef0.01__exp1,0830-172036__NetHackChallenge-v0__exp1,NetHackChallenge-v0,option,grammar,0,10000000,5000,0,0.999,primitive,exp1,64,35008.18829507841,35.41440875410318,22.879254227588188,50.439905611567475,median-range,5,9999043
0830-172036__NetHackChallenge-v0__exp1/NetHackChallenge-v0__option__grammar__n64__os0__max_episode_steps5000__discountprimitive__ent_coef0.01__exp1,0830-172036__NetHackChallenge-v0__exp1,NetHackChallenge-v0,option,grammar,0,10000000,5000,0,0.999,primitive,exp1,64,36259.59782617513,33.59596476778591,22.889145016050243,50.89377387112701,median-range,5,9999043
0830-172036__NetHackChallenge-v0__exp1/NetHackChallenge-v0__option__grammar__n64__os0__max_episode_steps5000__discountprimitive__ent_coef0.01__exp1,0830-172036__NetHackChallenge-v0__exp1,NetHackChallenge-v0,option,grammar,0,10000000,5000,0,0.999,primitive,exp1,64,37555.74048659912,33.25530089401619,22.899389362566975,51.11881974389806,median-range,5,9999043
0830-172036__NetHackChallenge-v0__exp1/NetHackChallenge-v0__option__grammar__n64__os0__max_episode_steps5000__discountprimitive__ent_coef0.01__exp1,0830-172036__NetHackChallenge-v0__exp1,NetHackChallenge-v0,option,grammar,0,10000000,5000,0,0.999,primitive,exp1,64,38898.21531552162,32.90245958292973,23.452547050761243,50.97760215652196,median-range,5,9999043
0830-172036__NetHackChallenge-v0__exp1/NetHackChallenge-v0__option__grammar__n64__os0__max_episode_steps5000__discountprimitive__ent_coef0.01__exp1,0830-172036__NetHackChallenge-v0__exp1,NetHackChallenge-v0,option,grammar,0,10000000,5000,0,0.999,primitive,exp1,64,40288.67851168012,32.723250891337386,23.36102725338645,50.831336577707084,median-range,5,9999043
0830-172036__NetHackChallenge-v0__exp1/NetHackChallenge-v0__option__grammar__n64__os0__max_episode_steps5000__discountprimitive__ent_coef0.01__exp1,0830-172036__NetHackChallenge-v0__exp1,NetHackChallenge-v0,option,grammar,0,10000000,5000,0,0.999,primitive,exp1,64,41728.84547661546,32.96290128872911,23.266235971473417,50.273778767226815,median-range,5,9999043
0830-172036__NetHackChallenge-v0__exp1/NetHackChallenge-v0__option__grammar__n64__os0__max_episode_steps5000__discountprimitive__ent_coef0.01__exp1,0830-172036__NetHackChallenge-v0__exp1,NetHackChallenge-v0,option,grammar,0,10000000,5000,0,0.999,primitive,exp1,64,43220.49293094651,30.776467180553556,23.168056261897384,44.57722374653219,median-range,5,9999043
0830-172036__NetHackChallenge-v0__exp1/NetHackChallenge-v0__option__grammar__n64__os0__max_episode_steps5000__discountprimitive__ent_coef0.01__exp1,0830-172036__NetHackChallenge-v0__exp1,NetHackChallenge-v0,option,grammar,0,10000000,5000,0,0.999,primitive,exp1,64,44765.461106294366,29.66850632023263,23.558066697054954,44.41753651472286,median-range,5,9999043
0830-172036__NetHackChallenge-v0__exp1/NetHackChallenge-v0__option__grammar__n64__os0__max_episode_steps5000__discountprimitive__ent_coef0.01__exp1,0830-172036__NetHackChallenge-v0__exp1,NetHackChallenge-v0,option,grammar,0,10000000,5000,0,0.999,primitive,exp1,64,46365.65601555882,28.877726362468938,22.82347436436003,43.540714171480076,median-range,5,9999043
0830-172036__NetHackChallenge-v0__exp1/NetHackChallenge-v0__option__grammar__n64__os0__max_episode_steps5000__discountprimitive__ent_coef0.01__exp1,0830-172036__NetHackChallenge-v0__exp1,NetHackChallenge-v0,option,grammar,0,10000000,5000,0,0.999,primitive,exp1,64,48023.0518043485,28.13553255091614,23.21073670408773,41.45332601855746,median-range,5,9999043
0830-172036__NetHackChallenge-v0__exp1/NetHackChallenge-v0__option__grammar__n64__os0__max_episode_steps5000__discountprimitive__ent_coef0.01__exp1,0830-172036__NetHackChallenge-v0__exp1,NetHackChallenge-v0,option,grammar,0,10000000,5000,0,0.999,primitive,exp1,64,49739.693186466466,30.575740831853626,22.591355158292536,42.60617291535287,median-range,5,9999043
0830-172036__NetHackChallenge-v0__exp1/NetHackChallenge-v0__option__grammar__n64__os0__max_episode_steps5000__discountprimitive__ent_coef0.01__exp1,0830-172036__NetHackChallenge-v0__exp1,NetHackChallenge-v0,option,grammar,0,10000000,5000,0,0.999,primitive,exp1,64,51517.6979664545,30.259223101374033,21.863768977086302,43.585924416014905,median-range,5,9999043
0830-172036__NetHackChallenge-v0__exp1/NetHackChallenge-v0__option__grammar__n64__os0__max_episode_steps5000__discountprimitive__ent_coef0.01__exp1,0830-172036__NetHackChallenge-v0__exp1,NetHackChallenge-v0,option,grammar,0,10000000,5000,0,0.999,primitive,exp1,64,53359.259652308516,31.24592594114248,22.02215345088321,42.90943388931293,median-range,5,9999043
0830-172036__NetHackChallenge-v0__exp1/NetHackChallenge-v0__option__grammar__n64__os0__max_episode_steps5000__discountprimitive__ent_coef0.01__exp1,0830-172036__NetHackChallenge-v0__exp1,NetHackChallenge-v0,option,grammar,0,10000000,5000,0,0.999,primitive,exp1,64,55266.65016158965,32.708948600549625,22.961465032723773,42.46049467218191,median-range,5,9999043
0830-172036__NetHackChallenge-v0__exp1/NetHackChallenge-v0__option__grammar__n64__os0__max_episode_steps5000__discountprimitive__ent_coef0.01__exp1,0830-172036__NetHackChallenge-v0__exp1,NetHackChallenge-v0,option,grammar,0,10000000,5000,0,0.999,primitive,exp1,64,57242.2226242676,32.34359293694176,23.646219610773965,41.98966941705629,median-range,5,9999043
0830-172036__NetHackChallenge-v0__exp1/NetHackChallenge-v0__option__grammar__n64__os0__max_episode_steps5000__discountprimitive__ent_coef0.01__exp1,0830-172036__NetHackChallenge-v0__exp1,NetHackChallenge-v0,option,grammar,0,10000000,5000,0,0.999,primitive,exp1,64,59288.41428575483,31.591395676676232,23.43180131486524,40.46806327444034,median-range,5,9999043
0830-172036__NetHackChallenge-v0__exp1/NetHackChallenge-v0__option__grammar__n64__os0__max_episode_steps5000__discountprimitive__ent_coef0.01__exp1,0830-172036__NetHackChallenge-v0__exp1,NetHackChallenge-v0,option,grammar,0,10000000,5000,0,0.999,primitive,exp1,64,61407.749513714356,31.366262923223495,23.957714559026606,40.37105030837404,median-range,5,9999043
0830-172036__NetHackChallenge-v0__exp1/NetHackChallenge-v0__option__grammar__n64__os0__max_episode_steps5000__discountprimitive__ent_coef0.01__exp1,0830-172036__NetHackChallenge-v0__exp1,NetHackChallenge-v0,option,grammar,0,10000000,5000,0,0.999,primitive,exp1,64,63602.84291234834,32.510529116228824,24.644987084750312,39.6479859482689,median-range,5,9999043
0830-172036__NetHackChallenge-v0__exp1/NetHackChallenge-v0__option__grammar__n64__os0__max_episode_steps5000__discountprimitive__ent_coef0.01__exp1,0830-172036__NetHackChallenge-v0__exp1,NetHackChallenge-v0,option,grammar,0,10000000,5000,0,0.999,primitive,exp1,64,65876.40254801062,32.33737843041983,25.59300640855018,39.02708830671519,median-range,5,9999043
0830-172036__NetHackChallenge-v0__exp1/NetHackChallenge-v0__option__grammar__n64__os0__max_episode_steps5000__discountprimitive__ent_coef0.01__exp1,0830-172036__NetHackChallenge-v0__exp1,NetHackChallenge-v0,option,grammar,0,10000000,5000,0,0.999,primitive,exp1,64,68231.23329012387,32.14296997472724,26.88507479989079,38.55532364966924,median-range,5,9999043
0830-172036__NetHackChallenge-v0__exp1/NetHackChallenge-v0__option__grammar__n64__os0__max_episode_steps5000__discountprimitive__ent_coef0.01__exp1,0830-172036__NetHackChallenge-v0__exp1,NetHackChallenge-v0,option,grammar,0,10000000,5000,0,0.999,primitive,exp1,64,70670.24027152051,30.814046129936965,26.95108027885171,40.303854417273904,median-range,5,9999043
0830-172036__NetHackChallenge-v0__exp1/NetHackChallenge-v0__option__grammar__n64__os0__max_episode_steps5000__discountprimitive__ent_coef0.01__exp1,0830-172036__NetHackChallenge-v0__exp1,NetHackChallenge-v0,option,grammar,0,10000000,5000,0,0.999,primitive,exp1,64,73196.43247247778,29.719015611879726,26.390034158892885,39.90673126649146,median-range,5,9999043
0830-172036__NetHackChallenge-v0__exp1/NetHackChallenge-v0__option__grammar__n64__os0__max_episode_steps5000__discountprimitive__ent_coef0.01__exp1,0830-172036__NetHackChallenge-v0__exp1,NetHackChallenge-v0,option,grammar,0,10000000,5000,0,0.999,primitive,exp1,64,75812.92643286956,29.241298468638167,26.141920648399452,38.38513103634069,median-range,5,9999043
0830-172036__NetHackChallenge-v0__exp1/NetHackChallenge-v0__option__grammar__n64__os0__max_episode_steps5000__discountprimitive__ent_coef0.01__exp1,0830-172036__NetHackChallenge-v0__exp1,NetHackChallenge-v0,option,grammar,0,10000000,5000,0,0.999,primitive,exp1,64,78522.95009701229,30.27475508944455,26.68769957091965,37.25929718786765,median-range,5,9999043
0830-172036__NetHackChallenge-v0__exp1/NetHackChallenge-v0__option__grammar__n64__os0__max_episode_steps5000__discountprimitive__ent_coef0.01__exp1,0830-172036__NetHackChallenge-v0__exp1,NetHackChallenge-v0,option,grammar,0,10000000,5000,0,0.999,primitive,exp1,64,81329.84679594949,30.704990967922715,26.264816405809604,37.01689548341116,median-range,5,9999043
0830-172036__NetHackChallenge-v0__exp1/NetHackChallenge-v0__option__grammar__n64__os0__max_episode_steps5000__discountprimitive__ent_coef0.01__exp1,0830-172036__NetHackChallenge-v0__exp1,NetHackChallenge-v0,option,grammar,0,10000000,5000,0,0.999,primitive,exp1,64,84237.0793720891,30.202443724620686,26.14734126876918,37.447070970938945,median-range,5,9999043
0830-172036__NetHackChallenge-v0__exp1/NetHackChallenge-v0__option__grammar__n64__os0__max_episode_steps5000__discountprimitive__ent_coef0.01__exp1,0830-172036__NetHackChallenge-v0__exp1,NetHackChallenge-v0,option,grammar,0,10000000,5000,0,0.999,primitive,exp1,64,87248.2344512796,29.570448198188732,26.173324864030068,36.69053231978156,median-range,5,9999043
0830-172036__NetHackChallenge-v0__exp1/NetHackChallenge-v0__option__grammar__n64__os0__max_episode_steps5000__discountprimitive__ent_coef0.01__exp1,0830-172036__NetHackChallenge-v0__exp1,NetHackChallenge-v0,option,grammar,0,10000000,5000,0,0.999,primitive,exp1,64,90367.02686759653,29.262909393868263,26.54081218847027,36.51860590040145,median-range,5,9999043
0830-172036__NetHackChallenge-v0__exp1/NetHackChallenge-v0__option__grammar__n64__os0__max_episode_steps5000__discountprimitive__ent_coef0.01__exp1,0830-172036__NetHackChallenge-v0__exp1,NetHackChallenge-v0,option,grammar,0,10000000,5000,0,0.999,primitive,exp1,64,93597.30424629981,28.29864728970096,26.376935413591816,36.14126476460038,median-range,5,9999043
0830-172036__NetHackChallenge-v0__exp1/NetHackChallenge-v0__option__grammar__n64__os0__max_episode_steps5000__discountprimitive__ent_coef0.01__exp1,0830-172036__NetHackChallenge-v0__exp1,NetHackChallenge-v0,option,grammar,0,10000000,5000,0,0.999,primitive,exp1,64,96943.05175061282,28.055443349159077,26.448512427849266,36.75275793306087,median-range,5,9999043
0830-172036__NetHackChallenge-v0__exp1/NetHackChallenge-v0__option__grammar__n64__os0__max_episode_steps5000__discountprimitive__ent_coef0.01__exp1,0830-172036__NetHackChallenge-v0__exp1,NetHackChallenge-v0,option,grammar,0,10000000,5000,0,0.999,primitive,exp1,64,100408.39699818073,27.98401476154561,25.99673604056544,36.2265657883867,median-range,5,9999043
0830-172036__NetHackChallenge-v0__exp1/NetHackChallenge-v0__option__grammar__n64__os0__max_episode_steps5000__discountprimitive__ent_coef0.01__exp1,0830-172036__NetHackChallenge-v0__exp1,NetHackChallenge-v0,option,grammar,0,10000000,5000,0,0.999,primitive,exp1,64,103997.61515327514,28.616572528936786,26.33212516322492,35.875305239094594,median-range,5,9999043
0830-172036__NetHackChallenge-v0__exp1/NetHackChallenge-v0__option__grammar__n64__os0__max_episode_steps5000__discountprimitive__ent_coef0.01__exp1,0830-172036__NetHackChallenge-v0__exp1,NetHackChallenge-v0,option,grammar,0,10000000,5000,0,0.999,primitive,exp1,64,107715.13420102412,28.394637859526767,26.420329623207085,35.287293834377564,median-range,5,9999043
0830-172036__NetHackChallenge-v0__exp1/NetHackChallenge-v0__option__grammar__n64__os0__max_episode_steps5000__discountprimitive__ent_coef0.01__exp1,0830-172036__NetHackChallenge-v0__exp1,NetHackChallenge-v0,option,grammar,0,10000000,5000,0,0.999,primitive,exp1,64,111565.54041017564,28.901765834375425,26.382926834026613,35.07811898874371,median-range,5,9999043
0830-172036__NetHackChallenge-v0__exp1/NetHackChallenge-v0__option__grammar__n64__os0__max_episode_steps5000__discountprimitive__ent_coef0.01__exp1,0830-172036__NetHackChallenge-v0__exp1,NetHackChallenge-v0,option,grammar,0,10000000,5000,0,0.999,primitive,exp1,64,115553.58399113607,28.61392844016121,26.387930232591458,34.27512241472432,median-range,5,9999043
0830-172036__NetHackChallenge-v0__exp1/NetHackChallenge-v0__option__grammar__n64__os0__max_episode_steps5000__discountprimitive__ent_coef0.01__exp1,0830-172036__NetHackChallenge-v0__exp1,NetHackChallenge-v0,option,grammar,0,10000000,5000,0,0.999,primitive,exp1,64,119684.18495626005,28.392335399291017,25.95624935858688,33.840205464994504,median-range,5,9999043
0830-172036__NetHackChallenge-v0__exp1/NetHackChallenge-v0__option__grammar__n64__os0__max_episode_steps5000__discountprimitive__ent_coef0.01__exp1,0830-172036__NetHackChallenge-v0__exp1,NetHackChallenge-v0,option,grammar,0,10000000,5000,0,0.999,primitive,exp1,64,123962.43918962331,28.269860356038745,27.0585566849223,33.495990298528476,median-range,5,9999043
0830-172036__NetHackChallenge-v0__exp1/NetHackChallenge-v0__option__grammar__n64__os0__max_episode_steps5000__discountprimitive__ent_coef0.01__exp1,0830-172036__NetHackChallenge-v0__exp1,NetHackChallenge-v0,option,grammar,0,10000000,5000,0,0.999,primitive,exp1,64,128393.62473376903,29.167069050893545,27.6638393647562,32.94327940496065,median-range,5,9999043
0830-172036__NetHackChallenge-v0__exp1/NetHackChallenge-v0__option__grammar__n64__os0__max_episode_steps5000__discountprimitive__ent_coef0.01__exp1,0830-172036__NetHackChallenge-v0__exp1,NetHackChallenge-v0,option,grammar,0,10000000,5000,0,0.999,primitive,exp1,64,132983.20830117923,29.645141331619858,27.30975336509974,32.82023798633189,median-range,5,9999043
0830-172036__NetHackChallenge-v0__exp1/NetHackChallenge-v0__option__grammar__n64__os0__max_episode_steps5000__discountprimitive__ent_coef0.01__exp1,0830-172036__NetHackChallenge-v0__exp1,NetHackChallenge-v0,option,grammar,0,10000000,5000,0,0.999,primitive,exp1,64,137736.85201850638,29.139120793958952,27.338795237046124,32.98713096500579,median-range,5,9999043
0830-172036__NetHackChallenge-v0__exp1/NetHackChallenge-v0__option__grammar__n64__os0__max_episode_steps5000__discountprimitive__ent_coef0.01__exp1,0830-172036__NetHackChallenge-v0__exp1,NetHackChallenge-v0,option,grammar,0,10000000,5000,0,0.999,primitive,exp1,64,142660.4204118882,29.245037647048598,28.431094938333892,33.11277070937888,median-range,5,9999043
0830-172036__NetHackChallenge-v0__exp1/NetHackChallenge-v0__option__grammar__n64__os0__max_episode_steps5000__discountprimitive__ent_coef0.01__exp1,0830-172036__NetHackChallenge-v0__exp1,NetHackChallenge-v0,option,grammar,0,10000000,5000,0,0.999,primitive,exp1,64,147759.9876419582,28.220807993409416,27.386329387837947,33.443644255410646,median-range,5,9999043
0830-172036__NetHackChallenge-v0__exp1/NetHackChallenge-v0__option__grammar__n64__os0__max_episode_steps5000__discountprimitive__ent_coef0.01__exp1,0830-172036__NetHackChallenge-v0__exp1,NetHackChallenge-v0,option,grammar,0,10000000,5000,0,0.999,primitive,exp1,64,153041.84499748045,28.48457877337367,26.727015752720224,32.80450634286384,median-range,5,9999043
0830-172036__NetHackChallenge-v0__exp1/NetHackChallenge-v0__option__grammar__n64__os0__max_episode_steps5000__discountprimitive__ent_coef0.01__exp1,0830-172036__NetHackChallenge-v0__exp1,NetHackChallenge-v0,option,grammar,0,10000000,5000,0,0.999,primitive,exp1,64,158512.50865685602,28.316532871634344,26.26223766480212,34.42990299840329,median-range,5,9999043
0830-172036__NetHackChallenge-v0__exp1/NetHackChallenge-v0__option__grammar__n64__os0__max_episode_steps5000__discountprimitive__ent_coef0.01__exp1,0830-172036__NetHackChallenge-v0__exp1,NetHackChallenge-v0,option,grammar,0,10000000,5000,0,0.999,primitive,exp1,64,164178.72772707074,28.61115066050312,27.382123108447153,34.755194445135274,median-range,5,9999043
0830-172036__NetHackChallenge-v0__exp1/NetHackChallenge-v0__option__grammar__n64__os0__max_episode_steps5000__discountprimitive__ent_coef0.01__exp1,0830-172036__NetHackChallenge-v0__exp1,NetHackChallenge-v0,option,grammar,0,10000000,5000,0,0.999,primitive,exp1,64,170047.49257000495,27.669651273317886,26.874579035202977,34.23936473995164,median-range,5,9999043
0830-172036__NetHackChallenge-v0__exp1/NetHackChallenge-v0__option__grammar__n64__os0__max_episode_steps5000__discountprimitive__ent_coef0.01__exp1,0830-172036__NetHackChallenge-v0__exp1,NetHackChallenge-v0,option,grammar,0,10000000,5000,0,0.999,primitive,exp1,64,176126.04342638006,27.58592176100001,27.293629376714915,33.81104471461898,median-range,5,9999043
0830-172036__NetHackChallenge-v0__exp1/NetHackChallenge-v0__option__grammar__n64__os0__max_episode_steps5000__discountprimitive__ent_coef0.01__exp1,0830-172036__NetHackChallenge-v0__exp1,NetHackChallenge-v0,option,grammar,0,10000000,5000,0,0.999,primitive,exp1,64,182421.87934797534,27.571024392400126,26.63142078322839,33.15975847212747,median-range,5,9999043
0830-172036__NetHackChallenge-v0__exp1/NetHackChallenge-v0__option__grammar__n64__os0__max_episode_steps5000__discountprimitive__ent_coef0.01__exp1,0830-172036__NetHackChallenge-v0__exp1,NetHackChallenge-v0,option,grammar,0,10000000,5000,0,0.999,primitive,exp1,64,188942.7674491374,28.014246583825308,27.240524623756134,33.943034765223324,median-range,5,9999043
0830-172036__NetHackChallenge-v0__exp1/NetHackChallenge-v0__option__grammar__n64__os0__max_episode_steps5000__discountprimitive__ent_coef0.01__exp1,0830-172036__NetHackChallenge-v0__exp1,NetHackChallenge-v0,option,grammar,0,10000000,5000,0,0.999,primitive,exp1,64,195696.75248899928,28.17287532017056,27.102863630207423,33.74306222467435,median-range,5,9999043
0830-172036__NetHackChallenge-v0__exp1/NetHackChallenge-v0__option__grammar__n64__os0__max_episode_steps5000__discountprimitive__ent_coef0.01__exp1,0830-172036__NetHackChallenge-v0__exp1,NetHackChallenge-v0,option,grammar,0,10000000,5000,0,0.999,primitive,exp1,64,202692.1667962236,29.164186929867583,27.24959526246403,31.932306785695936,median-range,5,9999043
0830-172036__NetHackChallenge-v0__exp1/NetHackChallenge-v0__option__grammar__n64__os0__max_episode_steps5000__discountprimitive__ent_coef0.01__exp1,0830-172036__NetHackChallenge-v0__exp1,NetHackChallenge-v0,option,grammar,0,10000000,5000,0,0.999,primitive,exp1,64,209937.64054852,29.532784076026992,26.226441941449384,31.936060855483117,median-range,5,9999043
0830-172036__NetHackChallenge-v0__exp1/NetHackChallenge-v0__option__grammar__n64__os0__max_episode_steps5000__discountprimitive__ent_coef0.01__exp1,0830-172036__NetHackChallenge-v0__exp1,NetHackChallenge-v0,option,grammar,0,10000000,5000,0,0.999,primitive,exp1,64,217442.11241961343,30.631831964999165,26.420832757107135,32.734248117352834,median-range,5,9999043
0830-172036__NetHackChallenge-v0__exp1/NetHackChallenge-v0__option__grammar__n64__os0__max_episode_steps5000__discountprimitive__ent_coef0.01__exp1,0830-172036__NetHackChallenge-v0__exp1,NetHackChallenge-v0,option,grammar,0,10000000,5000,0,0.999,primitive,exp1,64,225214.84060680575,30.395159738677116,25.506293570660095,33.90646864267184,median-range,5,9999043
0830-172036__NetHackChallenge-v0__exp1/NetHackChallenge-v0__option__grammar__n64__os0__max_episode_steps5000__discountprimitive__ent_coef0.01__exp1,0830-172036__NetHackChallenge-v0__exp1,NetHackChallenge-v0,option,grammar,0,10000000,5000,0,0.999,primitive,exp1,64,233265.4142527264,31.682783433621584,27.18711746077568,36.232494432022094,median-range,5,9999043
0830-172036__NetHackChallenge-v0__exp1/NetHackChallenge-v0__option__grammar__n64__os0__max_episode_steps5000__discountprimitive__ent_coef0.01__exp1,0830-172036__NetHackChallenge-v0__exp1,NetHackChallenge-v0,option,grammar,0,10000000,5000,0,0.999,primitive,exp1,64,241603.7652753672,31.763979497980866,26.114712034828813,37.11105620948775,median-range,5,9999043
0830-172036__NetHackChallenge-v0__exp1/NetHackChallenge-v0__option__grammar__n64__os0__max_episode_steps5000__discountprimitive__ent_coef0.01__exp1,0830-172036__NetHackChallenge-v0__exp1,NetHackChallenge-v0,option,grammar,0,10000000,5000,0,0.999,primitive,exp1,64,250240.18062100036,31.437695387231336,25.931187987084634,37.41148833643409,median-range,5,9999043
0830-172036__NetHackChallenge-v0__exp1/NetHackChallenge-v0__option__grammar__n64__os0__max_episode_steps5000__discountprimitive__ent_coef0.01__exp1,0830-172036__NetHackChallenge-v0__exp1,NetHackChallenge-v0,option,grammar,0,10000000,5000,0,0.999,primitive,exp1,64,259185.31495508668,32.85,26.051049170295173,38.3024352823756,median-range,5,9999043
0830-172036__NetHackChallenge-v0__exp1/NetHackChallenge-v0__option__grammar__n64__os0__max_episode_steps5000__discountprimitive__ent_coef0.01__exp1,0830-172036__NetHackChallenge-v0__exp1,NetHackChallenge-v0,option,grammar,0,10000000,5000,0,0.999,primitive,exp1,64,268450.2038068385,32.05029149031951,25.656246587918506,37.859807496451,median-range,5,9999043
0830-172036__NetHackChallenge-v0__exp1/NetHackChallenge-v0__option__grammar__n64__os0__max_episode_steps5000__discountprimitive__ent_coef0.01__exp1,0830-172036__NetHackChallenge-v0__exp1,NetHackChallenge-v0,option,grammar,0,10000000,5000,0,0.999,primitive,exp1,64,278046.2771836474,32.26845347177162,25.04613160373935,37.56355672373158,median-range,5,9999043
0830-172036__NetHackChallenge-v0__exp1/NetHackChallenge-v0__option__grammar__n64__os0__max_episode_steps5000__discountprimitive__ent_coef0.01__exp1,0830-172036__NetHackChallenge-v0__exp1,NetHackChallenge-v0,option,grammar,0,10000000,5000,0,0.999,primitive,exp1,64,287985.3736721815,32.83567623371254,25.29073319102173,36.69115271763738,median-range,5,9999043
0830-172036__NetHackChallenge-v0__exp1/NetHackChallenge-v0__option__grammar__n64__os0__max_episode_steps5000__discountprimitive__ent_coef0.01__exp1,0830-172036__NetHackChallenge-v0__exp1,NetHackChallenge-v0,option,grammar,0,10000000,5000,0,0.999,primitive,exp1,64,298279.75504353864,33.94316606759436,24.84980338933675,36.354394746870376,median-range,5,9999043
0830-172036__NetHackChallenge-v0__exp1/NetHackChallenge-v0__option__grammar__n64__os0__max_episode_steps5000__discountprimitive__ent_coef0.01__exp1,0830-172036__NetHackChallenge-v0__exp1,NetHackChallenge-v0,option,grammar,0,10000000,5000,0,0.999,primitive,exp1,64,308942.1213804774,34.27312574381657,26.120126050106347,43.95866463163035,median-range,5,9999043
0830-172036__NetHackChallenge-v0__exp1/NetHackChallenge-v0__option__grammar__n64__os0__max_episode_steps5000__discountprimitive__ent_coef0.01__exp1,0830-172036__NetHackChallenge-v0__exp1,NetHackChallenge-v0,option,grammar,0,10000000,5000,0,0.999,primitive,exp1,64,319985.626745395,34.15644466919,26.205134380006605,44.295578937091754,median-range,5,9999043
0830-172036__NetHackChallenge-v0__exp1/NetHackChallenge-v0__option__grammar__n64__os0__max_episode_steps5000__discountprimitive__ent_coef0.01__exp1,0830-172036__NetHackChallenge-v0__exp1,NetHackChallenge-v0,option,grammar,0,10000000,5000,0,0.999,primitive,exp1,64,331423.8954083706,34.582279950360764,26.737556825860192,43.6833907914625,median-range,5,9999043
0830-172036__NetHackChallenge-v0__exp1/NetHackChallenge-v0__option__grammar__n64__os0__max_episode_steps5000__discountprimitive__ent_coef0.01__exp1,0830-172036__NetHackChallenge-v0__exp1,NetHackChallenge-v0,option,grammar,0,10000000,5000,0,0.999,primitive,exp1,64,343271.0386552983,33.077517145451566,27.547199243192768,42.532409522279565,median-range,5,9999043
0830-172036__NetHackChallenge-v0__exp1/NetHackChallenge-v0__option__grammar__n64__os0__max_episode_steps5000__discountprimitive__ent_coef0.01__exp1,0830-172036__NetHackChallenge-v0__exp1,NetHackChallenge-v0,option,grammar,0,10000000,5000,0,0.999,primitive,exp1,64,355541.67219685396,34.005823858960134,28.32162747284911,41.4441225381223,median-range,5,9999043
0830-172036__NetHackChallenge-v0__exp1/NetHackChallenge-v0__option__grammar__n64__os0__max_episode_steps5000__discountprimitive__ent_coef0.01__exp1,0830-172036__NetHackChallenge-v0__exp1,NetHackChallenge-v0,option,grammar,0,10000000,5000,0,0.999,primitive,exp1,64,368250.9341997596,36.989637886753606,29.84446025195574,42.00810500622451,median-range,5,9999043
0830-172036__NetHackChallenge-v0__exp1/NetHackChallenge-v0__option__grammar__n64__os0__max_episode_steps5000__discountprimitive__ent_coef0.01__exp1,0830-172036__NetHackChallenge-v0__exp1,NetHackChallenge-v0,option,grammar,0,10000000,5000,0,0.999,primitive,exp1,64,381414.50396259734,35.643007781271365,31.745985555375743,41.21610513418425,median-range,5,9999043
0830-172036__NetHackChallenge-v0__exp1/NetHackChallenge-v0__option__grammar__n64__os0__max_episode_steps5000__discountprimitive__ent_coef0.01__exp1,0830-172036__NetHackChallenge-v0__exp1,NetHackChallenge-v0,option,grammar,0,10000000,5000,0,0.999,primitive,exp1,64,395048.6212592183,35.97902135429998,31.5748865591417,38.05202657402289,median-range,5,9999043
0830-172036__NetHackChallenge-v0__exp1/NetHackChallenge-v0__option__grammar__n64__os0__max_episode_steps5000__discountprimitive__ent_coef0.01__exp1,0830-172036__NetHackChallenge-v0__exp1,NetHackChallenge-v0,option,grammar,0,10000000,5000,0,0.999,primitive,exp1,64,409170.1063735995,35.875143402010345,33.34575845762156,37.7114977303196,median-range,5,9999043
0830-172036__NetHackChallenge-v0__exp1/NetHackChallenge-v0__option__grammar__n64__os0__max_episode_steps5000__discountprimitive__ent_coef0.01__exp1,0830-172036__NetHackChallenge-v0__exp1,NetHackChallenge-v0,option,grammar,0,10000000,5000,0,0.999,primitive,exp1,64,423796.380850869,35.004662149029485,29.344245782284272,37.198830961738494,median-range,5,9999043
0830-172036__NetHackChallenge-v0__exp1/NetHackChallenge-v0__option__grammar__n64__os0__max_episode_steps5000__discountprimitive__ent_coef0.01__exp1,0830-172036__NetHackChallenge-v0__exp1,NetHackChallenge-v0,option,grammar,0,10000000,5000,0,0.999,primitive,exp1,64,438945.4889901096,37.0981950168407,29.736676854920752,40.18147126723364,median-range,5,9999043
0830-172036__NetHackChallenge-v0__exp1/NetHackChallenge-v0__option__grammar__n64__os0__max_episode_steps5000__discountprimitive__ent_coef0.01__exp1,0830-172036__NetHackChallenge-v0__exp1,NetHackChallenge-v0,option,grammar,0,10000000,5000,0,0.999,primitive,exp1,64,454636.12010544084,36.27786513718945,30.65,38.01394649106229,median-range,5,9999043
0830-172036__NetHackChallenge-v0__exp1/NetHackChallenge-v0__option__grammar__n64__os0__max_episode_steps5000__discountprimitive__ent_coef0.01__exp1,0830-172036__NetHackChallenge-v0__exp1,NetHackChallenge-v0,option,grammar,0,10000000,5000,0,0.999,primitive,exp1,64,470887.6315828494,37.41587129596608,28.753144934295737,39.467034475048905,median-range,5,9999043
0830-172036__NetHackChallenge-v0__exp1/NetHackChallenge-v0__option__grammar__n64__os0__max_episode_steps5000__discountprimitive__ent_coef0.01__exp1,0830-172036__NetHackChallenge-v0__exp1,NetHackChallenge-v0,option,grammar,0,10000000,5000,0,0.999,primitive,exp1,64,487720.07276122214,38.73674197658624,28.931767278320343,39.83,median-range,5,9999043
0830-172036__NetHackChallenge-v0__exp1/NetHackChallenge-v0__option__grammar__n64__os0__max_episode_steps5000__discountprimitive__ent_coef0.01__exp1,0830-172036__NetHackChallenge-v0__exp1,NetHackChallenge-v0,option,grammar,0,10000000,5000,0,0.999,primitive,exp1,64,505154.2096670266,35.583302759211506,30.512518375504648,43.35529305154181,median-range,5,9999043
0830-172036__NetHackChallenge-v0__exp1/NetHackChallenge-v0__option__grammar__n64__os0__max_episode_steps5000__discountprimitive__ent_coef0.01__exp1,0830-172036__NetHackChallenge-v0__exp1,NetHackChallenge-v0,option,grammar,0,10000000,5000,0,0.999,primitive,exp1,64,523211.5506331622,34.08,28.790743727177066,45.70278872092955,median-range,5,9999043
0830-172036__NetHackChallenge-v0__exp1/NetHackChallenge-v0__option__grammar__n64__os0__max_episode_steps5000__discountprimitive__ent_coef0.01__exp1,0830-172036__NetHackChallenge-v0__exp1,NetHackChallenge-v0,option,grammar,0,10000000,5000,0,0.999,primitive,exp1,64,541914.372833597,33.17850603788975,31.824254982857525,46.98733042008134,median-range,5,9999043
0830-172036__NetHackChallenge-v0__exp1/NetHackChallenge-v0__option__grammar__n64__os0__max_episode_steps5000__discountprimitive__ent_coef0.01__exp1,0830-172036__NetHackChallenge-v0__exp1,NetHackChallenge-v0,option,grammar,0,10000000,5000,0,0.999,primitive,exp1,64,561285.7497665073,35.2428425906121,30.6908607247318,44.47718737491463,median-range,5,9999043
0830-172036__NetHackChallenge-v0__exp1/NetHackChallenge-v0__option__grammar__n64__os0__max_episode_steps5000__discountprimitive__ent_coef0.01__exp1,0830-172036__NetHackChallenge-v0__exp1,NetHackChallenge-v0,option,grammar,0,10000000,5000,0,0.999,primitive,exp1,64,581349.5797198351,36.395332512370025,32.92539174592844,42.57451068484052,median-range,5,9999043
0830-172036__NetHackChallenge-v0__exp1/NetHackChallenge-v0__option__grammar__n64__os0__max_episode_steps5000__discountprimitive__ent_coef0.01__exp1,0830-172036__NetHackChallenge-v0__exp1,NetHackChallenge-v0,option,grammar,0,10000000,5000,0,0.999,primitive,exp1,64,602130.6152543905,33.77304123335851,32.08516533939242,43.59487588392596,median-range,5,9999043
0830-172036__NetHackChallenge-v0__exp1/NetHackChallenge-v0__option__grammar__n64__os0__max_episode_steps5000__discountprimitive__ent_coef0.01__exp1,0830-172036__NetHackChallenge-v0__exp1,NetHackChallenge-v0,option,grammar,0,10000000,5000,0,0.999,primitive,exp1,64,623654.4937408532,35.441004382712045,32.48427383864344,44.168073673376085,median-range,5,9999043
0830-172036__NetHackChallenge-v0__exp1/NetHackChallenge-v0__option__grammar__n64__os0__max_episode_steps5000__discountprimitive__ent_coef0.01__exp1,0830-172036__NetHackChallenge-v0__exp1,NetHackChallenge-v0,option,grammar,0,10000000,5000,0,0.999,primitive,exp1,64,645947.7689883551,38.18205193943376,33.92068395953948,42.65876466726438,median-range,5,9999043
0830-172036__NetHackChallenge-v0__exp1/NetHackChallenge-v0__option__grammar__n64__os0__max_episode_steps5000__discountprimitive__ent_coef0.01__exp1,0830-172036__NetHackChallenge-v0__exp1,NetHackChallenge-v0,option,grammar,0,10000000,5000,0,0.999,primitive,exp1,64,669037.9440036751,40.049168408302705,33.11995168080325,43.652563119915754,median-range,5,9999043
0830-172036__NetHackChallenge-v0__exp1/NetHackChallenge-v0__option__grammar__n64__os0__max_episode_steps5000__discountprimitive__ent_coef0.01__exp1,0830-172036__NetHackChallenge-v0__exp1,NetHackChallenge-v0,option,grammar,0,10000000,5000,0,0.999,primitive,exp1,64,692953.5049214406,43.16073114793002,34.06129054982376,45.46411524601209,median-range,5,9999043
0830-172036__NetHackChallenge-v0__exp1/NetHackChallenge-v0__option__grammar__n64__os0__max_episode_steps5000__discountprimitive__ent_coef0.01__exp1,0830-172036__NetHackChallenge-v0__exp1,NetHackChallenge-v0,option,grammar,0,10000000,5000,0,0.999,primitive,exp1,64,717723.9561472022,42.94808054960557,36.6653097527576,46.3996292901973,median-range,5,9999043
0830-172036__NetHackChallenge-v0__exp1/NetHackChallenge-v0__option__grammar__n64__os0__max_episode_steps5000__discountprimitive__ent_coef0.01__exp1,0830-172036__NetHackChallenge-v0__exp1,NetHackChallenge-v0,option,grammar,0,10000000,5000,0,0.999,primitive,exp1,64,743379.8567567538,43.86095073830309,38.800520990851005,44.88337654869512,median-range,5,9999043
0830-172036__NetHackChallenge-v0__exp1/NetHackChallenge-v0__option__grammar__n64__os0__max_episode_steps5000__discountprimitive__ent_coef0.01__exp1,0830-172036__NetHackChallenge-v0__exp1,NetHackChallenge-v0,option,grammar,0,10000000,5000,0,0.999,primitive,exp1,64,769952.8581965767,41.907650352948934,39.1472703057869,47.51397855157511,median-range,5,9999043
0830-172036__NetHackChallenge-v0__exp1/NetHackChallenge-v0__option__grammar__n64__os0__max_episode_steps5000__discountprimitive__ent_coef0.01__exp1,0830-172036__NetHackChallenge-v0__exp1,NetHackChallenge-v0,option,grammar,0,10000000,5000,0,0.999,primitive,exp1,64,797475.7433319311,39.63023906870637,39.26224641465669,44.73522126232243,median-range,5,9999043
0830-172036__NetHackChallenge-v0__exp1/NetHackChallenge-v0__option__grammar__n64__os0__max_episode_steps5000__discountprimitive__ent_coef0.01__exp1,0830-172036__NetHackChallenge-v0__exp1,NetHackChallenge-v0,option,grammar,0,10000000,5000,0,0.999,primitive,exp1,64,825982.4668907808,38.25199494383952,37.27916972545258,42.63315673346681,median-range,5,9999043
0830-172036__NetHackChallenge-v0__exp1/NetHackChallenge-v0__option__grammar__n64__os0__max_episode_steps5000__discountprimitive__ent_coef0.01__exp1,0830-172036__NetHackChallenge-v0__exp1,NetHackChallenge-v0,option,grammar,0,10000000,5000,0,0.999,primitive,exp1,64,855508.1973534228,40.47645592827956,36.31182004751288,42.08731310313723,median-range,5,9999043
0830-172036__NetHackChallenge-v0__exp1/NetHackChallenge-v0__option__grammar__n64__os0__max_episode_steps5000__discountprimitive__ent_coef0.01__exp1,0830-172036__NetHackChallenge-v0__exp1,NetHackChallenge-v0,option,grammar,0,10000000,5000,0,0.999,primitive,exp1,64,886089.3603395087,42.49673769970972,35.37661029827243,44.76356559569271,median-range,5,9999043
0830-172036__NetHackChallenge-v0__exp1/NetHackChallenge-v0__option__grammar__n64__os0__max_episode_steps5000__discountprimitive__ent_coef0.01__exp1,0830-172036__NetHackChallenge-v0__exp1,NetHackChallenge-v0,option,grammar,0,10000000,5000,0,0.999,primitive,exp1,64,917763.6835460049,41.128280006641454,37.88690872715686,45.289288100548745,median-range,5,9999043
0830-172036__NetHackChallenge-v0__exp1/NetHackChallenge-v0__option__grammar__n64__os0__max_episode_steps5000__discountprimitive__ent_coef0.01__exp1,0830-172036__NetHackChallenge-v0__exp1,NetHackChallenge-v0,option,grammar,0,10000000,5000,0,0.999,primitive,exp1,64,950570.2432914963,44.872831156907566,38.66161882339359,46.29586802053747,median-range,5,9999043
0830-172036__NetHackChallenge-v0__exp1/NetHackChallenge-v0__option__grammar__n64__os0__max_episode_steps5000__discountprimitive__ent_coef0.01__exp1,0830-172036__NetHackChallenge-v0__exp1,NetHackChallenge-v0,option,grammar,0,10000000,5000,0,0.999,primitive,exp1,64,984549.5127242726,44.37999512665554,38.48748982510464,49.56894723889845,median-range,5,9999043
0830-172036__NetHackChallenge-v0__exp1/NetHackChallenge-v0__option__grammar__n64__os0__max_episode_steps5000__discountprimitive__ent_coef0.01__exp1,0830-172036__NetHackChallenge-v0__exp1,NetHackChallenge-v0,option,grammar,0,10000000,5000,0,0.999,primitive,exp1,64,1019743.4117536868,43.871898221850955,38.68761839504901,46.720554486798314,median-range,5,9999043
0830-172036__NetHackChallenge-v0__exp1/NetHackChallenge-v0__option__grammar__n64__os0__max_episode_steps5000__discountprimitive__ent_coef0.01__exp1,0830-172036__NetHackChallenge-v0__exp1,NetHackChallenge-v0,option,grammar,0,10000000,5000,0,0.999,primitive,exp1,64,1056195.3587663532,43.840675232277356,39.55297753146105,46.446620832383765,median-range,5,9999043
0830-172036__NetHackChallenge-v0__exp1/NetHackChallenge-v0__option__grammar__n64__os0__max_episode_steps5000__discountprimitive__ent_coef0.01__exp1,0830-172036__NetHackChallenge-v0__exp1,NetHackChallenge-v0,option,grammar,0,10000000,5000,0,0.999,primitive,exp1,64,1093950.3241910012,45.04837383537918,38.464196808525536,48.255454375610014,median-range,5,9999043
0830-172036__NetHackChallenge-v0__exp1/NetHackChallenge-v0__option__grammar__n64__os0__max_episode_steps5000__discountprimitive__ent_coef0.01__exp1,0830-172036__NetHackChallenge-v0__exp1,NetHackChallenge-v0,option,grammar,0,10000000,5000,0,0.999,primitive,exp1,64,1133054.8859780887,48.87638407172709,44.8234859095892,49.64220457286475,median-range,5,9999043
0830-172036__NetHackChallenge-v0__exp1/NetHackChallenge-v0__option__grammar__n64__os0__max_episode_steps5000__discountprimitive__ent_coef0.01__exp1,0830-172036__NetHackChallenge-v0__exp1,NetHackChallenge-v0,option,grammar,0,10000000,5000,0,0.999,primitive,exp1,64,1173557.2870625807,46.9,43.34839805188014,50.169240437798244,median-range,5,9999043
0830-172036__NetHackChallenge-v0__exp1/NetHackChallenge-v0__option__grammar__n64__os0__max_episode_steps5000__discountprimitive__ent_coef0.01__exp1,0830-172036__NetHackChallenge-v0__exp1,NetHackChallenge-v0,option,grammar,0,10000000,5000,0,0.999,primitive,exp1,64,1215507.494880804,47.60768904121764,44.06959916711918,53.16322133209673,median-range,5,9999043
0830-172036__NetHackChallenge-v0__exp1/NetHackChallenge-v0__option__grammar__n64__os0__max_episode_steps5000__discountprimitive__ent_coef0.01__exp1,0830-172036__NetHackChallenge-v0__exp1,NetHackChallenge-v0,option,grammar,0,10000000,5000,0,0.999,primitive,exp1,64,1258957.2630148232,49.66802201121857,45.01590083720398,52.82553173781037,median-range,5,9999043
0830-172036__NetHackChallenge-v0__exp1/NetHackChallenge-v0__option__grammar__n64__os0__max_episode_steps5000__discountprimitive__ent_coef0.01__exp1,0830-172036__NetHackChallenge-v0__exp1,NetHackChallenge-v0,option,grammar,0,10000000,5000,0,0.999,primitive,exp1,64,1303960.1950403482,47.80895108681484,41.72310819979382,53.331368024662126,median-range,5,9999043
0830-172036__NetHackChallenge-v0__exp1/NetHackChallenge-v0__option__grammar__n64__os0__max_episode_steps5000__discountprimitive__ent_coef0.01__exp1,0830-172036__NetHackChallenge-v0__exp1,NetHackChallenge-v0,option,grammar,0,10000000,5000,0,0.999,primitive,exp1,64,1350571.810656959,43.84925551037283,41.01341803350527,50.058947624153994,median-range,5,9999043
0830-172036__NetHackChallenge-v0__exp1/NetHackChallenge-v0__option__grammar__n64__os0__max_episode_steps5000__discountprimitive__ent_coef0.01__exp1,0830-172036__NetHackChallenge-v0__exp1,NetHackChallenge-v0,option,grammar,0,10000000,5000,0,0.999,primitive,exp1,64,1398849.6141822608,48.9276788730703,44.84288176915806,51.915508505977506,median-range,5,9999043
0830-172036__NetHackChallenge-v0__exp1/NetHackChallenge-v0__option__grammar__n64__os0__max_episode_steps5000__discountprimitive__ent_coef0.01__exp1,0830-172036__NetHackChallenge-v0__exp1,NetHackChallenge-v0,option,grammar,0,10000000,5000,0,0.999,primitive,exp1,64,1448853.165494419,53.61283450558106,48.398503245239645,56.668224672018326,median-range,5,9999043
0830-172036__NetHackChallenge-v0__exp1/NetHackChallenge-v0__option__grammar__n64__os0__max_episode_steps5000__discountprimitive__ent_coef0.01__exp1,0830-172036__NetHackChallenge-v0__exp1,NetHackChallenge-v0,option,grammar,0,10000000,5000,0,0.999,primitive,exp1,64,1500644.1535106155,51.155773380177045,48.98852170574702,61.6133744121866,median-range,5,9999043
0830-172036__NetHackChallenge-v0__exp1/NetHackChallenge-v0__option__grammar__n64__os0__max_episode_steps5000__discountprimitive__ent_coef0.01__exp1,0830-172036__NetHackChallenge-v0__exp1,NetHackChallenge-v0,option,grammar,0,10000000,5000,0,0.999,primitive,exp1,64,1554286.4722921262,52.70413629846439,50.93678188298035,60.46046355339446,median-range,5,9999043
0830-172036__NetHackChallenge-v0__exp1/NetHackChallenge-v0__option__grammar__n64__os0__max_episode_steps5000__discountprimitive__ent_coef0.01__exp1,0830-172036__NetHackChallenge-v0__exp1,NetHackChallenge-v0,option,grammar,0,10000000,5000,0,0.999,primitive,exp1,64,1609846.2998697932,53.3059097006491,51.20475965045155,57.0983188783208,median-range,5,9999043
0830-172036__NetHackChallenge-v0__exp1/NetHackChallenge-v0__option__grammar__n64__os0__max_episode_steps5000__discountprimitive__ent_coef0.01__exp1,0830-172036__NetHackChallenge-v0__exp1,NetHackChallenge-v0,option,grammar,0,10000000,5000,0,0.999,primitive,exp1,64,1667392.179887264,52.75799220595019,51.371053987952564,55.8181262981168,median-range,5,9999043
0830-172036__NetHackChallenge-v0__exp1/NetHackChallenge-v0__option__grammar__n64__os0__max_episode_steps5000__discountprimitive__ent_coef0.01__exp1,0830-172036__NetHackChallenge-v0__exp1,NetHackChallenge-v0,option,grammar,0,10000000,5000,0,0.999,primitive,exp1,64,1726995.1061626691,53.34749831816242,49.92069789267669,60.90110032127659,median-range,5,9999043
0830-172036__NetHackChallenge-v0__exp1/NetHackChallenge-v0__option__grammar__n64__os0__max_episode_steps5000__discountprimitive__ent_coef0.01__exp1,0830-172036__NetHackChallenge-v0__exp1,NetHackChallenge-v0,option,grammar,0,10000000,5000,0,0.999,primitive,exp1,64,1788728.6102729968,52.22771949015392,48.343441509018255,76.45809671775834,median-range,5,9999043
0830-172036__NetHackChallenge-v0__exp1/NetHackChallenge-v0__option__grammar__n64__os0__max_episode_steps5000__discountprimitive__ent_coef0.01__exp1,0830-172036__NetHackChallenge-v0__exp1,NetHackChallenge-v0,option,grammar,0,10000000,5000,0,0.999,primitive,exp1,64,1852668.8522693368,58.495779828720146,48.65149971983496,63.220240715247385,median-range,5,9999043
0830-172036__NetHackChallenge-v0__exp1/NetHackChallenge-v0__option__grammar__n64__os0__max_episode_steps5000__discountprimitive__ent_coef0.01__exp1,0830-172036__NetHackChallenge-v0__exp1,NetHackChallenge-v0,option,grammar,0,10000000,5000,0,0.999,primitive,exp1,64,1918894.7146348509,57.49089558974357,50.29782719389617,63.6325124881315,median-range,5,9999043
0830-172036__NetHackChallenge-v0__exp1/NetHackChallenge-v0__option__grammar__n64__os0__max_episode_steps5000__discountprimitive__ent_coef0.01__exp1,0830-172036__NetHackChallenge-v0__exp1,NetHackChallenge-v0,option,grammar,0,10000000,5000,0,0.999,primitive,exp1,64,1987487.8996013165,54.35130639829624,51.9495377184071,74.6975046854602,median-range,5,9999043
0830-172036__NetHackChallenge-v0__exp1/NetHackChallenge-v0__option__grammar__n64__os0__max_episode_steps5000__discountprimitive__ent_coef0.01__exp1,0830-172036__NetHackChallenge-v0__exp1,NetHackChallenge-v0,option,grammar,0,10000000,5000,0,0.999,primitive,exp1,64,2058533.0299444324,56.521465322498905,53.30372356812906,66.3208784875705,median-range,5,9999043
0830-172036__NetHackChallenge-v0__exp1/NetHackChallenge-v0__option__grammar__n64__os0__max_episode_steps5000__discountprimitive__ent_coef0.01__exp1,0830-172036__NetHackChallenge-v0__exp1,NetHackChallenge-v0,option,grammar,0,10000000,5000,0,0.999,primitive,exp1,64,2132117.753382178,57.295323770121485,48.167593290670844,75.13344797895397,median-range,5,9999043
0830-172036__NetHackChallenge-v0__exp1/NetHackChallenge-v0__option__grammar__n64__os0__max_episode_steps5000__discountprimitive__ent_coef0.01__exp1,0830-172036__NetHackChallenge-v0__exp1,NetHackChallenge-v0,option,grammar,0,10000000,5000,0,0.999,primitive,exp1,64,2208332.85070494,63.42263402952946,52.264957654402636,68.42080322539617,median-range,5,9999043
0830-172036__NetHackChallenge-v0__exp1/NetHackChallenge-v0__option__grammar__n64__os0__max_episode_steps5000__discountprimitive__ent_coef0.01__exp1,0830-172036__NetHackChallenge-v0__exp1,NetHackChallenge-v0,option,grammar,0,10000000,5000,0,0.999,primitive,exp1,64,2287272.3477709545,66.62991488332786,60.309682000307276,75.52577875638744,median-range,5,9999043
0830-172036__NetHackChallenge-v0__exp1/NetHackChallenge-v0__option__grammar__n64__os0__max_episode_steps5000__discountprimitive__ent_coef0.01__exp1,0830-172036__NetHackChallenge-v0__exp1,NetHackChallenge-v0,option,grammar,0,10000000,5000,0,0.999,primitive,exp1,64,2369033.631505164,61.65033581149099,56.09211716183273,73.4303384572558,median-range,5,9999043
0830-172036__NetHackChallenge-v0__exp1/NetHackChallenge-v0__option__grammar__n64__os0__max_episode_steps5000__discountprimitive__ent_coef0.01__exp1,0830-172036__NetHackChallenge-v0__exp1,NetHackChallenge-v0,option,grammar,0,10000000,5000,0,0.999,primitive,exp1,64,2453717.5700445035,66.07293626629475,53.46035070714746,74.322758407029,median-range,5,9999043
0830-172036__NetHackChallenge-v0__exp1/NetHackChallenge-v0__option__grammar__n64__os0__max_episode_steps5000__discountprimitive__ent_coef0.01__exp1,0830-172036__NetHackChallenge-v0__exp1,NetHackChallenge-v0,option,grammar,0,10000000,5000,0,0.999,primitive,exp1,64,2541428.637178037,68.42242562832365,61.42821762525746,77.3322526598435,median-range,5,9999043
0830-172036__NetHackChallenge-v0__exp1/NetHackChallenge-v0__option__grammar__n64__os0__max_episode_steps5000__discountprimitive__ent_coef0.01__exp1,0830-172036__NetHackChallenge-v0__exp1,NetHackChallenge-v0,option,grammar,0,10000000,5000,0,0.999,primitive,exp1,64,2632275.0412352798,70.66607042369297,61.95371988518286,84.00616589126321,median-range,5,9999043
0830-172036__NetHackChallenge-v0__exp1/NetHackChallenge-v0__option__grammar__n64__os0__max_episode_steps5000__discountprimitive__ent_coef0.01__exp1,0830-172036__NetHackChallenge-v0__exp1,NetHackChallenge-v0,option,grammar,0,10000000,5000,0,0.999,primitive,exp1,64,2726368.858581798,66.7809518035995,63.22317099545347,82.19686204701063,median-range,5,9999043
0830-172036__NetHackChallenge-v0__exp1/NetHackChallenge-v0__option__grammar__n64__os0__max_episode_steps5000__discountprimitive__ent_coef0.01__exp1,0830-172036__NetHackChallenge-v0__exp1,NetHackChallenge-v0,option,grammar,0,10000000,5000,0,0.999,primitive,exp1,64,2823826.171886811,77.45063948519059,62.4573146776636,79.54266296678892,median-range,5,9999043
0830-172036__NetHackChallenge-v0__exp1/NetHackChallenge-v0__option__grammar__n64__os0__max_episode_steps5000__discountprimitive__ent_coef0.01__exp1,0830-172036__NetHackChallenge-v0__exp1,NetHackChallenge-v0,option,grammar,0,10000000,5000,0,0.999,primitive,exp1,64,2924767.2133332863,72.45457192414369,67.89861572692539,74.00455531091477,median-range,5,9999043
0830-172036__NetHackChallenge-v0__exp1/NetHackChallenge-v0__option__grammar__n64__os0__max_episode_steps5000__discountprimitive__ent_coef0.01__exp1,0830-172036__NetHackChallenge-v0__exp1,NetHackChallenge-v0,option,grammar,0,10000000,5000,0,0.999,primitive,exp1,64,3029316.512947251,67.68208670405016,63.94558633424455,78.7799836127594,median-range,5,9999043
0830-172036__NetHackChallenge-v0__exp1/NetHackChallenge-v0__option__grammar__n64__os0__max_episode_steps5000__discountprimitive__ent_coef0.01__exp1,0830-172036__NetHackChallenge-v0__exp1,NetHackChallenge-v0,option,grammar,0,10000000,5000,0,0.999,primitive,exp1,64,3137603.0522293644,72.81419538940264,67.99160776029103,78.3668164398754,median-range,5,9999043
0830-172036__NetHackChallenge-v0__exp1/NetHackChallenge-v0__option__grammar__n64__os0__max_episode_steps5000__discountprimitive__ent_coef0.01__exp1,0830-172036__NetHackChallenge-v0__exp1,NetHackChallenge-v0,option,grammar,0,10000000,5000,0,0.999,primitive,exp1,64,3249760.4232781823,77.34030040118385,71.87039598955033,85.22,median-range,5,9999043
0830-172036__NetHackChallenge-v0__exp1/NetHackChallenge-v0__option__grammar__n64__os0__max_episode_steps5000__discountprimitive__ent_coef0.01__exp1,0830-172036__NetHackChallenge-v0__exp1,NetHackChallenge-v0,option,grammar,0,10000000,5000,0,0.999,primitive,exp1,64,3365926.9936014656,76.38631058434162,68.01116376257937,79.4282313236916,median-range,5,9999043
0830-172036__NetHackChallenge-v0__exp1/NetHackChallenge-v0__option__grammar__n64__os0__max_episode_steps5000__discountprimitive__ent_coef0.01__exp1,0830-172036__NetHackChallenge-v0__exp1,NetHackChallenge-v0,option,grammar,0,10000000,5000,0,0.999,primitive,exp1,64,3486246.076818934,74.50170799557472,72.84731391777589,76.91161824726164,median-range,5,9999043
0830-172036__NetHackChallenge-v0__exp1/NetHackChallenge-v0__option__grammar__n64__os0__max_episode_steps5000__discountprimitive__ent_coef0.01__exp1,0830-172036__NetHackChallenge-v0__exp1,NetHackChallenge-v0,option,grammar,0,10000000,5000,0,0.999,primitive,exp1,64,3610866.109466927,79.95268293674481,59.89225471644599,82.24626846627822,median-range,5,9999043
0830-172036__NetHackChallenge-v0__exp1/NetHackChallenge-v0__option__grammar__n64__os0__max_episode_steps5000__discountprimitive__ent_coef0.01__exp1,0830-172036__NetHackChallenge-v0__exp1,NetHackChallenge-v0,option,grammar,0,10000000,5000,0,0.999,primitive,exp1,64,3739940.8341231593,80.51777790620476,67.76473398510534,85.73645085060167,median-range,5,9999043
0830-172036__NetHackChallenge-v0__exp1/NetHackChallenge-v0__option__grammar__n64__os0__max_episode_steps5000__discountprimitive__ent_coef0.01__exp1,0830-172036__NetHackChallenge-v0__exp1,NetHackChallenge-v0,option,grammar,0,10000000,5000,0,0.999,primitive,exp1,64,3873629.489077555,79.16869842232424,66.29495913204187,88.30912864852289,median-range,5,9999043
0830-172036__NetHackChallenge-v0__exp1/NetHackChallenge-v0__option__grammar__n64__os0__max_episode_steps5000__discountprimitive__ent_coef0.01__exp1,0830-172036__NetHackChallenge-v0__exp1,NetHackChallenge-v0,option,grammar,0,10000000,5000,0,0.999,primitive,exp1,64,4012097.0047830287,81.89245144931654,74.65087330845728,91.58362408325071,median-range,5,9999043
0830-172036__NetHackChallenge-v0__exp1/NetHackChallenge-v0__option__grammar__n64__os0__max_episode_steps5000__discountprimitive__ent_coef0.01__exp1,0830-172036__NetHackChallenge-v0__exp1,NetHackChallenge-v0,option,grammar,0,10000000,5000,0,0.999,primitive,exp1,64,4155514.207328629,80.79495232353811,72.39265107678561,83.0373004684441,median-range,5,9999043
0830-172036__NetHackChallenge-v0__exp1/NetHackChallenge-v0__option__grammar__n64__os0__max_episode_steps5000__discountprimitive__ent_coef0.01__exp1,0830-172036__NetHackChallenge-v0__exp1,NetHackChallenge-v0,option,grammar,0,10000000,5000,0,0.999,primitive,exp1,64,4304058.029186147,76.46741155183825,70.98259906187384,88.12959116292915,median-range,5,9999043
0830-172036__NetHackChallenge-v0__exp1/NetHackChallenge-v0__option__grammar__n64__os0__max_episode_steps5000__discountprimitive__ent_coef0.01__exp1,0830-172036__NetHackChallenge-v0__exp1,NetHackChallenge-v0,option,grammar,0,10000000,5000,0,0.999,primitive,exp1,64,4457911.7274900405,88.75366200314909,63.37172616363281,93.97836374502023,median-range,5,9999043
0830-172036__NetHackChallenge-v0__exp1/NetHackChallenge-v0__option__grammar__n64__os0__max_episode_steps5000__discountprimitive__ent_coef0.01__exp1,0830-172036__NetHackChallenge-v0__exp1,NetHackChallenge-v0,option,grammar,0,10000000,5000,0,0.999,primitive,exp1,64,4617265.110120036,84.42152783998988,70.18683818268153,94.04924111258605,median-range,5,9999043
0830-172036__NetHackChallenge-v0__exp1/NetHackChallenge-v0__option__grammar__n64__os0__max_episode_steps5000__discountprimitive__ent_coef0.01__exp1,0830-172036__NetHackChallenge-v0__exp1,NetHackChallenge-v0,option,grammar,0,10000000,5000,0,0.999,primitive,exp1,64,4782314.769865396,85.06991532613976,83.86046686555818,96.43051428524008,median-range,5,9999043
0830-172036__NetHackChallenge-v0__exp1/NetHackChallenge-v0__option__grammar__n64__os0__max_episode_steps5000__discountprimitive__ent_coef0.01__exp1,0830-172036__NetHackChallenge-v0__exp1,NetHackChallenge-v0,option,grammar,0,10000000,5000,0,0.999,primitive,exp1,64,4953264.326959601,88.20111953326922,78.57435004356658,92.33246700771468,median-range,5,9999043
0830-172036__NetHackChallenge-v0__exp1/NetHackChallenge-v0__option__grammar__n64__os0__max_episode_steps5000__discountprimitive__ent_coef0.01__exp1,0830-172036__NetHackChallenge-v0__exp1,NetHackChallenge-v0,option,grammar,0,10000000,5000,0,0.999,primitive,exp1,64,5130324.680284701,87.65322981419563,83.18563463386688,98.95991264366202,median-range,5,9999043
0830-172036__NetHackChallenge-v0__exp1/NetHackChallenge-v0__option__grammar__n64__os0__max_episode_steps5000__discountprimitive__ent_coef0.01__exp1,0830-172036__NetHackChallenge-v0__exp1,NetHackChallenge-v0,option,grammar,0,10000000,5000,0,0.999,primitive,exp1,64,5313714.267555379,90.91743262054858,80.78314000994187,94.8742358369964,median-range,5,9999043
0830-172036__NetHackChallenge-v0__exp1/NetHackChallenge-v0__option__grammar__n64__os0__max_episode_steps5000__discountprimitive__ent_coef0.01__exp1,0830-172036__NetHackChallenge-v0__exp1,NetHackChallenge-v0,option,grammar,0,10000000,5000,0,0.999,primitive,exp1,64,5503659.3348034965,80.27644554140657,77.47209300884177,91.7810423363509,median-range,5,9999043
0830-172036__NetHackChallenge-v0__exp1/NetHackChallenge-v0__option__grammar__n64__os0__max_episode_steps5000__discountprimitive__ent_coef0.01__exp1,0830-172036__NetHackChallenge-v0__exp1,NetHackChallenge-v0,option,grammar,0,10000000,5000,0,0.999,primitive,exp1,64,5700394.215495691,89.41534330397785,77.06273615685097,95.03608959858325,median-range,5,9999043
0830-172036__NetHackChallenge-v0__exp1/NetHackChallenge-v0__option__grammar__n64__os0__max_episode_steps5000__discountprimitive__ent_coef0.01__exp1,0830-172036__NetHackChallenge-v0__exp1,NetHackChallenge-v0,option,grammar,0,10000000,5000,0,0.999,primitive,exp1,64,5904161.619628465,79.89463503172057,78.2184023834594,94.42890806794789,median-range,5,9999043
0830-172036__NetHackChallenge-v0__exp1/NetHackChallenge-v0__option__grammar__n64__os0__max_episode_steps5000__discountprimitive__ent_coef0.01__exp1,0830-172036__NetHackChallenge-v0__exp1,NetHackChallenge-v0,option,grammar,0,10000000,5000,0,0.999,primitive,exp1,64,6115212.933157225,90.98016228551555,84.23423403991737,109.1602536975575,median-range,5,9999043
0830-172036__NetHackChallenge-v0__exp1/NetHackChallenge-v0__option__grammar__n64__os0__max_episode_steps5000__discountprimitive__ent_coef0.01__exp1,0830-172036__NetHackChallenge-v0__exp1,NetHackChallenge-v0,option,grammar,0,10000000,5000,0,0.999,primitive,exp1,64,6333808.528128766,97.86850342052368,86.40192987564195,99.55148027364864,median-range,5,9999043
0830-172036__NetHackChallenge-v0__exp1/NetHackChallenge-v0__option__grammar__n64__os0__max_episode_steps5000__discountprimitive__ent_coef0.01__exp1,0830-172036__NetHackChallenge-v0__exp1,NetHackChallenge-v0,option,grammar,0,10000000,5000,0,0.999,primitive,exp1,64,6560218.083899919,88.17836366156013,82.32159949533883,92.48995250947985,median-range,5,9999043
0830-172036__NetHackChallenge-v0__exp1/NetHackChallenge-v0__option__grammar__n64__os0__max_episode_steps5000__discountprimitive__ent_coef0.01__exp1,0830-172036__NetHackChallenge-v0__exp1,NetHackChallenge-v0,option,grammar,0,10000000,5000,0,0.999,primitive,exp1,64,6794720.919838433,94.86291703090808,87.50775339303975,99.52233719040285,median-range,5,9999043
0830-172036__NetHackChallenge-v0__exp1/NetHackChallenge-v0__option__grammar__n64__os0__max_episode_steps5000__discountprimitive__ent_coef0.01__exp1,0830-172036__NetHackChallenge-v0__exp1,NetHackChallenge-v0,option,grammar,0,10000000,5000,0,0.999,primitive,exp1,64,7037606.339916654,90.01496066230887,81.33669678085334,96.75464020016402,median-range,5,9999043
0830-172036__NetHackChallenge-v0__exp1/NetHackChallenge-v0__option__grammar__n64__os0__max_episode_steps5000__discountprimitive__ent_coef0.01__exp1,0830-172036__NetHackChallenge-v0__exp1,NetHackChallenge-v0,option,grammar,0,10000000,5000,0,0.999,primitive,exp1,64,7289173.9896232225,93.38714671656788,80.82028914229261,97.90872704562,median-range,5,9999043
0830-172036__NetHackChallenge-v0__exp1/NetHackChallenge-v0__option__grammar__n64__os0__max_episode_steps5000__discountprimitive__ent_coef0.01__exp1,0830-172036__NetHackChallenge-v0__exp1,NetHackChallenge-v0,option,grammar,0,10000000,5000,0,0.999,primitive,exp1,64,7549734.225632898,88.24170238904642,86.4978774912786,99.38132607767159,median-range,5,9999043
0830-172036__NetHackChallenge-v0__exp1/NetHackChallenge-v0__option__grammar__n64__os0__max_episode_steps5000__discountprimitive__ent_coef0.01__exp1,0830-172036__NetHackChallenge-v0__exp1,NetHackChallenge-v0,option,grammar,0,10000000,5000,0,0.999,primitive,exp1,64,7819608.49869066,91.28087514701863,83.47317607891522,99.09561378699759,median-range,5,9999043
0830-172036__NetHackChallenge-v0__exp1/NetHackChallenge-v0__option__grammar__n64__os0__max_episode_steps5000__discountprimitive__ent_coef0.01__exp1,0830-172036__NetHackChallenge-v0__exp1,NetHackChallenge-v0,option,grammar,0,10000000,5000,0,0.999,primitive,exp1,64,8099129.750182601,98.30461271451281,86.20218106620996,106.36345072309874,median-range,5,9999043
0830-172036__NetHackChallenge-v0__exp1/NetHackChallenge-v0__option__grammar__n64__os0__max_episode_steps5000__discountprimitive__ent_coef0.01__exp1,0830-172036__NetHackChallenge-v0__exp1,NetHackChallenge-v0,option,grammar,0,10000000,5000,0,0.999,primitive,exp1,64,8388642.822882576,92.48819569244674,83.72294048162121,102.19064089257205,median-range,5,9999043
0830-172036__NetHackChallenge-v0__exp1/NetHackChallenge-v0__option__grammar__n64__os0__max_episode_steps5000__discountprimitive__ent_coef0.01__exp1,0830-172036__NetHackChallenge-v0__exp1,NetHackChallenge-v0,option,grammar,0,10000000,5000,0,0.999,primitive,exp1,64,8688504.88638149,93.60759295029949,89.84081376342414,100.49063312963584,median-range,5,9999043
0830-172036__NetHackChallenge-v0__exp1/NetHackChallenge-v0__option__grammar__n64__os0__max_episode_steps5000__discountprimitive__ent_coef0.01__exp1,0830-172036__NetHackChallenge-v0__exp1,NetHackChallenge-v0,option,grammar,0,10000000,5000,0,0.999,primitive,exp1,64,8999085.877724195,95.92447537170948,88.07324400023859,114.81876410586476,median-range,5,9999043
0830-172036__NetHackChallenge-v0__exp1/NetHackChallenge-v0__option__grammar__n64__os0__max_episode_steps5000__discountprimitive__ent_coef0.01__exp1,0830-172036__NetHackChallenge-v0__exp1,NetHackChallenge-v0,option,grammar,0,10000000,5000,0,0.999,primitive,exp1,64,9320768.957797354,94.9518744592846,86.9526727825426,104.18667291108288,median-range,5,9999043
0830-172036__NetHackChallenge-v0__exp1/NetHackChallenge-v0__option__grammar__n64__os0__max_episode_steps5000__discountprimitive__ent_coef0.01__exp1,0830-172036__NetHackChallenge-v0__exp1,NetHackChallenge-v0,option,grammar,0,10000000,5000,0,0.999,primitive,exp1,64,9653950.984031403,103.31388156051209,84.25567823944542,104.93626838368345,median-range,5,9999043
0830-172036__NetHackChallenge-v0__exp1/NetHackChallenge-v0__option__grammar__n64__os0__max_episode_steps5000__discountprimitive__ent_coef0.01__exp1,0830-172036__NetHackChallenge-v0__exp1,NetHackChallenge-v0,option,grammar,0,10000000,5000,0,0.999,primitive,exp1,64,9999043.0,100.42,91.79,101.14272935779816,median-range,5,9999043
